timestamp,open,high,low,close,volume
2024-01-01 05:30:00,42314.0,42335.8,42289.6,42331.9,289.641
2024-01-01 05:31:00,42331.9,42353.1,42331.8,42350.4,202.444
2024-01-01 05:32:00,42350.4,42370.8,42349.6,42360.2,271.521
2024-01-01 05:33:00,42360.1,42405.8,42360.1,42405.8,392.238
2024-01-01 05:34:00,42405.7,42437.2,42405.7,42437.1,568.366
2024-01-01 05:35:00,42437.2,42447.6,42420.5,42444.9,321.122
2024-01-01 05:36:00,42445.0,42470.0,42439.0,42468.2,251.858
2024-01-01 05:37:00,42468.3,42474.1,42448.0,42453.8,206.698
2024-01-01 05:38:00,42453.8,42459.3,42440.2,42459.3,100.04
2024-01-01 05:39:00,42459.3,42460.5,42436.1,42446.8,114.285
2024-01-01 05:40:00,42446.8,42479.2,42445.2,42476.9,153.044
2024-01-01 05:41:00,42476.9,42520.9,42476.8,42515.4,272.666
2024-01-01 05:42:00,42515.4,42515.5,42497.0,42497.1,183.61
2024-01-01 05:43:00,42497.1,42522.2,42495.0,42519.2,152.033
2024-01-01 05:44:00,42519.2,42535.0,42502.6,42532.5,138.422
2024-01-01 05:45:00,42532.4,42558.0,42519.7,42549.1,355.086
2024-01-01 05:46:00,42549.3,42603.2,42549.3,42580.5,350.894
2024-01-01 05:47:00,42580.6,42580.6,42541.7,42542.2,215.976
2024-01-01 05:48:00,42542.2,42542.3,42503.5,42514.5,228.238
2024-01-01 05:49:00,42514.5,42516.4,42494.1,42494.1,141.038
2024-01-01 05:50:00,42494.1,42506.0,42491.1,42498.7,77.409
2024-01-01 05:51:00,42498.8,42498.9,42484.4,42486.4,105.509
2024-01-01 05:52:00,42486.3,42503.0,42486.3,42500.6,91.012
2024-01-01 05:53:00,42500.5,42514.4,42500.3,42503.9,65.579
2024-01-01 05:54:00,42504.0,42533.1,42503.9,42509.4,78.954
2024-01-01 05:55:00,42509.4,42542.3,42500.0,42542.3,102.642
2024-01-01 05:56:00,42542.2,42542.3,42500.0,42500.0,83.171
2024-01-01 05:57:00,42500.0,42513.0,42467.0,42471.7,194.193
2024-01-01 05:58:00,42471.8,42477.5,42452.9,42457.7,131.748
2024-01-01 05:59:00,42457.7,42462.9,42449.1,42458.5,100.579
2024-01-01 06:00:00,42458.4,42458.4,42428.5,42428.5,118.719
2024-01-01 06:01:00,42428.4,42428.4,42411.4,42420.3,188.465
2024-01-01 06:02:00,42420.3,42439.0,42405.0,42405.0,106.331
2024-01-01 06:03:00,42405.1,42412.3,42402.5,42411.4,111.2
2024-01-01 06:04:00,42411.4,42411.4,42386.4,42399.6,182.311
2024-01-01 06:05:00,42399.6,42399.6,42386.2,42396.0,87.415
2024-01-01 06:06:00,42396.1,42419.2,42389.2,42414.0,196.2
2024-01-01 06:07:00,42414.0,42450.0,42411.0,42447.0,118.717
2024-01-01 06:08:00,42447.0,42453.3,42436.3,42438.5,63.841
2024-01-01 06:09:00,42438.6,42481.9,42438.5,42481.9,132.286
2024-01-01 06:10:00,42481.9,42485.7,42470.7,42480.1,129.405
2024-01-01 06:11:00,42480.2,42480.2,42456.5,42460.8,34.156
2024-01-01 06:12:00,42460.8,42463.0,42447.6,42463.0,29.566
2024-01-01 06:13:00,42463.0,42468.1,42451.5,42451.5,80.265
2024-01-01 06:14:00,42451.5,42476.4,42437.9,42474.5,105.34
2024-01-01 06:15:00,42474.5,42494.8,42474.5,42494.8,85.954
2024-01-01 06:16:00,42494.7,42498.6,42491.3,42492.7,50.444
2024-01-01 06:17:00,42492.6,42492.6,42475.3,42475.3,54.219
2024-01-01 06:18:00,42475.4,42476.4,42463.7,42463.7,54.122
2024-01-01 06:19:00,42463.5,42463.5,42449.1,42452.6,37.395
2024-01-01 06:20:00,42452.6,42473.4,42451.1,42473.3,24.752
2024-01-01 06:21:00,42473.4,42476.0,42466.8,42472.1,40.76
2024-01-01 06:22:00,42472.1,42476.0,42472.0,42475.9,28.469
2024-01-01 06:23:00,42475.9,42476.9,42471.7,42476.7,35.603
2024-01-01 06:24:00,42476.8,42494.9,42476.7,42494.9,27.995
2024-01-01 06:25:00,42494.9,42499.0,42485.7,42498.9,45.79
2024-01-01 06:26:00,42499.0,42519.4,42498.9,42514.4,101.611
2024-01-01 06:27:00,42514.3,42527.2,42509.6,42527.2,81.701
2024-01-01 06:28:00,42527.1,42527.1,42509.4,42520.7,98.775
2024-01-01 06:29:00,42520.7,42520.8,42503.5,42503.5,67.654
2024-01-01 06:30:00,42503.5,42503.6,42484.6,42484.7,107.554
2024-01-01 06:31:00,42484.6,42484.7,42475.4,42475.5,48.55
2024-01-01 06:32:00,42475.5,42494.1,42467.4,42494.0,118.094
2024-01-01 06:33:00,42494.1,42500.5,42469.2,42475.5,83.397
2024-01-01 06:34:00,42475.6,42475.6,42464.8,42464.8,26.346
2024-01-01 06:35:00,42464.8,42475.5,42462.0,42475.5,42.972
2024-01-01 06:36:00,42475.5,42491.2,42466.8,42491.2,45.8
2024-01-01 06:37:00,42491.2,42491.2,42475.8,42485.6,55.211
2024-01-01 06:38:00,42485.7,42485.7,42478.3,42480.7,20.513
2024-01-01 06:39:00,42480.7,42480.7,42467.5,42472.5,56.528
2024-01-01 06:40:00,42472.4,42493.6,42472.4,42477.5,117.072
2024-01-01 06:41:00,42477.4,42481.5,42477.4,42477.4,18.709
2024-01-01 06:42:00,42477.4,42487.3,42473.9,42487.3,25.669
2024-01-01 06:43:00,42487.3,42510.4,42487.2,42510.4,38.041
2024-01-01 06:44:00,42510.4,42510.4,42497.5,42497.6,45.818
2024-01-01 06:45:00,42497.6,42513.9,42497.5,42513.9,54.282
2024-01-01 06:46:00,42514.4,42530.0,42514.3,42529.9,60.706
2024-01-01 06:47:00,42530.0,42530.0,42525.1,42529.3,25.676
2024-01-01 06:48:00,42529.2,42533.3,42520.6,42520.7,32.073
2024-01-01 06:49:00,42520.7,42533.7,42510.3,42532.6,82.716
2024-01-01 06:50:00,42532.6,42538.9,42532.5,42535.3,55.925
2024-01-01 06:51:00,42535.3,42554.9,42535.3,42538.0,127.896
2024-01-01 06:52:00,42538.0,42540.1,42532.1,42532.2,25.198
2024-01-01 06:53:00,42532.1,42532.2,42520.0,42520.0,31.667
2024-01-01 06:54:00,42520.0,42520.1,42509.3,42511.4,76.39
2024-01-01 06:55:00,42510.9,42523.0,42510.9,42519.1,35.508
2024-01-01 06:56:00,42519.1,42544.9,42502.7,42544.8,129.825
2024-01-01 06:57:00,42544.8,42546.1,42540.0,42546.1,22.39
2024-01-01 06:58:00,42546.1,42546.1,42534.0,42534.0,29.69
2024-01-01 06:59:00,42534.0,42534.1,42524.8,42524.8,36.478
2024-01-01 07:00:00,42524.9,42539.1,42524.8,42534.7,37.67
2024-01-01 07:01:00,42534.7,42555.0,42534.6,42555.0,76.454
2024-01-01 07:02:00,42555.0,42591.7,42554.9,42587.3,198.388
2024-01-01 07:03:00,42587.3,42608.6,42587.2,42604.4,197.197
2024-01-01 07:04:00,42604.3,42616.1,42594.1,42598.2,166.229
2024-01-01 07:05:00,42598.3,42659.4,42598.2,42649.1,362.529
2024-01-01 07:06:00,42649.2,42732.8,42649.1,42712.1,880.203
2024-01-01 07:07:00,42712.0,42784.9,42712.0,42754.1,683.586
2024-01-01 07:08:00,42754.1,42832.0,42720.9,42811.3,1320.427
2024-01-01 07:09:00,42811.4,42811.4,42754.2,42763.0,216.352
2024-01-01 07:10:00,42763.0,42775.8,42739.1,42739.1,406.975
2024-01-01 07:11:00,42739.1,42795.1,42709.8,42767.5,485.244
2024-01-01 07:12:00,42767.4,42776.8,42752.2,42752.3,131.055
2024-01-01 07:13:00,42752.2,42754.6,42734.6,42738.9,116.43
2024-01-01 07:14:00,42738.8,42744.8,42733.2,42734.3,110.282
2024-01-01 07:15:00,42734.2,42749.5,42728.0,42728.1,170.09
2024-01-01 07:16:00,42728.0,42745.1,42728.0,42737.3,92.486
2024-01-01 07:17:00,42737.3,42737.3,42706.2,42706.2,104.196
2024-01-01 07:18:00,42706.2,42735.9,42686.9,42709.5,239.855
2024-01-01 07:19:00,42709.5,42750.0,42709.5,42734.9,315.541
2024-01-01 07:20:00,42734.8,42749.1,42715.7,42720.3,60.19
2024-01-01 07:21:00,42720.3,42734.8,42710.4,42731.0,74.339
2024-01-01 07:22:00,42731.0,42731.1,42713.3,42713.3,64.238
2024-01-01 07:23:00,42713.4,42713.4,42695.5,42700.1,67.862
2024-01-01 07:24:00,42700.0,42709.1,42700.0,42700.1,27.956
2024-01-01 07:25:00,42700.1,42707.3,42680.8,42693.1,125.239
2024-01-01 07:26:00,42693.1,42699.9,42659.7,42681.2,222.106
2024-01-01 07:27:00,42681.1,42681.1,42657.6,42660.3,108.368
2024-01-01 07:28:00,42660.3,42669.0,42658.1,42668.9,59.825
2024-01-01 07:29:00,42669.0,42669.0,42642.5,42647.9,245.405
2024-01-01 07:30:00,42647.9,42676.9,42636.3,42643.5,313.712
2024-01-01 07:31:00,42643.4,42647.1,42628.1,42633.6,68.097
2024-01-01 07:32:00,42633.6,42637.1,42624.4,42624.4,101.802
2024-01-01 07:33:00,42624.5,42636.1,42614.6,42618.4,159.026
2024-01-01 07:34:00,42618.5,42619.2,42591.3,42598.5,275.64
2024-01-01 07:35:00,42598.5,42613.0,42582.3,42612.2,142.288
2024-01-01 07:36:00,42612.3,42615.6,42583.9,42598.8,86.817
2024-01-01 07:37:00,42598.8,42611.2,42594.6,42594.6,65.434
2024-01-01 07:38:00,42594.3,42609.1,42585.7,42599.4,112.953
2024-01-01 07:39:00,42599.4,42599.4,42582.7,42582.7,25.38
2024-01-01 07:40:00,42582.8,42588.7,42582.3,42588.0,50.409
2024-01-01 07:41:00,42587.9,42601.8,42587.9,42597.0,46.358
2024-01-01 07:42:00,42597.1,42597.1,42586.0,42587.3,51.54
2024-01-01 07:43:00,42587.2,42587.3,42586.5,42586.6,22.631
2024-01-01 07:44:00,42586.6,42595.0,42578.0,42593.7,58.441
2024-01-01 07:45:00,42593.6,42593.7,42584.1,42589.4,62.581
2024-01-01 07:46:00,42589.4,42597.5,42589.4,42595.4,25.106
2024-01-01 07:47:00,42595.5,42595.5,42562.3,42568.7,175.979
2024-01-01 07:48:00,42568.7,42579.2,42568.6,42578.0,43.962
2024-01-01 07:49:00,42578.0,42578.0,42567.5,42575.9,37.731
2024-01-01 07:50:00,42576.0,42595.3,42572.5,42595.3,49.026
2024-01-01 07:51:00,42595.3,42595.3,42586.5,42586.5,40.929
2024-01-01 07:52:00,42586.6,42609.4,42578.7,42609.4,85.005
2024-01-01 07:53:00,42609.9,42610.0,42593.1,42594.6,55.655
2024-01-01 07:54:00,42594.6,42594.6,42579.8,42585.8,68.138
2024-01-01 07:55:00,42585.8,42586.9,42581.1,42585.7,39.855
2024-01-01 07:56:00,42585.8,42585.8,42580.4,42580.4,20.437
2024-01-01 07:57:00,42580.4,42582.4,42580.4,42582.3,19.974
2024-01-01 07:58:00,42582.4,42582.4,42579.6,42579.7,21.943
2024-01-01 07:59:00,42579.6,42580.0,42574.7,42575.6,58.133
2024-01-01 08:00:00,42575.6,42612.3,42567.5,42612.3,82.103
2024-01-01 08:01:00,42612.3,42620.0,42612.2,42620.0,61.983
2024-01-01 08:02:00,42619.9,42639.5,42619.9,42639.5,92.438
2024-01-01 08:03:00,42639.5,42639.5,42635.1,42637.7,53.245
2024-01-01 08:04:00,42637.8,42647.6,42637.7,42642.8,59.379
2024-01-01 08:05:00,42642.8,42644.4,42637.9,42641.5,54.994
2024-01-01 08:06:00,42641.5,42642.0,42641.4,42641.9,36.02
2024-01-01 08:07:00,42642.0,42645.3,42607.8,42624.0,128.425
2024-01-01 08:08:00,42624.0,42636.0,42623.9,42629.5,63.113
2024-01-01 08:09:00,42629.6,42629.6,42606.2,42610.2,76.025
2024-01-01 08:10:00,42610.3,42610.3,42595.9,42595.9,42.977
2024-01-01 08:11:00,42595.9,42596.0,42569.9,42573.2,197.857
2024-01-01 08:12:00,42573.2,42587.5,42570.0,42571.6,111.599
2024-01-01 08:13:00,42571.5,42577.8,42571.5,42575.3,47.026
2024-01-01 08:14:00,42575.2,42576.3,42575.2,42576.2,24.693
2024-01-01 08:15:00,42576.2,42576.3,42573.9,42573.9,21.196
2024-01-01 08:16:00,42573.9,42587.1,42573.9,42574.1,65.444
2024-01-01 08:17:00,42574.1,42575.7,42571.2,42571.2,44.53
2024-01-01 08:18:00,42571.3,42575.4,42570.7,42570.7,31.964
2024-01-01 08:19:00,42570.7,42570.8,42545.7,42545.7,120.176
2024-01-01 08:20:00,42545.7,42562.8,42530.0,42562.7,227.042
2024-01-01 08:21:00,42562.7,42625.8,42562.7,42622.4,176.303
2024-01-01 08:22:00,42622.4,42630.0,42610.1,42611.9,126.631
2024-01-01 08:23:00,42611.9,42619.0,42607.0,42614.1,62.586
2024-01-01 08:24:00,42614.1,42617.5,42606.2,42606.3,94.35
2024-01-01 08:25:00,42606.2,42617.5,42600.0,42616.1,42.733
2024-01-01 08:26:00,42616.2,42616.2,42609.6,42614.6,26.495
2024-01-01 08:27:00,42614.6,42623.8,42614.6,42623.7,39.962
2024-01-01 08:28:00,42623.7,42623.8,42623.7,42623.7,28.334
2024-01-01 08:29:00,42623.7,42624.0,42620.4,42620.4,28.462
2024-01-01 08:30:00,42620.5,42623.1,42613.2,42613.2,37.625
2024-01-01 08:31:00,42613.2,42613.3,42602.4,42609.9,57.019
2024-01-01 08:32:00,42609.9,42630.0,42600.2,42627.8,77.841
2024-01-01 08:33:00,42627.9,42627.9,42627.8,42627.8,20.53
2024-01-01 08:34:00,42627.8,42628.5,42588.0,42588.0,127.131
2024-01-01 08:35:00,42588.1,42591.8,42581.6,42591.8,53.098
2024-01-01 08:36:00,42591.8,42613.1,42591.7,42609.2,46.535
2024-01-01 08:37:00,42609.1,42609.2,42594.2,42606.9,49.434
2024-01-01 08:38:00,42606.9,42606.9,42582.8,42588.9,38.21
2024-01-01 08:39:00,42588.9,42589.0,42575.7,42575.7,71.296
2024-01-01 08:40:00,42575.7,42582.8,42575.7,42580.0,24.822
2024-01-01 08:41:00,42579.9,42586.7,42579.9,42580.7,39.397
2024-01-01 08:42:00,42580.7,42589.1,42569.3,42589.1,45.146
2024-01-01 08:43:00,42589.1,42594.5,42571.0,42571.0,40.819
2024-01-01 08:44:00,42571.0,42571.1,42534.8,42544.2,327.944
2024-01-01 08:45:00,42544.2,42544.3,42513.0,42526.6,236.856
2024-01-01 08:46:00,42526.6,42526.7,42505.5,42513.8,180.092
2024-01-01 08:47:00,42513.0,42519.8,42507.7,42513.8,79.96
2024-01-01 08:48:00,42513.9,42526.3,42503.4,42503.4,68.214
2024-01-01 08:49:00,42503.4,42510.0,42486.3,42506.6,392.562
2024-01-01 08:50:00,42506.6,42515.0,42496.0,42496.1,90.222
2024-01-01 08:51:00,42497.5,42510.0,42496.0,42510.0,42.958
2024-01-01 08:52:00,42510.0,42524.4,42489.1,42491.7,77.944
2024-01-01 08:53:00,42491.7,42491.7,42471.2,42471.2,101.682
2024-01-01 08:54:00,42471.3,42481.0,42471.3,42473.7,63.742
2024-01-01 08:55:00,42473.7,42489.3,42473.7,42486.1,50.583
2024-01-01 08:56:00,42486.1,42486.1,42468.0,42468.0,49.218
2024-01-01 08:57:00,42468.0,42475.0,42467.0,42467.0,57.341
2024-01-01 08:58:00,42467.1,42471.9,42461.3,42464.7,62.277
2024-01-01 08:59:00,42464.6,42471.6,42449.0,42466.9,129.981
2024-01-01 09:00:00,42466.9,42493.0,42461.9,42486.3,120.545
2024-01-01 09:01:00,42486.2,42486.3,42457.9,42482.7,86.58
2024-01-01 09:02:00,42482.7,42482.7,42461.6,42466.5,46.928
2024-01-01 09:03:00,42466.4,42466.4,42447.0,42451.4,96.622
2024-01-01 09:04:00,42451.4,42451.4,42445.1,42448.9,33.591
2024-01-01 09:05:00,42448.9,42449.2,42435.0,42449.2,107.344
2024-01-01 09:06:00,42449.2,42473.8,42444.6,42470.2,79.416
2024-01-01 09:07:00,42470.2,42470.2,42454.9,42463.4,36.821
2024-01-01 09:08:00,42463.4,42463.4,42433.0,42433.1,98.652
2024-01-01 09:09:00,42433.0,42433.1,42414.1,42426.4,212.053
2024-01-01 09:10:00,42426.5,42428.6,42403.2,42408.0,117.716
2024-01-01 09:11:00,42408.0,42408.1,42389.8,42397.5,234.113
2024-01-01 09:12:00,42397.5,42397.5,42365.9,42371.6,321.137
2024-01-01 09:13:00,42371.7,42377.5,42270.0,42300.0,993.945
2024-01-01 09:14:00,42300.0,42354.1,42282.1,42331.9,614.375
2024-01-01 09:15:00,42331.9,42331.9,42287.9,42302.1,259.882
2024-01-01 09:16:00,42302.1,42312.0,42275.0,42308.8,332.937
2024-01-01 09:17:00,42308.8,42341.0,42307.7,42328.7,262.476
2024-01-01 09:18:00,42327.5,42352.9,42326.0,42351.3,158.709
2024-01-01 09:19:00,42351.4,42382.5,42346.8,42380.0,314.448
2024-01-01 09:20:00,42379.9,42391.2,42366.0,42370.2,169.686
2024-01-01 09:21:00,42370.2,42370.3,42350.0,42367.5,86.676
2024-01-01 09:22:00,42367.5,42375.1,42360.3,42360.3,70.194
2024-01-01 09:23:00,42360.3,42363.7,42336.0,42339.2,77.262
2024-01-01 09:24:00,42339.2,42357.4,42330.2,42353.3,68.286
2024-01-01 09:25:00,42353.2,42374.0,42342.3,42374.0,54.985
2024-01-01 09:26:00,42374.0,42391.5,42374.0,42379.5,66.601
2024-01-01 09:27:00,42379.6,42385.9,42371.1,42371.1,85.778
2024-01-01 09:28:00,42371.1,42371.1,42350.6,42350.6,58.934
2024-01-01 09:29:00,42350.7,42375.4,42350.6,42369.8,112.709
2024-01-01 09:30:00,42369.8,42369.8,42352.9,42367.3,123.29
2024-01-01 09:31:00,42368.5,42385.8,42368.5,42381.5,52.864
2024-01-01 09:32:00,42381.4,42397.6,42381.4,42393.5,96.322
2024-01-01 09:33:00,42393.5,42403.6,42386.9,42391.1,151.134
2024-01-01 09:34:00,42391.1,42393.0,42386.0,42392.9,84.238
2024-01-01 09:35:00,42393.0,42405.0,42392.9,42404.9,99.844
2024-01-01 09:36:00,42405.0,42413.0,42404.9,42407.4,143.482
2024-01-01 09:37:00,42407.3,42414.2,42405.0,42410.0,40.37
2024-01-01 09:38:00,42410.0,42414.2,42410.0,42411.9,23.521
2024-01-01 09:39:00,42412.0,42412.0,42384.2,42384.2,106.66
2024-01-01 09:40:00,42384.2,42390.1,42379.2,42379.2,51.989
2024-01-01 09:41:00,42379.1,42387.1,42367.2,42387.0,96.066
2024-01-01 09:42:00,42387.0,42393.0,42372.0,42372.1,50.54
2024-01-01 09:43:00,42372.1,42372.1,42325.3,42337.2,255.316
2024-01-01 09:44:00,42337.2,42337.3,42307.8,42324.6,428.125
2024-01-01 09:45:00,42324.6,42327.0,42296.2,42296.2,126.298
2024-01-01 09:46:00,42296.2,42323.8,42288.7,42321.6,202.049
2024-01-01 09:47:00,42321.6,42334.3,42288.6,42294.2,110.644
2024-01-01 09:48:00,42294.2,42296.3,42277.3,42292.3,207.553
2024-01-01 09:49:00,42292.3,42323.9,42292.3,42302.6,110.455
2024-01-01 09:50:00,42302.7,42305.3,42253.8,42262.4,419.695
2024-01-01 09:51:00,42262.4,42278.4,42235.2,42257.4,352.872
2024-01-01 09:52:00,42257.4,42295.6,42256.0,42292.5,153.594
2024-01-01 09:53:00,42292.5,42316.9,42292.4,42316.9,153.877
2024-01-01 09:54:00,42316.9,42353.3,42316.8,42352.2,199.206
2024-01-01 09:55:00,42352.1,42352.2,42325.2,42332.1,124.173
2024-01-01 09:56:00,42332.2,42332.2,42313.4,42330.8,72.191
2024-01-01 09:57:00,42330.8,42330.8,42308.4,42310.8,62.624
2024-01-01 09:58:00,42310.8,42316.9,42307.0,42316.9,74.709
2024-01-01 09:59:00,42316.9,42343.0,42316.9,42342.9,79.998
2024-01-01 10:00:00,42342.9,42360.7,42338.2,42347.7,117.441
2024-01-01 10:01:00,42347.8,42347.8,42334.5,42336.4,54.037
2024-01-01 10:02:00,42336.5,42347.8,42316.5,42347.8,201.685
2024-01-01 10:03:00,42347.8,42357.3,42347.7,42354.2,58.492
2024-01-01 10:04:00,42354.2,42360.7,42352.0,42360.7,30.986
2024-01-01 10:05:00,42360.6,42375.1,42360.6,42373.8,98.198
2024-01-01 10:06:00,42373.7,42378.9,42372.9,42378.9,50.443
2024-01-01 10:07:00,42378.9,42378.9,42360.8,42360.8,37.719
2024-01-01 10:08:00,42360.8,42366.0,42352.3,42353.6,57.033
2024-01-01 10:09:00,42353.6,42375.9,42353.6,42375.9,49.735
2024-01-01 10:10:00,42375.9,42379.1,42358.8,42365.5,74.24
2024-01-01 10:11:00,42365.4,42381.0,42359.0,42378.1,48.555
2024-01-01 10:12:00,42378.1,42378.1,42357.0,42368.6,62.427
2024-01-01 10:13:00,42368.5,42368.5,42337.0,42346.5,61.31
2024-01-01 10:14:00,42346.5,42351.7,42343.7,42347.3,51.625
2024-01-01 10:15:00,42347.4,42358.5,42335.2,42352.8,88.207
2024-01-01 10:16:00,42352.7,42376.7,42352.7,42365.3,60.29
2024-01-01 10:17:00,42365.2,42377.2,42365.2,42377.2,34.656
2024-01-01 10:18:00,42377.2,42390.0,42370.0,42390.0,62.229
2024-01-01 10:19:00,42389.9,42394.6,42370.2,42391.5,98.481
2024-01-01 10:20:00,42391.6,42394.7,42380.1,42380.1,128.446
2024-01-01 10:21:00,42380.1,42393.8,42376.2,42393.8,50.138
2024-01-01 10:22:00,42393.8,42396.3,42387.0,42396.3,35.971
2024-01-01 10:23:00,42396.4,42396.5,42385.8,42385.9,48.496
2024-01-01 10:24:00,42385.8,42402.4,42382.2,42402.4,59.692
2024-01-01 10:25:00,42402.4,42402.4,42393.6,42393.6,60.363
2024-01-01 10:26:00,42393.7,42396.1,42393.5,42394.5,25.967
2024-01-01 10:27:00,42394.6,42404.0,42394.5,42403.9,47.381
2024-01-01 10:28:00,42403.9,42439.8,42403.9,42438.6,168.21
2024-01-01 10:29:00,42438.6,42438.6,42417.8,42436.6,80.384
2024-01-01 10:30:00,42436.6,42440.0,42420.4,42432.0,129.59
2024-01-01 10:31:00,42432.0,42434.9,42384.4,42398.1,171.351
2024-01-01 10:32:00,42398.1,42412.0,42385.8,42395.0,57.924
2024-01-01 10:33:00,42395.0,42395.0,42359.8,42359.8,161.783
2024-01-01 10:34:00,42359.9,42359.9,42351.9,42358.8,59.881
2024-01-01 10:35:00,42358.9,42384.5,42358.9,42378.9,32.149
2024-01-01 10:36:00,42378.9,42390.7,42377.6,42383.1,67.664
2024-01-01 10:37:00,42383.1,42391.6,42371.0,42387.7,67.664
2024-01-01 10:38:00,42387.7,42387.7,42375.5,42382.5,86.493
2024-01-01 10:39:00,42383.1,42383.2,42367.5,42376.0,39.589
2024-01-01 10:40:00,42375.9,42386.4,42375.9,42386.4,34.468
2024-01-01 10:41:00,42386.3,42394.2,42378.2,42381.4,47.761
2024-01-01 10:42:00,42381.5,42381.5,42373.0,42377.0,44.429
2024-01-01 10:43:00,42376.9,42377.0,42371.1,42372.0,27.425
2024-01-01 10:44:00,42372.1,42392.6,42372.0,42389.3,46.917
2024-01-01 10:45:00,42389.4,42392.7,42376.7,42385.7,73.645
2024-01-01 10:46:00,42385.6,42385.6,42368.3,42370.2,52.623
2024-01-01 10:47:00,42370.1,42392.7,42370.1,42391.9,65.339
2024-01-01 10:48:00,42391.9,42395.0,42384.3,42395.0,33.948
2024-01-01 10:49:00,42395.0,42398.5,42385.0,42390.0,118.301
2024-01-01 10:50:00,42390.1,42390.1,42381.6,42381.6,21.184
2024-01-01 10:51:00,42381.6,42381.7,42373.7,42377.1,25.805
2024-01-01 10:52:00,42377.2,42380.3,42377.1,42377.2,22.584
2024-01-01 10:53:00,42377.2,42377.2,42370.1,42374.8,27.774
2024-01-01 10:54:00,42374.7,42374.8,42368.3,42368.3,15.552
2024-01-01 10:55:00,42368.4,42380.0,42368.3,42369.5,41.089
2024-01-01 10:56:00,42369.6,42369.6,42362.6,42365.3,40.539
2024-01-01 10:57:00,42365.3,42365.3,42326.3,42326.3,142.452
2024-01-01 10:58:00,42326.4,42333.2,42325.4,42328.9,68.158
2024-01-01 10:59:00,42328.9,42329.0,42326.2,42326.3,22.953
2024-01-01 11:00:00,42326.2,42341.1,42325.0,42341.1,54.035
2024-01-01 11:01:00,42341.1,42357.1,42325.0,42335.9,93.445
2024-01-01 11:02:00,42335.9,42350.8,42329.0,42332.6,46.543
2024-01-01 11:03:00,42332.9,42351.4,42332.8,42346.0,28.383
2024-01-01 11:04:00,42346.1,42358.1,42344.1,42344.1,51.53
2024-01-01 11:05:00,42344.2,42349.5,42330.6,42333.6,35.748
2024-01-01 11:06:00,42332.5,42332.5,42313.8,42313.8,44.673
2024-01-01 11:07:00,42313.8,42319.2,42304.0,42314.3,85.536
2024-01-01 11:08:00,42314.2,42324.2,42314.2,42321.9,46.133
2024-01-01 11:09:00,42322.0,42322.0,42310.0,42310.8,41.082
2024-01-01 11:10:00,42310.7,42322.4,42307.3,42315.5,79.401
2024-01-01 11:11:00,42315.4,42332.2,42310.7,42332.2,53.19
2024-01-01 11:12:00,42332.1,42332.2,42313.7,42321.5,48.151
2024-01-01 11:13:00,42321.5,42339.0,42321.4,42339.0,45.921
2024-01-01 11:14:00,42339.0,42339.0,42329.3,42335.7,26.381
2024-01-01 11:15:00,42335.8,42335.8,42306.9,42307.0,61.687
2024-01-01 11:16:00,42306.9,42306.9,42302.0,42302.0,50.866
2024-01-01 11:17:00,42302.0,42302.1,42285.2,42290.5,153.785
2024-01-01 11:18:00,42290.5,42298.8,42278.7,42278.7,108.016
2024-01-01 11:19:00,42278.8,42278.8,42270.4,42273.0,73.984
2024-01-01 11:20:00,42273.0,42273.1,42242.0,42254.0,225.399
2024-01-01 11:21:00,42254.0,42268.7,42243.0,42267.0,101.296
2024-01-01 11:22:00,42266.9,42270.0,42266.9,42269.5,27.605
2024-01-01 11:23:00,42269.4,42278.1,42269.4,42278.0,52.302
2024-01-01 11:24:00,42278.1,42280.0,42251.5,42261.7,67.664
2024-01-01 11:25:00,42261.6,42261.7,42244.2,42244.2,58.259
2024-01-01 11:26:00,42244.2,42245.8,42207.9,42244.0,345.593
2024-01-01 11:27:00,42244.0,42265.1,42240.5,42265.0,71.953
2024-01-01 11:28:00,42265.0,42270.5,42260.4,42267.3,77.161
2024-01-01 11:29:00,42267.2,42272.7,42265.6,42272.6,36.801
2024-01-01 11:30:00,42272.6,42272.7,42251.0,42253.2,106.269
2024-01-01 11:31:00,42253.3,42253.3,42239.1,42250.5,77.083
2024-01-01 11:32:00,42250.4,42278.1,42250.4,42278.1,70.025
2024-01-01 11:33:00,42278.1,42300.5,42278.0,42300.5,125.065
2024-01-01 11:34:00,42300.5,42309.1,42292.4,42309.1,73.015
2024-01-01 11:35:00,42309.0,42328.8,42304.9,42328.7,172.605
2024-01-01 11:36:00,42328.7,42337.8,42328.7,42333.3,133.121
2024-01-01 11:37:00,42333.4,42337.8,42331.1,42331.1,60.339
2024-01-01 11:38:00,42331.1,42331.2,42313.2,42316.2,85.606
2024-01-01 11:39:00,42316.1,42321.0,42316.1,42320.9,23.752
2024-01-01 11:40:00,42320.9,42321.0,42309.2,42310.9,43.065
2024-01-01 11:41:00,42310.9,42313.0,42310.9,42310.9,17.153
2024-01-01 11:42:00,42310.9,42311.0,42304.0,42304.0,14.296
2024-01-01 11:43:00,42304.1,42315.6,42300.0,42300.0,53.061
2024-01-01 11:44:00,42300.0,42316.7,42294.2,42308.2,72.524
2024-01-01 11:45:00,42308.3,42320.0,42298.1,42320.0,47.493
2024-01-01 11:46:00,42320.0,42341.1,42319.9,42341.1,57.392
2024-01-01 11:47:00,42341.0,42370.9,42341.0,42368.1,164.246
2024-01-01 11:48:00,42368.1,42375.0,42362.3,42371.8,128.546
2024-01-01 11:49:00,42371.8,42382.3,42370.0,42370.8,66.806
2024-01-01 11:50:00,42370.9,42370.9,42347.9,42347.9,53.748
2024-01-01 11:51:00,42347.9,42348.0,42321.1,42321.1,56.448
2024-01-01 11:52:00,42321.2,42327.0,42309.0,42316.7,72.912
2024-01-01 11:53:00,42316.8,42333.9,42310.0,42333.9,62.082
2024-01-01 11:54:00,42333.9,42347.7,42332.9,42346.9,54.166
2024-01-01 11:55:00,42346.9,42347.3,42340.7,42343.1,40.146
2024-01-01 11:56:00,42343.1,42347.1,42333.4,42343.2,35.607
2024-01-01 11:57:00,42343.1,42358.0,42343.1,42357.9,59.286
2024-01-01 11:58:00,42358.0,42358.0,42350.7,42350.7,30.178
2024-01-01 11:59:00,42350.7,42354.6,42349.6,42349.6,35.59
2024-01-01 12:00:00,42349.1,42351.8,42337.6,42346.1,48.323
2024-01-01 12:01:00,42346.1,42354.5,42346.0,42354.4,18.729
2024-01-01 12:02:00,42354.4,42354.5,42346.0,42351.0,19.211
2024-01-01 12:03:00,42351.0,42383.3,42351.0,42376.7,90.692
2024-01-01 12:04:00,42376.6,42376.7,42364.8,42364.8,64.346
2024-01-01 12:05:00,42364.8,42390.3,42364.8,42390.2,143.408
2024-01-01 12:06:00,42390.3,42397.4,42379.6,42379.6,59.486
2024-01-01 12:07:00,42379.7,42386.4,42373.5,42383.4,34.872
2024-01-01 12:08:00,42383.4,42383.5,42373.1,42380.1,21.347
2024-01-01 12:09:00,42380.0,42383.6,42378.2,42383.6,26.996
2024-01-01 12:10:00,42383.5,42403.0,42383.5,42398.2,148.768
2024-01-01 12:11:00,42398.1,42418.7,42398.1,42418.6,45.751
2024-01-01 12:12:00,42418.7,42418.7,42414.3,42414.5,18.546
2024-01-01 12:13:00,42414.5,42414.5,42404.6,42404.7,62.351
2024-01-01 12:14:00,42404.7,42410.3,42404.7,42405.9,37.256
2024-01-01 12:15:00,42405.9,42412.0,42397.9,42412.0,103.452
2024-01-01 12:16:00,42411.9,42439.1,42411.9,42416.7,245.823
2024-01-01 12:17:00,42416.7,42416.7,42403.1,42403.1,36.675
2024-01-01 12:18:00,42403.2,42414.6,42403.1,42410.6,30.564
2024-01-01 12:19:00,42410.6,42410.7,42406.8,42406.9,14.274
2024-01-01 12:20:00,42406.7,42406.7,42405.9,42405.9,11.107
2024-01-01 12:21:00,42405.9,42431.7,42405.9,42431.6,49.802
2024-01-01 12:22:00,42431.7,42448.1,42428.3,42440.2,108.651
2024-01-01 12:23:00,42440.2,42461.3,42440.1,42450.4,131.161
2024-01-01 12:24:00,42450.5,42450.5,42440.0,42440.0,45.658
2024-01-01 12:25:00,42440.1,42440.1,42426.4,42426.5,34.45
2024-01-01 12:26:00,42426.4,42433.1,42420.0,42420.0,74.156
2024-01-01 12:27:00,42420.0,42440.4,42420.0,42436.4,39.403
2024-01-01 12:28:00,42436.4,42436.5,42427.0,42427.1,43.889
2024-01-01 12:29:00,42427.1,42431.6,42423.3,42423.3,32.247
2024-01-01 12:30:00,42423.4,42456.1,42421.7,42456.1,99.023
2024-01-01 12:31:00,42456.0,42482.0,42453.8,42482.0,152.879
2024-01-01 12:32:00,42482.0,42490.6,42477.8,42480.1,129.933
2024-01-01 12:33:00,42480.0,42505.6,42480.0,42505.5,130.878
2024-01-01 12:34:00,42505.5,42512.6,42462.6,42462.6,246.391
2024-01-01 12:35:00,42462.6,42485.0,42458.5,42485.0,62.824
2024-01-01 12:36:00,42484.9,42517.0,42482.9,42516.1,131.087
2024-01-01 12:37:00,42516.1,42516.2,42474.7,42485.0,381.374
2024-01-01 12:38:00,42485.0,42488.3,42459.9,42474.2,233.795
2024-01-01 12:39:00,42474.2,42504.1,42474.1,42504.1,52.355
2024-01-01 12:40:00,42504.1,42504.1,42498.7,42498.7,33.618
2024-01-01 12:41:00,42498.8,42504.1,42481.7,42481.8,163.021
2024-01-01 12:42:00,42481.7,42492.7,42481.7,42492.6,42.471
2024-01-01 12:43:00,42492.7,42493.1,42485.7,42485.7,49.463
2024-01-01 12:44:00,42485.7,42485.8,42480.8,42482.2,28.844
2024-01-01 12:45:00,42482.2,42494.2,42472.6,42482.1,96.123
2024-01-01 12:46:00,42482.2,42486.3,42469.0,42469.1,59.43
2024-01-01 12:47:00,42469.0,42484.4,42469.0,42478.4,57.882
2024-01-01 12:48:00,42478.5,42496.9,42478.4,42489.5,36.869
2024-01-01 12:49:00,42489.4,42490.0,42481.0,42481.1,29.404
2024-01-01 12:50:00,42481.1,42493.3,42463.1,42463.1,50.911
2024-01-01 12:51:00,42463.1,42476.5,42463.1,42472.1,37.61
2024-01-01 12:52:00,42472.1,42483.6,42472.0,42472.0,32.735
2024-01-01 12:53:00,42472.0,42505.0,42472.0,42483.3,93.442
2024-01-01 12:54:00,42483.3,42485.6,42483.3,42485.5,20.22
2024-01-01 12:55:00,42485.5,42510.3,42485.5,42507.6,76.562
2024-01-01 12:56:00,42507.6,42518.8,42504.6,42518.8,92.688
2024-01-01 12:57:00,42518.7,42518.8,42516.4,42516.5,29.763
2024-01-01 12:58:00,42516.4,42536.0,42500.0,42500.0,221.236
2024-01-01 12:59:00,42500.0,42525.0,42500.0,42524.9,57.984
2024-01-01 13:00:00,42524.9,42525.0,42515.5,42516.2,54.199
2024-01-01 13:01:00,42516.2,42525.0,42505.9,42512.2,78.719
2024-01-01 13:02:00,42512.3,42530.1,42512.3,42530.0,105.692
2024-01-01 13:03:00,42530.1,42531.9,42520.0,42524.1,44.611
2024-01-01 13:04:00,42524.1,42529.5,42524.1,42529.5,22.978
2024-01-01 13:05:00,42529.5,42535.9,42524.1,42524.1,63.03
2024-01-01 13:06:00,42524.2,42527.0,42522.7,42526.9,23.124
2024-01-01 13:07:00,42526.9,42527.0,42523.6,42527.0,56.009
2024-01-01 13:08:00,42527.0,42527.2,42523.7,42527.2,25.448
2024-01-01 13:09:00,42527.1,42528.0,42524.5,42524.5,49.942
2024-01-01 13:10:00,42524.6,42524.7,42500.0,42500.0,74.971
2024-01-01 13:11:00,42500.1,42500.1,42488.2,42492.6,79.864
2024-01-01 13:12:00,42492.6,42492.7,42485.3,42487.9,61.126
2024-01-01 13:13:00,42488.0,42490.2,42486.2,42486.3,29.246
2024-01-01 13:14:00,42486.3,42486.3,42475.4,42475.4,68.599
2024-01-01 13:15:00,42475.4,42475.5,42461.3,42465.9,83.031
2024-01-01 13:16:00,42465.9,42503.0,42465.9,42503.0,83.41
2024-01-01 13:17:00,42503.0,42503.0,42491.9,42494.4,57.839
2024-01-01 13:18:00,42494.4,42498.9,42492.3,42492.3,14.187
2024-01-01 13:19:00,42492.4,42496.7,42488.4,42496.7,57.466
2024-01-01 13:20:00,42496.7,42505.0,42490.0,42490.0,31.342
2024-01-01 13:21:00,42490.1,42501.1,42490.0,42497.3,17.995
2024-01-01 13:22:00,42497.2,42507.0,42496.7,42507.0,18.933
2024-01-01 13:23:00,42506.9,42507.0,42498.5,42498.6,23.432
2024-01-01 13:24:00,42498.6,42506.9,42498.5,42506.9,15.036
2024-01-01 13:25:00,42506.9,42510.0,42506.8,42510.0,29.154
2024-01-01 13:26:00,42510.0,42523.0,42507.0,42507.0,84.191
2024-01-01 13:27:00,42507.1,42515.4,42507.0,42507.0,33.48
2024-01-01 13:28:00,42507.1,42507.1,42494.2,42496.1,35.302
2024-01-01 13:29:00,42496.2,42532.0,42496.1,42527.0,101.879
2024-01-01 13:30:00,42527.1,42533.0,42519.3,42530.9,102.877
2024-01-01 13:31:00,42530.8,42567.3,42530.8,42559.4,224.83
2024-01-01 13:32:00,42559.4,42570.0,42498.8,42502.6,331.826
2024-01-01 13:33:00,42502.7,42503.7,42489.4,42489.4,80.326
2024-01-01 13:34:00,42489.4,42495.0,42489.4,42494.9,48.654
2024-01-01 13:35:00,42494.9,42518.7,42494.9,42513.1,102.4
2024-01-01 13:36:00,42513.2,42522.2,42513.1,42521.0,39.477
2024-01-01 13:37:00,42521.0,42521.6,42520.9,42521.5,24.64
2024-01-01 13:38:00,42521.6,42521.6,42521.5,42521.5,27.884
2024-01-01 13:39:00,42521.6,42522.0,42518.2,42522.0,34.444
2024-01-01 13:40:00,42521.9,42546.8,42521.9,42546.7,55.446
2024-01-01 13:41:00,42546.7,42558.7,42544.7,42558.6,54.755
2024-01-01 13:42:00,42558.6,42560.0,42557.4,42557.4,41.11
2024-01-01 13:43:00,42557.4,42557.5,42531.6,42534.9,94.609
2024-01-01 13:44:00,42534.9,42552.0,42534.9,42551.9,42.335
2024-01-01 13:45:00,42551.9,42555.5,42545.0,42552.2,64.844
2024-01-01 13:46:00,42552.1,42552.2,42544.3,42544.3,24.632
2024-01-01 13:47:00,42544.0,42551.9,42540.0,42551.8,23.819
2024-01-01 13:48:00,42551.8,42551.9,42539.5,42543.3,17.984
2024-01-01 13:49:00,42543.2,42551.4,42543.2,42550.0,20.145
2024-01-01 13:50:00,42550.0,42552.1,42546.2,42552.0,24.035
2024-01-01 13:51:00,42552.0,42563.7,42552.0,42563.7,42.916
2024-01-01 13:52:00,42563.7,42563.7,42558.0,42559.4,33.033
2024-01-01 13:53:00,42559.4,42570.8,42559.4,42570.7,85.82
2024-01-01 13:54:00,42570.7,42577.0,42543.1,42543.1,73.7
2024-01-01 13:55:00,42543.1,42543.2,42511.0,42512.9,86.995
2024-01-01 13:56:00,42513.0,42527.2,42513.0,42522.3,51.548
2024-01-01 13:57:00,42522.4,42526.7,42517.3,42526.6,32.422
2024-01-01 13:58:00,42526.6,42526.6,42517.3,42517.3,26.566
2024-01-01 13:59:00,42517.3,42520.0,42509.0,42519.9,39.896
2024-01-01 14:00:00,42520.0,42540.0,42519.9,42540.0,57.14
2024-01-01 14:01:00,42540.0,42543.3,42522.2,42522.2,38.978
2024-01-01 14:02:00,42522.2,42522.3,42513.2,42515.3,48.053
2024-01-01 14:03:00,42515.3,42522.1,42513.0,42513.0,45.802
2024-01-01 14:04:00,42513.0,42517.3,42492.8,42495.2,89.102
2024-01-01 14:05:00,42495.2,42516.8,42495.2,42516.8,55.951
2024-01-01 14:06:00,42516.8,42530.2,42516.8,42520.1,54.18
2024-01-01 14:07:00,42520.0,42520.1,42510.1,42514.7,39.675
2024-01-01 14:08:00,42515.8,42515.9,42505.5,42505.5,41.37
2024-01-01 14:09:00,42505.5,42508.0,42505.5,42507.9,9.538
2024-01-01 14:10:00,42507.9,42532.3,42507.9,42532.3,70.246
2024-01-01 14:11:00,42532.2,42532.3,42522.1,42527.7,34.443
2024-01-01 14:12:00,42527.7,42529.1,42523.9,42529.0,32.568
2024-01-01 14:13:00,42529.0,42532.8,42529.0,42530.4,27.601
2024-01-01 14:14:00,42530.4,42530.5,42530.4,42530.4,19.017
2024-01-01 14:15:00,42530.5,42530.5,42522.0,42529.6,34.493
2024-01-01 14:16:00,42529.6,42559.6,42529.6,42559.6,106.99
2024-01-01 14:17:00,42559.5,42570.0,42559.5,42569.9,48.613
2024-01-01 14:18:00,42570.0,42587.0,42569.9,42578.5,108.257
2024-01-01 14:19:00,42578.5,42582.0,42562.8,42564.0,69.845
2024-01-01 14:20:00,42562.8,42570.0,42562.4,42565.3,159.489
2024-01-01 14:21:00,42565.3,42565.4,42547.2,42555.4,57.734
2024-01-01 14:22:00,42555.5,42557.7,42549.5,42553.9,33.791
2024-01-01 14:23:00,42553.9,42560.0,42553.8,42559.7,19.723
2024-01-01 14:24:00,42559.7,42581.4,42559.7,42581.4,33.064
2024-01-01 14:25:00,42581.4,42586.5,42573.8,42586.5,42.071
2024-01-01 14:26:00,42586.5,42590.0,42578.5,42590.0,77.125
2024-01-01 14:27:00,42589.9,42597.3,42582.9,42588.7,166.399
2024-01-01 14:28:00,42588.7,42589.0,42577.4,42583.5,69.966
2024-01-01 14:29:00,42583.6,42591.6,42583.3,42588.2,28.554
2024-01-01 14:30:00,42588.2,42594.9,42579.2,42594.9,57.964
2024-01-01 14:31:00,42594.9,42608.7,42589.9,42608.7,129.219
2024-01-01 14:32:00,42608.6,42609.8,42605.0,42608.4,51.455
2024-01-01 14:33:00,42608.5,42608.5,42597.2,42601.7,52.083
2024-01-01 14:34:00,42601.6,42611.2,42601.6,42610.0,46.116
2024-01-01 14:35:00,42610.0,42610.1,42583.8,42591.4,53.492
2024-01-01 14:36:00,42591.4,42602.8,42587.0,42587.0,26.184
2024-01-01 14:37:00,42587.0,42594.3,42580.9,42581.0,67.264
2024-01-01 14:38:00,42580.9,42591.9,42580.9,42581.4,41.647
2024-01-01 14:39:00,42581.5,42594.0,42579.4,42579.5,57.068
2024-01-01 14:40:00,42579.5,42594.0,42579.4,42586.1,89.119
2024-01-01 14:41:00,42586.2,42586.3,42570.0,42586.3,45.149
2024-01-01 14:42:00,42586.2,42591.4,42586.2,42591.4,11.052
2024-01-01 14:43:00,42591.4,42591.4,42580.5,42584.0,25.72
2024-01-01 14:44:00,42584.1,42615.8,42584.0,42609.0,229.58
2024-01-01 14:45:00,42609.1,42625.0,42609.0,42621.6,74.911
2024-01-01 14:46:00,42621.5,42627.0,42610.2,42617.9,157.261
2024-01-01 14:47:00,42617.8,42640.5,42614.3,42630.2,221.402
2024-01-01 14:48:00,42630.2,42635.2,42618.6,42623.0,41.317
2024-01-01 14:49:00,42622.9,42628.0,42622.9,42627.9,26.413
2024-01-01 14:50:00,42627.9,42647.5,42627.8,42647.3,79.022
2024-01-01 14:51:00,42647.3,42663.0,42647.3,42649.9,217.8
2024-01-01 14:52:00,42650.0,42650.0,42637.0,42647.0,65.375
2024-01-01 14:53:00,42647.1,42669.4,42647.0,42666.8,114.263
2024-01-01 14:54:00,42666.8,42688.0,42659.7,42688.0,168.357
2024-01-01 14:55:00,42687.9,42700.0,42687.6,42687.7,293.113
2024-01-01 14:56:00,42687.7,42687.7,42666.4,42666.4,118.346
2024-01-01 14:57:00,42666.5,42666.5,42645.3,42645.3,88.088
2024-01-01 14:58:00,42645.4,42651.6,42645.3,42646.5,51.392
2024-01-01 14:59:00,42646.5,42646.5,42622.9,42622.9,63.748
2024-01-01 15:00:00,42622.9,42638.5,42622.9,42637.9,70.425
2024-01-01 15:01:00,42637.9,42670.9,42637.8,42664.1,113.56
2024-01-01 15:02:00,42664.1,42685.1,42664.1,42675.0,70.827
2024-01-01 15:03:00,42675.0,42693.1,42670.4,42693.1,55.735
2024-01-01 15:04:00,42693.0,42700.0,42693.0,42697.4,86.244
2024-01-01 15:05:00,42697.3,42700.0,42680.7,42697.4,112.493
2024-01-01 15:06:00,42697.3,42706.9,42697.2,42706.0,173.869
2024-01-01 15:07:00,42706.0,42706.0,42701.4,42706.0,46.208
2024-01-01 15:08:00,42705.9,42734.2,42705.9,42718.3,363.336
2024-01-01 15:09:00,42718.3,42732.4,42707.7,42732.3,118.965
2024-01-01 15:10:00,42732.4,42732.4,42700.0,42700.1,200.741
2024-01-01 15:11:00,42700.0,42700.1,42668.9,42687.5,200.088
2024-01-01 15:12:00,42687.4,42689.0,42672.9,42683.0,81.234
2024-01-01 15:13:00,42683.0,42704.8,42683.0,42700.6,65.947
2024-01-01 15:14:00,42700.5,42700.5,42673.2,42675.2,161.612
2024-01-01 15:15:00,42675.2,42690.0,42675.2,42690.0,46.139
2024-01-01 15:16:00,42689.9,42705.8,42689.9,42705.8,50.533
2024-01-01 15:17:00,42705.7,42730.0,42705.7,42720.0,162.708
2024-01-01 15:18:00,42720.0,42720.0,42683.2,42683.6,87.793
2024-01-01 15:19:00,42683.6,42683.7,42660.4,42678.7,240.743
2024-01-01 15:20:00,42678.7,42678.7,42662.7,42662.7,58.856
2024-01-01 15:21:00,42662.7,42685.0,42657.6,42685.0,37.024
2024-01-01 15:22:00,42685.0,42685.0,42669.0,42673.6,48.866
2024-01-01 15:23:00,42673.5,42685.9,42673.5,42685.9,21.073
2024-01-01 15:24:00,42685.9,42694.6,42685.8,42685.8,49.473
2024-01-01 15:25:00,42685.9,42685.9,42672.9,42676.7,48.539
2024-01-01 15:26:00,42676.8,42680.0,42664.7,42672.8,134.262
2024-01-01 15:27:00,42672.8,42672.9,42660.0,42660.0,38.487
2024-01-01 15:28:00,42660.0,42676.6,42660.0,42670.0,33.887
2024-01-01 15:29:00,42670.0,42688.8,42670.0,42688.8,36.288
2024-01-01 15:30:00,42688.8,42696.3,42686.2,42695.4,54.093
2024-01-01 15:31:00,42695.4,42698.9,42687.8,42696.6,60.365
2024-01-01 15:32:00,42696.6,42706.8,42692.0,42692.0,71.502
2024-01-01 15:33:00,42691.9,42700.3,42688.2,42695.2,55.04
2024-01-01 15:34:00,42695.1,42695.2,42683.0,42685.9,63.499
2024-01-01 15:35:00,42685.9,42724.0,42685.9,42716.6,194.726
2024-01-01 15:36:00,42716.6,42734.3,42716.6,42728.7,108.708
2024-01-01 15:37:00,42728.7,42735.1,42717.6,42717.6,69.416
2024-01-01 15:38:00,42717.6,42724.6,42711.4,42711.4,120.655
2024-01-01 15:39:00,42711.0,42711.0,42685.2,42690.2,92.449
2024-01-01 15:40:00,42690.1,42694.0,42683.1,42690.6,62.992
2024-01-01 15:41:00,42690.6,42699.3,42690.5,42695.5,57.415
2024-01-01 15:42:00,42695.4,42700.0,42695.4,42699.9,34.617
2024-01-01 15:43:00,42700.0,42712.5,42699.9,42710.5,67.645
2024-01-01 15:44:00,42710.5,42712.3,42700.0,42700.0,53.056
2024-01-01 15:45:00,42700.1,42716.0,42691.5,42691.5,271.033
2024-01-01 15:46:00,42691.5,42698.9,42679.8,42679.8,57.059
2024-01-01 15:47:00,42679.8,42692.0,42669.9,42679.9,280.2
2024-01-01 15:48:00,42680.0,42680.0,42661.1,42677.1,165.512
2024-01-01 15:49:00,42677.1,42686.0,42668.1,42674.4,67.49
2024-01-01 15:50:00,42674.4,42684.0,42674.4,42683.9,49.193
2024-01-01 15:51:00,42683.8,42706.7,42683.8,42695.4,68.528
2024-01-01 15:52:00,42695.5,42710.0,42695.4,42706.9,60.105
2024-01-01 15:53:00,42706.9,42708.7,42691.4,42691.5,90.759
2024-01-01 15:54:00,42691.5,42719.3,42691.4,42714.8,96.565
2024-01-01 15:55:00,42714.9,42730.0,42710.7,42730.0,92.062
2024-01-01 15:56:00,42729.9,42750.0,42720.9,42721.0,175.935
2024-01-01 15:57:00,42720.9,42723.9,42717.1,42723.9,22.678
2024-01-01 15:58:00,42723.8,42723.8,42692.6,42695.0,131.03
2024-01-01 15:59:00,42695.0,42703.7,42695.0,42703.7,27.774
2024-01-01 16:00:00,42703.7,42703.7,42699.9,42703.0,47.585
2024-01-01 16:01:00,42703.0,42703.7,42703.0,42703.7,13.132
2024-01-01 16:02:00,42703.7,42704.2,42703.6,42704.1,22.309
2024-01-01 16:03:00,42704.2,42723.9,42704.1,42723.9,27.379
2024-01-01 16:04:00,42723.9,42744.1,42723.8,42726.8,227.406
2024-01-01 16:05:00,42726.8,42729.0,42722.7,42722.8,49.523
2024-01-01 16:06:00,42722.8,42728.0,42722.7,42728.0,20.178
2024-01-01 16:07:00,42728.0,42729.0,42727.9,42729.0,12.346
2024-01-01 16:08:00,42728.9,42729.0,42718.2,42718.2,31.672
2024-01-01 16:09:00,42718.2,42723.1,42717.7,42719.3,30.73
2024-01-01 16:10:00,42719.2,42742.3,42713.2,42740.4,221.977
2024-01-01 16:11:00,42740.4,42749.8,42735.3,42735.4,103.158
2024-01-01 16:12:00,42735.4,42745.7,42735.3,42738.0,58.734
2024-01-01 16:13:00,42738.0,42743.0,42738.0,42739.9,65.628
2024-01-01 16:14:00,42739.9,42761.2,42739.9,42755.8,315.892
2024-01-01 16:15:00,42755.8,42778.0,42755.8,42760.1,247.32
2024-01-01 16:16:00,42760.0,42760.1,42745.5,42756.8,76.269
2024-01-01 16:17:00,42756.9,42756.9,42738.6,42746.0,73.11
2024-01-01 16:18:00,42746.0,42751.3,42740.2,42740.2,63.192
2024-01-01 16:19:00,42740.2,42768.0,42740.2,42761.1,122.437
2024-01-01 16:20:00,42761.1,42775.0,42761.0,42774.9,68.373
2024-01-01 16:21:00,42775.0,42795.0,42775.0,42788.0,270.3
2024-01-01 16:22:00,42788.1,42794.4,42782.1,42791.0,114.715
2024-01-01 16:23:00,42790.9,42791.0,42765.0,42774.6,150.284
2024-01-01 16:24:00,42774.6,42774.7,42755.5,42755.5,108.696
2024-01-01 16:25:00,42755.5,42755.6,42730.9,42735.0,199.527
2024-01-01 16:26:00,42734.9,42743.5,42728.7,42743.5,79.56
2024-01-01 16:27:00,42743.5,42743.5,42739.1,42740.0,35.411
2024-01-01 16:28:00,42739.9,42739.9,42727.2,42731.9,66.314
2024-01-01 16:29:00,42731.9,42737.9,42727.6,42727.7,61.485
2024-01-01 16:30:00,42727.7,42744.8,42722.1,42744.7,100.951
2024-01-01 16:31:00,42744.8,42777.0,42744.7,42777.0,171.229
2024-01-01 16:32:00,42777.0,42785.2,42776.4,42782.4,122.117
2024-01-01 16:33:00,42782.4,42795.0,42779.7,42783.9,121.241
2024-01-01 16:34:00,42783.9,42800.0,42767.2,42793.3,294.696
2024-01-01 16:35:00,42793.3,42799.0,42781.0,42781.0,198.209
2024-01-01 16:36:00,42781.0,42800.0,42781.0,42799.9,175.263
2024-01-01 16:37:00,42799.9,42800.0,42781.6,42786.9,96.366
2024-01-01 16:38:00,42787.0,42800.0,42777.0,42791.9,104.822
2024-01-01 16:39:00,42791.9,42794.8,42783.1,42786.1,34.427
2024-01-01 16:40:00,42786.1,42786.1,42782.1,42784.8,24.507
2024-01-01 16:41:00,42784.8,42791.5,42777.9,42777.9,56.279
2024-01-01 16:42:00,42777.7,42777.7,42756.9,42757.1,116.703
2024-01-01 16:43:00,42757.0,42757.1,42742.0,42754.5,99.784
2024-01-01 16:44:00,42754.5,42756.0,42730.0,42730.0,112.976
2024-01-01 16:45:00,42730.0,42740.9,42725.7,42735.3,88.007
2024-01-01 16:46:00,42735.3,42735.3,42730.9,42731.9,61.125
2024-01-01 16:47:00,42731.9,42755.0,42731.9,42754.9,41.674
2024-01-01 16:48:00,42755.0,42758.7,42736.5,42736.6,57.049
2024-01-01 16:49:00,42736.5,42736.9,42724.7,42733.9,133.239
2024-01-01 16:50:00,42733.9,42733.9,42707.1,42707.1,97.65
2024-01-01 16:51:00,42707.1,42717.6,42688.6,42695.5,404.787
2024-01-01 16:52:00,42695.5,42700.0,42686.8,42692.5,162.618
2024-01-01 16:53:00,42692.5,42699.9,42691.2,42696.7,84.088
2024-01-01 16:54:00,42696.8,42720.0,42696.0,42704.1,160.294
2024-01-01 16:55:00,42704.0,42721.1,42696.4,42721.1,62.933
2024-01-01 16:56:00,42721.0,42733.7,42721.0,42733.7,22.957
2024-01-01 16:57:00,42733.7,42742.1,42733.7,42739.3,38.069
2024-01-01 16:58:00,42739.3,42739.3,42726.0,42727.9,87.737
2024-01-01 16:59:00,42727.9,42728.0,42715.0,42715.0,54.733
2024-01-01 17:00:00,42715.0,42724.9,42710.9,42711.8,73.088
2024-01-01 17:01:00,42711.9,42711.9,42702.2,42705.9,59.518
2024-01-01 17:02:00,42705.9,42706.0,42656.9,42663.1,390.078
2024-01-01 17:03:00,42663.0,42679.9,42663.0,42675.6,199.319
2024-01-01 17:04:00,42675.7,42682.1,42675.6,42681.6,63.906
2024-01-01 17:05:00,42681.5,42696.4,42681.5,42696.4,81.304
2024-01-01 17:06:00,42696.3,42696.4,42696.3,42696.4,19.864
2024-01-01 17:07:00,42696.3,42696.4,42663.9,42663.9,113.223
2024-01-01 17:08:00,42664.0,42673.0,42662.5,42667.5,58.038
2024-01-01 17:09:00,42667.9,42678.8,42667.9,42678.7,74.057
2024-01-01 17:10:00,42678.7,42694.0,42656.5,42666.2,137.027
2024-01-01 17:11:00,42666.2,42666.2,42643.5,42646.9,126.909
2024-01-01 17:12:00,42646.9,42655.6,42639.0,42645.0,124.254
2024-01-01 17:13:00,42645.0,42647.1,42638.0,42645.9,69.251
2024-01-01 17:14:00,42645.9,42647.2,42641.8,42647.2,31.503
2024-01-01 17:15:00,42647.3,42670.0,42644.8,42660.4,152.298
2024-01-01 17:16:00,42660.4,42670.7,42660.3,42670.3,35.078
2024-01-01 17:17:00,42670.4,42670.4,42665.7,42665.8,31.564
2024-01-01 17:18:00,42665.7,42665.8,42652.1,42664.1,20.528
2024-01-01 17:19:00,42664.1,42664.1,42643.8,42643.9,78.973
2024-01-01 17:20:00,42643.9,42684.0,42643.8,42684.0,51.237
2024-01-01 17:21:00,42683.9,42700.0,42683.9,42690.1,64.163
2024-01-01 17:22:00,42690.1,42690.1,42676.7,42679.9,47.541
2024-01-01 17:23:00,42679.9,42680.0,42676.7,42676.8,12.005
2024-01-01 17:24:00,42676.8,42687.0,42676.7,42685.1,55.015
2024-01-01 17:25:00,42685.1,42719.3,42685.1,42719.3,127.71
2024-01-01 17:26:00,42719.7,42735.0,42719.3,42734.9,110.934
2024-01-01 17:27:00,42735.0,42743.7,42734.9,42736.0,107.582
2024-01-01 17:28:00,42736.0,42736.1,42723.5,42723.5,29.647
2024-01-01 17:29:00,42723.5,42727.7,42723.5,42727.6,32.894
2024-01-01 17:30:00,42727.7,42749.1,42726.8,42749.1,165.866
2024-01-01 17:31:00,42749.0,42777.4,42749.0,42775.5,308.72
2024-01-01 17:32:00,42775.5,42777.7,42742.8,42742.9,96.751
2024-01-01 17:33:00,42742.8,42742.9,42726.4,42733.9,58.863
2024-01-01 17:34:00,42733.9,42734.0,42724.0,42724.0,40.885
2024-01-01 17:35:00,42724.0,42735.0,42724.0,42724.0,76.943
2024-01-01 17:36:00,42724.0,42724.1,42701.6,42701.6,190.071
2024-01-01 17:37:00,42701.7,42705.7,42685.7,42685.7,61.192
2024-01-01 17:38:00,42685.7,42700.0,42657.6,42664.8,332.668
2024-01-01 17:39:00,42664.9,42691.0,42664.8,42688.1,62.897
2024-01-01 17:40:00,42687.9,42694.0,42678.8,42691.3,76.511
2024-01-01 17:41:00,42691.2,42693.5,42678.1,42678.1,28.562
2024-01-01 17:42:00,42678.1,42678.1,42652.8,42667.1,105.047
2024-01-01 17:43:00,42667.1,42676.7,42665.3,42665.4,52.521
2024-01-01 17:44:00,42665.3,42669.0,42651.1,42669.0,43.565
2024-01-01 17:45:00,42669.0,42672.8,42668.9,42668.9,47.553
2024-01-01 17:46:00,42668.9,42672.8,42668.9,42672.8,33.931
2024-01-01 17:47:00,42672.7,42673.3,42667.5,42673.2,40.013
2024-01-01 17:48:00,42673.3,42691.6,42673.2,42686.0,61.991
2024-01-01 17:49:00,42686.1,42706.9,42676.9,42700.5,165.941
2024-01-01 17:50:00,42700.4,42709.4,42686.0,42709.4,51.893
2024-01-01 17:51:00,42709.4,42733.4,42709.3,42733.4,38.668
2024-01-01 17:52:00,42733.4,42748.3,42733.3,42748.2,105.922
2024-01-01 17:53:00,42748.3,42749.9,42740.0,42740.0,93.999
2024-01-01 17:54:00,42740.0,42740.1,42724.0,42724.1,161.913
2024-01-01 17:55:00,42724.0,42728.1,42715.3,42728.1,111.085
2024-01-01 17:56:00,42728.1,42728.1,42725.4,42725.5,24.702
2024-01-01 17:57:00,42725.5,42725.5,42710.7,42715.5,48.457
2024-01-01 17:58:00,42715.5,42727.9,42700.1,42725.6,98.184
2024-01-01 17:59:00,42725.5,42725.6,42721.1,42724.1,16.365
2024-01-01 18:00:00,42724.1,42739.9,42724.0,42739.9,161.298
2024-01-01 18:01:00,42739.8,42739.9,42727.3,42727.3,29.344
2024-01-01 18:02:00,42727.3,42727.4,42715.4,42722.3,34.69
2024-01-01 18:03:00,42722.3,42722.4,42712.6,42718.5,52.53
2024-01-01 18:04:00,42718.5,42737.3,42706.5,42730.0,75.388
2024-01-01 18:05:00,42730.0,42753.0,42729.3,42750.6,133.309
2024-01-01 18:06:00,42750.7,42779.2,42750.6,42777.9,246.959
2024-01-01 18:07:00,42777.9,42789.4,42770.6,42780.2,219.304
2024-01-01 18:08:00,42780.1,42796.7,42773.0,42790.0,135.93
2024-01-01 18:09:00,42789.9,42825.0,42782.8,42820.5,361.392
2024-01-01 18:10:00,42820.4,42825.2,42791.5,42800.3,312.187
2024-01-01 18:11:00,42800.2,42810.0,42792.8,42807.1,158.431
2024-01-01 18:12:00,42807.1,42809.5,42797.0,42797.0,91.313
2024-01-01 18:13:00,42797.1,42802.0,42777.9,42797.0,101.075
2024-01-01 18:14:00,42797.0,42797.0,42789.7,42789.9,66.756
2024-01-01 18:15:00,42789.8,42795.8,42769.8,42770.7,84.187
2024-01-01 18:16:00,42770.8,42773.4,42757.6,42763.1,112.103
2024-01-01 18:17:00,42763.0,42763.0,42756.0,42757.1,109.481
2024-01-01 18:18:00,42757.0,42776.3,42757.0,42757.1,52.794
2024-01-01 18:19:00,42757.1,42760.0,42751.6,42751.6,51.327
2024-01-01 18:20:00,42751.7,42759.2,42745.0,42751.0,101.369
2024-01-01 18:21:00,42751.1,42758.4,42749.7,42749.8,23.983
2024-01-01 18:22:00,42749.8,42771.7,42741.4,42767.0,228.429
2024-01-01 18:23:00,42767.0,42767.0,42745.4,42745.4,23.869
2024-01-01 18:24:00,42745.5,42745.5,42720.0,42725.8,78.288
2024-01-01 18:25:00,42725.9,42733.7,42702.1,42707.3,122.107
2024-01-01 18:26:00,42707.3,42724.5,42704.9,42717.6,162.737
2024-01-01 18:27:00,42717.6,42718.8,42696.0,42697.9,74.325
2024-01-01 18:28:00,42698.0,42703.7,42688.1,42697.0,82.397
2024-01-01 18:29:00,42696.5,42696.5,42681.5,42682.0,91.482
2024-01-01 18:30:00,42682.0,42703.7,42681.9,42703.7,99.891
2024-01-01 18:31:00,42703.7,42704.3,42690.3,42690.4,52.797
2024-01-01 18:32:00,42690.3,42690.3,42664.4,42664.4,110.352
2024-01-01 18:33:00,42664.5,42685.5,42647.9,42675.4,398.257
2024-01-01 18:34:00,42675.5,42698.9,42675.4,42698.8,55.958
2024-01-01 18:35:00,42698.9,42703.7,42689.2,42689.2,59.193
2024-01-01 18:36:00,42689.2,42712.0,42684.9,42712.0,66.534
2024-01-01 18:37:00,42712.0,42712.0,42696.1,42700.1,44.385
2024-01-01 18:38:00,42700.1,42711.9,42700.0,42704.6,41.362
2024-01-01 18:39:00,42704.7,42727.5,42704.6,42727.5,63.551
2024-01-01 18:40:00,42727.5,42743.8,42727.4,42743.8,68.99
2024-01-01 18:41:00,42743.8,42743.8,42731.9,42731.9,51.607
2024-01-01 18:42:00,42731.9,42739.5,42731.9,42733.5,42.892
2024-01-01 18:43:00,42733.6,42744.3,42732.9,42744.3,22.914
2024-01-01 18:44:00,42744.3,42744.4,42737.6,42742.6,39.998
2024-01-01 18:45:00,42742.6,42764.2,42742.6,42761.0,98.663
2024-01-01 18:46:00,42761.0,42761.0,42747.6,42754.4,34.356
2024-01-01 18:47:00,42754.4,42754.5,42738.0,42738.1,36.472
2024-01-01 18:48:00,42738.0,42743.6,42736.7,42737.3,28.993
2024-01-01 18:49:00,42737.2,42748.0,42735.7,42745.4,20.295
2024-01-01 18:50:00,42745.4,42753.0,42740.2,42753.0,27.779
2024-01-01 18:51:00,42753.0,42770.0,42752.9,42767.1,53.077
2024-01-01 18:52:00,42767.1,42769.0,42754.1,42758.0,47.519
2024-01-01 18:53:00,42758.0,42758.0,42747.5,42750.9,29.069
2024-01-01 18:54:00,42751.0,42759.1,42750.9,42754.5,30.146
2024-01-01 18:55:00,42754.4,42754.4,42750.0,42750.0,18.789
2024-01-01 18:56:00,42750.0,42750.1,42727.0,42730.0,63.789
2024-01-01 18:57:00,42730.0,42762.7,42729.9,42762.7,55.011
2024-01-01 18:58:00,42762.6,42763.9,42758.4,42758.4,29.474
2024-01-01 18:59:00,42758.4,42758.4,42747.9,42752.7,37.699
2024-01-01 19:00:00,42752.7,42752.8,42732.5,42732.6,45.27
2024-01-01 19:01:00,42732.6,42732.6,42701.4,42710.1,155.371
2024-01-01 19:02:00,42710.1,42728.4,42710.0,42727.4,33.346
2024-01-01 19:03:00,42727.4,42737.8,42727.4,42737.8,39.362
2024-01-01 19:04:00,42737.7,42737.8,42737.7,42737.7,18.033
2024-01-01 19:05:00,42737.8,42737.8,42737.7,42737.8,10.696
2024-01-01 19:06:00,42737.7,42737.8,42723.4,42732.0,64.65
2024-01-01 19:07:00,42732.0,42749.7,42731.9,42742.0,95.139
2024-01-01 19:08:00,42742.1,42745.8,42742.0,42742.1,26.961
2024-01-01 19:09:00,42742.1,42745.4,42738.1,42745.4,23.377
2024-01-01 19:10:00,42745.7,42754.2,42734.7,42754.2,52.313
2024-01-01 19:11:00,42754.2,42754.2,42750.0,42750.1,40.257
2024-01-01 19:12:00,42750.1,42753.3,42743.4,42753.2,25.983
2024-01-01 19:13:00,42753.2,42763.0,42753.2,42763.0,42.844
2024-01-01 19:14:00,42762.9,42777.1,42762.9,42777.1,54.909
2024-01-01 19:15:00,42777.1,42787.5,42777.0,42778.5,148.728
2024-01-01 19:16:00,42778.6,42778.6,42760.9,42760.9,42.613
2024-01-01 19:17:00,42760.9,42767.4,42760.9,42766.8,49.372
2024-01-01 19:18:00,42766.8,42766.8,42749.0,42749.0,47.862
2024-01-01 19:19:00,42749.0,42764.7,42748.2,42754.9,68.591
2024-01-01 19:20:00,42755.0,42761.8,42755.0,42761.7,39.486
2024-01-01 19:21:00,42761.8,42767.8,42758.2,42758.2,26.532
2024-01-01 19:22:00,42758.3,42760.0,42756.9,42756.9,21.109
2024-01-01 19:23:00,42756.9,42757.0,42740.3,42743.5,45.391
2024-01-01 19:24:00,42743.4,42759.0,42743.4,42759.0,30.657
2024-01-01 19:25:00,42759.0,42769.9,42758.9,42768.0,35.023
2024-01-01 19:26:00,42767.9,42768.0,42763.1,42768.0,33.061
2024-01-01 19:27:00,42768.0,42781.2,42767.9,42781.1,47.177
2024-01-01 19:28:00,42781.1,42781.2,42767.0,42767.0,44.352
2024-01-01 19:29:00,42767.0,42767.1,42753.9,42753.9,31.498
2024-01-01 19:30:00,42753.8,42755.8,42724.4,42724.4,82.207
2024-01-01 19:31:00,42724.2,42724.2,42686.2,42686.2,119.651
2024-01-01 19:32:00,42686.3,42699.9,42680.0,42680.1,141.32
2024-01-01 19:33:00,42680.1,42700.6,42680.0,42681.6,116.258
2024-01-01 19:34:00,42681.6,42694.1,42670.5,42676.2,129.266
2024-01-01 19:35:00,42676.3,42683.5,42632.0,42657.3,473.781
2024-01-01 19:36:00,42657.3,42693.7,42657.3,42685.5,160.033
2024-01-01 19:37:00,42685.4,42706.1,42673.1,42706.1,97.279
2024-01-01 19:38:00,42706.0,42711.4,42689.5,42711.3,89.889
2024-01-01 19:39:00,42711.3,42711.4,42701.6,42711.3,48.541
2024-01-01 19:40:00,42711.3,42711.3,42695.5,42704.1,62.703
2024-01-01 19:41:00,42704.1,42711.0,42697.9,42700.4,32.2
2024-01-01 19:42:00,42700.4,42702.2,42690.9,42690.9,29.385
2024-01-01 19:43:00,42691.0,42695.1,42690.0,42690.0,51.101
2024-01-01 19:44:00,42690.0,42690.1,42678.6,42686.3,32.53
2024-01-01 19:45:00,42686.2,42696.3,42683.6,42693.7,35.493
2024-01-01 19:46:00,42693.7,42699.0,42683.5,42691.6,38.437
2024-01-01 19:47:00,42691.7,42700.3,42691.6,42700.2,30.861
2024-01-01 19:48:00,42700.2,42700.3,42695.0,42695.3,26.72
2024-01-01 19:49:00,42695.4,42699.9,42695.3,42699.8,26.956
2024-01-01 19:50:00,42699.9,42699.9,42691.9,42696.0,25.229
2024-01-01 19:51:00,42696.0,42696.0,42659.0,42674.1,110.377
2024-01-01 19:52:00,42674.1,42689.4,42668.6,42676.7,109.745
2024-01-01 19:53:00,42676.7,42676.8,42624.3,42624.3,361.492
2024-01-01 19:54:00,42624.3,42651.0,42615.0,42651.0,214.771
2024-01-01 19:55:00,42650.9,42665.7,42646.5,42652.0,86.934
2024-01-01 19:56:00,42651.9,42664.4,42651.9,42661.2,49.077
2024-01-01 19:57:00,42661.1,42661.2,42621.0,42621.1,154.961
2024-01-01 19:58:00,42621.0,42628.6,42621.0,42626.8,96.156
2024-01-01 19:59:00,42626.9,42658.3,42624.7,42658.3,86.922
2024-01-01 20:00:00,42658.3,42675.9,42658.2,42672.4,89.142
2024-01-01 20:01:00,42672.3,42693.0,42672.3,42690.1,118.884
2024-01-01 20:02:00,42690.1,42696.5,42690.0,42696.5,27.499
2024-01-01 20:03:00,42696.4,42700.0,42691.5,42696.7,49.851
2024-01-01 20:04:00,42696.7,42696.7,42688.3,42688.4,30.873
2024-01-01 20:05:00,42688.4,42698.5,42680.1,42698.5,74.901
2024-01-01 20:06:00,42698.5,42698.6,42688.4,42693.8,22.114
2024-01-01 20:07:00,42693.7,42694.5,42683.3,42689.1,55.898
2024-01-01 20:08:00,42689.0,42689.0,42663.1,42670.1,64.063
2024-01-01 20:09:00,42670.0,42670.9,42646.3,42651.6,91.805
2024-01-01 20:10:00,42651.5,42668.3,42625.4,42668.3,126.414
2024-01-01 20:11:00,42668.2,42679.3,42664.3,42679.2,43.511
2024-01-01 20:12:00,42679.3,42689.0,42679.3,42689.0,39.484
2024-01-01 20:13:00,42689.0,42696.8,42677.6,42682.2,65.11
2024-01-01 20:14:00,42682.2,42682.2,42677.2,42677.2,13.538
2024-01-01 20:15:00,42677.3,42687.9,42670.6,42687.9,46.401
2024-01-01 20:16:00,42687.9,42696.8,42677.2,42677.2,69.235
2024-01-01 20:17:00,42677.2,42677.3,42628.7,42632.3,139.518
2024-01-01 20:18:00,42632.2,42652.0,42614.5,42632.9,222.793
2024-01-01 20:19:00,42633.0,42656.4,42630.2,42632.3,208.482
2024-01-01 20:20:00,42632.2,42657.8,42631.0,42651.1,85.205
2024-01-01 20:21:00,42651.1,42651.1,42633.0,42637.8,87.703
2024-01-01 20:22:00,42637.8,42651.0,42633.7,42651.0,113.643
2024-01-01 20:23:00,42651.0,42669.4,42650.9,42659.0,42.656
2024-01-01 20:24:00,42659.1,42664.8,42645.6,42655.3,26.489
2024-01-01 20:25:00,42655.2,42666.9,42639.4,42640.1,51.061
2024-01-01 20:26:00,42640.1,42649.2,42633.5,42633.5,66.076
2024-01-01 20:27:00,42633.5,42645.6,42633.5,42645.6,33.39
2024-01-01 20:28:00,42645.6,42662.4,42642.0,42643.4,78.187
2024-01-01 20:29:00,42643.5,42647.5,42642.0,42645.6,29.758
2024-01-01 20:30:00,42645.5,42648.7,42633.5,42648.6,95.761
2024-01-01 20:31:00,42648.7,42655.1,42639.7,42655.1,33.11
2024-01-01 20:32:00,42655.0,42655.8,42626.3,42626.3,113.18
2024-01-01 20:33:00,42626.4,42641.3,42624.2,42628.3,113.211
2024-01-01 20:34:00,42628.2,42633.4,42617.6,42629.5,79.936
2024-01-01 20:35:00,42629.5,42637.4,42628.0,42637.0,68.82
2024-01-01 20:36:00,42636.9,42639.1,42631.4,42637.1,72.207
2024-01-01 20:37:00,42637.0,42670.0,42637.0,42663.7,128.523
2024-01-01 20:38:00,42663.7,42681.4,42663.6,42667.3,101.339
2024-01-01 20:39:00,42667.3,42681.2,42667.2,42674.4,46.867
2024-01-01 20:40:00,42674.4,42674.5,42660.0,42660.1,37.055
2024-01-01 20:41:00,42660.0,42679.6,42658.4,42674.5,47.425
2024-01-01 20:42:00,42674.5,42679.9,42674.4,42679.9,17.35
2024-01-01 20:43:00,42679.9,42683.0,42676.3,42682.9,21.866
2024-01-01 20:44:00,42683.0,42687.3,42681.3,42681.4,44.384
2024-01-01 20:45:00,42681.3,42681.4,42666.6,42676.5,63.183
2024-01-01 20:46:00,42676.4,42682.5,42676.4,42681.6,22.757
2024-01-01 20:47:00,42681.6,42687.2,42681.5,42687.2,33.298
2024-01-01 20:48:00,42687.2,42691.9,42677.4,42677.4,56.414
2024-01-01 20:49:00,42677.4,42682.0,42676.1,42680.0,22.123
2024-01-01 20:50:00,42680.0,42700.3,42680.0,42700.3,78.123
2024-01-01 20:51:00,42700.3,42729.0,42700.2,42729.0,131.908
2024-01-01 20:52:00,42729.0,42740.0,42723.2,42738.3,129.942
2024-01-01 20:53:00,42738.2,42748.7,42738.2,42742.1,62.914
2024-01-01 20:54:00,42742.2,42757.2,42742.1,42757.2,121.284
2024-01-01 20:55:00,42757.1,42772.0,42757.1,42758.1,165.343
2024-01-01 20:56:00,42758.1,42758.2,42725.0,42725.0,131.774
2024-01-01 20:57:00,42725.0,42730.0,42708.2,42708.2,51.99
2024-01-01 20:58:00,42708.3,42718.7,42705.8,42712.0,53.512
2024-01-01 20:59:00,42712.1,42719.2,42712.0,42715.0,26.058
2024-01-01 21:00:00,42715.1,42718.8,42708.0,42717.1,62.471
2024-01-01 21:01:00,42717.1,42727.8,42717.0,42727.8,46.713
2024-01-01 21:02:00,42727.8,42740.0,42726.5,42740.0,92.588
2024-01-01 21:03:00,42739.9,42740.0,42668.9,42668.9,123.165
2024-01-01 21:04:00,42668.8,42668.9,42655.0,42655.0,99.436
2024-01-01 21:05:00,42655.1,42655.1,42630.1,42630.1,144.422
2024-01-01 21:06:00,42630.2,42663.0,42630.2,42663.0,91.74
2024-01-01 21:07:00,42662.9,42683.5,42659.1,42683.5,93.427
2024-01-01 21:08:00,42683.5,42720.0,42683.5,42699.7,149.255
2024-01-01 21:09:00,42699.7,42701.1,42680.5,42682.6,78.511
2024-01-01 21:10:00,42682.6,42682.6,42669.9,42669.9,26.864
2024-01-01 21:11:00,42669.9,42701.0,42665.7,42697.3,79.026
2024-01-01 21:12:00,42697.2,42719.7,42697.2,42717.8,56.679
2024-01-01 21:13:00,42717.7,42763.2,42717.7,42763.1,203.684
2024-01-01 21:14:00,42763.2,42887.5,42759.2,42885.6,1483.905
2024-01-01 21:15:00,42885.6,42887.3,42831.0,42831.1,598.46
2024-01-01 21:16:00,42831.0,42878.1,42831.0,42851.3,272.687
2024-01-01 21:17:00,42851.4,42869.8,42842.5,42842.5,194.508
2024-01-01 21:18:00,42842.5,42842.6,42787.7,42800.0,396.22
2024-01-01 21:19:00,42800.1,42827.2,42797.9,42798.0,177.863
2024-01-01 21:20:00,42797.9,42817.3,42790.0,42803.6,243.38
2024-01-01 21:21:00,42803.6,42809.1,42768.9,42804.9,143.706
2024-01-01 21:22:00,42804.9,42834.0,42802.8,42822.4,240.116
2024-01-01 21:23:00,42820.2,42835.1,42806.7,42815.5,192.738
2024-01-01 21:24:00,42815.4,42831.7,42807.9,42818.3,132.07
2024-01-01 21:25:00,42818.3,42830.0,42793.1,42830.0,166.949
2024-01-01 21:26:00,42829.9,42849.6,42825.9,42836.2,170.366
2024-01-01 21:27:00,42836.2,42836.2,42788.9,42815.4,114.461
2024-01-01 21:28:00,42815.5,42819.4,42800.3,42800.4,60.315
2024-01-01 21:29:00,42800.4,42818.0,42799.3,42818.0,69.248
2024-01-01 21:30:00,42818.0,42843.4,42815.0,42838.1,165.991
2024-01-01 21:31:00,42838.1,42838.1,42807.9,42807.9,124.371
2024-01-01 21:32:00,42808.0,42816.0,42795.5,42815.9,74.103
2024-01-01 21:33:00,42816.0,42816.0,42799.0,42807.5,54.571
2024-01-01 21:34:00,42807.5,42807.5,42795.5,42800.2,50.446
2024-01-01 21:35:00,42800.1,42844.0,42797.4,42833.3,144.39
2024-01-01 21:36:00,42833.2,42844.0,42812.2,42822.1,185.271
2024-01-01 21:37:00,42822.1,42842.0,42815.8,42841.9,89.728
2024-01-01 21:38:00,42841.9,42868.3,42839.2,42868.3,280.671
2024-01-01 21:39:00,42868.2,42869.1,42842.1,42867.2,237.094
2024-01-01 21:40:00,42867.2,42875.6,42850.0,42850.0,223.322
2024-01-01 21:41:00,42849.1,42890.0,42849.0,42857.9,361.104
2024-01-01 21:42:00,42857.9,42879.9,42855.8,42866.5,114.094
2024-01-01 21:43:00,42866.5,42868.5,42845.8,42868.4,93.824
2024-01-01 21:44:00,42868.4,42880.0,42860.3,42880.0,214.496
2024-01-01 21:45:00,42880.0,42898.9,42871.7,42893.0,241.672
2024-01-01 21:46:00,42893.0,42896.4,42884.9,42893.5,169.865
2024-01-01 21:47:00,42893.4,42893.4,42869.0,42870.2,105.355
2024-01-01 21:48:00,42870.1,42870.2,42851.4,42858.1,122.68
2024-01-01 21:49:00,42858.2,42858.2,42814.0,42821.1,193.896
2024-01-01 21:50:00,42821.0,42821.0,42787.6,42787.6,241.796
2024-01-01 21:51:00,42787.5,42792.0,42757.8,42757.9,253.138
2024-01-01 21:52:00,42757.9,42758.0,42727.2,42747.3,329.614
2024-01-01 21:53:00,42747.4,42771.2,42740.0,42748.4,153.649
2024-01-01 21:54:00,42748.4,42756.9,42700.9,42706.1,316.497
2024-01-01 21:55:00,42706.1,42731.0,42694.1,42700.1,185.726
2024-01-01 21:56:00,42700.1,42723.0,42693.1,42721.2,195.619
2024-01-01 21:57:00,42721.2,42735.7,42715.3,42728.0,122.581
2024-01-01 21:58:00,42727.9,42741.5,42703.1,42738.8,156.395
2024-01-01 21:59:00,42738.9,42768.1,42738.9,42753.0,156.246
2024-01-01 22:00:00,42753.1,42761.8,42747.3,42747.4,64.229
2024-01-01 22:01:00,42747.4,42753.1,42732.9,42748.0,63.568
2024-01-01 22:02:00,42747.9,42762.0,42747.9,42754.9,50.95
2024-01-01 22:03:00,42754.9,42765.0,42754.9,42759.5,40.141
2024-01-01 22:04:00,42759.6,42764.3,42748.0,42761.8,37.07
2024-01-01 22:05:00,42761.9,42775.0,42756.6,42774.9,57.479
2024-01-01 22:06:00,42775.0,42782.0,42769.9,42782.0,105.749
2024-01-01 22:07:00,42781.9,42782.0,42753.2,42755.6,102.83
2024-01-01 22:08:00,42755.7,42805.0,42755.6,42791.4,144.536
2024-01-01 22:09:00,42791.4,42815.5,42789.0,42810.2,85.366
2024-01-01 22:10:00,42810.3,42810.3,42788.7,42788.8,49.986
2024-01-01 22:11:00,42788.8,42800.3,42786.9,42788.4,80.285
2024-01-01 22:12:00,42788.5,42818.9,42788.4,42799.3,75.237
2024-01-01 22:13:00,42799.4,42812.6,42794.1,42810.5,33.51
2024-01-01 22:14:00,42810.4,42810.5,42795.0,42808.0,66.333
2024-01-01 22:15:00,42807.9,42812.6,42788.5,42788.5,43.31
2024-01-01 22:16:00,42788.6,42805.1,42760.8,42770.2,153.175
2024-01-01 22:17:00,42770.3,42800.0,42770.2,42799.9,39.851
2024-01-01 22:18:00,42799.9,42803.4,42785.1,42796.8,73.855
2024-01-01 22:19:00,42796.9,42799.9,42783.3,42791.7,61.331
2024-01-01 22:20:00,42791.6,42804.0,42791.6,42803.9,42.631
2024-01-01 22:21:00,42803.9,42804.0,42777.5,42781.2,66.217
2024-01-01 22:22:00,42781.5,42795.8,42781.5,42784.6,18.953
2024-01-01 22:23:00,42784.7,42784.7,42759.0,42759.1,47.329
2024-01-01 22:24:00,42759.1,42762.9,42745.8,42748.9,46.704
2024-01-01 22:25:00,42748.9,42752.2,42747.3,42748.8,30.956
2024-01-01 22:26:00,42748.7,42753.0,42748.7,42752.9,20.077
2024-01-01 22:27:00,42752.9,42753.0,42752.9,42753.0,10.544
2024-01-01 22:28:00,42752.9,42753.0,42746.9,42746.9,24.944
2024-01-01 22:29:00,42747.0,42759.7,42742.4,42759.7,31.264
2024-01-01 22:30:00,42759.7,42782.4,42759.6,42782.4,110.438
2024-01-01 22:31:00,42782.4,42785.8,42771.5,42778.8,74.356
2024-01-01 22:32:00,42778.9,42778.9,42753.9,42777.6,69.419
2024-01-01 22:33:00,42777.6,42799.5,42777.6,42792.9,45.099
2024-01-01 22:34:00,42792.8,42796.0,42784.6,42784.7,43.11
2024-01-01 22:35:00,42784.7,42799.5,42784.6,42796.0,28.447
2024-01-01 22:36:00,42796.0,42802.2,42795.9,42802.1,27.807
2024-01-01 22:37:00,42802.2,42806.0,42796.4,42806.0,35.103
2024-01-01 22:38:00,42806.0,42808.2,42782.5,42786.6,86.414
2024-01-01 22:39:00,42786.6,42797.9,42786.6,42790.2,20.197
2024-01-01 22:40:00,42790.2,42795.0,42790.2,42791.7,16.389
2024-01-01 22:41:00,42791.8,42805.6,42791.7,42803.9,57.413
2024-01-01 22:42:00,42804.0,42817.0,42803.8,42816.9,66.697
2024-01-01 22:43:00,42817.0,42817.0,42806.0,42811.0,63.391
2024-01-01 22:44:00,42811.0,42814.0,42810.0,42810.1,12.406
2024-01-01 22:45:00,42810.1,42814.1,42810.0,42810.1,24.559
2024-01-01 22:46:00,42810.2,42810.2,42772.3,42772.3,42.761
2024-01-01 22:47:00,42772.4,42800.0,42772.4,42799.9,58.869
2024-01-01 22:48:00,42799.9,42806.0,42783.3,42794.6,23.261
2024-01-01 22:49:00,42794.6,42794.6,42781.2,42789.0,43.322
2024-01-01 22:50:00,42789.0,42789.0,42770.0,42777.9,42.773
2024-01-01 22:51:00,42777.9,42778.0,42754.9,42760.7,50.2
2024-01-01 22:52:00,42760.6,42784.0,42760.6,42783.9,49.94
2024-01-01 22:53:00,42783.9,42784.0,42779.2,42784.0,21.479
2024-01-01 22:54:00,42783.9,42784.0,42780.8,42781.0,17.97
2024-01-01 22:55:00,42781.0,42781.0,42765.4,42780.5,30.592
2024-01-01 22:56:00,42780.6,42794.1,42776.4,42794.1,36.66
2024-01-01 22:57:00,42794.1,42794.1,42778.4,42782.1,49.212
2024-01-01 22:58:00,42782.1,42782.1,42761.2,42771.7,80.869
2024-01-01 22:59:00,42771.7,42779.3,42758.0,42765.9,27.636
2024-01-01 23:00:00,42765.9,42779.5,42762.3,42779.4,32.964
2024-01-01 23:01:00,42779.5,42779.5,42760.5,42766.3,49.748
2024-01-01 23:02:00,42766.3,42775.0,42740.7,42740.7,235.933
2024-01-01 23:03:00,42740.8,42755.7,42739.5,42739.5,39.319
2024-01-01 23:04:00,42739.6,42746.9,42736.7,42745.1,76.945
2024-01-01 23:05:00,42745.1,42759.7,42735.4,42748.5,92.015
2024-01-01 23:06:00,42748.6,42754.3,42748.4,42754.2,36.171
2024-01-01 23:07:00,42754.2,42759.3,42744.5,42744.6,18.738
2024-01-01 23:08:00,42744.6,42749.5,42744.5,42749.4,19.945
2024-01-01 23:09:00,42749.5,42749.5,42734.8,42739.3,49.298
2024-01-01 23:10:00,42739.3,42758.8,42739.2,42758.8,41.798
2024-01-01 23:11:00,42758.7,42758.8,42755.8,42757.9,21.576
2024-01-01 23:12:00,42757.8,42764.5,42750.0,42752.9,63.514
2024-01-01 23:13:00,42753.0,42767.9,42752.9,42767.8,28.455
2024-01-01 23:14:00,42767.8,42767.9,42763.5,42767.0,19.548
2024-01-01 23:15:00,42766.9,42792.4,42766.9,42792.3,57.582
2024-01-01 23:16:00,42792.4,42837.1,42790.2,42828.0,277.785
2024-01-01 23:17:00,42828.1,42828.1,42816.2,42823.1,80.416
2024-01-01 23:18:00,42823.1,42823.1,42808.8,42817.4,96.3
2024-01-01 23:19:00,42817.5,42840.0,42817.4,42839.9,51.83
2024-01-01 23:20:00,42839.9,42840.7,42831.6,42836.9,84.193
2024-01-01 23:21:00,42837.0,42855.9,42836.9,42846.2,113.851
2024-01-01 23:22:00,42846.2,42846.3,42830.7,42844.9,90.332
2024-01-01 23:23:00,42844.9,42845.0,42838.1,42843.0,56.69
2024-01-01 23:24:00,42843.0,42860.8,42843.0,42852.6,109.94
2024-01-01 23:25:00,42852.7,42860.5,42852.6,42856.8,37.533
2024-01-01 23:26:00,42856.8,42860.0,42855.6,42855.6,24.251
2024-01-01 23:27:00,42855.6,42855.7,42833.0,42833.0,49.414
2024-01-01 23:28:00,42833.1,42849.6,42833.0,42842.4,45.551
2024-01-01 23:29:00,42842.4,42850.0,42842.4,42847.0,52.595
2024-01-01 23:30:00,42847.0,42875.0,42847.0,42874.9,103.504
2024-01-01 23:31:00,42875.0,42908.4,42861.8,42900.0,497.226
2024-01-01 23:32:00,42899.9,42933.0,42883.5,42918.3,437.659
2024-01-01 23:33:00,42918.2,42994.1,42918.2,42976.8,1303.893
2024-01-01 23:34:00,42976.8,42986.5,42965.4,42982.3,356.875
2024-01-01 23:35:00,42982.4,42985.9,42963.0,42972.1,168.82
2024-01-01 23:36:00,42972.2,42985.0,42960.5,42960.5,212.262
2024-01-01 23:37:00,42960.5,43047.9,42960.5,43041.3,1224.955
2024-01-01 23:38:00,43041.3,43094.7,43041.3,43084.4,1081.736
2024-01-01 23:39:00,43084.3,43084.4,43021.3,43049.5,592.239
2024-01-01 23:40:00,43049.9,43078.0,43037.0,43062.6,219.282
2024-01-01 23:41:00,43062.6,43079.4,43054.0,43059.8,273.019
2024-01-01 23:42:00,43059.8,43125.0,43054.2,43094.2,762.132
2024-01-01 23:43:00,43094.2,43177.0,43094.2,43171.8,1009.372
2024-01-01 23:44:00,43171.7,43171.8,43137.6,43148.5,392.194
2024-01-01 23:45:00,43148.4,43268.0,43148.4,43226.4,1728.108
2024-01-01 23:46:00,43226.4,43231.4,43137.9,43145.0,684.579
2024-01-01 23:47:00,43145.1,43145.1,43085.5,43098.0,542.865
2024-01-01 23:48:00,43098.0,43132.3,43072.8,43131.2,296.226
2024-01-01 23:49:00,43131.3,43134.3,43080.7,43129.9,194.588
2024-01-01 23:50:00,43130.0,43145.0,43084.8,43144.9,223.707
2024-01-01 23:51:00,43145.0,43188.1,43144.5,43182.8,306.403
2024-01-01 23:52:00,43182.7,43182.8,43100.5,43135.0,453.896
2024-01-01 23:53:00,43134.9,43175.4,43134.9,43170.2,162.85
2024-01-01 23:54:00,43170.3,43170.3,43140.2,43159.6,203.044
2024-01-01 23:55:00,43159.7,43189.2,43152.0,43172.5,237.149
2024-01-01 23:56:00,43172.6,43172.6,43117.2,43151.4,347.494
2024-01-01 23:57:00,43151.4,43151.5,43103.0,43135.7,246.255
2024-01-01 23:58:00,43135.6,43155.2,43129.6,43145.1,107.945
2024-01-01 23:59:00,43145.0,43145.1,43096.1,43096.2,343.949
2024-01-02 00:00:00,43096.1,43134.0,43086.6,43096.4,319.473
2024-01-02 00:01:00,43097.1,43124.3,43092.3,43097.4,93.215
2024-01-02 00:02:00,43097.5,43114.7,43094.2,43098.1,84.856
2024-01-02 00:03:00,43098.1,43101.4,43067.2,43072.8,163.339
2024-01-02 00:04:00,43072.9,43091.4,43072.6,43085.8,109.126
2024-01-02 00:05:00,43085.7,43095.4,43069.6,43079.5,75.579
2024-01-02 00:06:00,43079.5,43079.5,43052.1,43076.6,124.614
2024-01-02 00:07:00,43076.6,43108.7,43076.5,43108.7,94.475
2024-01-02 00:08:00,43108.7,43134.1,43102.2,43130.0,153.553
2024-01-02 00:09:00,43130.0,43140.8,43109.3,43128.4,93.055
2024-01-02 00:10:00,43128.3,43128.3,43105.4,43127.3,91.212
2024-01-02 00:11:00,43127.4,43140.1,43123.9,43139.2,83.368
2024-01-02 00:12:00,43139.2,43176.3,43133.9,43169.6,191.204
2024-01-02 00:13:00,43169.6,43200.0,43167.4,43174.7,282.284
2024-01-02 00:14:00,43174.7,43190.0,43164.7,43183.1,131.005
2024-01-02 00:15:00,43183.0,43221.9,43177.3,43211.8,272.412
2024-01-02 00:16:00,43211.9,43211.9,43172.3,43188.7,151.852
2024-01-02 00:17:00,43188.7,43200.1,43174.2,43186.2,125.145
2024-01-02 00:18:00,43186.2,43193.1,43150.0,43160.0,221.84
2024-01-02 00:19:00,43160.0,43175.0,43160.0,43175.0,86.088
2024-01-02 00:20:00,43175.0,43190.5,43173.9,43174.0,63.572
2024-01-02 00:21:00,43173.9,43217.9,43171.8,43173.1,238.379
2024-01-02 00:22:00,43173.1,43197.3,43173.1,43193.5,91.041
2024-01-02 00:23:00,43193.6,43193.6,43175.9,43178.7,66.316
2024-01-02 00:24:00,43178.7,43184.4,43170.0,43170.0,60.869
2024-01-02 00:25:00,43170.1,43180.0,43165.0,43165.1,64.76
2024-01-02 00:26:00,43165.0,43165.0,43113.7,43132.1,413.299
2024-01-02 00:27:00,43132.2,43135.0,43117.3,43117.4,93.806
2024-01-02 00:28:00,43117.4,43149.9,43117.3,43147.9,101.428
2024-01-02 00:29:00,43147.9,43150.0,43135.6,43148.0,40.135
2024-01-02 00:30:00,43148.0,43180.1,43148.0,43180.1,127.031
2024-01-02 00:31:00,43180.6,43180.6,43133.3,43137.4,128.475
2024-01-02 00:32:00,43137.4,43166.5,43137.4,43166.4,76.648
2024-01-02 00:33:00,43166.5,43195.3,43166.4,43195.2,131.301
2024-01-02 00:34:00,43195.3,43197.6,43180.9,43183.3,66.791
2024-01-02 00:35:00,43183.1,43204.7,43173.9,43200.2,125.58
2024-01-02 00:36:00,43200.1,43210.0,43200.0,43208.6,96.689
2024-01-02 00:37:00,43208.7,43220.0,43191.4,43217.3,150.107
2024-01-02 00:38:00,43217.2,43224.7,43212.8,43219.7,101.155
2024-01-02 00:39:00,43219.7,43226.6,43193.3,43206.8,134.29
2024-01-02 00:40:00,43206.7,43206.8,43187.2,43187.3,67.25
2024-01-02 00:41:00,43187.2,43197.0,43160.2,43193.3,132.951
2024-01-02 00:42:00,43193.3,43201.9,43190.8,43191.8,70.521
2024-01-02 00:43:00,43191.7,43198.2,43191.7,43198.1,38.224
2024-01-02 00:44:00,43198.2,43219.8,43198.1,43219.8,148.188
2024-01-02 00:45:00,43219.8,43234.6,43211.2,43218.5,245.528
2024-01-02 00:46:00,43218.5,43218.6,43176.3,43182.6,239.897
2024-01-02 00:47:00,43182.6,43215.7,43182.6,43208.5,118.84
2024-01-02 00:48:00,43208.5,43208.5,43196.7,43200.5,30.82
2024-01-02 00:49:00,43200.6,43214.9,43197.8,43214.9,77.161
2024-01-02 00:50:00,43214.8,43227.4,43214.2,43214.8,100.888
2024-01-02 00:51:00,43214.7,43229.9,43214.7,43225.7,67.698
2024-01-02 00:52:00,43225.7,43242.2,43225.7,43234.5,91.448
2024-01-02 00:53:00,43234.5,43239.1,43226.7,43239.1,88.406
2024-01-02 00:54:00,43239.0,43248.9,43224.5,43244.9,123.684
2024-01-02 00:55:00,43244.9,43258.9,43240.0,43250.0,178.756
2024-01-02 00:56:00,43250.0,43250.2,43224.3,43235.8,131.296
2024-01-02 00:57:00,43235.8,43243.6,43231.4,43240.5,46.884
2024-01-02 00:58:00,43240.6,43311.0,43240.5,43311.0,1110.649
2024-01-02 00:59:00,43310.9,43359.9,43300.4,43300.4,990.689
2024-01-02 01:00:00,43300.4,43313.5,43279.1,43290.1,219.475
2024-01-02 01:01:00,43290.0,43312.3,43270.0,43308.5,196.806
2024-01-02 01:02:00,43308.4,43429.5,43308.4,43387.4,1121.626
2024-01-02 01:03:00,43387.4,43434.3,43362.0,43370.4,1068.355
2024-01-02 01:04:00,43370.5,43453.0,43365.6,43403.1,838.006
2024-01-02 01:05:00,43403.1,43416.2,43380.0,43386.1,286.067
2024-01-02 01:06:00,43386.1,43386.5,43352.8,43359.5,184.803
2024-01-02 01:07:00,43359.5,43372.5,43337.4,43372.5,226.336
2024-01-02 01:08:00,43372.5,43411.6,43372.4,43402.3,115.341
2024-01-02 01:09:00,43402.2,43437.4,43389.4,43430.0,340.919
2024-01-02 01:10:00,43430.0,43435.8,43350.0,43363.6,271.978
2024-01-02 01:11:00,43363.6,43395.4,43362.8,43375.0,105.681
2024-01-02 01:12:00,43375.0,43400.0,43354.9,43395.1,212.815
2024-01-02 01:13:00,43395.0,43418.7,43395.0,43414.2,135.446
2024-01-02 01:14:00,43414.2,43433.1,43414.2,43425.9,163.867
2024-01-02 01:15:00,43425.9,43454.6,43425.8,43448.1,215.852
2024-01-02 01:16:00,43448.1,43478.0,43441.5,43467.6,264.595
2024-01-02 01:17:00,43467.6,43500.0,43465.8,43496.2,880.908
2024-01-02 01:18:00,43496.3,43549.9,43466.7,43525.8,1083.274
2024-01-02 01:19:00,43525.7,43546.6,43491.5,43499.1,459.063
2024-01-02 01:20:00,43499.1,43526.9,43476.9,43520.1,246.471
2024-01-02 01:21:00,43520.2,43557.0,43511.0,43544.6,448.756
2024-01-02 01:22:00,43544.6,43579.0,43542.1,43546.8,537.437
2024-01-02 01:23:00,43546.8,43579.8,43527.2,43571.5,313.35
2024-01-02 01:24:00,43571.6,43593.2,43561.5,43567.8,468.161
2024-01-02 01:25:00,43567.8,43567.9,43505.1,43525.2,344.155
2024-01-02 01:26:00,43525.2,43554.8,43502.6,43502.6,186.101
2024-01-02 01:27:00,43502.6,43528.9,43481.8,43528.3,251.193
2024-01-02 01:28:00,43528.4,43572.2,43518.4,43569.1,197.48
2024-01-02 01:29:00,43569.3,43570.0,43530.9,43556.2,415.121
2024-01-02 01:30:00,43556.2,43692.0,43548.5,43654.5,2058.355
2024-01-02 01:31:00,43654.6,43731.3,43640.3,43652.5,1448.31
2024-01-02 01:32:00,43652.5,43694.0,43632.0,43639.0,357.551
2024-01-02 01:33:00,43639.0,43714.6,43637.1,43705.4,382.211
2024-01-02 01:34:00,43705.4,43749.0,43700.0,43740.1,793.986
2024-01-02 01:35:00,43740.1,43740.6,43668.6,43736.4,553.664
2024-01-02 01:36:00,43736.4,43750.5,43726.2,43736.2,516.104
2024-01-02 01:37:00,43736.2,43757.0,43708.9,43731.3,409.383
2024-01-02 01:38:00,43731.3,43750.0,43723.6,43737.7,210.162
2024-01-02 01:39:00,43737.8,43753.0,43720.8,43742.4,254.551
2024-01-02 01:40:00,43742.5,43787.1,43734.0,43778.9,497.416
2024-01-02 01:41:00,43779.0,43781.6,43746.0,43756.1,256.639
2024-01-02 01:42:00,43756.2,43770.3,43733.1,43753.6,288.93
2024-01-02 01:43:00,43753.5,43815.0,43751.3,43776.1,1092.098
2024-01-02 01:44:00,43776.1,43776.2,43689.6,43692.3,501.921
2024-01-02 01:45:00,43692.3,43740.0,43680.4,43721.4,506.118
2024-01-02 01:46:00,43721.5,43756.0,43701.0,43706.2,293.97
2024-01-02 01:47:00,43706.3,43726.8,43699.0,43702.0,154.74
2024-01-02 01:48:00,43701.5,43703.0,43655.6,43691.6,464.748
2024-01-02 01:49:00,43691.7,43691.7,43650.0,43658.5,451.724
2024-01-02 01:50:00,43658.5,43685.5,43650.0,43680.0,276.138
2024-01-02 01:51:00,43679.9,43684.4,43642.0,43642.0,316.075
2024-01-02 01:52:00,43642.0,43651.0,43604.7,43628.2,357.189
2024-01-02 01:53:00,43628.2,43635.6,43618.0,43635.6,194.119
2024-01-02 01:54:00,43635.5,43698.0,43635.5,43686.1,385.795
2024-01-02 01:55:00,43686.0,43738.5,43672.0,43728.8,240.581
2024-01-02 01:56:00,43728.7,43735.6,43700.2,43709.2,175.455
2024-01-02 01:57:00,43709.2,43732.1,43705.9,43730.9,123.615
2024-01-02 01:58:00,43730.9,43778.8,43730.9,43750.0,258.635
2024-01-02 01:59:00,43750.0,43759.9,43743.6,43750.5,155.161
2024-01-02 02:00:00,43750.3,43786.5,43740.0,43780.3,385.82
2024-01-02 02:01:00,43780.2,43787.7,43773.7,43774.3,159.571
2024-01-02 02:02:00,43774.2,43783.1,43720.2,43720.2,204.811
2024-01-02 02:03:00,43720.1,43745.8,43702.5,43739.1,218.27
2024-01-02 02:04:00,43739.1,43742.3,43722.0,43726.5,97.787
2024-01-02 02:05:00,43726.8,43752.4,43722.0,43740.2,124.288
2024-01-02 02:06:00,43740.2,43741.0,43700.4,43718.5,133.395
2024-01-02 02:07:00,43718.5,43732.3,43698.4,43699.9,122.994
2024-01-02 02:08:00,43700.0,43732.9,43699.9,43720.9,94.873
2024-01-02 02:09:00,43721.0,43721.0,43678.3,43712.9,165.033
2024-01-02 02:10:00,43712.8,43766.8,43706.0,43761.6,184.773
2024-01-02 02:11:00,43761.6,43769.9,43754.5,43767.9,140.237
2024-01-02 02:12:00,43767.8,43767.9,43748.3,43749.0,69.678
2024-01-02 02:13:00,43748.3,43797.7,43736.8,43782.0,533.995
2024-01-02 02:14:00,43781.9,43888.0,43770.1,43868.5,2585.435
2024-01-02 02:15:00,43868.4,43915.5,43850.0,43853.4,1256.702
2024-01-02 02:16:00,43853.4,43899.5,43830.4,43891.3,418.013
2024-01-02 02:17:00,43891.2,43897.7,43869.2,43873.4,298.383
2024-01-02 02:18:00,43873.4,43883.9,43857.8,43857.9,160.832
2024-01-02 02:19:00,43857.8,43865.2,43819.4,43820.9,307.061
2024-01-02 02:20:00,43820.9,43820.9,43803.3,43803.4,151.789
2024-01-02 02:21:00,43803.3,43803.4,43764.1,43764.1,257.234
2024-01-02 02:22:00,43764.1,43794.6,43760.0,43760.0,276.137
2024-01-02 02:23:00,43760.0,43763.4,43755.5,43759.4,91.438
2024-01-02 02:24:00,43759.4,43760.4,43740.0,43752.2,317.229
2024-01-02 02:25:00,43752.2,43760.0,43736.6,43759.0,133.265
2024-01-02 02:26:00,43759.0,43781.2,43753.7,43766.4,161.542
2024-01-02 02:27:00,43766.3,43766.4,43733.8,43733.8,132.036
2024-01-02 02:28:00,43733.7,43733.7,43720.0,43720.1,157.829
2024-01-02 02:29:00,43720.1,43756.4,43716.5,43753.3,332.403
2024-01-02 02:30:00,43753.2,43791.3,43753.2,43784.5,327.238
2024-01-02 02:31:00,43784.4,43800.0,43779.0,43793.5,176.927
2024-01-02 02:32:00,43793.5,43793.6,43755.7,43776.0,161.616
2024-01-02 02:33:00,43776.0,43776.1,43755.6,43755.6,114.387
2024-01-02 02:34:00,43755.7,43805.1,43755.6,43795.7,135.117
2024-01-02 02:35:00,43795.7,43799.9,43765.5,43791.8,105.302
2024-01-02 02:36:00,43791.8,43801.5,43788.7,43801.5,91.715
2024-01-02 02:37:00,43801.4,43834.8,43801.4,43821.8,329.215
2024-01-02 02:38:00,43821.7,43821.8,43784.4,43784.4,157.174
2024-01-02 02:39:00,43784.5,43784.5,43750.0,43752.9,116.756
2024-01-02 02:40:00,43752.9,43772.6,43752.9,43769.4,174.69
2024-01-02 02:41:00,43769.4,43769.5,43751.3,43768.9,100.304
2024-01-02 02:42:00,43768.8,43812.8,43768.8,43812.8,108.944
2024-01-02 02:43:00,43812.7,43812.8,43763.4,43769.7,113.886
2024-01-02 02:44:00,43769.7,43783.0,43762.0,43781.1,71.807
2024-01-02 02:45:00,43781.1,43802.0,43776.4,43776.4,88.778
2024-01-02 02:46:00,43776.5,43836.0,43776.5,43836.0,125.632
2024-01-02 02:47:00,43835.9,43853.0,43811.9,43817.4,271.831
2024-01-02 02:48:00,43817.4,43818.4,43795.0,43804.0,139.876
2024-01-02 02:49:00,43804.2,43817.5,43796.1,43813.5,75.039
2024-01-02 02:50:00,43813.4,43830.0,43795.0,43809.9,141.437
2024-01-02 02:51:00,43809.8,43809.8,43768.5,43776.6,155.046
2024-01-02 02:52:00,43776.5,43780.0,43768.3,43779.4,63.462
2024-01-02 02:53:00,43779.4,43779.5,43739.0,43752.4,188.873
2024-01-02 02:54:00,43752.4,43752.4,43725.7,43728.7,143.212
2024-01-02 02:55:00,43728.8,43759.1,43728.8,43734.0,166.402
2024-01-02 02:56:00,43734.0,43738.5,43724.1,43726.4,79.01
2024-01-02 02:57:00,43726.4,43739.2,43680.6,43685.2,431.262
2024-01-02 02:58:00,43685.2,43700.8,43682.2,43700.7,243.307
2024-01-02 02:59:00,43700.8,43718.3,43700.7,43706.7,113.143
2024-01-02 03:00:00,43706.6,43713.0,43690.0,43690.1,149.998
2024-01-02 03:01:00,43690.0,43690.1,43651.6,43651.7,406.236
2024-01-02 03:02:00,43651.7,43680.1,43650.0,43680.1,279.234
2024-01-02 03:03:00,43680.0,43691.0,43663.6,43671.0,134.484
2024-01-02 03:04:00,43670.9,43670.9,43645.0,43666.9,323.062
2024-01-02 03:05:00,43666.9,43674.8,43640.9,43657.9,177.708
2024-01-02 03:06:00,43657.8,43660.9,43633.6,43633.7,141.368
2024-01-02 03:07:00,43633.6,43642.8,43610.4,43613.6,298.013
2024-01-02 03:08:00,43613.5,43613.6,43574.5,43576.8,780.916
2024-01-02 03:09:00,43576.7,43594.8,43573.8,43590.6,249.139
2024-01-02 03:10:00,43590.5,43629.5,43590.5,43620.1,199.246
2024-01-02 03:11:00,43620.0,43620.1,43571.4,43571.4,125.074
2024-01-02 03:12:00,43571.5,43575.5,43557.1,43559.1,168.277
2024-01-02 03:13:00,43559.1,43560.6,43537.6,43541.7,335.052
2024-01-02 03:14:00,43541.8,43549.9,43531.8,43540.1,198.553
2024-01-02 03:15:00,43540.1,43577.0,43540.1,43551.6,195.25
2024-01-02 03:16:00,43551.6,43558.1,43540.1,43540.1,125.166
2024-01-02 03:17:00,43540.2,43577.9,43540.1,43560.8,195.831
2024-01-02 03:18:00,43560.9,43614.7,43560.8,43610.0,196.026
2024-01-02 03:19:00,43610.0,43614.4,43581.3,43586.1,127.714
2024-01-02 03:20:00,43586.1,43608.8,43577.7,43577.8,89.623
2024-01-02 03:21:00,43577.7,43613.9,43577.7,43613.9,103.329
2024-01-02 03:22:00,43613.8,43648.6,43609.9,43643.3,193.907
2024-01-02 03:23:00,43643.4,43645.0,43625.6,43634.8,73.871
2024-01-02 03:24:00,43634.8,43669.9,43629.1,43669.8,114.786
2024-01-02 03:25:00,43669.8,43684.2,43662.7,43666.0,133.436
2024-01-02 03:26:00,43666.0,43670.2,43650.0,43650.0,72.543
2024-01-02 03:27:00,43650.0,43651.7,43632.6,43645.4,126.383
2024-01-02 03:28:00,43645.3,43656.5,43639.4,43651.4,63.833
2024-01-02 03:29:00,43651.4,43679.8,43651.3,43679.8,47.498
2024-01-02 03:30:00,43679.7,43721.9,43676.1,43711.9,206.167
2024-01-02 03:31:00,43711.9,43723.8,43706.7,43709.9,121.654
2024-01-02 03:32:00,43709.9,43710.0,43624.8,43624.9,154.629
2024-01-02 03:33:00,43624.9,43628.2,43614.5,43616.5,103.895
2024-01-02 03:34:00,43616.6,43622.1,43610.2,43618.9,72.63
2024-01-02 03:35:00,43619.0,43633.6,43614.7,43614.7,80.783
2024-01-02 03:36:00,43614.7,43617.6,43584.0,43602.1,162.773
2024-01-02 03:37:00,43602.1,43614.0,43592.3,43594.1,61.939
2024-01-02 03:38:00,43594.1,43630.0,43594.1,43624.5,140.979
2024-01-02 03:39:00,43624.4,43624.4,43602.5,43616.9,186.215
2024-01-02 03:40:00,43616.8,43620.0,43607.2,43619.9,75.564
2024-01-02 03:41:00,43619.9,43619.9,43578.7,43578.7,95.806
2024-01-02 03:42:00,43578.7,43609.5,43576.9,43606.0,92.044
2024-01-02 03:43:00,43606.1,43606.1,43566.6,43571.0,178.625
2024-01-02 03:44:00,43571.1,43576.3,43571.0,43571.3,54.879
2024-01-02 03:45:00,43571.3,43596.6,43563.3,43589.6,123.053
2024-01-02 03:46:00,43590.0,43590.0,43575.6,43576.6,31.004
2024-01-02 03:47:00,43576.6,43580.9,43539.0,43542.7,136.781
2024-01-02 03:48:00,43542.7,43542.8,43512.2,43518.2,176.966
2024-01-02 03:49:00,43518.2,43518.3,43501.0,43501.0,259.82
2024-01-02 03:50:00,43501.0,43501.1,43426.0,43454.1,795.814
2024-01-02 03:51:00,43454.1,43464.8,43450.0,43464.8,288.195
2024-01-02 03:52:00,43464.7,43523.9,43464.7,43501.7,245.668
2024-01-02 03:53:00,43501.7,43545.0,43496.0,43522.8,165.377
2024-01-02 03:54:00,43522.7,43566.1,43522.7,43535.7,156.759
2024-01-02 03:55:00,43535.7,43535.8,43464.7,43516.7,206.859
2024-01-02 03:56:00,43516.8,43517.5,43487.0,43508.0,129.301
2024-01-02 03:57:00,43508.0,43567.1,43507.9,43544.5,141.193
2024-01-02 03:58:00,43544.4,43546.5,43533.6,43545.5,61.957
2024-01-02 03:59:00,43545.5,43545.5,43523.7,43528.4,46.509
2024-01-02 04:00:00,43528.3,43581.5,43528.3,43581.5,134.173
2024-01-02 04:01:00,43581.5,43581.5,43541.7,43541.7,78.368
2024-01-02 04:02:00,43541.7,43556.9,43540.5,43556.9,59.203
2024-01-02 04:03:00,43556.9,43562.8,43556.8,43560.0,30.699
2024-01-02 04:04:00,43560.1,43562.4,43552.4,43557.5,50.891
2024-01-02 04:05:00,43557.4,43563.0,43550.0,43562.9,65.614
2024-01-02 04:06:00,43563.0,43570.0,43562.8,43569.9,55.719
2024-01-02 04:07:00,43570.0,43579.2,43569.9,43579.2,68.493
2024-01-02 04:08:00,43579.2,43590.6,43579.1,43589.2,72.721
2024-01-02 04:09:00,43589.3,43590.3,43589.3,43589.8,23.787
2024-01-02 04:10:00,43589.7,43589.8,43567.9,43568.0,57.702
2024-01-02 04:11:00,43567.9,43567.9,43551.1,43551.1,25.033
2024-01-02 04:12:00,43551.2,43551.2,43518.0,43521.4,90.507
2024-01-02 04:13:00,43521.5,43528.4,43512.4,43514.2,125.727
2024-01-02 04:14:00,43514.2,43514.2,43503.5,43505.0,79.794
2024-01-02 04:15:00,43504.9,43552.7,43504.9,43552.7,98.476
2024-01-02 04:16:00,43552.7,43566.3,43552.7,43564.4,62.763
2024-01-02 04:17:00,43564.4,43568.2,43562.0,43562.0,32.348
2024-01-02 04:18:00,43562.0,43562.0,43550.0,43550.0,21.313
2024-01-02 04:19:00,43550.1,43550.1,43516.5,43517.1,99.268
2024-01-02 04:20:00,43517.1,43517.2,43513.6,43517.0,34.285
2024-01-02 04:21:00,43517.0,43519.4,43511.1,43514.1,79.793
2024-01-02 04:22:00,43514.1,43520.0,43511.6,43516.2,60.716
2024-01-02 04:23:00,43516.3,43522.5,43516.3,43521.1,28.145
2024-01-02 04:24:00,43521.1,43523.1,43521.0,43523.1,29.807
2024-01-02 04:25:00,43523.0,43548.2,43523.0,43548.1,62.538
2024-01-02 04:26:00,43548.2,43561.2,43548.2,43561.2,48.696
2024-01-02 04:27:00,43561.1,43561.2,43561.1,43561.2,44.19
2024-01-02 04:28:00,43561.1,43592.7,43561.1,43591.9,119.262
2024-01-02 04:29:00,43592.0,43592.0,43583.9,43583.9,39.038
2024-01-02 04:30:00,43584.0,43649.4,43583.9,43648.6,540.838
2024-01-02 04:31:00,43649.2,43691.6,43649.2,43669.1,455.76
2024-01-02 04:32:00,43669.0,43690.1,43656.9,43656.9,180.685
2024-01-02 04:33:00,43656.9,43718.7,43655.7,43712.0,425.533
2024-01-02 04:34:00,43712.0,43755.0,43702.1,43738.1,538.98
2024-01-02 04:35:00,43738.1,43755.3,43719.3,43750.3,393.186
2024-01-02 04:36:00,43750.2,43760.0,43710.8,43740.7,415.845
2024-01-02 04:37:00,43740.6,43740.8,43687.9,43692.3,156.342
2024-01-02 04:38:00,43692.2,43702.4,43685.0,43694.6,119.903
2024-01-02 04:39:00,43694.6,43713.2,43680.1,43713.2,131.909
2024-01-02 04:40:00,43713.2,43718.0,43702.2,43707.0,179.163
2024-01-02 04:41:00,43707.1,43707.1,43685.7,43686.3,153.714
2024-01-02 04:42:00,43686.3,43739.5,43685.7,43719.2,177.012
2024-01-02 04:43:00,43719.2,43754.4,43719.1,43738.6,172.439
2024-01-02 04:44:00,43738.6,43748.0,43728.3,43733.8,110.786
2024-01-02 04:45:00,43733.7,43733.7,43687.0,43687.1,233.0
2024-01-02 04:46:00,43687.0,43725.0,43687.0,43721.6,246.614
2024-01-02 04:47:00,43721.5,43772.5,43717.2,43772.5,264.103
2024-01-02 04:48:00,43772.4,43828.4,43772.4,43811.0,607.484
2024-01-02 04:49:00,43810.9,43811.0,43784.2,43790.0,181.334
2024-01-02 04:50:00,43789.9,43819.8,43787.9,43819.7,230.369
2024-01-02 04:51:00,43819.7,43860.6,43819.7,43853.5,367.922
2024-01-02 04:52:00,43853.5,43861.0,43846.2,43856.6,252.326
2024-01-02 04:53:00,43856.7,43900.0,43830.2,43830.2,967.529
2024-01-02 04:54:00,43830.2,43880.0,43822.7,43875.4,314.198
2024-01-02 04:55:00,43875.5,43950.0,43865.1,43949.9,1127.301
2024-01-02 04:56:00,43950.0,43983.0,43939.5,43950.1,761.418
2024-01-02 04:57:00,43950.1,44056.0,43920.9,44021.5,2085.283
2024-01-02 04:58:00,44021.3,44100.0,44010.0,44048.4,1228.132
2024-01-02 04:59:00,44048.5,44087.8,44039.9,44059.2,702.962
2024-01-02 05:00:00,44059.2,44059.2,44019.6,44049.3,493.844
2024-01-02 05:01:00,44049.3,44079.5,43989.5,44052.6,700.974
2024-01-02 05:02:00,44052.7,44147.4,44045.4,44108.5,1274.16
2024-01-02 05:03:00,44108.5,44149.6,44056.3,44098.3,924.574
2024-01-02 05:04:00,44098.3,44118.8,44060.7,44077.9,285.849
2024-01-02 05:05:00,44077.9,44087.2,44013.1,44016.0,287.002
2024-01-02 05:06:00,44018.0,44072.4,43989.0,44058.7,366.24
2024-01-02 05:07:00,44058.8,44109.0,44029.4,44109.0,335.269
2024-01-02 05:08:00,44109.0,44169.0,44094.0,44162.8,699.513
2024-01-02 05:09:00,44162.7,44177.0,44132.9,44172.0,503.594
2024-01-02 05:10:00,44172.0,44172.0,44116.8,44116.8,365.729
2024-01-02 05:11:00,44116.8,44149.8,44093.1,44146.4,342.214
2024-01-02 05:12:00,44146.4,44146.5,44092.7,44101.0,167.363
2024-01-02 05:13:00,44101.4,44145.4,44087.1,44137.4,210.547
2024-01-02 05:14:00,44137.4,44160.0,44133.9,44139.9,160.728
2024-01-02 05:15:00,44139.9,44143.0,44090.0,44129.9,210.029
2024-01-02 05:16:00,44130.0,44154.3,44113.1,44138.3,236.428
2024-01-02 05:17:00,44138.3,44173.1,44128.7,44138.4,377.759
2024-01-02 05:18:00,44138.3,44138.4,44111.0,44125.3,170.411
2024-01-02 05:19:00,44125.3,44133.6,44115.4,44124.7,139.746
2024-01-02 05:20:00,44124.6,44160.0,44124.6,44154.6,278.37
2024-01-02 05:21:00,44154.5,44222.6,44146.6,44208.3,818.17
2024-01-02 05:22:00,44208.2,44266.0,44203.0,44203.1,740.231
2024-01-02 05:23:00,44203.1,44216.0,44162.9,44204.3,446.504
2024-01-02 05:24:00,44204.2,44209.5,44177.5,44189.0,238.856
2024-01-02 05:25:00,44189.0,44200.0,44162.5,44200.0,265.867
2024-01-02 05:26:00,44199.9,44203.7,44183.0,44188.0,193.425
2024-01-02 05:27:00,44188.0,44210.0,44183.5,44189.5,192.951
2024-01-02 05:28:00,44189.5,44215.0,44181.4,44210.4,230.332
2024-01-02 05:29:00,44210.4,44236.3,44208.1,44230.2,210.678
2024-01-02 05:30:00,44230.3,44245.4,44200.9,44233.5,1241.853
2024-01-02 05:31:00,44233.5,44316.4,44224.3,44282.4,1542.211
2024-01-02 05:32:00,44282.5,44290.1,44219.5,44230.6,586.002
2024-01-02 05:33:00,44230.5,44280.0,44219.5,44279.9,283.442
2024-01-02 05:34:00,44280.0,44344.0,44260.3,44341.0,622.48
2024-01-02 05:35:00,44341.0,44400.0,44336.4,44399.9,1643.926
2024-01-02 05:36:00,44399.9,44535.4,44390.2,44440.3,3133.038
2024-01-02 05:37:00,44440.3,44536.0,44400.3,44510.2,919.528
2024-01-02 05:38:00,44510.3,44526.8,44416.3,44465.6,901.13
2024-01-02 05:39:00,44465.5,44474.1,44417.0,44468.0,339.7
2024-01-02 05:40:00,44467.9,44507.2,44420.0,44490.5,499.791
2024-01-02 05:41:00,44490.6,44588.9,44475.1,44568.2,1011.617
2024-01-02 05:42:00,44568.2,44589.7,44562.5,44579.7,576.574
2024-01-02 05:43:00,44579.6,44731.8,44571.6,44682.4,2216.687
2024-01-02 05:44:00,44682.4,44800.0,44670.3,44744.5,1925.216
2024-01-02 05:45:00,44744.5,44919.0,44635.0,44638.9,3462.002
2024-01-02 05:46:00,44642.0,44665.8,44548.4,44587.8,1477.648
2024-01-02 05:47:00,44587.8,44700.7,44574.0,44700.6,868.671
2024-01-02 05:48:00,44700.7,44850.0,44700.6,44764.7,1254.321
2024-01-02 05:49:00,44764.6,44779.3,44629.2,44640.0,748.782
2024-01-02 05:50:00,44640.0,44677.9,44636.2,44677.8,496.087
2024-01-02 05:51:00,44677.8,44814.4,44674.6,44788.4,952.7
2024-01-02 05:52:00,44788.4,44835.4,44719.0,44804.5,863.431
2024-01-02 05:53:00,44804.6,44909.7,44790.0,44885.4,1182.818
2024-01-02 05:54:00,44885.4,44971.0,44860.0,44860.0,1960.24
2024-01-02 05:55:00,44860.0,44860.1,44719.6,44795.8,1182.76
2024-01-02 05:56:00,44795.7,44842.6,44704.1,44838.1,1068.819
2024-01-02 05:57:00,44838.2,44841.2,44668.4,44695.6,1047.627
2024-01-02 05:58:00,44695.6,44750.0,44665.3,44714.5,578.192
2024-01-02 05:59:00,44714.4,44740.8,44663.9,44679.4,293.589
2024-01-02 06:00:00,44679.4,44709.5,44666.5,44691.4,364.389
2024-01-02 06:01:00,44691.1,44707.9,44623.2,44706.1,662.207
2024-01-02 06:02:00,44706.1,44750.0,44706.0,44750.0,326.919
2024-01-02 06:03:00,44749.9,44805.6,44743.7,44775.3,540.324
2024-01-02 06:04:00,44775.3,44775.3,44708.1,44724.6,327.874
2024-01-02 06:05:00,44724.5,44791.5,44691.6,44693.2,296.591
2024-01-02 06:06:00,44693.2,44740.7,44656.7,44666.7,351.25
2024-01-02 06:07:00,44666.6,44671.1,44636.8,44652.5,350.388
2024-01-02 06:08:00,44652.5,44666.3,44628.8,44638.6,271.012
2024-01-02 06:09:00,44638.5,44655.0,44615.0,44654.9,407.576
2024-01-02 06:10:00,44654.9,44706.3,44626.9,44682.7,242.745
2024-01-02 06:11:00,44682.6,44752.3,44681.5,44749.7,289.223
2024-01-02 06:12:00,44749.7,44829.8,44728.4,44787.1,933.2
2024-01-02 06:13:00,44787.1,44846.5,44787.0,44833.4,557.416
2024-01-02 06:14:00,44833.5,44833.5,44772.2,44797.8,461.917
2024-01-02 06:15:00,44797.8,44809.6,44745.6,44747.8,342.853
2024-01-02 06:16:00,44747.8,44780.9,44742.0,44751.7,201.927
2024-01-02 06:17:00,44751.8,44887.9,44745.4,44869.0,841.547
2024-01-02 06:18:00,44869.1,44887.8,44821.8,44872.5,667.875
2024-01-02 06:19:00,44872.6,44875.8,44765.3,44766.0,495.557
2024-01-02 06:20:00,44766.1,44856.0,44763.7,44846.3,318.867
2024-01-02 06:21:00,44846.3,44853.0,44770.1,44824.1,538.907
2024-01-02 06:22:00,44824.0,44829.0,44795.1,44826.6,163.85
2024-01-02 06:23:00,44826.7,44872.0,44826.7,44860.5,226.741
2024-01-02 06:24:00,44860.8,44900.0,44854.3,44899.9,439.878
2024-01-02 06:25:00,44899.9,44943.7,44878.7,44907.0,752.02
2024-01-02 06:26:00,44907.1,44960.0,44879.8,44941.0,1123.054
2024-01-02 06:27:00,44941.0,45254.4,44940.9,45175.1,5785.185
2024-01-02 06:28:00,45175.1,45252.3,45097.8,45143.3,3222.953
2024-01-02 06:29:00,45143.3,45376.0,45116.0,45179.8,2985.875
2024-01-02 06:30:00,45179.7,45334.0,45156.8,45156.8,1712.475
2024-01-02 06:31:00,45156.8,45275.0,45116.4,45211.3,1475.277
2024-01-02 06:32:00,45211.3,45264.0,45177.1,45225.1,851.343
2024-01-02 06:33:00,45225.0,45256.1,45173.0,45194.7,758.127
2024-01-02 06:34:00,45194.7,45211.6,45136.0,45203.4,585.609
2024-01-02 06:35:00,45203.4,45250.0,45193.0,45221.1,866.53
2024-01-02 06:36:00,45221.0,45344.7,45212.5,45301.2,1116.894
2024-01-02 06:37:00,45301.2,45327.7,45261.0,45314.3,583.346
2024-01-02 06:38:00,45315.8,45485.7,45305.9,45428.2,2498.792
2024-01-02 06:39:00,45428.3,45431.0,45260.1,45287.0,1644.31
2024-01-02 06:40:00,45286.9,45295.0,45208.5,45249.4,1135.716
2024-01-02 06:41:00,45249.3,45249.4,45067.2,45093.1,1949.612
2024-01-02 06:42:00,45093.1,45104.4,45056.5,45067.6,737.18
2024-01-02 06:43:00,45067.6,45073.8,44971.2,44981.2,1475.045
2024-01-02 06:44:00,44981.2,44992.1,44937.5,44937.6,889.232
2024-01-02 06:45:00,44937.5,45020.0,44921.0,44957.1,819.02
2024-01-02 06:46:00,44957.1,45020.0,44957.0,45019.9,500.486
2024-01-02 06:47:00,45020.0,45050.0,44982.9,44984.1,508.383
2024-01-02 06:48:00,44984.1,45036.1,44984.1,45015.1,211.271
2024-01-02 06:49:00,45015.0,45067.2,44991.0,45038.2,347.986
2024-01-02 06:50:00,45038.1,45053.4,45004.0,45015.1,194.495
2024-01-02 06:51:00,45015.1,45015.2,44972.0,44991.2,242.737
2024-01-02 06:52:00,44991.2,44992.6,44965.6,44985.8,226.596
2024-01-02 06:53:00,44985.8,45052.2,44976.3,45042.2,166.873
2024-01-02 06:54:00,45042.2,45056.6,45027.0,45027.0,196.136
2024-01-02 06:55:00,45027.0,45063.2,45011.0,45063.2,365.571
2024-01-02 06:56:00,45063.2,45131.1,45063.2,45118.0,595.723
2024-01-02 06:57:00,45118.0,45144.0,45088.4,45114.7,332.694
2024-01-02 06:58:00,45114.7,45122.0,44994.6,44994.6,469.703
2024-01-02 06:59:00,44994.5,45009.8,44974.8,45002.5,279.04
2024-01-02 07:00:00,45002.4,45050.0,44991.0,45008.7,250.496
2024-01-02 07:01:00,45008.6,45090.7,45008.6,45047.0,204.333
2024-01-02 07:02:00,45047.0,45061.6,45010.0,45017.2,268.897
2024-01-02 07:03:00,45017.3,45062.6,45000.4,45000.4,201.449
2024-01-02 07:04:00,45000.4,45000.5,44951.4,44965.8,400.324
2024-01-02 07:05:00,44965.8,44967.7,44900.5,44919.2,656.54
2024-01-02 07:06:00,44919.1,44943.4,44910.0,44915.4,236.0
2024-01-02 07:07:00,44915.3,44931.3,44876.4,44890.1,513.816
2024-01-02 07:08:00,44890.1,44923.2,44882.3,44884.4,317.128
2024-01-02 07:09:00,44884.5,44895.0,44861.0,44895.0,301.357
2024-01-02 07:10:00,44894.9,45000.0,44894.9,44983.3,358.987
2024-01-02 07:11:00,44983.4,44997.7,44909.5,44914.8,381.79
2024-01-02 07:12:00,44914.8,44914.8,44866.6,44875.9,485.216
2024-01-02 07:13:00,44875.9,44968.0,44868.9,44924.4,436.059
2024-01-02 07:14:00,44924.4,44926.4,44872.7,44878.3,255.9
2024-01-02 07:15:00,44878.2,44918.6,44870.2,44874.6,293.54
2024-01-02 07:16:00,44875.3,44892.1,44860.1,44861.6,158.55
2024-01-02 07:17:00,44861.5,44863.7,44828.0,44832.3,509.278
2024-01-02 07:18:00,44832.3,44865.6,44812.8,44853.0,311.415
2024-01-02 07:19:00,44853.1,44853.1,44750.0,44762.0,938.378
2024-01-02 07:20:00,44762.0,44820.3,44762.0,44794.6,314.299
2024-01-02 07:21:00,44794.6,44819.3,44794.6,44797.0,227.627
2024-01-02 07:22:00,44797.0,44859.5,44797.0,44859.5,309.034
2024-01-02 07:23:00,44859.5,44880.0,44847.2,44856.5,211.64
2024-01-02 07:24:00,44856.1,44879.2,44833.6,44864.0,156.127
2024-01-02 07:25:00,44863.9,44926.5,44854.3,44919.5,312.891
2024-01-02 07:26:00,44919.5,44942.8,44900.1,44942.8,354.715
2024-01-02 07:27:00,44942.7,44983.4,44912.5,44970.7,344.224
2024-01-02 07:28:00,44970.8,44970.8,44902.9,44903.0,204.011
2024-01-02 07:29:00,44902.9,44927.8,44901.7,44926.3,91.753
2024-01-02 07:30:00,44926.5,44966.0,44926.5,44953.4,278.797
2024-01-02 07:31:00,44953.3,44976.0,44944.1,44958.8,586.002
2024-01-02 07:32:00,44958.9,45004.8,44951.7,45000.9,416.316
2024-01-02 07:33:00,45000.9,45019.9,44977.0,45013.9,331.367
2024-01-02 07:34:00,45013.9,45022.8,45011.5,45017.5,186.316
2024-01-02 07:35:00,45017.5,45023.6,44995.5,45006.5,307.888
2024-01-02 07:36:00,45006.4,45013.3,44995.6,44999.7,212.369
2024-01-02 07:37:00,44999.7,45023.3,44992.4,45016.9,307.078
2024-01-02 07:38:00,45016.8,45029.4,45007.2,45021.3,200.221
2024-01-02 07:39:00,45021.4,45048.8,45007.2,45041.1,247.38
2024-01-02 07:40:00,45041.0,45055.0,44982.9,44998.0,361.622
2024-01-02 07:41:00,44998.1,45040.0,44985.7,45039.9,162.972
2024-01-02 07:42:00,45040.0,45055.0,45030.8,45053.5,198.795
2024-01-02 07:43:00,45053.5,45055.0,45003.5,45003.5,235.951
2024-01-02 07:44:00,45003.2,45049.5,44999.7,45035.0,183.288
2024-01-02 07:45:00,45035.0,45078.7,45022.5,45056.3,302.617
2024-01-02 07:46:00,45056.4,45064.6,45001.0,45021.3,228.964
2024-01-02 07:47:00,45021.4,45021.8,44961.2,44961.3,243.132
2024-01-02 07:48:00,44961.3,44990.6,44941.1,44954.2,516.566
2024-01-02 07:49:00,44954.1,44983.0,44954.1,44975.4,116.128
2024-01-02 07:50:00,44975.4,45026.8,44975.3,45010.1,133.555
2024-01-02 07:51:00,45010.2,45058.0,45010.1,45057.9,127.789
2024-01-02 07:52:00,45057.9,45120.9,45057.9,45095.9,657.953
2024-01-02 07:53:00,45096.3,45122.0,45080.1,45084.5,253.617
2024-01-02 07:54:00,45084.6,45087.9,45029.3,45043.0,232.914
2024-01-02 07:55:00,45042.9,45095.3,45042.9,45087.6,204.324
2024-01-02 07:56:00,45087.7,45110.0,45082.0,45109.8,131.567
2024-01-02 07:57:00,45109.9,45132.4,45090.1,45132.4,302.927
2024-01-02 07:58:00,45132.4,45166.6,45119.4,45147.5,359.926
2024-01-02 07:59:00,45147.6,45167.7,45140.5,45167.3,241.178
2024-01-02 08:00:00,45167.4,45167.4,45134.6,45162.8,274.691
2024-01-02 08:01:00,45162.8,45187.1,45120.6,45148.5,354.468
2024-01-02 08:02:00,45148.5,45175.9,45140.0,45172.0,143.464
2024-01-02 08:03:00,45172.0,45226.0,45172.0,45203.1,482.683
2024-01-02 08:04:00,45203.1,45229.5,45181.9,45198.5,314.499
2024-01-02 08:05:00,45198.5,45208.8,45180.0,45196.1,256.043
2024-01-02 08:06:00,45196.2,45207.9,45181.0,45190.9,157.218
2024-01-02 08:07:00,45190.9,45226.1,45183.5,45218.8,211.909
2024-01-02 08:08:00,45218.8,45238.0,45203.3,45229.7,286.182
2024-01-02 08:09:00,45229.7,45239.7,45209.3,45236.7,182.039
2024-01-02 08:10:00,45236.8,45287.1,45226.8,45280.0,589.699
2024-01-02 08:11:00,45280.0,45292.5,45255.2,45289.7,329.125
2024-01-02 08:12:00,45289.7,45293.1,45242.5,45269.5,270.469
2024-01-02 08:13:00,45269.5,45328.6,45267.3,45322.9,449.002
2024-01-02 08:14:00,45323.0,45365.0,45318.1,45330.1,670.92
2024-01-02 08:15:00,45330.2,45336.6,45282.9,45295.6,339.85
2024-01-02 08:16:00,45295.7,45302.3,45233.9,45266.9,740.066
2024-01-02 08:17:00,45267.0,45291.0,45248.5,45278.3,313.572
2024-01-02 08:18:00,45278.3,45290.0,45263.7,45290.0,186.77
2024-01-02 08:19:00,45290.0,45307.6,45202.7,45244.3,535.932
2024-01-02 08:20:00,45244.3,45250.0,45213.9,45216.0,278.883
2024-01-02 08:21:00,45216.1,45296.5,45216.1,45285.6,218.516
2024-01-02 08:22:00,45285.6,45291.4,45253.6,45279.1,167.921
2024-01-02 08:23:00,45279.2,45290.4,45251.8,45290.3,158.752
2024-01-02 08:24:00,45290.4,45295.0,45279.2,45291.8,156.958
2024-01-02 08:25:00,45291.9,45325.4,45291.9,45324.9,197.236
2024-01-02 08:26:00,45325.0,45358.8,45296.0,45358.6,264.707
2024-01-02 08:27:00,45358.6,45388.9,45320.1,45376.3,519.521
2024-01-02 08:28:00,45376.4,45424.1,45371.3,45408.4,862.823
2024-01-02 08:29:00,45408.4,45428.0,45399.0,45420.0,374.383
2024-01-02 08:30:00,45420.0,45549.2,45342.0,45353.9,2769.002
2024-01-02 08:31:00,45354.0,45392.0,45315.6,45323.7,580.26
2024-01-02 08:32:00,45323.8,45340.0,45256.3,45283.7,771.984
2024-01-02 08:33:00,45283.8,45288.0,45250.0,45250.0,340.348
2024-01-02 08:34:00,45250.1,45278.8,45176.1,45185.9,760.059
2024-01-02 08:35:00,45185.9,45267.2,45167.3,45253.5,672.069
2024-01-02 08:36:00,45253.1,45271.5,45222.0,45222.5,243.102
2024-01-02 08:37:00,45222.5,45242.4,45200.5,45210.2,218.428
2024-01-02 08:38:00,45210.3,45243.9,45200.4,45238.8,135.588
2024-01-02 08:39:00,45238.8,45241.5,45208.0,45215.2,126.655
2024-01-02 08:40:00,45215.3,45275.9,45215.2,45273.4,194.572
2024-01-02 08:41:00,45273.4,45290.0,45256.2,45256.2,145.678
2024-01-02 08:42:00,45256.3,45297.0,45253.4,45296.9,179.333
2024-01-02 08:43:00,45297.0,45326.0,45290.3,45301.4,237.133
2024-01-02 08:44:00,45301.4,45301.4,45279.9,45286.0,159.596
2024-01-02 08:45:00,45286.0,45340.0,45269.3,45338.7,206.399
2024-01-02 08:46:00,45338.8,45343.3,45317.0,45325.3,168.119
2024-01-02 08:47:00,45325.4,45350.0,45302.4,45345.4,130.199
2024-01-02 08:48:00,45345.5,45347.1,45266.2,45276.4,246.373
2024-01-02 08:49:00,45276.5,45282.1,45251.1,45254.7,112.823
2024-01-02 08:50:00,45254.8,45270.0,45227.3,45268.9,193.569
2024-01-02 08:51:00,45269.0,45272.3,45238.9,45238.9,155.335
2024-01-02 08:52:00,45239.0,45266.7,45222.3,45266.7,191.113
2024-01-02 08:53:00,45266.7,45368.1,45266.6,45345.1,446.712
2024-01-02 08:54:00,45345.0,45382.1,45345.0,45370.4,234.324
2024-01-02 08:55:00,45370.5,45411.7,45354.4,45359.6,337.542
2024-01-02 08:56:00,45359.7,45366.4,45267.8,45278.0,486.713
2024-01-02 08:57:00,45278.0,45337.6,45277.9,45334.1,199.963
2024-01-02 08:58:00,45334.0,45352.8,45334.0,45343.7,135.534
2024-01-02 08:59:00,45343.8,45356.7,45331.9,45353.8,127.015
2024-01-02 09:00:00,45353.7,45406.0,45353.7,45395.4,224.496
2024-01-02 09:01:00,45395.4,45403.9,45386.8,45398.4,250.511
2024-01-02 09:02:00,45398.4,45403.9,45351.6,45380.9,236.924
2024-01-02 09:03:00,45381.0,45402.1,45380.9,45389.8,117.075
2024-01-02 09:04:00,45389.8,45389.8,45354.0,45359.0,152.719
2024-01-02 09:05:00,45359.1,45368.5,45339.2,45350.0,145.223
2024-01-02 09:06:00,45350.1,45383.0,45350.1,45358.5,99.425
2024-01-02 09:07:00,45358.6,45377.8,45345.0,45352.2,137.865
2024-01-02 09:08:00,45352.3,45395.3,45352.2,45385.1,128.47
2024-01-02 09:09:00,45385.2,45403.6,45385.1,45397.7,111.802
2024-01-02 09:10:00,45397.8,45431.6,45397.7,45418.4,252.695
2024-01-02 09:11:00,45418.4,45491.9,45418.3,45489.8,617.292
2024-01-02 09:12:00,45489.9,45491.0,45451.8,45475.8,263.793
2024-01-02 09:13:00,45475.9,45565.0,45453.5,45493.9,1382.727
2024-01-02 09:14:00,45493.8,45499.0,45448.6,45458.8,302.273
2024-01-02 09:15:00,45458.8,45474.4,45389.1,45464.6,494.19
2024-01-02 09:16:00,45464.6,45491.9,45432.8,45432.9,297.548
2024-01-02 09:17:00,45432.9,45449.7,45370.5,45405.9,264.433
2024-01-02 09:18:00,45405.9,45434.0,45376.8,45382.5,467.136
2024-01-02 09:19:00,45382.5,45402.8,45363.0,45378.3,280.979
2024-01-02 09:20:00,45378.4,45466.9,45378.3,45452.1,340.999
2024-01-02 09:21:00,45452.2,45453.6,45416.0,45434.7,143.609
2024-01-02 09:22:00,45434.8,45465.5,45404.7,45423.2,348.365
2024-01-02 09:23:00,45423.2,45436.4,45401.7,45401.7,119.242
2024-01-02 09:24:00,45401.8,45425.0,45384.5,45411.2,199.038
2024-01-02 09:25:00,45411.2,45415.8,45383.3,45392.0,123.781
2024-01-02 09:26:00,45392.0,45405.0,45389.5,45391.8,117.181
2024-01-02 09:27:00,45391.8,45415.9,45383.1,45395.9,124.197
2024-01-02 09:28:00,45396.0,45418.1,45385.4,45417.0,132.913
2024-01-02 09:29:00,45417.0,45435.0,45395.3,45435.0,96.102
2024-01-02 09:30:00,45434.9,45465.6,45423.1,45423.1,279.148
2024-01-02 09:31:00,45423.2,45457.9,45420.9,45437.7,179.351
2024-01-02 09:32:00,45437.7,45442.3,45392.7,45404.2,243.04
2024-01-02 09:33:00,45404.2,45450.0,45402.0,45449.9,172.342
2024-01-02 09:34:00,45449.9,45484.4,45395.5,45397.8,483.836
2024-01-02 09:35:00,45397.9,45400.0,45380.3,45380.3,261.739
2024-01-02 09:36:00,45380.4,45381.7,45289.0,45312.2,933.093
2024-01-02 09:37:00,45312.3,45352.0,45295.6,45325.3,335.972
2024-01-02 09:38:00,45325.3,45334.3,45283.6,45283.6,312.568
2024-01-02 09:39:00,45283.7,45295.8,45265.2,45274.3,262.417
2024-01-02 09:40:00,45274.5,45324.2,45274.5,45301.3,232.941
2024-01-02 09:41:00,45301.3,45326.9,45301.3,45326.8,129.385
2024-01-02 09:42:00,45326.8,45333.0,45315.1,45333.0,116.172
2024-01-02 09:43:00,45333.0,45385.0,45328.8,45377.0,199.916
2024-01-02 09:44:00,45377.0,45426.9,45372.0,45419.1,241.151
2024-01-02 09:45:00,45419.1,45439.0,45383.7,45383.7,304.072
2024-01-02 09:46:00,45383.0,45402.0,45337.7,45337.7,330.354
2024-01-02 09:47:00,45337.7,45369.5,45326.8,45369.5,163.967
2024-01-02 09:48:00,45369.4,45387.1,45338.4,45356.1,137.775
2024-01-02 09:49:00,45356.2,45372.2,45308.5,45312.1,225.809
2024-01-02 09:50:00,45312.2,45349.4,45312.1,45348.3,169.049
2024-01-02 09:51:00,45348.3,45360.0,45319.6,45360.0,146.235
2024-01-02 09:52:00,45359.9,45360.0,45330.0,45331.9,72.04
2024-01-02 09:53:00,45332.1,45361.8,45332.1,45361.8,75.535
2024-01-02 09:54:00,45361.7,45361.8,45322.3,45331.7,72.58
2024-01-02 09:55:00,45331.8,45349.0,45324.5,45349.0,60.811
2024-01-02 09:56:00,45349.0,45349.0,45330.0,45338.8,66.83
2024-01-02 09:57:00,45338.8,45350.0,45332.0,45347.1,60.448
2024-01-02 09:58:00,45347.0,45360.0,45346.1,45351.3,60.834
2024-01-02 09:59:00,45351.4,45400.9,45351.3,45400.8,102.539
2024-01-02 10:00:00,45400.8,45402.2,45360.0,45360.1,157.627
2024-01-02 10:01:00,45360.1,45370.1,45323.0,45327.8,259.422
2024-01-02 10:02:00,45327.8,45330.0,45300.0,45300.0,160.354
2024-01-02 10:03:00,45300.0,45359.5,45295.8,45323.1,265.344
2024-01-02 10:04:00,45323.0,45323.1,45288.8,45299.8,324.531
2024-01-02 10:05:00,45299.8,45317.3,45277.2,45306.0,266.875
2024-01-02 10:06:00,45306.0,45306.0,45280.0,45284.5,124.1
2024-01-02 10:07:00,45284.5,45313.0,45284.4,45312.9,68.77
2024-01-02 10:08:00,45313.0,45313.0,45287.0,45289.9,112.782
2024-01-02 10:09:00,45290.0,45290.0,45209.6,45239.5,493.451
2024-01-02 10:10:00,45239.5,45282.0,45227.9,45269.1,185.533
2024-01-02 10:11:00,45269.0,45287.8,45240.0,45287.8,117.699
2024-01-02 10:12:00,45287.7,45287.8,45263.9,45267.3,88.046
2024-01-02 10:13:00,45267.4,45275.9,45252.6,45252.6,71.947
2024-01-02 10:14:00,45252.7,45265.9,45252.6,45256.1,62.632
2024-01-02 10:15:00,45256.1,45265.0,45247.2,45256.4,107.782
2024-01-02 10:16:00,45256.3,45281.1,45240.0,45280.1,121.489
2024-01-02 10:17:00,45280.0,45280.1,45240.6,45251.6,87.167
2024-01-02 10:18:00,45251.7,45269.2,45241.4,45263.4,136.094
2024-01-02 10:19:00,45263.4,45264.9,45250.0,45250.0,63.45
2024-01-02 10:20:00,45250.1,45258.2,45241.8,45241.8,89.278
2024-01-02 10:21:00,45241.9,45266.2,45241.3,45243.4,100.85
2024-01-02 10:22:00,45243.3,45265.5,45240.4,45247.7,167.676
2024-01-02 10:23:00,45247.7,45264.1,45235.7,45235.7,99.505
2024-01-02 10:24:00,45235.8,45240.4,45225.0,45230.0,110.71
2024-01-02 10:25:00,45230.0,45240.2,45212.0,45217.7,206.484
2024-01-02 10:26:00,45217.7,45238.6,45206.9,45222.4,340.244
2024-01-02 10:27:00,45221.9,45221.9,45200.0,45204.9,136.469
2024-01-02 10:28:00,45204.9,45228.4,45193.1,45211.4,201.889
2024-01-02 10:29:00,45211.3,45232.3,45211.3,45211.7,166.445
2024-01-02 10:30:00,45211.5,45219.1,45182.7,45186.0,197.907
2024-01-02 10:31:00,45187.2,45207.0,45180.2,45183.1,170.207
2024-01-02 10:32:00,45183.1,45197.2,45183.1,45188.0,117.864
2024-01-02 10:33:00,45188.1,45194.1,45160.0,45184.9,208.659
2024-01-02 10:34:00,45184.7,45195.0,45153.0,45160.3,231.227
2024-01-02 10:35:00,45160.4,45183.9,45154.8,45182.9,145.061
2024-01-02 10:36:00,45182.8,45219.3,45180.1,45219.3,207.322
2024-01-02 10:37:00,45219.2,45249.6,45219.2,45246.5,185.523
2024-01-02 10:38:00,45246.5,45276.7,45243.4,45272.4,191.155
2024-01-02 10:39:00,45272.3,45305.1,45263.7,45305.1,342.729
2024-01-02 10:40:00,45305.0,45317.5,45285.3,45310.1,211.233
2024-01-02 10:41:00,45310.1,45310.1,45276.9,45304.2,152.84
2024-01-02 10:42:00,45304.1,45312.2,45288.1,45312.2,54.682
2024-01-02 10:43:00,45312.1,45340.0,45309.9,45340.0,167.598
2024-01-02 10:44:00,45340.0,45361.0,45335.5,45344.0,292.164
2024-01-02 10:45:00,45344.1,45366.0,45338.2,45365.9,145.895
2024-01-02 10:46:00,45365.9,45366.0,45266.5,45266.6,337.544
2024-01-02 10:47:00,45266.6,45296.3,45266.5,45285.0,93.4
2024-01-02 10:48:00,45285.0,45300.0,45285.0,45298.1,92.729
2024-01-02 10:49:00,45298.0,45317.2,45280.9,45295.9,115.029
2024-01-02 10:50:00,45295.9,45316.1,45295.5,45309.9,49.141
2024-01-02 10:51:00,45309.9,45310.0,45284.7,45300.0,39.963
2024-01-02 10:52:00,45300.0,45310.0,45285.5,45286.5,54.164
2024-01-02 10:53:00,45286.6,45290.5,45280.9,45290.4,72.693
2024-01-02 10:54:00,45290.4,45312.3,45281.9,45298.4,107.257
2024-01-02 10:55:00,45298.4,45309.8,45277.4,45287.7,133.884
2024-01-02 10:56:00,45287.8,45319.3,45287.7,45315.0,85.977
2024-01-02 10:57:00,45314.9,45315.0,45276.3,45276.3,65.837
2024-01-02 10:58:00,45276.4,45293.7,45276.3,45288.7,41.025
2024-01-02 10:59:00,45288.7,45299.0,45281.3,45294.3,59.497
2024-01-02 11:00:00,45294.2,45300.0,45266.2,45266.3,104.963
2024-01-02 11:01:00,45266.3,45270.4,45253.2,45262.0,76.542
2024-01-02 11:02:00,45262.1,45280.0,45259.4,45279.9,91.511
2024-01-02 11:03:00,45279.9,45293.2,45275.3,45275.4,68.12
2024-01-02 11:04:00,45275.3,45299.0,45267.3,45298.9,72.66
2024-01-02 11:05:00,45298.9,45313.0,45280.7,45299.1,100.817
2024-01-02 11:06:00,45299.1,45305.8,45277.9,45283.4,122.821
2024-01-02 11:07:00,45283.5,45308.2,45279.1,45308.2,53.526
2024-01-02 11:08:00,45308.1,45328.9,45308.1,45328.7,93.828
2024-01-02 11:09:00,45328.7,45334.5,45328.7,45331.5,75.496
2024-01-02 11:10:00,45331.4,45331.5,45304.1,45308.8,76.77
2024-01-02 11:11:00,45308.9,45311.1,45289.0,45298.5,41.33
2024-01-02 11:12:00,45297.6,45297.6,45275.1,45276.9,62.042
2024-01-02 11:13:00,45277.0,45291.7,45269.7,45289.3,95.149
2024-01-02 11:14:00,45288.9,45295.8,45280.5,45280.6,54.939
2024-01-02 11:15:00,45280.7,45285.8,45265.0,45265.1,120.896
2024-01-02 11:16:00,45265.1,45282.1,45260.0,45271.7,131.765
2024-01-02 11:17:00,45271.6,45330.0,45271.6,45322.9,150.487
2024-01-02 11:18:00,45322.9,45356.8,45322.9,45336.3,136.341
2024-01-02 11:19:00,45336.3,45341.3,45314.5,45321.6,57.872
2024-01-02 11:20:00,45321.7,45344.3,45301.9,45312.7,178.865
2024-01-02 11:21:00,45312.8,45315.7,45260.6,45267.8,157.927
2024-01-02 11:22:00,45267.8,45275.9,45229.1,45229.1,205.921
2024-01-02 11:23:00,45229.2,45231.3,45174.8,45177.0,434.145
2024-01-02 11:24:00,45177.1,45200.0,45177.0,45200.0,212.667
2024-01-02 11:25:00,45199.9,45209.3,45181.9,45201.5,163.635
2024-01-02 11:26:00,45201.3,45230.5,45201.3,45227.4,127.504
2024-01-02 11:27:00,45227.3,45235.4,45207.5,45227.7,142.141
2024-01-02 11:28:00,45227.7,45228.6,45218.9,45223.5,69.279
2024-01-02 11:29:00,45223.4,45237.6,45218.1,45218.2,81.406
2024-01-02 11:30:00,45218.2,45219.8,45200.9,45204.4,111.613
2024-01-02 11:31:00,45204.5,45225.4,45200.0,45203.6,74.276
2024-01-02 11:32:00,45203.7,45211.8,45193.0,45193.1,187.764
2024-01-02 11:33:00,45193.1,45195.9,45176.8,45176.8,75.171
2024-01-02 11:34:00,45176.9,45222.8,45163.9,45217.6,256.266
2024-01-02 11:35:00,45217.6,45225.0,45198.6,45221.2,130.465
2024-01-02 11:36:00,45221.3,45225.0,45209.7,45225.0,169.239
2024-01-02 11:37:00,45224.9,45237.8,45190.0,45190.0,174.864
2024-01-02 11:38:00,45190.1,45214.4,45170.7,45213.5,108.834
2024-01-02 11:39:00,45213.5,45226.8,45204.4,45218.6,81.455
2024-01-02 11:40:00,45218.6,45251.5,45214.8,45244.9,101.867
2024-01-02 11:41:00,45244.8,45249.7,45240.0,45249.3,72.199
2024-01-02 11:42:00,45249.3,45259.0,45243.0,45255.4,66.242
2024-01-02 11:43:00,45255.4,45281.2,45255.4,45280.1,209.408
2024-01-02 11:44:00,45280.0,45285.5,45270.7,45280.0,103.967
2024-01-02 11:45:00,45280.0,45283.0,45242.1,45242.2,122.475
2024-01-02 11:46:00,45242.2,45272.8,45233.0,45272.7,103.47
2024-01-02 11:47:00,45272.7,45276.3,45258.2,45267.4,47.67
2024-01-02 11:48:00,45267.3,45269.3,45267.3,45269.2,24.672
2024-01-02 11:49:00,45269.2,45273.1,45249.8,45261.4,72.936
2024-01-02 11:50:00,45261.4,45265.9,45241.0,45249.9,83.624
2024-01-02 11:51:00,45250.0,45261.1,45237.3,45261.0,75.392
2024-01-02 11:52:00,45261.1,45281.3,45253.4,45261.6,74.842
2024-01-02 11:53:00,45261.6,45279.6,45261.5,45264.7,76.691
2024-01-02 11:54:00,45264.8,45279.0,45264.8,45279.0,51.299
2024-01-02 11:55:00,45278.9,45299.7,45278.9,45286.8,119.696
2024-01-02 11:56:00,45286.7,45319.3,45286.7,45319.2,92.348
2024-01-02 11:57:00,45319.2,45320.5,45291.8,45303.4,203.141
2024-01-02 11:58:00,45303.5,45303.5,45288.8,45289.9,37.7
2024-01-02 11:59:00,45289.9,45300.0,45283.4,45283.4,49.43
2024-01-02 12:00:00,45283.5,45283.5,45260.5,45263.9,68.824
2024-01-02 12:01:00,45264.0,45264.0,45252.2,45253.5,58.309
2024-01-02 12:02:00,45253.5,45263.9,45241.0,45247.9,72.323
2024-01-02 12:03:00,45248.0,45254.3,45245.2,45246.9,63.416
2024-01-02 12:04:00,45246.9,45252.3,45236.0,45240.8,44.745
2024-01-02 12:05:00,45240.8,45263.4,45232.1,45263.3,69.362
2024-01-02 12:06:00,45263.3,45274.8,45255.2,45274.8,47.03
2024-01-02 12:07:00,45274.7,45289.9,45274.7,45283.6,62.614
2024-01-02 12:08:00,45283.6,45285.6,45257.0,45257.0,57.594
2024-01-02 12:09:00,45257.1,45265.3,45257.0,45261.0,56.916
2024-01-02 12:10:00,45260.9,45313.0,45260.9,45313.0,103.646
2024-01-02 12:11:00,45312.9,45334.0,45305.4,45328.5,182.266
2024-01-02 12:12:00,45328.4,45334.1,45322.6,45332.9,106.021
2024-01-02 12:13:00,45332.9,45332.9,45317.3,45323.4,81.23
2024-01-02 12:14:00,45323.4,45332.4,45323.3,45325.8,50.537
2024-01-02 12:15:00,45325.8,45346.2,45303.1,45314.0,211.01
2024-01-02 12:16:00,45314.0,45315.0,45305.4,45311.7,43.218
2024-01-02 12:17:00,45311.6,45318.5,45295.8,45295.8,58.331
2024-01-02 12:18:00,45295.9,45295.9,45276.1,45276.1,45.895
2024-01-02 12:19:00,45276.2,45319.5,45275.0,45319.5,112.783
2024-01-02 12:20:00,45319.4,45342.1,45319.4,45328.1,140.441
2024-01-02 12:21:00,45328.1,45328.2,45315.1,45317.5,43.815
2024-01-02 12:22:00,45317.5,45317.5,45292.0,45292.0,53.291
2024-01-02 12:23:00,45292.1,45297.9,45268.6,45269.9,44.328
2024-01-02 12:24:00,45270.0,45292.7,45270.0,45285.5,53.133
2024-01-02 12:25:00,45285.4,45306.8,45277.3,45278.4,100.795
2024-01-02 12:26:00,45278.4,45293.4,45278.4,45289.2,43.416
2024-01-02 12:27:00,45289.2,45289.3,45268.6,45268.6,52.454
2024-01-02 12:28:00,45268.7,45274.2,45251.9,45251.9,93.227
2024-01-02 12:29:00,45252.0,45257.2,45202.8,45202.9,332.144
2024-01-02 12:30:00,45202.9,45228.1,45202.5,45228.0,195.998
2024-01-02 12:31:00,45227.9,45250.0,45227.9,45245.6,82.503
2024-01-02 12:32:00,45245.5,45265.4,45221.0,45263.0,269.641
2024-01-02 12:33:00,45263.0,45276.3,45258.5,45273.6,82.862
2024-01-02 12:34:00,45273.5,45278.4,45261.9,45277.6,87.495
2024-01-02 12:35:00,45277.6,45281.2,45274.2,45279.1,52.987
2024-01-02 12:36:00,45279.0,45305.7,45279.0,45305.6,65.836
2024-01-02 12:37:00,45305.6,45309.0,45296.1,45309.0,111.818
2024-01-02 12:38:00,45309.0,45325.6,45296.6,45316.8,153.076
2024-01-02 12:39:00,45316.8,45375.0,45315.8,45375.0,340.36
2024-01-02 12:40:00,45374.9,45444.9,45369.4,45437.7,759.14
2024-01-02 12:41:00,45437.6,45437.7,45389.9,45393.9,249.343
2024-01-02 12:42:00,45393.9,45419.0,45391.2,45403.5,127.617
2024-01-02 12:43:00,45403.4,45410.0,45368.6,45378.1,215.478
2024-01-02 12:44:00,45378.2,45380.2,45370.0,45377.1,77.206
2024-01-02 12:45:00,45377.0,45397.9,45375.5,45390.0,82.367
2024-01-02 12:46:00,45390.0,45390.1,45344.4,45344.4,117.701
2024-01-02 12:47:00,45344.5,45379.2,45330.2,45379.1,132.734
2024-01-02 12:48:00,45379.1,45400.0,45373.6,45387.5,138.008
2024-01-02 12:49:00,45387.4,45399.8,45378.9,45398.0,76.552
2024-01-02 12:50:00,45397.9,45440.0,45397.2,45430.4,172.804
2024-01-02 12:51:00,45430.3,45430.3,45380.9,45401.9,302.765
2024-01-02 12:52:00,45402.0,45440.6,45401.9,45439.9,105.463
2024-01-02 12:53:00,45439.8,45480.0,45436.9,45461.7,425.671
2024-01-02 12:54:00,45461.7,45522.9,45461.7,45521.3,632.45
2024-01-02 12:55:00,45519.0,45832.8,45507.9,45596.0,4800.858
2024-01-02 12:56:00,45595.9,45632.8,45530.5,45606.7,1488.608
2024-01-02 12:57:00,45606.6,45640.2,45534.4,45534.4,646.411
2024-01-02 12:58:00,45534.5,45537.0,45482.0,45492.3,693.266
2024-01-02 12:59:00,45492.3,45505.5,45469.8,45502.6,368.236
2024-01-02 13:00:00,45502.6,45512.4,45446.8,45450.7,497.067
2024-01-02 13:01:00,45450.7,45458.3,45396.7,45441.5,504.313
2024-01-02 13:02:00,45441.5,45450.0,45326.4,45367.5,1299.956
2024-01-02 13:03:00,45367.6,45371.2,45325.6,45351.2,321.318
2024-01-02 13:04:00,45351.2,45422.9,45344.2,45420.0,345.246
2024-01-02 13:05:00,45420.0,45451.0,45366.4,45368.1,263.947
2024-01-02 13:06:00,45368.2,45370.8,45336.3,45367.2,338.826
2024-01-02 13:07:00,45367.3,45447.9,45360.0,45433.9,389.646
2024-01-02 13:08:00,45433.9,45475.0,45433.9,45465.0,165.604
2024-01-02 13:09:00,45465.3,45473.9,45441.9,45452.3,192.604
2024-01-02 13:10:00,45452.4,45465.9,45445.7,45465.7,149.299
2024-01-02 13:11:00,45465.7,45474.9,45426.2,45438.1,141.361
2024-01-02 13:12:00,45438.9,45508.9,45437.4,45507.0,236.937
2024-01-02 13:13:00,45506.9,45540.0,45488.9,45532.8,360.2
2024-01-02 13:14:00,45532.8,45574.1,45529.9,45574.1,368.211
2024-01-02 13:15:00,45574.0,45574.1,45510.5,45526.6,528.737
2024-01-02 13:16:00,45526.7,45567.6,45515.4,45544.3,209.886
2024-01-02 13:17:00,45544.0,45550.9,45488.9,45504.3,275.513
2024-01-02 13:18:00,45504.4,45550.1,45495.1,45538.0,174.597
2024-01-02 13:19:00,45538.0,45572.5,45538.0,45568.5,253.874
2024-01-02 13:20:00,45568.5,45568.6,45517.3,45531.1,323.606
2024-01-02 13:21:00,45531.1,45531.1,45506.1,45514.6,171.288
2024-01-02 13:22:00,45514.7,45550.0,45505.5,45543.7,153.937
2024-01-02 13:23:00,45543.6,45543.6,45506.7,45522.5,87.545
2024-01-02 13:24:00,45522.5,45525.0,45491.7,45498.1,93.406
2024-01-02 13:25:00,45498.1,45530.0,45495.9,45512.1,102.391
2024-01-02 13:26:00,45512.0,45541.5,45510.9,45517.9,134.013
2024-01-02 13:27:00,45517.9,45538.9,45488.7,45532.7,165.704
2024-01-02 13:28:00,45532.7,45532.7,45481.5,45481.5,162.519
2024-01-02 13:29:00,45481.6,45502.3,45475.0,45495.5,180.739
2024-01-02 13:30:00,45495.6,45532.7,45480.4,45531.0,223.745
2024-01-02 13:31:00,45530.9,45542.9,45520.3,45542.9,128.753
2024-01-02 13:32:00,45542.8,45559.0,45503.7,45503.7,169.881
2024-01-02 13:33:00,45503.7,45503.8,45475.5,45484.5,215.404
2024-01-02 13:34:00,45484.6,45484.7,45471.4,45471.4,104.837
2024-01-02 13:35:00,45471.5,45471.5,45450.1,45450.6,138.994
2024-01-02 13:36:00,45450.6,45452.1,45404.3,45411.1,318.587
2024-01-02 13:37:00,45411.2,45411.2,45365.0,45367.9,370.031
2024-01-02 13:38:00,45368.0,45407.4,45367.9,45390.8,185.633
2024-01-02 13:39:00,45390.7,45417.6,45370.0,45417.5,181.294
2024-01-02 13:40:00,45417.5,45433.5,45410.0,45432.0,120.565
2024-01-02 13:41:00,45432.0,45504.6,45432.0,45498.5,287.81
2024-01-02 13:42:00,45498.5,45562.4,45498.5,45561.3,291.391
2024-01-02 13:43:00,45561.3,45655.2,45538.0,45628.6,902.776
2024-01-02 13:44:00,45628.6,45760.1,45620.0,45699.5,1465.656
2024-01-02 13:45:00,45699.4,45799.5,45650.9,45653.0,1377.812
2024-01-02 13:46:00,45653.1,45700.2,45638.6,45671.5,427.341
2024-01-02 13:47:00,45671.6,45716.5,45651.2,45710.6,284.565
2024-01-02 13:48:00,45710.7,45787.6,45692.6,45769.9,917.621
2024-01-02 13:49:00,45769.9,45775.3,45734.0,45762.4,683.575
2024-01-02 13:50:00,45762.4,45890.0,45751.7,45801.0,2090.862
2024-01-02 13:51:00,45801.0,45900.0,45795.0,45894.0,1372.691
2024-01-02 13:52:00,45894.0,45898.8,45826.3,45857.0,776.403
2024-01-02 13:53:00,45857.0,45899.0,45821.0,45876.1,567.319
2024-01-02 13:54:00,45876.1,45896.1,45787.0,45843.4,902.025
2024-01-02 13:55:00,45843.4,45855.4,45753.8,45766.7,709.251
2024-01-02 13:56:00,45766.8,45811.0,45736.4,45762.4,531.762
2024-01-02 13:57:00,45762.3,45817.1,45762.3,45817.1,222.494
2024-01-02 13:58:00,45817.1,45818.8,45762.7,45785.6,285.191
2024-01-02 13:59:00,45785.5,45800.0,45760.2,45784.3,250.2
2024-01-02 14:00:00,45784.2,45799.9,45766.0,45777.6,239.347
2024-01-02 14:01:00,45777.6,45905.9,45761.6,45867.1,1131.58
2024-01-02 14:02:00,45867.1,45876.6,45752.5,45752.5,483.777
2024-01-02 14:03:00,45753.8,45782.1,45723.4,45760.8,404.742
2024-01-02 14:04:00,45760.7,45783.0,45734.0,45739.9,349.006
2024-01-02 14:05:00,45739.9,45786.6,45671.5,45757.8,833.294
2024-01-02 14:06:00,45757.7,45830.0,45736.6,45825.4,303.779
2024-01-02 14:07:00,45825.4,45825.4,45742.3,45746.6,246.096
2024-01-02 14:08:00,45746.7,45785.2,45737.4,45766.3,203.037
2024-01-02 14:09:00,45766.4,45766.4,45700.0,45722.4,251.058
2024-01-02 14:10:00,45722.5,45738.4,45691.0,45699.6,301.991
2024-01-02 14:11:00,45699.6,45777.0,45695.2,45701.0,349.511
2024-01-02 14:12:00,45700.9,45725.6,45700.9,45717.0,114.592
2024-01-02 14:13:00,45717.0,45722.3,45660.0,45679.8,321.922
2024-01-02 14:14:00,45679.8,45725.0,45679.8,45710.0,168.804
2024-01-02 14:15:00,45710.0,45718.4,45661.2,45674.3,363.689
2024-01-02 14:16:00,45674.3,45678.0,45633.0,45672.1,454.03
2024-01-02 14:17:00,45672.0,45702.4,45630.2,45678.6,488.68
2024-01-02 14:18:00,45678.7,45721.9,45631.7,45701.8,532.394
2024-01-02 14:19:00,45701.8,45786.5,45687.0,45775.8,655.676
2024-01-02 14:20:00,45775.8,45778.4,45741.2,45776.0,199.01
2024-01-02 14:21:00,45776.1,45821.7,45765.2,45800.2,351.556
2024-01-02 14:22:00,45800.3,45817.2,45777.0,45782.8,470.434
2024-01-02 14:23:00,45782.8,45815.9,45779.1,45803.0,148.04
2024-01-02 14:24:00,45803.8,45857.7,45801.1,45849.7,359.478
2024-01-02 14:25:00,45849.6,45850.9,45810.4,45840.0,200.836
2024-01-02 14:26:00,45839.9,45845.8,45802.1,45822.6,163.729
2024-01-02 14:27:00,45822.6,45845.8,45816.5,45827.1,217.759
2024-01-02 14:28:00,45827.1,45827.2,45793.1,45811.8,167.697
2024-01-02 14:29:00,45811.9,45816.9,45786.0,45816.8,118.835
2024-01-02 14:30:00,45816.8,45836.8,45792.8,45819.0,243.78
2024-01-02 14:31:00,45819.1,45837.7,45792.6,45830.9,127.209
2024-01-02 14:32:00,45831.0,45857.9,45828.0,45844.4,266.118
2024-01-02 14:33:00,45844.3,45865.7,45834.0,45862.9,199.583
2024-01-02 14:34:00,45863.0,45887.3,45847.0,45886.8,313.913
2024-01-02 14:35:00,45887.0,45937.9,45872.3,45887.9,785.095
2024-01-02 14:36:00,45887.9,45950.0,45887.9,45931.0,783.722
2024-01-02 14:37:00,45931.0,45939.1,45837.0,45843.3,632.424
2024-01-02 14:38:00,45843.3,45865.4,45788.4,45842.5,479.595
2024-01-02 14:39:00,45842.4,45842.5,45777.0,45777.1,245.212
2024-01-02 14:40:00,45777.0,45807.5,45770.6,45775.9,236.769
2024-01-02 14:41:00,45776.0,45790.6,45763.9,45765.9,221.411
2024-01-02 14:42:00,45765.8,45780.7,45748.0,45754.3,274.665
2024-01-02 14:43:00,45754.3,45771.6,45743.1,45760.0,158.271
2024-01-02 14:44:00,45759.4,45759.5,45702.3,45734.7,435.978
2024-01-02 14:45:00,45734.6,45758.7,45714.3,45753.5,161.396
2024-01-02 14:46:00,45753.4,45767.3,45739.1,45766.9,192.64
2024-01-02 14:47:00,45766.9,45796.5,45751.4,45793.1,132.391
2024-01-02 14:48:00,45793.0,45811.5,45769.7,45769.7,126.17
2024-01-02 14:49:00,45769.8,45769.8,45747.6,45761.4,93.639
2024-01-02 14:50:00,45761.4,45814.2,45752.0,45793.0,232.207
2024-01-02 14:51:00,45792.9,45808.0,45758.9,45801.1,474.864
2024-01-02 14:52:00,45801.1,45824.2,45789.8,45802.3,129.511
2024-01-02 14:53:00,45802.1,45830.2,45781.6,45828.1,255.392
2024-01-02 14:54:00,45828.0,45829.7,45810.6,45820.1,108.292
2024-01-02 14:55:00,45820.0,45824.9,45805.0,45805.0,80.867
2024-01-02 14:56:00,45805.1,45811.9,45785.0,45785.1,72.706
2024-01-02 14:57:00,45785.1,45883.8,45782.2,45875.5,385.133
2024-01-02 14:58:00,45875.4,45897.5,45850.9,45897.5,391.116
2024-01-02 14:59:00,45897.5,45914.9,45875.1,45879.9,465.244
2024-01-02 15:00:00,45879.9,45880.0,45846.0,45863.0,233.068
2024-01-02 15:01:00,45863.0,45877.8,45855.5,45872.8,129.262
2024-01-02 15:02:00,45873.7,45873.8,45835.2,45835.4,129.631
2024-01-02 15:03:00,45835.2,45843.4,45786.7,45786.7,146.002
2024-01-02 15:04:00,45786.8,45825.4,45777.4,45805.3,169.745
2024-01-02 15:05:00,45805.2,45805.3,45779.1,45787.1,139.098
2024-01-02 15:06:00,45787.0,45800.0,45782.1,45790.9,76.777
2024-01-02 15:07:00,45790.9,45790.9,45754.0,45754.0,229.142
2024-01-02 15:08:00,45754.0,45754.1,45710.0,45723.3,510.153
2024-01-02 15:09:00,45723.2,45758.0,45711.9,45744.3,237.51
2024-01-02 15:10:00,45744.3,45758.0,45721.2,45724.0,120.447
2024-01-02 15:11:00,45724.1,45760.8,45723.0,45735.5,113.044
2024-01-02 15:12:00,45735.4,45739.0,45710.0,45712.4,165.275
2024-01-02 15:13:00,45712.3,45717.9,45667.7,45677.1,399.271
2024-01-02 15:14:00,45677.0,45725.4,45677.0,45708.2,228.834
2024-01-02 15:15:00,45708.3,45712.5,45685.4,45702.3,159.251
2024-01-02 15:16:00,45702.3,45705.2,45670.9,45705.2,197.176
2024-01-02 15:17:00,45705.1,45768.5,45705.1,45753.7,264.186
2024-01-02 15:18:00,45753.7,45788.2,45751.4,45788.1,156.37
2024-01-02 15:19:00,45788.1,45788.2,45755.4,45777.9,111.261
2024-01-02 15:20:00,45777.9,45797.8,45768.5,45790.4,124.55
2024-01-02 15:21:00,45790.4,45843.3,45773.6,45773.7,465.848
2024-01-02 15:22:00,45773.6,45782.7,45751.6,45776.6,145.781
2024-01-02 15:23:00,45776.5,45776.6,45718.6,45719.0,186.854
2024-01-02 15:24:00,45719.1,45731.9,45701.9,45705.1,146.03
2024-01-02 15:25:00,45705.1,45731.5,45705.1,45727.3,128.046
2024-01-02 15:26:00,45727.3,45742.9,45703.0,45716.8,130.593
2024-01-02 15:27:00,45716.8,45721.9,45709.0,45721.8,49.35
2024-01-02 15:28:00,45721.8,45751.7,45721.8,45751.6,130.31
2024-01-02 15:29:00,45751.6,45751.7,45729.0,45730.5,89.193
2024-01-02 15:30:00,45730.0,45748.2,45728.4,45746.2,94.448
2024-01-02 15:31:00,45746.2,45771.8,45737.8,45751.0,133.395
2024-01-02 15:32:00,45750.1,45750.1,45725.0,45737.0,121.719
2024-01-02 15:33:00,45737.0,45737.1,45701.0,45718.0,121.284
2024-01-02 15:34:00,45717.9,45718.0,45669.3,45669.3,367.458
2024-01-02 15:35:00,45669.4,45687.6,45669.2,45672.5,157.641
2024-01-02 15:36:00,45672.6,45701.2,45672.5,45684.3,121.2
2024-01-02 15:37:00,45684.2,45684.2,45660.0,45660.0,162.579
2024-01-02 15:38:00,45660.1,45662.8,45600.4,45616.4,682.608
2024-01-02 15:39:00,45616.4,45677.9,45605.7,45662.6,228.771
2024-01-02 15:40:00,45662.7,45685.7,45626.4,45633.7,362.688
2024-01-02 15:41:00,45633.2,45660.0,45630.5,45659.9,146.357
2024-01-02 15:42:00,45659.9,45684.8,45650.0,45669.3,137.251
2024-01-02 15:43:00,45669.3,45673.1,45645.8,45651.2,94.614
2024-01-02 15:44:00,45651.3,45755.3,45644.0,45750.5,265.886
2024-01-02 15:45:00,45750.5,45770.7,45730.0,45739.8,262.571
2024-01-02 15:46:00,45739.9,45772.8,45732.5,45757.1,197.425
2024-01-02 15:47:00,45757.0,45760.2,45729.9,45759.2,106.681
2024-01-02 15:48:00,45759.2,45759.2,45720.1,45720.1,121.408
2024-01-02 15:49:00,45720.1,45731.9,45705.8,45705.8,162.099
2024-01-02 15:50:00,45705.8,45713.1,45686.6,45711.7,91.658
2024-01-02 15:51:00,45711.6,45711.7,45667.0,45688.9,225.643
2024-01-02 15:52:00,45688.9,45690.9,45675.5,45690.9,62.492
2024-01-02 15:53:00,45690.8,45721.5,45682.0,45713.7,113.27
2024-01-02 15:54:00,45713.7,45750.0,45710.8,45747.0,103.665
2024-01-02 15:55:00,45747.0,45747.1,45663.8,45668.9,258.324
2024-01-02 15:56:00,45668.8,45699.7,45650.0,45652.0,206.471
2024-01-02 15:57:00,45652.0,45673.6,45652.0,45673.5,94.249
2024-01-02 15:58:00,45673.5,45716.6,45673.5,45716.6,128.553
2024-01-02 15:59:00,45716.5,45716.6,45707.9,45712.0,58.914
2024-01-02 16:00:00,45712.0,45716.6,45683.0,45683.0,66.795
2024-01-02 16:01:00,45683.1,45719.5,45683.1,45700.0,155.779
2024-01-02 16:02:00,45700.0,45712.0,45689.1,45708.0,139.453
2024-01-02 16:03:00,45707.9,45707.9,45673.9,45675.8,91.045
2024-01-02 16:04:00,45675.8,45675.8,45651.1,45665.9,144.548
2024-01-02 16:05:00,45665.9,45665.9,45645.0,45650.0,119.549
2024-01-02 16:06:00,45650.0,45678.5,45642.0,45678.5,98.116
2024-01-02 16:07:00,45678.4,45691.2,45670.0,45691.2,83.937
2024-01-02 16:08:00,45691.1,45691.3,45644.8,45650.0,74.053
2024-01-02 16:09:00,45650.1,45650.1,45623.8,45625.8,152.952
2024-01-02 16:10:00,45625.8,45649.5,45600.0,45634.3,338.431
2024-01-02 16:11:00,45634.3,45657.3,45622.1,45623.7,196.083
2024-01-02 16:12:00,45623.7,45623.8,45606.1,45616.6,95.036
2024-01-02 16:13:00,45616.6,45631.5,45603.3,45626.8,96.527
2024-01-02 16:14:00,45626.9,45656.0,45601.0,45656.0,235.945
2024-01-02 16:15:00,45655.9,45655.9,45611.7,45622.8,159.387
2024-01-02 16:16:00,45622.8,45631.3,45584.0,45593.1,297.405
2024-01-02 16:17:00,45593.0,45596.0,45478.0,45563.0,1954.533
2024-01-02 16:18:00,45562.7,45563.0,45502.7,45548.1,1019.989
2024-01-02 16:19:00,45548.0,45584.8,45542.1,45562.2,312.052
2024-01-02 16:20:00,45562.3,45577.9,45556.8,45575.0,126.537
2024-01-02 16:21:00,45575.0,45575.0,45510.6,45532.1,308.624
2024-01-02 16:22:00,45532.1,45532.2,45515.0,45526.7,198.301
2024-01-02 16:23:00,45526.6,45578.7,45486.8,45569.8,566.262
2024-01-02 16:24:00,45569.8,45579.0,45554.0,45579.0,103.154
2024-01-02 16:25:00,45578.9,45594.0,45558.4,45561.4,163.628
2024-01-02 16:26:00,45561.5,45606.2,45561.4,45604.1,278.163
2024-01-02 16:27:00,45604.1,45614.0,45595.8,45602.1,192.106
2024-01-02 16:28:00,45602.0,45630.2,45595.8,45617.8,286.009
2024-01-02 16:29:00,45617.9,45655.8,45617.8,45655.7,372.947
2024-01-02 16:30:00,45655.7,45678.5,45651.7,45678.5,328.806
2024-01-02 16:31:00,45678.4,45709.2,45673.9,45688.7,496.251
2024-01-02 16:32:00,45688.6,45704.6,45673.0,45685.9,235.269
2024-01-02 16:33:00,45685.8,45727.6,45674.6,45702.3,286.193
2024-01-02 16:34:00,45702.2,45731.4,45698.2,45702.1,168.072
2024-01-02 16:35:00,45702.0,45736.2,45702.0,45736.1,178.218
2024-01-02 16:36:00,45736.1,45752.0,45719.0,45746.0,198.253
2024-01-02 16:37:00,45745.9,45767.6,45704.9,45708.6,353.468
2024-01-02 16:38:00,45708.5,45709.6,45666.0,45670.0,213.832
2024-01-02 16:39:00,45670.0,45684.6,45665.0,45665.1,94.603
2024-01-02 16:40:00,45665.0,45665.1,45622.2,45625.0,192.141
2024-01-02 16:41:00,45625.0,45639.4,45613.1,45616.5,159.812
2024-01-02 16:42:00,45616.5,45685.9,45612.0,45685.9,188.832
2024-01-02 16:43:00,45685.9,45685.9,45653.7,45653.7,90.968
2024-01-02 16:44:00,45653.8,45653.8,45611.5,45616.0,87.306
2024-01-02 16:45:00,45616.1,45628.7,45612.3,45628.7,98.797
2024-01-02 16:46:00,45628.7,45632.8,45609.5,45609.5,69.044
2024-01-02 16:47:00,45609.5,45609.5,45587.0,45592.7,174.866
2024-01-02 16:48:00,45592.7,45626.3,45591.1,45620.8,195.163
2024-01-02 16:49:00,45620.8,45641.7,45602.8,45638.7,94.062
2024-01-02 16:50:00,45638.7,45648.9,45622.0,45640.6,133.391
2024-01-02 16:51:00,45640.5,45640.5,45587.3,45595.8,117.694
2024-01-02 16:52:00,45595.9,45604.6,45570.4,45575.5,152.516
2024-01-02 16:53:00,45575.5,45579.4,45557.6,45563.1,130.471
2024-01-02 16:54:00,45563.1,45617.0,45563.0,45607.2,176.889
2024-01-02 16:55:00,45608.5,45608.6,45590.5,45601.6,43.581
2024-01-02 16:56:00,45601.6,45601.7,45562.4,45570.0,229.656
2024-01-02 16:57:00,45570.0,45570.0,45555.0,45557.5,165.855
2024-01-02 16:58:00,45557.4,45576.4,45557.4,45563.0,116.597
2024-01-02 16:59:00,45562.9,45570.9,45558.0,45558.0,69.632
2024-01-02 17:00:00,45558.0,45609.2,45554.4,45578.9,315.062
2024-01-02 17:01:00,45578.9,45611.9,45565.8,45610.6,110.706
2024-01-02 17:02:00,45610.5,45614.9,45550.0,45550.0,365.895
2024-01-02 17:03:00,45550.0,45550.1,45527.3,45527.4,215.352
2024-01-02 17:04:00,45527.3,45529.5,45489.1,45499.9,647.273
2024-01-02 17:05:00,45499.8,45519.8,45496.8,45505.0,151.983
2024-01-02 17:06:00,45505.0,45506.0,45493.4,45497.9,168.372
2024-01-02 17:07:00,45497.9,45497.9,45450.2,45460.9,702.2
2024-01-02 17:08:00,45460.9,45476.9,45421.0,45432.0,778.502
2024-01-02 17:09:00,45431.9,45436.5,45378.7,45388.1,765.435
2024-01-02 17:10:00,45388.1,45430.0,45384.3,45393.5,440.93
2024-01-02 17:11:00,45393.5,45418.4,45362.4,45389.4,495.194
2024-01-02 17:12:00,45389.4,45405.9,45372.0,45372.0,221.325
2024-01-02 17:13:00,45372.1,45377.4,45312.0,45329.4,897.705
2024-01-02 17:14:00,45329.5,45329.5,45258.0,45307.9,1462.154
2024-01-02 17:15:00,45306.8,45357.6,45300.6,45353.4,680.884
2024-01-02 17:16:00,45353.5,45386.8,45331.7,45380.8,585.135
2024-01-02 17:17:00,45380.8,45400.0,45355.0,45394.5,341.842
2024-01-02 17:18:00,45394.5,45436.1,45389.9,45420.0,404.443
2024-01-02 17:19:00,45420.0,45422.1,45382.5,45395.2,223.462
2024-01-02 17:20:00,45395.1,45402.0,45320.0,45385.8,272.484
2024-01-02 17:21:00,45385.8,45390.1,45331.8,45356.9,221.713
2024-01-02 17:22:00,45356.9,45376.7,45343.6,45345.2,228.608
2024-01-02 17:23:00,45345.1,45351.4,45309.3,45335.5,235.153
2024-01-02 17:24:00,45335.5,45361.8,45325.0,45354.7,210.652
2024-01-02 17:25:00,45354.7,45431.4,45354.7,45426.1,356.912
2024-01-02 17:26:00,45426.2,45489.3,45421.6,45475.6,661.954
2024-01-02 17:27:00,45475.6,45490.0,45461.4,45473.7,240.763
2024-01-02 17:28:00,45473.7,45473.8,45444.8,45468.5,207.132
2024-01-02 17:29:00,45468.4,45486.8,45454.6,45486.8,141.269
2024-01-02 17:30:00,45486.8,45491.6,45459.8,45480.0,287.783
2024-01-02 17:31:00,45479.9,45481.7,45453.6,45461.5,176.074
2024-01-02 17:32:00,45461.4,45472.9,45445.4,45450.6,121.938
2024-01-02 17:33:00,45450.6,45478.6,45448.0,45478.6,175.021
2024-01-02 17:34:00,45478.6,45497.6,45456.0,45497.5,271.922
2024-01-02 17:35:00,45497.6,45550.0,45497.6,45542.1,579.86
2024-01-02 17:36:00,45542.1,45549.8,45508.6,45508.6,242.913
2024-01-02 17:37:00,45508.6,45511.7,45488.4,45494.4,192.665
2024-01-02 17:38:00,45494.3,45494.4,45464.7,45478.0,212.42
2024-01-02 17:39:00,45478.0,45506.7,45456.9,45460.0,182.683
2024-01-02 17:40:00,45460.1,45460.1,45393.7,45412.5,531.703
2024-01-02 17:41:00,45412.6,45460.9,45412.5,45442.7,150.702
2024-01-02 17:42:00,45442.7,45444.8,45396.0,45396.0,250.82
2024-01-02 17:43:00,45396.0,45421.9,45391.3,45404.5,169.286
2024-01-02 17:44:00,45404.6,45435.9,45404.5,45435.9,94.539
2024-01-02 17:45:00,45435.9,45452.0,45427.2,45434.1,137.781
2024-01-02 17:46:00,45434.1,45457.3,45399.9,45457.3,236.167
2024-01-02 17:47:00,45457.2,45457.2,45444.9,45448.3,100.327
2024-01-02 17:48:00,45448.4,45452.1,45442.8,45445.9,37.419
2024-01-02 17:49:00,45445.8,45445.8,45408.4,45408.4,100.575
2024-01-02 17:50:00,45408.5,45408.5,45387.2,45391.9,123.467
2024-01-02 17:51:00,45391.2,45455.0,45370.0,45448.7,379.29
2024-01-02 17:52:00,45448.7,45482.0,45432.2,45474.4,124.138
2024-01-02 17:53:00,45474.5,45483.0,45463.5,45483.0,90.141
2024-01-02 17:54:00,45483.0,45486.8,45474.9,45486.0,110.504
2024-01-02 17:55:00,45486.1,45511.0,45473.5,45493.6,168.889
2024-01-02 17:56:00,45493.7,45530.6,45490.5,45527.3,195.968
2024-01-02 17:57:00,45527.4,45527.4,45494.0,45494.0,110.735
2024-01-02 17:58:00,45494.0,45520.0,45484.0,45495.4,116.259
2024-01-02 17:59:00,45495.3,45510.4,45487.4,45510.4,81.649
2024-01-02 18:00:00,45510.5,45520.0,45492.3,45492.9,270.068
2024-01-02 18:01:00,45492.9,45532.2,45492.9,45532.2,333.417
2024-01-02 18:02:00,45532.2,45639.0,45532.1,45605.3,1177.773
2024-01-02 18:03:00,45605.4,45640.0,45597.6,45611.5,676.112
2024-01-02 18:04:00,45611.5,45638.2,45574.9,45638.2,255.204
2024-01-02 18:05:00,45638.2,45655.0,45576.3,45603.1,578.667
2024-01-02 18:06:00,45603.0,45610.0,45580.7,45582.4,164.91
2024-01-02 18:07:00,45582.5,45589.0,45556.6,45561.1,170.45
2024-01-02 18:08:00,45561.1,45612.8,45556.5,45610.1,471.997
2024-01-02 18:09:00,45610.0,45615.0,45561.6,45570.3,200.518
2024-01-02 18:10:00,45570.3,45581.0,45538.2,45542.7,193.657
2024-01-02 18:11:00,45542.7,45553.0,45520.4,45535.9,255.384
2024-01-02 18:12:00,45535.8,45546.4,45520.6,45534.9,142.711
2024-01-02 18:13:00,45534.8,45583.6,45534.8,45583.4,106.847
2024-01-02 18:14:00,45583.3,45583.3,45507.2,45508.0,272.081
2024-01-02 18:15:00,45508.0,45545.9,45508.0,45522.5,249.89
2024-01-02 18:16:00,45522.5,45522.5,45480.4,45485.4,325.888
2024-01-02 18:17:00,45485.4,45491.8,45449.5,45452.5,427.797
2024-01-02 18:18:00,45452.5,45465.0,45420.5,45420.5,397.939
2024-01-02 18:19:00,45420.5,45466.2,45413.4,45430.7,270.576
2024-01-02 18:20:00,45430.7,45430.7,45390.0,45408.0,225.095
2024-01-02 18:21:00,45408.0,45427.6,45333.0,45351.9,941.7
2024-01-02 18:22:00,45351.9,45388.0,45329.7,45387.9,303.216
2024-01-02 18:23:00,45388.0,45391.7,45350.0,45357.2,181.53
2024-01-02 18:24:00,45357.2,45403.2,45352.8,45366.1,377.463
2024-01-02 18:25:00,45366.0,45383.8,45347.3,45347.3,167.512
2024-01-02 18:26:00,45347.3,45357.2,45323.2,45346.0,180.444
2024-01-02 18:27:00,45346.0,45398.5,45345.9,45374.1,178.452
2024-01-02 18:28:00,45374.0,45374.1,45340.0,45362.9,156.831
2024-01-02 18:29:00,45363.0,45365.3,45343.5,45355.1,121.984
2024-01-02 18:30:00,45355.1,45359.6,45333.6,45349.0,257.904
2024-01-02 18:31:00,45349.0,45349.1,45316.4,45347.1,196.444
2024-01-02 18:32:00,45347.0,45421.1,45347.0,45412.8,354.164
2024-01-02 18:33:00,45412.0,45434.5,45378.9,45434.2,197.011
2024-01-02 18:34:00,45434.2,45469.0,45425.4,45449.2,320.999
2024-01-02 18:35:00,45449.2,45472.2,45444.7,45455.7,163.742
2024-01-02 18:36:00,45455.8,45472.5,45435.9,45466.0,117.861
2024-01-02 18:37:00,45466.1,45466.1,45445.1,45455.9,70.686
2024-01-02 18:38:00,45455.8,45482.3,45455.8,45478.2,114.673
2024-01-02 18:39:00,45478.3,45493.4,45455.6,45482.5,183.878
2024-01-02 18:40:00,45482.4,45495.0,45465.4,45494.2,168.278
2024-01-02 18:41:00,45494.1,45495.0,45460.0,45460.1,127.072
2024-01-02 18:42:00,45460.0,45524.0,45456.7,45522.7,266.112
2024-01-02 18:43:00,45522.8,45542.8,45518.8,45540.0,239.794
2024-01-02 18:44:00,45540.0,45542.4,45524.1,45525.0,80.828
2024-01-02 18:45:00,45525.0,45540.0,45522.9,45529.6,86.706
2024-01-02 18:46:00,45529.6,45562.3,45529.5,45550.5,282.251
2024-01-02 18:47:00,45550.6,45564.7,45545.8,45559.5,131.77
2024-01-02 18:48:00,45559.5,45595.6,45556.2,45583.0,256.892
2024-01-02 18:49:00,45583.0,45625.2,45578.0,45593.4,252.216
2024-01-02 18:50:00,45593.3,45617.4,45384.9,45421.5,2663.93
2024-01-02 18:51:00,45421.6,45459.8,45406.8,45450.8,454.172
2024-01-02 18:52:00,45450.8,45499.3,45450.7,45496.0,161.76
2024-01-02 18:53:00,45496.0,45525.0,45486.4,45511.6,129.187
2024-01-02 18:54:00,45511.6,45578.0,45511.6,45566.7,246.76
2024-01-02 18:55:00,45566.8,45576.0,45549.0,45576.0,150.27
2024-01-02 18:56:00,45575.9,45576.0,45553.4,45557.2,118.843
2024-01-02 18:57:00,45557.2,45561.0,45527.1,45554.9,180.321
2024-01-02 18:58:00,45554.9,45575.2,45543.8,45570.8,129.979
2024-01-02 18:59:00,45570.7,45575.9,45566.1,45569.9,104.727
2024-01-02 19:00:00,45569.8,45579.1,45562.0,45579.0,188.123
2024-01-02 19:01:00,45579.1,45605.0,45579.0,45604.9,149.6
2024-01-02 19:02:00,45605.0,45623.3,45604.9,45612.1,160.347
2024-01-02 19:03:00,45612.1,45630.0,45600.7,45606.4,190.742
2024-01-02 19:04:00,45606.4,45611.8,45580.0,45591.1,109.827
2024-01-02 19:05:00,45591.0,45637.8,45591.0,45637.8,147.491
2024-01-02 19:06:00,45637.8,45644.6,45618.7,45640.3,164.82
2024-01-02 19:07:00,45640.2,45645.5,45621.0,45630.0,154.241
2024-01-02 19:08:00,45630.1,45639.0,45613.9,45625.1,138.441
2024-01-02 19:09:00,45625.2,45664.3,45621.9,45658.6,315.889
2024-01-02 19:10:00,45658.6,45723.5,45658.6,45707.3,612.709
2024-01-02 19:11:00,45707.2,45745.2,45701.4,45728.1,450.733
2024-01-02 19:12:00,45728.1,45734.6,45686.9,45705.4,460.35
2024-01-02 19:13:00,45705.4,45759.1,45691.2,45759.1,524.97
2024-01-02 19:14:00,45759.0,45760.0,45700.7,45715.0,404.385
2024-01-02 19:15:00,45715.1,45752.0,45707.1,45744.2,211.561
2024-01-02 19:16:00,45744.2,45744.2,45683.3,45703.9,371.74
2024-01-02 19:17:00,45704.0,45707.1,45673.4,45675.9,204.546
2024-01-02 19:18:00,45675.9,45695.7,45654.2,45695.6,209.939
2024-01-02 19:19:00,45695.6,45695.7,45674.6,45686.7,133.644
2024-01-02 19:20:00,45686.8,45704.2,45667.7,45692.4,105.696
2024-01-02 19:21:00,45692.5,45727.2,45650.1,45664.3,311.15
2024-01-02 19:22:00,45664.2,45673.4,45658.1,45665.7,82.696
2024-01-02 19:23:00,45665.8,45669.0,45635.2,45645.4,223.69
2024-01-02 19:24:00,45645.4,45693.0,45640.9,45691.9,155.175
2024-01-02 19:25:00,45691.9,45716.2,45687.3,45696.1,180.198
2024-01-02 19:26:00,45696.1,45701.4,45670.0,45675.1,101.636
2024-01-02 19:27:00,45675.2,45678.0,45643.3,45648.9,105.885
2024-01-02 19:28:00,45649.0,45702.7,45648.9,45694.1,119.626
2024-01-02 19:29:00,45694.1,45702.6,45680.0,45686.3,91.702
2024-01-02 19:30:00,45686.2,45731.4,45682.0,45731.4,135.535
2024-01-02 19:31:00,45731.4,45746.0,45692.6,45701.2,307.385
2024-01-02 19:32:00,45701.2,45737.9,45684.9,45713.8,179.355
2024-01-02 19:33:00,45713.8,45721.0,45680.4,45682.5,151.625
2024-01-02 19:34:00,45682.5,45689.0,45670.0,45684.2,148.446
2024-01-02 19:35:00,45684.2,45718.2,45681.5,45691.8,105.234
2024-01-02 19:36:00,45691.8,45749.9,45666.0,45749.9,219.424
2024-01-02 19:37:00,45750.0,45789.0,45749.9,45758.4,465.273
2024-01-02 19:38:00,45758.4,45790.5,45751.3,45788.4,237.032
2024-01-02 19:39:00,45788.4,45788.5,45758.3,45760.8,142.028
2024-01-02 19:40:00,45760.9,45820.1,45753.6,45794.5,502.884
2024-01-02 19:41:00,45794.6,45809.8,45780.1,45796.7,318.505
2024-01-02 19:42:00,45796.8,45825.4,45780.0,45794.1,509.904
2024-01-02 19:43:00,45794.1,45850.0,45794.1,45840.9,477.148
2024-01-02 19:44:00,45841.0,45848.5,45781.1,45815.3,443.119
2024-01-02 19:45:00,45815.4,45815.4,45782.5,45812.1,252.833
2024-01-02 19:46:00,45812.1,45850.0,45800.3,45807.6,296.031
2024-01-02 19:47:00,45807.6,45807.6,45733.5,45742.7,430.237
2024-01-02 19:48:00,45742.8,45750.5,45709.3,45720.2,372.94
2024-01-02 19:49:00,45720.1,45744.0,45704.1,45704.2,168.125
2024-01-02 19:50:00,45704.2,45739.8,45688.0,45735.3,204.549
2024-01-02 19:51:00,45735.2,45735.3,45672.8,45676.6,284.801
2024-01-02 19:52:00,45676.7,45694.1,45646.0,45685.9,447.604
2024-01-02 19:53:00,45685.9,45723.5,45676.1,45702.1,205.306
2024-01-02 19:54:00,45702.2,45720.0,45696.7,45703.5,137.809
2024-01-02 19:55:00,45703.4,45703.4,45630.0,45630.0,347.343
2024-01-02 19:56:00,45630.1,45642.1,45590.6,45623.0,559.04
2024-01-02 19:57:00,45623.1,45658.3,45617.0,45653.0,317.434
2024-01-02 19:58:00,45652.2,45686.0,45639.7,45682.0,144.911
2024-01-02 19:59:00,45682.1,45689.0,45662.4,45679.1,126.573
2024-01-02 20:00:00,45679.1,45714.0,45667.8,45711.6,231.7
2024-01-02 20:01:00,45711.6,45711.6,45604.7,45606.9,284.356
2024-01-02 20:02:00,45607.0,45628.7,45604.2,45613.8,274.565
2024-01-02 20:03:00,45613.8,45620.0,45526.7,45529.0,1250.733
2024-01-02 20:04:00,45530.8,45575.5,45505.8,45564.9,576.815
2024-01-02 20:05:00,45564.9,45571.0,45421.4,45473.0,1377.832
2024-01-02 20:06:00,45473.0,45560.0,45472.9,45527.8,427.299
2024-01-02 20:07:00,45527.7,45549.9,45474.0,45474.0,427.233
2024-01-02 20:08:00,45474.1,45483.3,45406.3,45424.8,1135.588
2024-01-02 20:09:00,45424.9,45461.0,45378.4,45380.9,967.436
2024-01-02 20:10:00,45381.0,45470.0,45360.0,45461.8,758.112
2024-01-02 20:11:00,45461.8,45509.6,45443.4,45509.6,311.032
2024-01-02 20:12:00,45509.7,45558.0,45503.1,45537.5,460.505
2024-01-02 20:13:00,45537.5,45563.9,45537.5,45563.9,230.649
2024-01-02 20:14:00,45564.0,45566.4,45536.3,45558.5,219.025
2024-01-02 20:15:00,45558.5,45558.5,45466.2,45472.9,306.02
2024-01-02 20:16:00,45472.9,45516.2,45420.0,45424.5,522.965
2024-01-02 20:17:00,45424.5,45431.1,45347.5,45378.7,822.024
2024-01-02 20:18:00,45378.8,45399.0,45312.7,45324.5,978.213
2024-01-02 20:19:00,45324.9,45341.2,45204.9,45220.0,1867.811
2024-01-02 20:20:00,45220.1,45276.0,45172.3,45251.4,1734.488
2024-01-02 20:21:00,45251.4,45335.9,45248.2,45335.8,1178.261
2024-01-02 20:22:00,45335.8,45406.1,45335.8,45352.9,744.903
2024-01-02 20:23:00,45353.0,45375.0,45260.0,45270.5,559.098
2024-01-02 20:24:00,45270.6,45274.1,45158.0,45203.4,1141.894
2024-01-02 20:25:00,45203.4,45239.0,45161.0,45178.8,746.956
2024-01-02 20:26:00,45178.9,45230.9,45026.0,45124.5,3332.499
2024-01-02 20:27:00,45124.5,45235.0,45110.7,45234.9,1265.994
2024-01-02 20:28:00,45234.9,45305.3,45200.0,45274.8,1835.795
2024-01-02 20:29:00,45274.8,45344.7,45260.1,45293.6,1229.118
2024-01-02 20:30:00,45293.5,45356.4,45253.2,45343.9,714.927
2024-01-02 20:31:00,45343.9,45359.9,45299.9,45359.9,445.094
2024-01-02 20:32:00,45359.9,45359.9,45301.4,45346.8,562.584
2024-01-02 20:33:00,45346.9,45354.4,45260.0,45277.9,411.649
2024-01-02 20:34:00,45277.9,45286.2,45196.4,45219.0,540.481
2024-01-02 20:35:00,45219.0,45249.7,45187.6,45249.7,624.031
2024-01-02 20:36:00,45250.0,45252.0,45167.2,45227.9,598.465
2024-01-02 20:37:00,45227.9,45261.7,45202.2,45208.3,609.966
2024-01-02 20:38:00,45208.4,45254.9,45192.6,45204.9,562.998
2024-01-02 20:39:00,45204.9,45271.7,45204.8,45263.4,397.591
2024-01-02 20:40:00,45263.4,45332.3,45239.9,45324.5,476.527
2024-01-02 20:41:00,45324.5,45332.1,45298.0,45302.7,279.686
2024-01-02 20:42:00,45302.7,45307.6,45230.6,45235.5,261.01
2024-01-02 20:43:00,45235.6,45239.3,45115.0,45120.5,698.965
2024-01-02 20:44:00,45120.6,45179.6,45109.5,45141.6,764.243
2024-01-02 20:45:00,45141.6,45141.8,45100.1,45115.7,624.962
2024-01-02 20:46:00,45115.8,45121.2,45047.3,45108.5,1469.715
2024-01-02 20:47:00,45108.6,45121.5,44933.0,44980.6,2106.15
2024-01-02 20:48:00,44980.6,45043.9,44899.1,44961.0,3124.718
2024-01-02 20:49:00,44961.1,44966.7,44868.1,44882.1,1132.164
2024-01-02 20:50:00,44882.1,45089.7,44870.6,45053.6,1188.502
2024-01-02 20:51:00,45053.6,45134.5,45021.3,45123.7,846.223
2024-01-02 20:52:00,45123.7,45153.5,45120.8,45128.5,587.024
2024-01-02 20:53:00,45128.4,45133.0,45050.0,45120.1,502.329
2024-01-02 20:54:00,45120.2,45162.3,45081.0,45148.6,437.056
2024-01-02 20:55:00,45148.5,45151.6,45100.9,45131.4,234.676
2024-01-02 20:56:00,45131.4,45144.0,45025.7,45034.9,366.194
2024-01-02 20:57:00,45034.9,45072.0,45000.8,45025.1,338.537
2024-01-02 20:58:00,45025.1,45051.5,44973.6,44976.8,491.11
2024-01-02 20:59:00,44976.9,45042.6,44973.0,45041.2,282.157
2024-01-02 21:00:00,45041.1,45044.5,44936.0,44945.2,710.532
2024-01-02 21:01:00,44945.3,45042.0,44919.0,45040.2,489.688
2024-01-02 21:02:00,45040.3,45123.5,45040.2,45080.0,459.809
2024-01-02 21:03:00,45080.1,45169.9,45080.0,45169.8,432.809
2024-01-02 21:04:00,45169.8,45182.7,45120.4,45122.0,499.261
2024-01-02 21:05:00,45122.0,45214.3,45122.0,45210.0,477.145
2024-01-02 21:06:00,45209.9,45229.0,45180.0,45184.3,515.995
2024-01-02 21:07:00,45184.2,45229.8,45180.0,45225.7,289.92
2024-01-02 21:08:00,45225.7,45244.4,45191.0,45241.4,394.747
2024-01-02 21:09:00,45241.4,45270.0,45219.6,45237.4,449.387
2024-01-02 21:10:00,45237.4,45299.7,45219.0,45295.0,907.99
2024-01-02 21:11:00,45295.0,45312.0,45239.8,45278.1,1118.565
2024-01-02 21:12:00,45278.2,45290.0,45256.3,45269.9,220.411
2024-01-02 21:13:00,45270.0,45324.7,45269.9,45302.1,381.458
2024-01-02 21:14:00,45302.0,45331.6,45297.8,45314.9,389.923
2024-01-02 21:15:00,45314.9,45325.0,45291.6,45297.0,292.408
2024-01-02 21:16:00,45297.1,45302.9,45249.4,45252.7,302.953
2024-01-02 21:17:00,45252.7,45266.0,45218.6,45260.2,297.221
2024-01-02 21:18:00,45260.3,45271.0,45242.7,45264.7,150.777
2024-01-02 21:19:00,45264.6,45275.0,45230.4,45261.9,181.97
2024-01-02 21:20:00,45261.9,45283.6,45237.2,45283.5,167.654
2024-01-02 21:21:00,45283.6,45315.1,45283.5,45310.3,218.728
2024-01-02 21:22:00,45310.2,45310.3,45286.1,45293.4,93.534
2024-01-02 21:23:00,45293.4,45328.8,45286.5,45316.3,178.894
2024-01-02 21:24:00,45316.3,45335.5,45316.3,45329.5,221.049
2024-01-02 21:25:00,45329.4,45331.8,45294.7,45304.4,120.866
2024-01-02 21:26:00,45304.5,45305.3,45226.5,45238.6,202.87
2024-01-02 21:27:00,45238.7,45241.7,45183.8,45198.5,335.185
2024-01-02 21:28:00,45198.5,45201.8,45180.0,45187.6,164.56
2024-01-02 21:29:00,45187.5,45233.1,45187.5,45215.0,243.445
2024-01-02 21:30:00,45215.0,45298.9,45184.9,45298.9,383.091
2024-01-02 21:31:00,45298.8,45309.0,45209.0,45209.0,388.303
2024-01-02 21:32:00,45209.1,45300.0,45209.0,45296.7,185.828
2024-01-02 21:33:00,45296.7,45310.2,45267.9,45268.0,264.461
2024-01-02 21:34:00,45267.9,45293.0,45260.3,45289.3,114.921
2024-01-02 21:35:00,45289.4,45309.6,45274.2,45285.4,136.721
2024-01-02 21:36:00,45285.4,45291.2,45230.2,45230.3,145.895
2024-01-02 21:37:00,45230.3,45230.3,45160.9,45160.9,354.634
2024-01-02 21:38:00,45160.9,45167.3,45120.1,45124.2,678.462
2024-01-02 21:39:00,45124.3,45140.0,45109.5,45133.1,281.177
2024-01-02 21:40:00,45133.0,45150.0,45125.0,45143.8,189.174
2024-01-02 21:41:00,45143.8,45153.2,45079.6,45086.9,384.522
2024-01-02 21:42:00,45086.9,45114.8,45070.0,45072.6,387.133
2024-01-02 21:43:00,45072.5,45123.9,45051.8,45123.8,667.108
2024-01-02 21:44:00,45123.9,45140.9,45088.2,45123.5,253.282
2024-01-02 21:45:00,45123.4,45149.7,45076.0,45076.0,259.583
2024-01-02 21:46:00,45076.0,45133.0,45055.0,45106.7,299.964
2024-01-02 21:47:00,45106.7,45106.7,45065.3,45068.4,234.41
2024-01-02 21:48:00,45068.4,45088.6,45001.1,45017.5,737.241
2024-01-02 21:49:00,45017.6,45037.1,44973.7,45037.0,571.48
2024-01-02 21:50:00,45037.0,45037.1,44975.5,45002.8,358.946
2024-01-02 21:51:00,45002.8,45006.8,44932.5,45006.8,513.105
2024-01-02 21:52:00,45006.8,45057.9,44939.4,44939.4,595.18
2024-01-02 21:53:00,44939.4,44999.3,44918.0,44980.6,534.532
2024-01-02 21:54:00,44980.6,44999.3,44939.4,44955.2,365.074
2024-01-02 21:55:00,44955.3,45053.2,44944.7,45025.5,574.273
2024-01-02 21:56:00,45025.5,45156.8,45025.5,45139.6,703.266
2024-01-02 21:57:00,45141.5,45145.0,45098.0,45130.0,321.815
2024-01-02 21:58:00,45130.0,45196.1,45102.3,45196.1,414.722
2024-01-02 21:59:00,45196.0,45229.9,45175.2,45229.8,561.303
2024-01-02 22:00:00,45229.8,45229.9,45181.9,45189.9,265.031
2024-01-02 22:01:00,45189.9,45209.9,45156.9,45204.8,218.291
2024-01-02 22:02:00,45204.7,45277.1,45200.8,45277.0,547.363
2024-01-02 22:03:00,45277.0,45278.8,45237.0,45250.0,265.312
2024-01-02 22:04:00,45250.1,45280.0,45250.0,45273.2,170.517
2024-01-02 22:05:00,45273.1,45283.8,45243.0,45253.5,191.155
2024-01-02 22:06:00,45253.5,45264.7,45235.3,45238.7,139.305
2024-01-02 22:07:00,45238.7,45248.2,45171.4,45171.4,312.689
2024-01-02 22:08:00,45171.4,45171.5,45114.7,45134.9,371.13
2024-01-02 22:09:00,45134.9,45176.4,45106.0,45173.1,325.477
2024-01-02 22:10:00,45173.1,45226.4,45168.3,45220.1,334.034
2024-01-02 22:11:00,45220.1,45262.6,45207.2,45249.9,284.573
2024-01-02 22:12:00,45249.9,45258.1,45222.9,45251.0,115.579
2024-01-02 22:13:00,45251.1,45280.0,45241.0,45279.9,152.768
2024-01-02 22:14:00,45280.0,45294.3,45265.8,45279.0,227.018
2024-01-02 22:15:00,45279.0,45279.1,45224.0,45260.1,265.506
2024-01-02 22:16:00,45260.2,45299.7,45254.8,45299.6,193.103
2024-01-02 22:17:00,45299.7,45394.6,45299.6,45384.8,1036.264
2024-01-02 22:18:00,45384.8,45399.0,45353.6,45353.7,534.861
2024-01-02 22:19:00,45353.6,45447.9,45347.0,45442.4,864.993
2024-01-02 22:20:00,45442.4,45449.2,45366.2,45369.9,404.819
2024-01-02 22:21:00,45370.0,45419.5,45368.9,45382.2,230.871
2024-01-02 22:22:00,45382.2,45387.6,45332.6,45353.1,235.903
2024-01-02 22:23:00,45353.0,45394.2,45351.6,45359.0,248.649
2024-01-02 22:24:00,45359.1,45365.1,45342.0,45350.1,98.321
2024-01-02 22:25:00,45350.1,45409.8,45344.7,45363.2,224.112
2024-01-02 22:26:00,45363.1,45397.0,45363.1,45377.6,109.516
2024-01-02 22:27:00,45377.6,45414.7,45373.4,45406.0,256.453
2024-01-02 22:28:00,45406.0,45408.4,45370.5,45378.3,128.436
2024-01-02 22:29:00,45378.3,45397.9,45378.3,45393.4,71.848
2024-01-02 22:30:00,45393.4,45397.7,45340.8,45340.8,157.478
2024-01-02 22:31:00,45340.8,45423.5,45340.8,45419.8,278.59
2024-01-02 22:32:00,45419.9,45422.1,45357.1,45362.0,146.81
2024-01-02 22:33:00,45362.0,45375.1,45336.8,45337.3,115.751
2024-01-02 22:34:00,45337.4,45376.0,45337.4,45366.2,124.623
2024-01-02 22:35:00,45366.2,45366.3,45340.1,45344.0,104.738
2024-01-02 22:36:00,45344.1,45375.9,45344.0,45358.6,112.826
2024-01-02 22:37:00,45358.6,45390.0,45358.5,45382.2,120.975
2024-01-02 22:38:00,45382.2,45388.0,45360.9,45366.4,89.17
2024-01-02 22:39:00,45366.3,45382.1,45341.0,45370.9,89.388
2024-01-02 22:40:00,45370.9,45371.0,45313.1,45329.8,180.019
2024-01-02 22:41:00,45329.7,45343.0,45314.7,45327.1,94.899
2024-01-02 22:42:00,45327.1,45327.2,45309.0,45310.3,113.063
2024-01-02 22:43:00,45310.4,45311.9,45244.6,45267.8,488.463
2024-01-02 22:44:00,45267.8,45276.2,45240.6,45276.1,229.688
2024-01-02 22:45:00,45276.0,45303.6,45250.0,45301.5,193.824
2024-01-02 22:46:00,45301.5,45331.9,45276.0,45310.1,195.672
2024-01-02 22:47:00,45310.2,45320.0,45269.4,45272.0,190.302
2024-01-02 22:48:00,45272.0,45325.9,45252.6,45312.6,129.571
2024-01-02 22:49:00,45312.5,45313.0,45285.2,45295.3,167.036
2024-01-02 22:50:00,45295.3,45317.5,45280.3,45288.9,107.706
2024-01-02 22:51:00,45289.0,45312.8,45265.1,45288.1,153.056
2024-01-02 22:52:00,45288.1,45299.9,45269.4,45282.1,129.045
2024-01-02 22:53:00,45282.2,45294.6,45238.4,45244.9,169.758
2024-01-02 22:54:00,45245.7,45255.8,45203.2,45216.9,353.541
2024-01-02 22:55:00,45216.9,45258.7,45171.5,45257.2,441.203
2024-01-02 22:56:00,45257.2,45266.2,45234.5,45250.7,153.339
2024-01-02 22:57:00,45250.7,45250.7,45226.5,45248.2,70.716
2024-01-02 22:58:00,45248.2,45250.4,45212.0,45238.4,130.162
2024-01-02 22:59:00,45238.5,45251.9,45230.8,45236.0,80.686
2024-01-02 23:00:00,45236.1,45236.1,45159.3,45190.2,217.059
2024-01-02 23:01:00,45190.2,45206.0,45176.8,45187.5,115.841
2024-01-02 23:02:00,45187.6,45193.6,45102.0,45136.0,330.27
2024-01-02 23:03:00,45136.2,45145.6,45055.5,45083.1,369.962
2024-01-02 23:04:00,45083.1,45110.7,45078.0,45108.0,213.362
2024-01-02 23:05:00,45108.0,45135.4,45094.9,45098.7,208.186
2024-01-02 23:06:00,45098.7,45141.5,45098.7,45116.5,139.337
2024-01-02 23:07:00,45116.5,45140.8,45116.5,45138.0,142.838
2024-01-02 23:08:00,45138.0,45138.1,45081.4,45102.9,191.83
2024-01-02 23:09:00,45103.0,45103.0,45050.0,45055.6,252.905
2024-01-02 23:10:00,45055.6,45068.1,45037.5,45046.5,302.213
2024-01-02 23:11:00,45046.5,45046.5,44979.9,45014.3,652.778
2024-01-02 23:12:00,45014.4,45068.3,44986.4,45051.3,399.555
2024-01-02 23:13:00,45051.3,45119.7,45028.9,45101.2,423.763
2024-01-02 23:14:00,45101.2,45111.8,45083.2,45096.2,185.928
2024-01-02 23:15:00,45096.1,45149.0,45072.6,45134.4,383.021
2024-01-02 23:16:00,45134.3,45139.1,45051.2,45053.6,174.626
2024-01-02 23:17:00,45053.9,45070.6,45014.7,45036.8,316.587
2024-01-02 23:18:00,45036.9,45039.7,45000.3,45022.1,196.226
2024-01-02 23:19:00,45022.1,45034.8,45020.6,45022.8,174.376
2024-01-02 23:20:00,45022.7,45072.7,45010.6,45037.0,210.225
2024-01-02 23:21:00,45037.0,45054.0,45008.8,45032.8,338.624
2024-01-02 23:22:00,45032.8,45045.1,45013.3,45028.4,135.103
2024-01-02 23:23:00,45028.5,45040.1,45011.2,45027.7,161.508
2024-01-02 23:24:00,45027.6,45065.8,45017.0,45023.4,165.388
2024-01-02 23:25:00,45023.3,45067.2,45021.5,45067.2,112.538
2024-01-02 23:26:00,45067.1,45096.2,45054.3,45096.1,105.283
2024-01-02 23:27:00,45096.1,45102.3,45070.2,45070.3,176.743
2024-01-02 23:28:00,45070.3,45070.3,45011.0,45014.5,172.88
2024-01-02 23:29:00,45014.6,45026.7,44990.0,45001.2,245.288
2024-01-02 23:30:00,45001.3,45015.0,44981.4,45014.9,181.331
2024-01-02 23:31:00,45014.9,45073.2,45014.9,45066.0,266.796
2024-01-02 23:32:00,45065.3,45132.6,45043.4,45075.7,601.316
2024-01-02 23:33:00,45075.6,45151.4,45074.4,45150.9,301.373
2024-01-02 23:34:00,45150.8,45150.9,45105.0,45128.6,156.612
2024-01-02 23:35:00,45128.6,45148.8,45097.2,45097.3,207.029
2024-01-02 23:36:00,45097.3,45097.3,45051.1,45051.2,208.08
2024-01-02 23:37:00,45051.2,45078.3,45045.6,45056.3,139.157
2024-01-02 23:38:00,45056.3,45073.7,45026.0,45073.6,191.484
2024-01-02 23:39:00,45073.6,45073.7,45036.3,45043.2,112.432
2024-01-02 23:40:00,45043.2,45061.3,45018.8,45018.8,150.374
2024-01-02 23:41:00,45018.9,45031.3,45010.7,45012.1,169.125
2024-01-02 23:42:00,45012.2,45030.0,45011.4,45026.6,127.557
2024-01-02 23:43:00,45026.7,45072.4,45026.6,45049.3,91.555
2024-01-02 23:44:00,45049.4,45070.0,45049.4,45053.3,77.607
2024-01-02 23:45:00,45053.2,45078.6,45034.0,45050.3,145.047
2024-01-02 23:46:00,45050.1,45050.1,45016.2,45020.1,143.777
2024-01-02 23:47:00,45020.0,45027.5,44969.6,44969.7,332.501
2024-01-02 23:48:00,44969.7,45010.5,44969.6,44999.2,341.151
2024-01-02 23:49:00,44999.1,45017.3,44983.3,45017.1,216.681
2024-01-02 23:50:00,45017.2,45109.1,45001.9,45109.1,220.27
2024-01-02 23:51:00,45109.0,45137.9,45102.1,45131.4,200.237
2024-01-02 23:52:00,45131.4,45139.4,45091.0,45091.0,178.307
2024-01-02 23:53:00,45091.0,45123.3,45091.0,45119.2,90.416
2024-01-02 23:54:00,45119.2,45188.8,45119.1,45181.2,241.56
2024-01-02 23:55:00,45181.1,45181.2,45148.0,45167.3,166.43
2024-01-02 23:56:00,45167.4,45185.0,45158.7,45180.4,100.316
2024-01-02 23:57:00,45180.4,45185.0,45154.0,45154.0,59.707
2024-01-02 23:58:00,45154.1,45162.0,45120.5,45155.9,190.226
2024-01-02 23:59:00,45155.9,45173.8,45148.3,45157.0,82.668
2024-01-03 00:00:00,45157.0,45182.1,45139.3,45182.1,128.311
2024-01-03 00:01:00,45182.0,45229.1,45171.7,45228.3,254.205
2024-01-03 00:02:00,45228.3,45279.5,45228.3,45256.6,422.861
2024-01-03 00:03:00,45256.6,45295.7,45250.8,45294.5,360.049
2024-01-03 00:04:00,45294.4,45294.5,45265.1,45267.5,141.051
2024-01-03 00:05:00,45267.4,45308.4,45255.0,45287.3,489.546
2024-01-03 00:06:00,45287.4,45290.0,45255.1,45255.1,99.112
2024-01-03 00:07:00,45255.2,45264.0,45240.2,45247.9,170.256
2024-01-03 00:08:00,45247.9,45248.8,45216.9,45236.5,117.58
2024-01-03 00:09:00,45236.5,45240.2,45216.5,45224.0,109.06
2024-01-03 00:10:00,45224.0,45224.0,45190.2,45196.0,133.446
2024-01-03 00:11:00,45196.1,45223.0,45193.0,45193.1,129.688
2024-01-03 00:12:00,45193.1,45207.7,45174.5,45174.5,144.432
2024-01-03 00:13:00,45174.6,45174.6,45140.9,45140.9,103.609
2024-01-03 00:14:00,45141.0,45141.0,45101.7,45111.6,320.512
2024-01-03 00:15:00,45111.7,45150.7,45085.0,45150.7,331.108
2024-01-03 00:16:00,45150.7,45198.2,45150.7,45198.1,173.949
2024-01-03 00:17:00,45198.1,45229.8,45192.9,45193.0,160.759
2024-01-03 00:18:00,45192.9,45207.5,45176.6,45198.0,87.502
2024-01-03 00:19:00,45197.9,45212.6,45197.9,45207.6,40.008
2024-01-03 00:20:00,45207.5,45207.5,45172.2,45176.3,125.754
2024-01-03 00:21:00,45176.4,45194.4,45163.1,45189.9,105.405
2024-01-03 00:22:00,45189.8,45195.8,45147.5,45160.9,95.578
2024-01-03 00:23:00,45160.9,45170.1,45152.6,45167.8,43.028
2024-01-03 00:24:00,45167.8,45167.9,45151.6,45151.6,38.514
2024-01-03 00:25:00,45151.7,45257.4,45137.1,45257.3,377.291
2024-01-03 00:26:00,45257.3,45264.5,45211.0,45211.0,288.307
2024-01-03 00:27:00,45211.1,45214.0,45179.2,45182.9,87.493
2024-01-03 00:28:00,45182.9,45188.9,45168.7,45171.0,54.676
2024-01-03 00:29:00,45171.1,45189.0,45166.1,45189.0,57.085
2024-01-03 00:30:00,45188.9,45221.5,45165.9,45201.7,158.427
2024-01-03 00:31:00,45201.6,45217.1,45188.0,45201.1,131.693
2024-01-03 00:32:00,45201.0,45201.1,45188.6,45198.2,54.525
2024-01-03 00:33:00,45198.3,45256.3,45198.3,45253.3,155.5
2024-01-03 00:34:00,45253.3,45254.8,45241.3,45253.3,151.306
2024-01-03 00:35:00,45253.3,45286.9,45246.0,45252.1,301.961
2024-01-03 00:36:00,45252.0,45257.0,45225.0,45225.0,102.997
2024-01-03 00:37:00,45225.0,45227.0,45193.1,45193.2,134.525
2024-01-03 00:38:00,45193.1,45203.5,45182.8,45196.9,70.079
2024-01-03 00:39:00,45196.9,45197.0,45154.0,45154.0,67.049
2024-01-03 00:40:00,45154.1,45172.0,45144.1,45169.4,137.045
2024-01-03 00:41:00,45169.3,45181.7,45154.0,45174.2,94.404
2024-01-03 00:42:00,45174.2,45210.0,45169.9,45177.1,116.709
2024-01-03 00:43:00,45177.1,45177.2,45160.8,45164.5,59.555
2024-01-03 00:44:00,45164.5,45172.7,45155.6,45161.6,61.244
2024-01-03 00:45:00,45161.6,45177.9,45136.1,45159.7,136.249
2024-01-03 00:46:00,45159.7,45198.0,45159.6,45188.3,85.349
2024-01-03 00:47:00,45188.2,45205.0,45188.2,45199.3,51.201
2024-01-03 00:48:00,45199.2,45199.3,45167.6,45170.6,64.011
2024-01-03 00:49:00,45170.6,45180.6,45143.1,45147.4,52.493
2024-01-03 00:50:00,45147.3,45147.3,45122.4,45137.0,128.074
2024-01-03 00:51:00,45137.1,45144.4,45111.5,45116.7,145.564
2024-01-03 00:52:00,45116.7,45122.1,45095.0,45102.0,255.24
2024-01-03 00:53:00,45101.1,45101.1,44981.1,44994.2,1006.294
2024-01-03 00:54:00,44994.3,45022.9,44994.3,45000.3,354.577
2024-01-03 00:55:00,45000.3,45023.1,44920.0,44930.0,999.197
2024-01-03 00:56:00,44930.0,44954.2,44911.0,44919.9,601.269
2024-01-03 00:57:00,44920.0,44955.0,44783.3,44850.8,2211.475
2024-01-03 00:58:00,44850.8,44899.2,44820.1,44885.7,756.164
2024-01-03 00:59:00,44885.6,44928.4,44858.8,44902.2,408.122
2024-01-03 01:00:00,44902.1,44910.1,44837.1,44864.8,391.103
2024-01-03 01:01:00,44864.9,44881.6,44838.0,44863.2,287.825
2024-01-03 01:02:00,44863.2,44968.2,44863.1,44968.2,311.298
2024-01-03 01:03:00,44968.1,44984.2,44949.0,44984.2,252.808
2024-01-03 01:04:00,44984.1,45018.0,44969.7,45016.9,425.314
2024-01-03 01:05:00,45016.9,45027.4,44988.0,45004.0,214.22
2024-01-03 01:06:00,45003.5,45010.0,44976.3,44985.7,160.373
2024-01-03 01:07:00,44985.4,45010.8,44976.2,45010.8,121.18
2024-01-03 01:08:00,45010.7,45100.0,45010.7,45062.6,562.923
2024-01-03 01:09:00,45062.5,45067.3,45023.1,45023.1,159.001
2024-01-03 01:10:00,45023.2,45048.6,45010.0,45024.0,88.311
2024-01-03 01:11:00,45024.1,45052.3,45012.6,45042.6,93.558
2024-01-03 01:12:00,45042.5,45042.6,44982.8,44994.0,173.613
2024-01-03 01:13:00,44994.1,45017.0,44989.0,44989.1,56.747
2024-01-03 01:14:00,44989.0,44994.4,44980.7,44990.0,53.868
2024-01-03 01:15:00,44989.9,45035.0,44982.5,45035.0,142.622
2024-01-03 01:16:00,45035.7,45060.8,45003.8,45060.8,201.217
2024-01-03 01:17:00,45060.7,45066.0,45049.3,45056.9,113.035
2024-01-03 01:18:00,45056.8,45083.8,45044.9,45080.0,99.839
2024-01-03 01:19:00,45079.9,45083.7,45057.6,45057.6,110.199
2024-01-03 01:20:00,45057.5,45074.9,45054.4,45069.7,101.676
2024-01-03 01:21:00,45069.7,45083.6,45052.9,45074.8,65.101
2024-01-03 01:22:00,45074.4,45077.0,45070.1,45076.0,29.263
2024-01-03 01:23:00,45075.9,45078.8,44987.4,45001.3,184.077
2024-01-03 01:24:00,45001.4,45003.0,44948.0,44956.5,237.848
2024-01-03 01:25:00,44956.6,44963.7,44906.8,44921.6,463.574
2024-01-03 01:26:00,44921.7,45050.9,44921.6,45050.7,447.634
2024-01-03 01:27:00,45050.7,45153.2,45050.6,45133.1,894.559
2024-01-03 01:28:00,45133.0,45133.0,45078.3,45078.3,163.273
2024-01-03 01:29:00,45078.4,45086.3,45060.7,45073.2,116.384
2024-01-03 01:30:00,45073.3,45081.1,44985.3,45016.2,378.886
2024-01-03 01:31:00,45016.2,45028.7,44998.3,45028.7,132.5
2024-01-03 01:32:00,45028.6,45029.4,44974.6,45017.8,213.581
2024-01-03 01:33:00,45017.9,45140.5,45011.6,45113.9,688.251
2024-01-03 01:34:00,45112.3,45120.0,45102.2,45107.3,133.722
2024-01-03 01:35:00,45107.4,45114.0,45086.6,45109.4,104.847
2024-01-03 01:36:00,45109.6,45120.0,45081.4,45120.0,92.842
2024-01-03 01:37:00,45119.9,45190.0,45119.9,45149.4,522.64
2024-01-03 01:38:00,45149.0,45177.0,45126.0,45140.2,507.266
2024-01-03 01:39:00,45140.2,45182.6,45140.1,45147.3,264.42
2024-01-03 01:40:00,45147.3,45166.8,45131.9,45131.9,303.876
2024-01-03 01:41:00,45131.9,45157.0,45131.7,45139.8,286.674
2024-01-03 01:42:00,45139.7,45147.0,45111.1,45147.0,151.51
2024-01-03 01:43:00,45147.0,45148.4,45120.2,45129.0,120.845
2024-01-03 01:44:00,45129.0,45155.0,45125.6,45130.0,155.061
2024-01-03 01:45:00,45130.0,45140.0,45092.8,45133.3,293.464
2024-01-03 01:46:00,45133.3,45200.0,45133.3,45189.5,371.208
2024-01-03 01:47:00,45189.4,45223.1,45187.4,45187.4,265.568
2024-01-03 01:48:00,45187.4,45200.3,45158.1,45158.1,283.945
2024-01-03 01:49:00,45158.2,45177.1,45151.5,45155.4,112.595
2024-01-03 01:50:00,45155.5,45162.4,45132.8,45132.8,252.608
2024-01-03 01:51:00,45132.8,45132.8,45033.3,45044.8,434.63
2024-01-03 01:52:00,45044.8,45062.0,45031.3,45041.9,203.407
2024-01-03 01:53:00,45041.8,45041.9,45003.6,45027.1,152.279
2024-01-03 01:54:00,45027.1,45060.4,45018.7,45057.3,83.751
2024-01-03 01:55:00,45057.4,45081.6,45030.0,45069.7,149.156
2024-01-03 01:56:00,45069.8,45069.8,45045.9,45045.9,44.818
2024-01-03 01:57:00,45045.8,45045.8,45001.6,45005.2,155.892
2024-01-03 01:58:00,45005.1,45021.9,45001.1,45007.0,107.265
2024-01-03 01:59:00,45007.0,45014.0,44961.5,44987.6,260.012
2024-01-03 02:00:00,44987.6,45019.4,44975.6,45019.4,131.072
2024-01-03 02:01:00,45019.4,45023.9,44976.3,44990.0,97.114
2024-01-03 02:02:00,44990.0,44990.0,44960.4,44962.7,86.293
2024-01-03 02:03:00,44962.7,44988.9,44945.0,44981.1,136.597
2024-01-03 02:04:00,44981.1,44988.5,44969.2,44969.2,52.213
2024-01-03 02:05:00,44969.2,44989.7,44964.6,44977.2,82.21
2024-01-03 02:06:00,44977.2,44982.4,44941.0,44962.4,95.903
2024-01-03 02:07:00,44962.4,44966.5,44931.1,44934.3,124.774
2024-01-03 02:08:00,44934.3,44942.8,44919.0,44931.2,98.757
2024-01-03 02:09:00,44931.2,44939.7,44875.6,44884.4,447.268
2024-01-03 02:10:00,44884.4,44889.0,44864.5,44887.6,241.369
2024-01-03 02:11:00,44887.5,44932.0,44865.2,44915.7,314.301
2024-01-03 02:12:00,44915.6,44940.4,44915.6,44937.4,142.282
2024-01-03 02:13:00,44937.5,44938.1,44880.3,44880.4,127.502
2024-01-03 02:14:00,44880.4,44883.8,44850.0,44867.8,419.388
2024-01-03 02:15:00,44867.8,44935.4,44867.8,44910.2,453.289
2024-01-03 02:16:00,44910.2,44968.9,44910.2,44964.3,92.361
2024-01-03 02:17:00,44964.4,45032.0,44954.2,45016.9,555.155
2024-01-03 02:18:00,45016.9,45017.0,44905.3,44907.6,254.951
2024-01-03 02:19:00,44907.5,44919.9,44870.1,44872.0,444.278
2024-01-03 02:20:00,44872.0,44906.0,44870.0,44894.2,210.694
2024-01-03 02:21:00,44894.1,44897.6,44876.1,44877.7,80.711
2024-01-03 02:22:00,44877.8,44885.7,44829.0,44832.5,434.76
2024-01-03 02:23:00,44832.6,44865.0,44762.4,44856.3,1278.079
2024-01-03 02:24:00,44856.2,44913.4,44845.7,44876.7,423.839
2024-01-03 02:25:00,44876.7,44897.3,44842.3,44895.6,206.741
2024-01-03 02:26:00,44895.7,44911.6,44858.0,44867.2,271.935
2024-01-03 02:27:00,44867.2,44900.1,44854.2,44879.8,102.858
2024-01-03 02:28:00,44879.8,44885.8,44856.7,44860.1,101.881
2024-01-03 02:29:00,44860.0,44862.8,44812.8,44825.2,294.187
2024-01-03 02:30:00,44825.1,44865.0,44801.9,44836.1,277.731
2024-01-03 02:31:00,44836.0,44851.9,44707.3,44768.5,1653.846
2024-01-03 02:32:00,44768.8,44843.0,44755.2,44774.9,393.671
2024-01-03 02:33:00,44775.0,44803.9,44748.2,44752.4,237.228
2024-01-03 02:34:00,44752.4,44821.0,44598.0,44812.0,2711.148
2024-01-03 02:35:00,44812.1,44834.1,44771.6,44789.9,375.551
2024-01-03 02:36:00,44789.8,44797.6,44739.8,44746.3,287.424
2024-01-03 02:37:00,44746.4,44758.0,44691.4,44746.6,264.046
2024-01-03 02:38:00,44746.6,44757.4,44699.2,44736.0,319.713
2024-01-03 02:39:00,44735.9,44736.0,44683.6,44717.8,365.43
2024-01-03 02:40:00,44717.8,44754.4,44667.6,44754.4,328.058
2024-01-03 02:41:00,44754.3,44797.9,44740.8,44793.8,372.873
2024-01-03 02:42:00,44793.7,44843.0,44781.9,44838.9,346.58
2024-01-03 02:43:00,44838.8,44861.0,44835.7,44855.1,211.272
2024-01-03 02:44:00,44855.0,44885.0,44838.7,44883.9,301.252
2024-01-03 02:45:00,44884.0,44946.4,44865.7,44940.7,673.01
2024-01-03 02:46:00,44940.6,44965.0,44903.2,44919.8,355.901
2024-01-03 02:47:00,44919.8,44934.9,44889.1,44905.8,224.301
2024-01-03 02:48:00,44905.8,44952.1,44887.1,44914.0,250.962
2024-01-03 02:49:00,44913.9,44975.1,44907.9,44975.0,183.052
2024-01-03 02:50:00,44975.1,44977.9,44940.3,44945.6,133.602
2024-01-03 02:51:00,44945.6,44964.8,44931.9,44963.5,124.11
2024-01-03 02:52:00,44963.6,44967.9,44930.2,44933.7,96.701
2024-01-03 02:53:00,44933.8,44972.3,44933.7,44946.8,149.347
2024-01-03 02:54:00,44946.7,44964.2,44928.7,44964.2,91.239
2024-01-03 02:55:00,44964.1,44964.2,44924.2,44924.3,93.228
2024-01-03 02:56:00,44924.2,44966.7,44924.2,44940.3,113.102
2024-01-03 02:57:00,44940.3,44953.5,44917.6,44923.3,97.534
2024-01-03 02:58:00,44923.2,44923.2,44887.1,44899.2,167.685
2024-01-03 02:59:00,44899.3,44902.0,44831.2,44844.3,338.766
2024-01-03 03:00:00,44845.0,44871.0,44811.3,44871.0,304.779
2024-01-03 03:01:00,44871.0,44913.2,44871.0,44913.2,116.301
2024-01-03 03:02:00,44913.1,44972.8,44913.1,44963.3,280.94
2024-01-03 03:03:00,44963.3,44990.1,44943.3,44981.7,342.119
2024-01-03 03:04:00,44981.7,44981.7,44962.8,44974.0,68.182
2024-01-03 03:05:00,44974.1,44977.0,44945.6,44957.8,73.341
2024-01-03 03:06:00,44957.8,44957.8,44918.2,44918.2,79.748
2024-01-03 03:07:00,44918.3,44942.4,44902.3,44912.2,124.24
2024-01-03 03:08:00,44912.3,44912.3,44894.2,44904.8,98.349
2024-01-03 03:09:00,44904.8,44944.7,44892.5,44942.7,81.224
2024-01-03 03:10:00,44942.7,44985.7,44932.4,44975.6,146.185
2024-01-03 03:11:00,44975.5,44990.1,44961.3,44990.1,109.155
2024-01-03 03:12:00,44990.0,45055.5,44987.0,45015.6,377.234
2024-01-03 03:13:00,45015.5,45015.6,45003.7,45003.7,54.157
2024-01-03 03:14:00,45003.8,45003.8,44980.0,44980.0,85.065
2024-01-03 03:15:00,44980.0,44990.7,44953.4,44981.8,152.289
2024-01-03 03:16:00,44981.8,44992.8,44957.1,44992.8,79.509
2024-01-03 03:17:00,44992.8,45026.4,44992.8,45023.4,103.757
2024-01-03 03:18:00,45023.4,45078.5,45023.4,45049.9,319.13
2024-01-03 03:19:00,45049.9,45090.0,45040.7,45086.0,393.53
2024-01-03 03:20:00,45085.9,45087.7,45041.9,45041.9,87.987
2024-01-03 03:21:00,45041.9,45080.0,45036.7,45072.0,85.769
2024-01-03 03:22:00,45072.1,45085.6,45058.6,45079.0,108.921
2024-01-03 03:23:00,45079.0,45127.8,45057.4,45077.3,481.204
2024-01-03 03:24:00,45077.4,45094.1,45062.6,45074.5,98.595
2024-01-03 03:25:00,45074.5,45074.5,45057.4,45065.8,85.896
2024-01-03 03:26:00,45065.8,45065.9,45040.0,45062.8,92.74
2024-01-03 03:27:00,45062.9,45092.7,45057.6,45081.4,55.357
2024-01-03 03:28:00,45081.4,45099.3,45076.8,45076.8,88.382
2024-01-03 03:29:00,45076.8,45155.0,45064.5,45155.0,808.538
2024-01-03 03:30:00,45154.9,45159.0,45101.2,45115.4,252.621
2024-01-03 03:31:00,45115.4,45139.4,45104.4,45138.0,104.267
2024-01-03 03:32:00,45138.0,45159.5,45134.0,45155.1,176.623
2024-01-03 03:33:00,45155.1,45159.6,45131.6,45131.6,87.422
2024-01-03 03:34:00,45131.7,45153.1,45130.5,45130.5,132.922
2024-01-03 03:35:00,45130.5,45230.9,45105.1,45225.6,654.202
2024-01-03 03:36:00,45225.5,45237.6,45202.0,45218.0,342.232
2024-01-03 03:37:00,45217.9,45233.6,45203.7,45212.3,227.799
2024-01-03 03:38:00,45212.3,45254.5,45210.5,45213.9,306.042
2024-01-03 03:39:00,45213.9,45290.0,45213.9,45287.8,357.246
2024-01-03 03:40:00,45287.8,45338.9,45280.5,45285.5,563.925
2024-01-03 03:41:00,45285.5,45330.9,45249.9,45250.0,437.59
2024-01-03 03:42:00,45250.0,45269.7,45171.7,45216.4,360.75
2024-01-03 03:43:00,45216.4,45218.9,45177.4,45187.1,294.562
2024-01-03 03:44:00,45187.0,45200.0,45177.1,45193.0,77.58
2024-01-03 03:45:00,45193.2,45215.8,45176.6,45199.1,161.576
2024-01-03 03:46:00,45199.1,45230.1,45188.8,45200.0,207.667
2024-01-03 03:47:00,45200.0,45208.1,45189.0,45200.7,103.068
2024-01-03 03:48:00,45200.6,45226.8,45188.0,45226.8,89.289
2024-01-03 03:49:00,45226.8,45262.5,45199.8,45238.7,384.244
2024-01-03 03:50:00,45239.5,45239.6,45179.7,45185.5,260.778
2024-01-03 03:51:00,45185.5,45197.5,45171.4,45196.2,76.638
2024-01-03 03:52:00,45196.1,45196.2,45149.8,45149.9,147.933
2024-01-03 03:53:00,45149.9,45149.9,45086.0,45111.3,365.435
2024-01-03 03:54:00,45111.3,45111.4,45096.6,45098.5,76.089
2024-01-03 03:55:00,45098.5,45100.0,45084.0,45099.9,92.484
2024-01-03 03:56:00,45100.0,45100.0,45081.8,45099.9,83.234
2024-01-03 03:57:00,45099.9,45100.0,45070.0,45083.6,107.501
2024-01-03 03:58:00,45083.6,45106.1,45076.9,45106.0,107.172
2024-01-03 03:59:00,45106.1,45106.1,45088.8,45098.6,47.52
2024-01-03 04:00:00,45098.5,45098.6,45071.1,45071.2,76.363
2024-01-03 04:01:00,45071.1,45072.0,45005.5,45007.6,376.689
2024-01-03 04:02:00,45007.6,45033.8,44951.9,45033.8,611.362
2024-01-03 04:03:00,45033.9,45033.9,44963.1,44963.1,94.503
2024-01-03 04:04:00,44963.2,45009.5,44963.1,45009.5,105.574
2024-01-03 04:05:00,45009.5,45025.7,44969.9,44969.9,212.875
2024-01-03 04:06:00,44969.9,44985.9,44951.9,44975.7,112.549
2024-01-03 04:07:00,44975.7,45021.3,44975.6,44995.1,153.829
2024-01-03 04:08:00,44995.0,44995.1,44966.7,44979.5,55.488
2024-01-03 04:09:00,44979.4,45018.1,44979.4,45018.1,57.937
2024-01-03 04:10:00,45018.1,45018.8,45018.0,45018.7,33.016
2024-01-03 04:11:00,45018.7,45018.8,45018.7,45018.7,14.049
2024-01-03 04:12:00,45018.8,45020.8,44976.4,44976.4,113.181
2024-01-03 04:13:00,44976.4,44976.5,44976.4,44976.4,17.074
2024-01-03 04:14:00,44976.4,44976.5,44956.6,44956.6,79.157
2024-01-03 04:15:00,44956.6,44956.7,44871.0,44952.8,755.427
2024-01-03 04:16:00,44952.8,44999.8,44952.7,44999.7,170.5
2024-01-03 04:17:00,44999.8,45084.2,44999.8,45084.0,301.823
2024-01-03 04:18:00,45083.9,45108.4,45077.9,45108.4,88.866
2024-01-03 04:19:00,45108.6,45118.9,45080.0,45080.0,182.985
2024-01-03 04:20:00,45080.1,45149.1,45079.2,45109.0,345.969
2024-01-03 04:21:00,45108.4,45108.4,45050.3,45050.4,90.519
2024-01-03 04:22:00,45050.3,45050.4,45027.1,45027.4,175.473
2024-01-03 04:23:00,45027.5,45027.5,44991.1,44991.2,126.136
2024-01-03 04:24:00,44991.1,44992.4,44990.0,44990.1,48.52
2024-01-03 04:25:00,44990.2,45049.5,44989.4,45049.5,81.389
2024-01-03 04:26:00,45049.5,45078.0,45040.7,45040.8,85.835
2024-01-03 04:27:00,45040.7,45040.8,44999.9,44999.9,193.238
2024-01-03 04:28:00,44999.9,45019.4,44982.9,45019.4,119.499
2024-01-03 04:29:00,45019.4,45019.4,45006.6,45006.7,25.948
2024-01-03 04:30:00,45006.7,45016.4,44970.0,44999.1,208.353
2024-01-03 04:31:00,44999.1,45018.8,44986.9,45016.3,91.505
2024-01-03 04:32:00,45016.3,45020.0,44992.6,45015.5,84.246
2024-01-03 04:33:00,45015.4,45015.5,44974.2,44992.3,81.831
2024-01-03 04:34:00,44992.3,44997.0,44965.3,44965.3,104.61
2024-01-03 04:35:00,44965.3,44987.4,44955.6,44980.8,166.88
2024-01-03 04:36:00,44980.9,45000.0,44972.7,44998.6,110.961
2024-01-03 04:37:00,44998.6,45002.2,44977.4,44992.2,143.977
2024-01-03 04:38:00,44992.1,45015.4,44985.0,45006.0,109.269
2024-01-03 04:39:00,45006.0,45027.0,45005.9,45021.4,58.323
2024-01-03 04:40:00,45021.5,45042.9,45021.5,45033.4,104.799
2024-01-03 04:41:00,45033.5,45033.5,44993.8,45006.3,102.345
2024-01-03 04:42:00,45006.2,45015.0,44992.4,45012.3,62.504
2024-01-03 04:43:00,45012.4,45026.3,45006.4,45021.6,49.656
2024-01-03 04:44:00,45021.6,45022.6,45011.5,45018.7,54.585
2024-01-03 04:45:00,45018.7,45018.7,44985.5,45003.0,91.174
2024-01-03 04:46:00,45003.0,45017.6,45002.9,45017.6,21.138
2024-01-03 04:47:00,45017.6,45055.4,45007.9,45052.1,98.291
2024-01-03 04:48:00,45052.1,45078.6,45052.1,45071.8,130.591
2024-01-03 04:49:00,45071.8,45071.8,45032.9,45033.1,159.839
2024-01-03 04:50:00,45033.1,45033.1,44994.1,44994.1,176.12
2024-01-03 04:51:00,44994.2,45032.7,44994.1,45027.0,59.848
2024-01-03 04:52:00,45027.0,45032.4,45011.6,45032.4,50.228
2024-01-03 04:53:00,45032.4,45057.1,45027.9,45046.9,179.854
2024-01-03 04:54:00,45046.9,45070.9,45045.5,45060.7,201.083
2024-01-03 04:55:00,45060.8,45083.1,45053.7,45055.1,116.067
2024-01-03 04:56:00,45055.0,45067.9,45001.4,45002.1,191.155
2024-01-03 04:57:00,45002.1,45010.9,44989.6,44999.1,115.722
2024-01-03 04:58:00,44999.0,44999.2,44987.0,44997.2,48.737
2024-01-03 04:59:00,44994.6,44999.2,44994.3,44999.1,22.729
2024-01-03 05:00:00,44999.0,44999.1,44983.0,44983.0,79.393
2024-01-03 05:01:00,44983.1,44993.0,44975.0,44988.1,50.254
2024-01-03 05:02:00,44988.1,44988.1,44932.2,44932.2,194.143
2024-01-03 05:03:00,44932.3,44977.9,44929.0,44973.0,80.339
2024-01-03 05:04:00,44971.8,44971.8,44937.9,44949.7,103.563
2024-01-03 05:05:00,44949.7,44960.1,44940.6,44955.6,41.13
2024-01-03 05:06:00,44955.6,44955.7,44936.7,44951.1,61.384
2024-01-03 05:07:00,44951.1,44951.1,44883.5,44891.5,412.73
2024-01-03 05:08:00,44891.5,44908.5,44853.7,44867.6,472.066
2024-01-03 05:09:00,44867.6,44893.8,44867.6,44886.2,87.344
2024-01-03 05:10:00,44886.2,44914.0,44886.2,44913.9,61.54
2024-01-03 05:11:00,44913.9,44929.4,44905.1,44908.5,50.702
2024-01-03 05:12:00,44908.5,44908.5,44894.4,44901.1,38.947
2024-01-03 05:13:00,44901.1,44905.0,44876.8,44876.8,102.877
2024-01-03 05:14:00,44876.8,44876.8,44818.1,44860.8,369.458
2024-01-03 05:15:00,44860.9,44866.8,44853.5,44859.5,74.93
2024-01-03 05:16:00,44859.4,44869.8,44847.9,44867.0,100.917
2024-01-03 05:17:00,44867.0,44867.0,44833.3,44833.4,55.734
2024-01-03 05:18:00,44833.3,44863.9,44830.2,44863.1,105.87
2024-01-03 05:19:00,44863.1,44865.0,44851.7,44859.4,90.931
2024-01-03 05:20:00,44859.4,44900.9,44841.5,44900.8,186.729
2024-01-03 05:21:00,44900.9,44931.4,44899.1,44929.6,130.09
2024-01-03 05:22:00,44929.6,44960.6,44929.5,44957.3,161.872
2024-01-03 05:23:00,44957.3,45018.8,44954.1,45007.8,595.184
2024-01-03 05:24:00,45007.7,45007.8,44974.0,44983.6,138.418
2024-01-03 05:25:00,44983.6,45008.0,44969.9,44970.0,109.223
2024-01-03 05:26:00,44969.9,44979.8,44963.6,44963.6,60.404
2024-01-03 05:27:00,44963.6,44963.6,44950.0,44958.7,57.431
2024-01-03 05:28:00,44958.8,44966.0,44958.7,44959.9,32.56
2024-01-03 05:29:00,44959.9,44979.8,44958.8,44979.8,46.435
2024-01-03 05:30:00,44979.7,45035.4,44979.7,45035.4,230.222
2024-01-03 05:31:00,45035.4,45060.0,45009.9,45037.1,226.237
2024-01-03 05:32:00,45037.1,45067.2,45028.0,45033.7,200.353
2024-01-03 05:33:00,45033.7,45051.7,45033.7,45035.8,86.678
2024-01-03 05:34:00,45035.8,45035.9,44980.0,44988.6,127.472
2024-01-03 05:35:00,44988.6,45009.2,44964.9,45009.2,177.099
2024-01-03 05:36:00,45009.3,45035.0,44991.2,45033.3,170.041
2024-01-03 05:37:00,45033.4,45099.8,45032.3,45071.9,396.206
2024-01-03 05:38:00,45071.8,45074.1,45029.6,45037.4,94.674
2024-01-03 05:39:00,45037.4,45058.7,45012.0,45046.5,147.319
2024-01-03 05:40:00,45046.4,45075.5,45038.2,45061.4,90.865
2024-01-03 05:41:00,45061.5,45064.3,44997.1,44997.1,137.351
2024-01-03 05:42:00,44997.2,45018.2,44977.9,45018.2,156.316
2024-01-03 05:43:00,45018.1,45027.4,45008.8,45012.3,57.223
2024-01-03 05:44:00,45012.4,45044.3,45012.3,45042.3,71.984
2024-01-03 05:45:00,45042.3,45050.7,45019.5,45019.5,115.789
2024-01-03 05:46:00,45019.6,45034.2,45010.5,45010.5,69.616
2024-01-03 05:47:00,45010.6,45010.6,44978.0,44994.0,244.936
2024-01-03 05:48:00,44993.9,45029.6,44974.5,44979.9,303.126
2024-01-03 05:49:00,44979.9,44990.1,44975.3,44986.8,73.69
2024-01-03 05:50:00,44986.8,45001.1,44978.2,45001.1,47.893
2024-01-03 05:51:00,45001.4,45016.9,44988.1,44994.7,61.079
2024-01-03 05:52:00,44994.8,44994.8,44966.7,44973.3,88.895
2024-01-03 05:53:00,44973.3,44985.0,44962.3,44967.9,56.821
2024-01-03 05:54:00,44967.9,45005.8,44967.9,45005.8,77.441
2024-01-03 05:55:00,45005.8,45009.8,44979.9,44980.0,31.1
2024-01-03 05:56:00,44979.9,44979.9,44952.9,44953.0,47.846
2024-01-03 05:57:00,44952.9,44953.0,44912.3,44917.2,175.958
2024-01-03 05:58:00,44917.2,44917.2,44895.8,44908.2,142.897
2024-01-03 05:59:00,44908.2,44943.0,44900.0,44929.2,89.037
2024-01-03 06:00:00,44929.1,44946.7,44907.7,44942.0,129.421
2024-01-03 06:01:00,44941.9,45026.1,44939.2,45023.5,233.748
2024-01-03 06:02:00,45023.5,45049.5,45019.2,45039.5,177.439
2024-01-03 06:03:00,45039.4,45043.9,45024.3,45037.0,75.957
2024-01-03 06:04:00,45037.0,45039.5,45023.5,45031.2,59.34
2024-01-03 06:05:00,45031.2,45050.0,45031.2,45045.0,111.105
2024-01-03 06:06:00,45045.0,45050.0,45017.1,45017.1,176.182
2024-01-03 06:07:00,45017.1,45040.4,45007.6,45031.7,94.702
2024-01-03 06:08:00,45031.7,45075.0,45031.1,45038.4,462.266
2024-01-03 06:09:00,45038.4,45060.0,45033.6,45058.8,85.082
2024-01-03 06:10:00,45058.8,45092.4,45058.8,45092.3,87.42
2024-01-03 06:11:00,45092.3,45099.7,45090.5,45095.3,83.132
2024-01-03 06:12:00,45095.2,45095.3,45083.0,45087.8,82.414
2024-01-03 06:13:00,45087.9,45113.8,45077.2,45113.8,112.7
2024-01-03 06:14:00,45113.7,45188.1,45112.8,45188.1,750.034
2024-01-03 06:15:00,45188.0,45198.1,45142.7,45150.2,260.691
2024-01-03 06:16:00,45150.2,45188.1,45133.9,45188.1,381.857
2024-01-03 06:17:00,45188.1,45225.9,45180.3,45214.8,336.946
2024-01-03 06:18:00,45214.9,45215.4,45180.1,45193.2,201.115
2024-01-03 06:19:00,45193.3,45224.8,45170.9,45219.5,221.896
2024-01-03 06:20:00,45219.6,45223.4,45193.4,45215.8,177.593
2024-01-03 06:21:00,45215.9,45250.7,45215.8,45237.7,276.207
2024-01-03 06:22:00,45237.6,45237.6,45156.1,45158.2,222.358
2024-01-03 06:23:00,45158.3,45181.7,45156.1,45177.8,81.891
2024-01-03 06:24:00,45177.9,45177.9,45071.8,45083.1,677.778
2024-01-03 06:25:00,45083.0,45126.6,45083.0,45124.4,88.948
2024-01-03 06:26:00,45124.4,45156.5,45119.9,45155.2,70.559
2024-01-03 06:27:00,45155.2,45163.6,45142.7,45148.8,63.914
2024-01-03 06:28:00,45148.9,45170.0,45148.8,45170.0,37.055
2024-01-03 06:29:00,45169.9,45178.0,45168.0,45168.1,75.258
2024-01-03 06:30:00,45168.0,45168.1,45146.0,45165.3,67.017
2024-01-03 06:31:00,45165.2,45182.3,45134.6,45182.3,98.728
2024-01-03 06:32:00,45182.4,45209.6,45172.1,45183.8,136.306
2024-01-03 06:33:00,45183.7,45209.9,45183.7,45209.8,94.374
2024-01-03 06:34:00,45209.8,45237.6,45200.0,45237.4,141.66
2024-01-03 06:35:00,45237.4,45237.4,45204.1,45204.2,132.239
2024-01-03 06:36:00,45204.1,45230.0,45193.6,45218.9,116.418
2024-01-03 06:37:00,45218.8,45243.8,45217.3,45228.1,129.981
2024-01-03 06:38:00,45228.0,45257.7,45208.0,45239.8,263.595
2024-01-03 06:39:00,45239.7,45245.1,45224.2,45235.4,65.893
2024-01-03 06:40:00,45235.5,45240.9,45217.5,45235.4,68.117
2024-01-03 06:41:00,45235.3,45239.4,45215.0,45225.9,105.594
2024-01-03 06:42:00,45225.9,45237.8,45215.0,45224.7,72.493
2024-01-03 06:43:00,45224.7,45226.9,45212.1,45226.8,34.817
2024-01-03 06:44:00,45226.8,45236.6,45209.6,45215.5,75.398
2024-01-03 06:45:00,45215.5,45215.5,45183.4,45185.2,69.183
2024-01-03 06:46:00,45185.2,45201.5,45185.2,45199.9,52.287
2024-01-03 06:47:00,45199.9,45207.8,45180.9,45197.6,73.305
2024-01-03 06:48:00,45197.6,45215.5,45192.8,45215.5,27.649
2024-01-03 06:49:00,45215.4,45226.9,45206.5,45209.6,42.36
2024-01-03 06:50:00,45209.7,45225.4,45193.0,45225.3,49.611
2024-01-03 06:51:00,45225.4,45252.0,45215.5,45252.0,85.205
2024-01-03 06:52:00,45252.0,45265.5,45241.0,45241.0,120.793
2024-01-03 06:53:00,45241.0,45241.1,45211.3,45212.5,109.16
2024-01-03 06:54:00,45212.4,45236.9,45209.5,45235.5,59.821
2024-01-03 06:55:00,45235.5,45248.2,45206.7,45206.7,41.893
2024-01-03 06:56:00,45206.8,45219.0,45206.7,45211.1,40.856
2024-01-03 06:57:00,45211.1,45224.0,45206.5,45211.6,42.102
2024-01-03 06:58:00,45211.6,45218.0,45190.0,45194.4,62.109
2024-01-03 06:59:00,45194.4,45200.0,45189.8,45189.9,30.223
2024-01-03 07:00:00,45189.8,45193.0,45154.6,45156.5,114.958
2024-01-03 07:01:00,45156.5,45156.6,45134.2,45151.2,90.313
2024-01-03 07:02:00,45151.3,45176.5,45145.8,45174.5,54.269
2024-01-03 07:03:00,45174.5,45188.0,45162.9,45187.9,71.282
2024-01-03 07:04:00,45187.9,45193.2,45177.7,45192.7,52.635
2024-01-03 07:05:00,45192.6,45229.5,45192.6,45215.7,77.479
2024-01-03 07:06:00,45215.7,45241.3,45215.7,45236.3,59.586
2024-01-03 07:07:00,45236.3,45236.4,45222.0,45222.1,60.783
2024-01-03 07:08:00,45222.1,45232.5,45214.8,45214.8,43.507
2024-01-03 07:09:00,45214.9,45228.2,45211.5,45225.7,28.164
2024-01-03 07:10:00,45225.7,45265.5,45210.1,45261.8,195.421
2024-01-03 07:11:00,45261.8,45275.0,45261.8,45275.0,92.298
2024-01-03 07:12:00,45275.0,45275.0,45225.7,45243.6,145.745
2024-01-03 07:13:00,45243.7,45281.8,45237.4,45279.9,142.1
2024-01-03 07:14:00,45279.4,45282.0,45268.2,45273.5,72.149
2024-01-03 07:15:00,45273.5,45273.5,45253.7,45261.7,103.268
2024-01-03 07:16:00,45261.3,45266.9,45239.5,45241.7,94.508
2024-01-03 07:17:00,45241.8,45270.0,45238.3,45258.9,117.087
2024-01-03 07:18:00,45259.0,45259.4,45246.8,45257.7,46.764
2024-01-03 07:19:00,45257.7,45264.3,45254.1,45259.9,68.664
2024-01-03 07:20:00,45259.9,45282.7,45249.5,45282.7,89.289
2024-01-03 07:21:00,45282.6,45304.7,45266.8,45304.6,280.84
2024-01-03 07:22:00,45304.6,45354.6,45300.0,45344.6,626.195
2024-01-03 07:23:00,45344.5,45379.2,45340.3,45347.8,417.682
2024-01-03 07:24:00,45347.9,45357.2,45327.7,45333.8,144.759
2024-01-03 07:25:00,45333.7,45333.8,45309.3,45309.3,94.845
2024-01-03 07:26:00,45309.3,45335.9,45288.2,45329.6,232.857
2024-01-03 07:27:00,45329.5,45329.5,45312.6,45318.1,68.967
2024-01-03 07:28:00,45318.2,45334.0,45311.7,45326.8,51.44
2024-01-03 07:29:00,45326.8,45357.9,45326.8,45347.8,177.322
2024-01-03 07:30:00,45347.8,45374.7,45347.8,45362.7,226.101
2024-01-03 07:31:00,45362.7,45399.4,45362.7,45367.4,277.968
2024-01-03 07:32:00,45367.4,45370.5,45356.6,45357.8,104.261
2024-01-03 07:33:00,45357.8,45400.0,45357.8,45399.9,141.964
2024-01-03 07:34:00,45399.9,45425.0,45387.3,45398.1,338.597
2024-01-03 07:35:00,45398.0,45431.8,45398.0,45417.5,267.626
2024-01-03 07:36:00,45417.4,45432.7,45400.0,45429.9,208.706
2024-01-03 07:37:00,45429.9,45431.3,45421.9,45428.9,108.696
2024-01-03 07:38:00,45428.9,45463.5,45383.7,45383.7,431.078
2024-01-03 07:39:00,45383.8,45389.0,45362.0,45375.9,156.434
2024-01-03 07:40:00,45375.9,45384.9,45366.9,45377.4,93.877
2024-01-03 07:41:00,45377.4,45415.3,45371.8,45401.5,183.955
2024-01-03 07:42:00,45401.5,45431.0,45391.9,45395.2,171.283
2024-01-03 07:43:00,45395.2,45398.5,45333.3,45336.8,241.491
2024-01-03 07:44:00,45336.8,45343.7,45309.3,45312.1,232.998
2024-01-03 07:45:00,45312.0,45313.0,45280.0,45294.9,193.92
2024-01-03 07:46:00,45295.0,45297.0,45271.3,45274.7,170.386
2024-01-03 07:47:00,45274.7,45280.0,45251.7,45280.0,190.688
2024-01-03 07:48:00,45279.9,45337.2,45270.9,45337.2,123.47
2024-01-03 07:49:00,45337.1,45337.1,45280.5,45284.4,208.666
2024-01-03 07:50:00,45284.4,45292.9,45277.0,45278.6,99.677
2024-01-03 07:51:00,45278.5,45297.1,45264.1,45297.1,123.402
2024-01-03 07:52:00,45297.1,45343.8,45291.4,45334.2,154.869
2024-01-03 07:53:00,45334.2,45341.5,45324.8,45334.3,66.66
2024-01-03 07:54:00,45334.3,45334.3,45315.1,45315.1,53.876
2024-01-03 07:55:00,45315.1,45322.5,45313.3,45313.4,43.068
2024-01-03 07:56:00,45313.4,45362.0,45309.0,45353.6,129.317
2024-01-03 07:57:00,45353.5,45356.4,45333.1,45337.9,91.008
2024-01-03 07:58:00,45337.5,45343.6,45318.8,45343.6,166.75
2024-01-03 07:59:00,45343.6,45361.5,45343.6,45353.0,50.844
2024-01-03 08:00:00,45353.0,45370.0,45344.7,45344.7,116.551
2024-01-03 08:01:00,45344.7,45387.7,45340.2,45373.6,86.888
2024-01-03 08:02:00,45373.6,45379.0,45363.2,45363.2,51.807
2024-01-03 08:03:00,45363.2,45380.0,45363.2,45373.2,59.718
2024-01-03 08:04:00,45373.1,45389.7,45373.1,45385.0,64.767
2024-01-03 08:05:00,45385.0,45385.0,45333.0,45333.0,140.901
2024-01-03 08:06:00,45333.0,45333.1,45285.0,45305.2,220.75
2024-01-03 08:07:00,45305.1,45311.0,45290.3,45303.7,98.187
2024-01-03 08:08:00,45303.7,45308.6,45290.3,45305.0,64.972
2024-01-03 08:09:00,45305.0,45305.0,45300.0,45303.5,19.978
2024-01-03 08:10:00,45303.4,45308.5,45303.4,45303.5,30.562
2024-01-03 08:11:00,45303.5,45308.9,45283.2,45283.3,74.763
2024-01-03 08:12:00,45283.2,45314.4,45283.2,45314.3,65.333
2024-01-03 08:13:00,45314.3,45314.4,45305.3,45312.5,50.635
2024-01-03 08:14:00,45312.5,45319.2,45302.4,45307.3,80.773
2024-01-03 08:15:00,45307.3,45309.0,45301.3,45302.6,32.981
2024-01-03 08:16:00,45302.5,45302.6,45274.1,45276.6,60.275
2024-01-03 08:17:00,45276.7,45285.5,45270.0,45272.1,72.705
2024-01-03 08:18:00,45272.2,45296.7,45269.9,45290.0,99.318
2024-01-03 08:19:00,45289.9,45293.5,45289.9,45293.5,20.943
2024-01-03 08:20:00,45293.4,45302.6,45286.4,45286.7,40.108
2024-01-03 08:21:00,45286.7,45292.6,45271.2,45271.4,52.421
2024-01-03 08:22:00,45271.3,45278.5,45270.4,45277.8,54.272
2024-01-03 08:23:00,45277.8,45287.0,45253.8,45268.8,96.773
2024-01-03 08:24:00,45268.8,45274.6,45263.4,45274.5,61.888
2024-01-03 08:25:00,45274.5,45286.8,45274.5,45275.2,30.105
2024-01-03 08:26:00,45275.2,45294.1,45275.2,45294.0,29.646
2024-01-03 08:27:00,45294.1,45302.2,45290.0,45302.2,55.204
2024-01-03 08:28:00,45302.1,45321.4,45302.1,45310.1,91.686
2024-01-03 08:29:00,45310.2,45312.7,45298.2,45312.7,40.303
2024-01-03 08:30:00,45312.6,45331.7,45307.8,45312.3,69.341
2024-01-03 08:31:00,45312.3,45325.9,45312.3,45317.5,35.702
2024-01-03 08:32:00,45317.5,45320.9,45307.1,45316.1,25.289
2024-01-03 08:33:00,45316.1,45316.2,45298.2,45302.2,30.427
2024-01-03 08:34:00,45302.2,45315.9,45299.3,45302.7,33.317
2024-01-03 08:35:00,45302.7,45302.8,45283.7,45286.8,56.17
2024-01-03 08:36:00,45286.8,45286.8,45277.2,45277.2,62.881
2024-01-03 08:37:00,45277.2,45277.7,45270.1,45277.0,97.62
2024-01-03 08:38:00,45277.0,45277.1,45264.5,45264.5,24.087
2024-01-03 08:39:00,45264.5,45264.6,45225.7,45241.5,317.053
2024-01-03 08:40:00,45241.5,45259.3,45229.5,45229.6,126.432
2024-01-03 08:41:00,45229.6,45245.5,45225.6,45244.5,81.607
2024-01-03 08:42:00,45244.5,45254.9,45236.0,45254.8,121.453
2024-01-03 08:43:00,45254.9,45291.0,45254.9,45291.0,93.635
2024-01-03 08:44:00,45291.0,45335.2,45290.9,45312.8,106.726
2024-01-03 08:45:00,45312.8,45325.0,45312.8,45317.0,91.97
2024-01-03 08:46:00,45316.9,45317.0,45297.7,45299.9,76.793
2024-01-03 08:47:00,45299.9,45346.8,45299.9,45342.4,97.889
2024-01-03 08:48:00,45342.4,45342.5,45329.2,45330.0,53.812
2024-01-03 08:49:00,45330.0,45332.1,45315.2,45315.2,51.74
2024-01-03 08:50:00,45315.2,45315.3,45290.4,45290.4,49.88
2024-01-03 08:51:00,45290.4,45290.5,45266.4,45269.9,48.082
2024-01-03 08:52:00,45269.8,45272.1,45262.5,45270.9,33.789
2024-01-03 08:53:00,45271.0,45271.0,45263.3,45263.4,28.811
2024-01-03 08:54:00,45263.3,45267.8,45263.3,45267.1,24.338
2024-01-03 08:55:00,45267.1,45298.0,45255.6,45298.0,79.867
2024-01-03 08:56:00,45297.9,45299.6,45291.1,45299.6,42.561
2024-01-03 08:57:00,45299.5,45299.6,45267.1,45270.2,52.408
2024-01-03 08:58:00,45270.2,45273.4,45254.9,45255.0,49.396
2024-01-03 08:59:00,45254.9,45273.1,45254.9,45266.6,63.378
2024-01-03 09:00:00,45266.5,45271.1,45240.4,45252.1,62.059
2024-01-03 09:01:00,45252.1,45273.1,45235.5,45241.0,76.05
2024-01-03 09:02:00,45241.1,45242.6,45227.6,45230.8,64.829
2024-01-03 09:03:00,45230.8,45242.6,45230.8,45238.1,39.929
2024-01-03 09:04:00,45238.1,45238.2,45228.4,45228.5,29.544
2024-01-03 09:05:00,45228.4,45234.6,45217.9,45223.5,66.908
2024-01-03 09:06:00,45223.5,45223.6,45210.0,45215.9,56.619
2024-01-03 09:07:00,45215.9,45221.5,45188.0,45212.8,353.56
2024-01-03 09:08:00,45212.8,45221.8,45203.8,45221.7,42.592
2024-01-03 09:09:00,45221.7,45221.9,45217.2,45221.9,26.516
2024-01-03 09:10:00,45221.8,45244.3,45221.8,45237.5,41.455
2024-01-03 09:11:00,45237.5,45237.6,45219.0,45223.4,59.197
2024-01-03 09:12:00,45223.4,45245.6,45223.4,45240.3,40.059
2024-01-03 09:13:00,45240.3,45244.0,45237.2,45237.3,36.174
2024-01-03 09:14:00,45237.3,45243.7,45236.8,45236.9,44.135
2024-01-03 09:15:00,45236.8,45250.7,45236.8,45248.4,36.077
2024-01-03 09:16:00,45248.3,45262.5,45237.2,45237.2,59.666
2024-01-03 09:17:00,45237.2,45249.4,45237.2,45241.8,19.18
2024-01-03 09:18:00,45241.8,45250.0,45241.8,45243.6,21.867
2024-01-03 09:19:00,45243.7,45266.4,45243.6,45266.4,61.837
2024-01-03 09:20:00,45266.4,45279.0,45226.2,45228.5,70.037
2024-01-03 09:21:00,45228.5,45228.6,45215.4,45226.2,33.97
2024-01-03 09:22:00,45226.1,45247.4,45220.8,45243.5,52.167
2024-01-03 09:23:00,45243.5,45246.9,45240.3,45244.8,19.551
2024-01-03 09:24:00,45244.8,45260.2,45244.7,45260.1,17.882
2024-01-03 09:25:00,45260.2,45265.1,45253.8,45265.1,27.512
2024-01-03 09:26:00,45265.1,45270.0,45265.0,45269.5,22.748
2024-01-03 09:27:00,45269.4,45275.5,45266.6,45275.5,25.743
2024-01-03 09:28:00,45275.5,45286.9,45270.6,45286.9,34.378
2024-01-03 09:29:00,45286.9,45300.7,45286.8,45297.8,148.773
2024-01-03 09:30:00,45297.8,45306.4,45279.1,45279.1,85.662
2024-01-03 09:31:00,45279.1,45279.2,45272.4,45272.4,33.252
2024-01-03 09:32:00,45272.4,45278.1,45272.4,45274.6,34.218
2024-01-03 09:33:00,45274.6,45274.6,45269.4,45271.7,27.968
2024-01-03 09:34:00,45271.7,45271.8,45260.0,45262.1,48.325
2024-01-03 09:35:00,45262.2,45265.0,45246.8,45246.8,59.814
2024-01-03 09:36:00,45246.8,45248.9,45245.1,45245.1,32.683
2024-01-03 09:37:00,45245.1,45266.5,45242.2,45254.1,159.195
2024-01-03 09:38:00,45254.1,45261.4,45242.0,45244.2,52.233
2024-01-03 09:39:00,45244.3,45247.4,45220.1,45225.0,166.967
2024-01-03 09:40:00,45224.9,45226.4,45223.2,45223.3,54.338
2024-01-03 09:41:00,45223.2,45266.8,45223.2,45266.8,84.378
2024-01-03 09:42:00,45266.7,45266.8,45236.7,45241.2,56.538
2024-01-03 09:43:00,45241.1,45253.1,45241.1,45250.9,36.434
2024-01-03 09:44:00,45250.8,45259.1,45250.8,45259.0,17.199
2024-01-03 09:45:00,45259.1,45267.6,45259.0,45265.0,45.28
2024-01-03 09:46:00,45265.1,45284.3,45265.0,45284.3,34.663
2024-01-03 09:47:00,45284.3,45300.2,45277.6,45279.8,147.595
2024-01-03 09:48:00,45279.7,45279.8,45259.0,45275.5,61.303
2024-01-03 09:49:00,45275.6,45291.5,45275.5,45285.0,46.265
2024-01-03 09:50:00,45285.0,45287.9,45275.5,45275.8,32.255
2024-01-03 09:51:00,45275.8,45296.5,45275.7,45287.7,47.926
2024-01-03 09:52:00,45287.7,45290.0,45282.4,45289.9,46.209
2024-01-03 09:53:00,45289.9,45305.0,45282.5,45304.9,80.606
2024-01-03 09:54:00,45304.9,45304.9,45287.0,45300.9,57.392
2024-01-03 09:55:00,45300.8,45309.7,45278.2,45278.2,56.961
2024-01-03 09:56:00,45277.9,45292.9,45276.7,45290.3,37.716
2024-01-03 09:57:00,45290.2,45304.5,45290.2,45304.5,57.544
2024-01-03 09:58:00,45304.5,45309.7,45292.8,45292.8,92.065
2024-01-03 09:59:00,45292.9,45292.9,45235.0,45238.3,147.165
2024-01-03 10:00:00,45238.2,45256.6,45227.0,45227.0,78.407
2024-01-03 10:01:00,45227.0,45231.3,45220.0,45220.0,55.285
2024-01-03 10:02:00,45220.1,45226.3,45215.4,45215.6,80.098
2024-01-03 10:03:00,45215.7,45219.0,45202.7,45202.8,67.144
2024-01-03 10:04:00,45202.8,45202.8,45160.5,45168.8,399.717
2024-01-03 10:05:00,45168.8,45177.9,45144.0,45158.7,274.294
2024-01-03 10:06:00,45158.7,45165.0,45155.0,45159.4,128.947
2024-01-03 10:07:00,45159.3,45177.9,45152.0,45177.9,67.34
2024-01-03 10:08:00,45177.9,45200.2,45177.8,45196.6,48.121
2024-01-03 10:09:00,45196.5,45200.2,45171.2,45183.6,69.302
2024-01-03 10:10:00,45183.7,45202.5,45183.6,45198.9,33.06
2024-01-03 10:11:00,45198.9,45200.0,45190.0,45195.8,36.962
2024-01-03 10:12:00,45195.9,45200.0,45176.3,45176.3,37.457
2024-01-03 10:13:00,45176.1,45188.9,45158.5,45188.0,56.237
2024-01-03 10:14:00,45188.0,45196.1,45185.5,45192.5,49.214
2024-01-03 10:15:00,45192.9,45215.5,45185.2,45215.5,49.71
2024-01-03 10:16:00,45215.5,45224.3,45215.4,45224.3,48.163
2024-01-03 10:17:00,45224.2,45233.1,45224.2,45233.0,23.809
2024-01-03 10:18:00,45233.0,45239.8,45233.0,45236.9,48.388
2024-01-03 10:19:00,45236.8,45236.9,45176.5,45176.5,137.557
2024-01-03 10:20:00,45176.5,45200.0,45176.5,45188.0,72.429
2024-01-03 10:21:00,45187.8,45200.6,45185.7,45190.2,76.726
2024-01-03 10:22:00,45190.3,45195.1,45177.6,45181.3,39.428
2024-01-03 10:23:00,45181.3,45199.8,45180.0,45199.7,41.386
2024-01-03 10:24:00,45199.7,45201.8,45196.9,45197.6,18.713
2024-01-03 10:25:00,45199.1,45209.8,45199.0,45206.4,28.818
2024-01-03 10:26:00,45206.4,45206.4,45206.3,45206.4,10.626
2024-01-03 10:27:00,45206.4,45223.0,45206.3,45206.5,42.517
2024-01-03 10:28:00,45206.4,45211.4,45200.2,45200.2,33.231
2024-01-03 10:29:00,45200.2,45218.8,45200.2,45218.8,42.594
2024-01-03 10:30:00,45218.8,45228.0,45152.5,45159.0,534.364
2024-01-03 10:31:00,45159.0,45170.2,45150.0,45167.7,235.3
2024-01-03 10:32:00,45167.8,45186.9,45156.5,45180.6,73.904
2024-01-03 10:33:00,45180.7,45198.5,45177.3,45196.0,47.569
2024-01-03 10:34:00,45196.0,45206.7,45190.5,45204.9,43.452
2024-01-03 10:35:00,45204.8,45204.9,45189.8,45191.6,38.619
2024-01-03 10:36:00,45191.5,45206.2,45188.1,45206.2,73.069
2024-01-03 10:37:00,45206.1,45206.2,45188.1,45193.2,52.847
2024-01-03 10:38:00,45193.2,45212.9,45193.2,45204.6,96.207
2024-01-03 10:39:00,45204.6,45206.3,45193.0,45206.3,55.859
2024-01-03 10:40:00,45206.3,45209.3,45199.1,45209.3,25.661
2024-01-03 10:41:00,45209.3,45224.6,45209.2,45224.6,27.481
2024-01-03 10:42:00,45224.7,45249.9,45224.7,45249.9,88.64
2024-01-03 10:43:00,45250.0,45266.0,45249.9,45263.7,69.216
2024-01-03 10:44:00,45263.6,45267.8,45252.1,45267.8,73.433
2024-01-03 10:45:00,45267.7,45279.1,45255.0,45279.1,59.296
2024-01-03 10:46:00,45279.0,45303.6,45279.0,45303.6,227.634
2024-01-03 10:47:00,45303.6,45318.2,45298.8,45300.6,144.915
2024-01-03 10:48:00,45300.7,45305.5,45285.7,45286.2,71.981
2024-01-03 10:49:00,45286.2,45288.2,45275.9,45276.0,76.469
2024-01-03 10:50:00,45276.0,45276.0,45253.4,45253.4,67.125
2024-01-03 10:51:00,45253.5,45277.1,45250.7,45277.1,37.577
2024-01-03 10:52:00,45277.0,45295.0,45277.0,45293.2,38.078
2024-01-03 10:53:00,45293.2,45293.9,45281.6,45284.1,32.593
2024-01-03 10:54:00,45284.0,45287.4,45281.8,45287.4,24.352
2024-01-03 10:55:00,45287.3,45290.0,45283.2,45284.9,38.803
2024-01-03 10:56:00,45284.9,45300.0,45284.6,45299.9,80.543
2024-01-03 10:57:00,45300.0,45315.1,45299.9,45311.2,145.686
2024-01-03 10:58:00,45311.2,45325.5,45307.4,45314.0,157.171
2024-01-03 10:59:00,45314.0,45328.0,45308.0,45324.5,84.817
2024-01-03 11:00:00,45323.8,45330.0,45256.6,45256.6,97.741
2024-01-03 11:01:00,45256.6,45319.3,45256.6,45304.1,144.077
2024-01-03 11:02:00,45304.1,45315.5,45304.1,45312.6,54.976
2024-01-03 11:03:00,45312.6,45314.7,45291.0,45313.0,54.327
2024-01-03 11:04:00,45313.1,45323.5,45307.6,45310.9,77.762
2024-01-03 11:05:00,45310.8,45317.6,45292.1,45303.3,68.953
2024-01-03 11:06:00,45303.2,45317.5,45295.8,45317.4,37.052
2024-01-03 11:07:00,45317.5,45321.3,45310.4,45316.9,30.302
2024-01-03 11:08:00,45316.5,45316.5,45307.3,45310.5,28.462
2024-01-03 11:09:00,45310.5,45310.6,45287.3,45289.5,107.741
2024-01-03 11:10:00,45289.4,45309.5,45289.4,45300.5,54.859
2024-01-03 11:11:00,45300.6,45323.3,45300.5,45323.2,39.242
2024-01-03 11:12:00,45323.3,45323.3,45290.5,45291.7,91.189
2024-01-03 11:13:00,45291.7,45291.8,45275.7,45275.7,61.077
2024-01-03 11:14:00,45275.7,45279.5,45264.7,45264.7,55.271
2024-01-03 11:15:00,45264.6,45266.2,45237.2,45242.7,113.824
2024-01-03 11:16:00,45242.6,45260.2,45220.0,45260.2,100.237
2024-01-03 11:17:00,45260.2,45278.4,45252.4,45278.3,36.11
2024-01-03 11:18:00,45278.3,45300.9,45278.3,45297.0,63.574
2024-01-03 11:19:00,45297.1,45297.1,45255.5,45257.5,62.529
2024-01-03 11:20:00,45257.6,45264.6,45224.8,45264.5,76.695
2024-01-03 11:21:00,45264.5,45264.6,45231.9,45253.4,40.352
2024-01-03 11:22:00,45253.4,45253.4,45230.6,45236.0,78.884
2024-01-03 11:23:00,45236.1,45252.6,45234.2,45248.0,49.001
2024-01-03 11:24:00,45247.9,45248.0,45238.1,45238.2,29.374
2024-01-03 11:25:00,45238.2,45242.9,45230.4,45236.5,26.128
2024-01-03 11:26:00,45236.6,45253.7,45233.3,45239.3,54.994
2024-01-03 11:27:00,45239.3,45244.2,45220.1,45220.1,91.206
2024-01-03 11:28:00,45220.2,45226.1,45189.9,45203.7,286.949
2024-01-03 11:29:00,45203.8,45208.6,45200.0,45200.0,44.136
2024-01-03 11:30:00,45200.0,45235.3,45198.3,45219.6,178.26
2024-01-03 11:31:00,45219.6,45224.0,45197.8,45223.1,127.552
2024-01-03 11:32:00,45223.1,45231.9,45201.0,45222.2,94.211
2024-01-03 11:33:00,45222.2,45226.6,45213.1,45218.0,56.154
2024-01-03 11:34:00,45218.0,45234.8,45218.0,45229.7,67.865
2024-01-03 11:35:00,45229.8,45238.4,45216.8,45233.6,112.664
2024-01-03 11:36:00,45233.6,45238.5,45201.0,45234.1,105.643
2024-01-03 11:37:00,45234.1,45234.1,45204.0,45206.4,55.688
2024-01-03 11:38:00,45206.4,45219.4,45201.9,45201.9,95.475
2024-01-03 11:39:00,45202.0,45206.1,45185.0,45197.0,204.031
2024-01-03 11:40:00,45197.0,45205.8,45191.0,45195.1,34.324
2024-01-03 11:41:00,45195.1,45204.8,45195.1,45200.2,45.452
2024-01-03 11:42:00,45200.3,45213.6,45188.0,45208.9,81.872
2024-01-03 11:43:00,45208.9,45231.5,45208.9,45231.5,36.974
2024-01-03 11:44:00,45231.5,45235.4,45231.4,45232.6,21.031
2024-01-03 11:45:00,45232.6,45249.2,45232.5,45242.3,83.543
2024-01-03 11:46:00,45242.3,45246.3,45242.2,45245.9,17.025
2024-01-03 11:47:00,45245.9,45254.0,45242.7,45254.0,44.142
2024-01-03 11:48:00,45254.0,45289.6,45253.9,45289.6,247.208
2024-01-03 11:49:00,45289.6,45300.0,45289.6,45300.0,93.848
2024-01-03 11:50:00,45300.0,45330.2,45299.9,45318.9,229.076
2024-01-03 11:51:00,45319.0,45326.0,45310.1,45326.0,68.809
2024-01-03 11:52:00,45326.0,45331.7,45313.0,45327.6,111.752
2024-01-03 11:53:00,45327.7,45327.8,45294.3,45313.8,151.957
2024-01-03 11:54:00,45313.8,45323.9,45312.6,45317.9,69.096
2024-01-03 11:55:00,45317.9,45337.3,45317.8,45330.1,112.045
2024-01-03 11:56:00,45330.0,45330.1,45300.2,45311.3,84.871
2024-01-03 11:57:00,45311.2,45311.3,45304.0,45311.3,25.052
2024-01-03 11:58:00,45311.2,45321.7,45310.0,45321.7,62.578
2024-01-03 11:59:00,45321.7,45321.7,45313.2,45318.3,35.783
2024-01-03 12:00:00,45318.3,45318.3,45277.1,45278.3,91.608
2024-01-03 12:01:00,45278.3,45292.4,45278.3,45292.3,36.262
2024-01-03 12:02:00,45292.3,45292.4,45278.6,45291.2,26.811
2024-01-03 12:03:00,45291.1,45295.3,45283.3,45283.4,35.258
2024-01-03 12:04:00,45283.4,45288.8,45275.0,45275.0,19.374
2024-01-03 12:05:00,45275.1,45275.1,45240.1,45254.4,197.019
2024-01-03 12:06:00,45254.4,45260.0,45245.3,45251.0,49.577
2024-01-03 12:07:00,45251.0,45253.0,45248.7,45251.0,18.078
2024-01-03 12:08:00,45250.9,45307.4,45250.9,45307.4,119.812
2024-01-03 12:09:00,45307.4,45307.4,45297.1,45300.4,26.612
2024-01-03 12:10:00,45300.3,45300.4,45260.0,45283.7,77.361
2024-01-03 12:11:00,45283.7,45283.7,45270.9,45276.3,27.376
2024-01-03 12:12:00,45276.3,45288.2,45273.2,45275.5,32.616
2024-01-03 12:13:00,45275.5,45300.0,45275.5,45300.0,32.077
2024-01-03 12:14:00,45300.0,45300.0,45280.0,45288.0,36.054
2024-01-03 12:15:00,45288.0,45312.5,45287.9,45312.5,92.328
2024-01-03 12:16:00,45312.5,45315.2,45290.7,45294.9,74.833
2024-01-03 12:17:00,45294.8,45297.1,45290.8,45290.8,32.365
2024-01-03 12:18:00,45290.8,45303.5,45290.7,45303.5,77.159
2024-01-03 12:19:00,45303.5,45313.9,45303.4,45312.3,55.967
2024-01-03 12:20:00,45312.3,45347.5,45311.8,45343.1,181.75
2024-01-03 12:21:00,45343.1,45348.4,45329.3,45330.0,98.283
2024-01-03 12:22:00,45330.0,45330.0,45314.2,45329.5,81.656
2024-01-03 12:23:00,45329.5,45329.5,45314.8,45314.8,22.029
2024-01-03 12:24:00,45314.8,45329.4,45314.8,45329.3,28.185
2024-01-03 12:25:00,45329.3,45405.3,45329.3,45398.9,779.607
2024-01-03 12:26:00,45398.9,45402.1,45350.0,45350.0,198.118
2024-01-03 12:27:00,45350.0,45384.9,45350.0,45366.3,189.046
2024-01-03 12:28:00,45366.3,45372.0,45355.9,45369.9,80.909
2024-01-03 12:29:00,45370.0,45370.0,45355.0,45362.7,75.394
2024-01-03 12:30:00,45362.8,45362.8,45320.2,45321.8,249.01
2024-01-03 12:31:00,45321.8,45324.0,45312.3,45312.3,74.729
2024-01-03 12:32:00,45312.4,45318.1,45311.0,45311.0,65.648
2024-01-03 12:33:00,45311.1,45337.7,45311.0,45329.0,104.592
2024-01-03 12:34:00,45329.0,45337.3,45317.1,45328.8,72.666
2024-01-03 12:35:00,45328.8,45328.8,45320.0,45324.0,34.935
2024-01-03 12:36:00,45323.9,45323.9,45310.2,45321.4,75.551
2024-01-03 12:37:00,45321.4,45336.5,45314.1,45336.5,47.13
2024-01-03 12:38:00,45336.5,45384.0,45336.5,45374.6,265.528
2024-01-03 12:39:00,45374.5,45418.9,45374.5,45402.2,304.806
2024-01-03 12:40:00,45402.4,45423.0,45402.4,45404.6,185.867
2024-01-03 12:41:00,45404.6,45404.7,45370.2,45378.5,174.987
2024-01-03 12:42:00,45378.6,45380.0,45373.5,45378.0,28.884
2024-01-03 12:43:00,45377.9,45378.0,45370.0,45377.1,56.691
2024-01-03 12:44:00,45377.2,45390.6,45377.1,45379.4,56.491
2024-01-03 12:45:00,45379.5,45383.2,45368.6,45368.7,108.887
2024-01-03 12:46:00,45368.6,45368.7,45344.8,45350.5,81.945
2024-01-03 12:47:00,45350.4,45362.7,45347.7,45361.9,33.397
2024-01-03 12:48:00,45362.0,45368.4,45350.0,45350.0,36.642
2024-01-03 12:49:00,45350.1,45354.6,45344.4,45344.5,40.901
2024-01-03 12:50:00,45344.5,45346.9,45334.0,45346.2,69.074
2024-01-03 12:51:00,45346.1,45346.2,45324.6,45324.9,55.557
2024-01-03 12:52:00,45324.8,45366.0,45324.8,45352.8,85.714
2024-01-03 12:53:00,45352.7,45378.6,45352.0,45364.3,49.261
2024-01-03 12:54:00,45364.3,45376.6,45362.8,45375.9,51.076
2024-01-03 12:55:00,45375.9,45389.8,45375.8,45389.8,114.568
2024-01-03 12:56:00,45389.8,45402.7,45382.9,45382.9,166.624
2024-01-03 12:57:00,45382.9,45388.4,45382.9,45384.8,57.872
2024-01-03 12:58:00,45384.9,45384.9,45365.4,45365.4,39.097
2024-01-03 12:59:00,45365.1,45390.1,45353.6,45390.0,70.829
2024-01-03 13:00:00,45390.0,45401.0,45376.8,45376.8,69.88
2024-01-03 13:01:00,45376.8,45383.6,45376.8,45378.2,53.51
2024-01-03 13:02:00,45378.2,45378.2,45360.0,45360.6,52.122
2024-01-03 13:03:00,45360.7,45376.6,45357.0,45357.0,26.032
2024-01-03 13:04:00,45357.0,45363.2,45344.3,45354.5,46.786
2024-01-03 13:05:00,45355.3,45355.3,45336.1,45336.1,38.473
2024-01-03 13:06:00,45336.1,45350.4,45320.4,45344.2,102.09
2024-01-03 13:07:00,45344.1,45346.0,45340.4,45340.4,52.6
2024-01-03 13:08:00,45340.5,45354.5,45329.8,45329.9,48.317
2024-01-03 13:09:00,45329.9,45340.0,45323.8,45323.8,40.902
2024-01-03 13:10:00,45323.8,45323.9,45307.5,45307.5,85.224
2024-01-03 13:11:00,45307.5,45316.4,45290.7,45297.3,108.916
2024-01-03 13:12:00,45297.2,45297.2,45171.1,45184.2,1445.905
2024-01-03 13:13:00,45184.3,45188.3,45155.0,45159.6,455.027
2024-01-03 13:14:00,45159.7,45208.2,45159.5,45174.9,250.034
2024-01-03 13:15:00,45175.0,45180.2,45100.8,45106.3,635.211
2024-01-03 13:16:00,45106.2,45118.1,45035.0,45086.9,1506.746
2024-01-03 13:17:00,45085.4,45111.9,45012.0,45078.2,748.304
2024-01-03 13:18:00,45078.2,45078.7,45010.0,45048.0,368.865
2024-01-03 13:19:00,45047.9,45092.7,45047.9,45087.9,316.253
2024-01-03 13:20:00,45088.0,45088.0,45034.8,45075.8,292.508
2024-01-03 13:21:00,45075.8,45075.8,45020.3,45053.2,215.182
2024-01-03 13:22:00,45053.3,45069.5,45039.2,45059.1,168.674
2024-01-03 13:23:00,45059.2,45059.2,45026.1,45044.0,175.57
2024-01-03 13:24:00,45044.1,45049.7,44962.0,44987.2,755.556
2024-01-03 13:25:00,44987.1,45011.0,44960.0,44995.8,378.547
2024-01-03 13:26:00,44995.7,45066.2,44992.3,45054.4,389.466
2024-01-03 13:27:00,45054.4,45075.7,45025.5,45053.1,291.237
2024-01-03 13:28:00,45053.1,45071.0,45053.0,45055.9,151.213
2024-01-03 13:29:00,45055.9,45070.6,45030.4,45030.4,156.308
2024-01-03 13:30:00,45030.5,45067.1,45023.7,45060.4,233.21
2024-01-03 13:31:00,45060.4,45071.1,45026.4,45043.3,133.307
2024-01-03 13:32:00,45043.4,45070.6,45042.9,45070.0,120.408
2024-01-03 13:33:00,45070.0,45080.0,45046.1,45054.9,205.001
2024-01-03 13:34:00,45054.8,45076.7,45054.3,45071.1,121.632
2024-01-03 13:35:00,45071.0,45092.9,45071.0,45092.9,165.507
2024-01-03 13:36:00,45092.9,45109.1,45089.7,45090.8,239.296
2024-01-03 13:37:00,45090.8,45102.7,45085.1,45093.2,102.664
2024-01-03 13:38:00,45093.1,45147.4,45093.1,45128.2,463.267
2024-01-03 13:39:00,45128.1,45159.0,45124.4,45139.3,385.873
2024-01-03 13:40:00,45139.3,45150.0,45127.4,45130.7,121.553
2024-01-03 13:41:00,45130.7,45145.0,45130.6,45137.4,164.88
2024-01-03 13:42:00,45137.4,45137.4,45035.2,45038.0,697.358
2024-01-03 13:43:00,45038.0,45080.0,45033.4,45076.0,127.392
2024-01-03 13:44:00,45076.0,45097.8,45075.9,45089.5,66.834
2024-01-03 13:45:00,45089.5,45111.5,45088.8,45111.1,93.783
2024-01-03 13:46:00,45111.0,45143.1,45111.0,45137.6,133.899
2024-01-03 13:47:00,45137.5,45137.6,45121.8,45122.8,72.026
2024-01-03 13:48:00,45122.8,45206.3,45122.8,45181.3,888.773
2024-01-03 13:49:00,45181.2,45183.4,45158.1,45172.9,88.161
2024-01-03 13:50:00,45173.0,45184.3,45170.2,45173.2,77.873
2024-01-03 13:51:00,45173.2,45173.2,45146.9,45155.6,73.325
2024-01-03 13:52:00,45155.6,45169.0,45155.5,45162.1,32.045
2024-01-03 13:53:00,45162.1,45162.1,45122.8,45138.7,116.85
2024-01-03 13:54:00,45138.6,45141.9,45126.9,45127.0,44.866
2024-01-03 13:55:00,45126.9,45153.5,45125.5,45141.4,60.801
2024-01-03 13:56:00,45141.4,45167.1,45141.4,45167.1,41.282
2024-01-03 13:57:00,45167.1,45182.6,45167.0,45177.3,61.675
2024-01-03 13:58:00,45177.4,45188.3,45171.6,45188.3,44.63
2024-01-03 13:59:00,45188.3,45191.8,45173.0,45190.3,86.533
2024-01-03 14:00:00,45190.3,45195.9,45164.1,45177.4,106.179
2024-01-03 14:01:00,45177.4,45181.1,45166.5,45170.0,70.085
2024-01-03 14:02:00,45169.9,45182.0,45169.9,45174.2,51.199
2024-01-03 14:03:00,45174.3,45179.2,45143.5,45179.2,92.489
2024-01-03 14:04:00,45179.1,45184.8,45166.5,45184.7,54.194
2024-01-03 14:05:00,45184.8,45184.8,45168.5,45181.6,37.222
2024-01-03 14:06:00,45181.6,45181.7,45172.8,45172.9,41.647
2024-01-03 14:07:00,45172.9,45172.9,45157.2,45165.8,29.194
2024-01-03 14:08:00,45165.8,45174.0,45156.5,45164.8,94.261
2024-01-03 14:09:00,45164.4,45181.7,45158.4,45161.4,64.758
2024-01-03 14:10:00,45161.4,45164.5,45052.0,45081.1,703.309
2024-01-03 14:11:00,45081.1,45086.8,45065.7,45075.1,160.536
2024-01-03 14:12:00,45075.1,45075.1,45051.6,45056.9,121.727
2024-01-03 14:13:00,45056.9,45076.1,45056.9,45075.0,105.446
2024-01-03 14:14:00,45075.0,45084.9,45070.0,45084.8,53.453
2024-01-03 14:15:00,45084.7,45084.8,45071.5,45078.8,67.109
2024-01-03 14:16:00,45078.8,45104.0,45070.1,45104.0,72.264
2024-01-03 14:17:00,45103.9,45118.0,45073.2,45077.6,98.125
2024-01-03 14:18:00,45077.6,45100.1,45064.0,45100.0,109.824
2024-01-03 14:19:00,45100.1,45117.9,45091.0,45113.7,67.876
2024-01-03 14:20:00,45113.7,45123.5,45113.7,45120.7,56.195
2024-01-03 14:21:00,45120.8,45133.5,45117.9,45129.0,63.531
2024-01-03 14:22:00,45129.0,45129.0,45108.0,45123.2,60.588
2024-01-03 14:23:00,45123.2,45123.3,45108.2,45120.1,67.897
2024-01-03 14:24:00,45120.1,45142.8,45120.0,45142.8,68.432
2024-01-03 14:25:00,45142.8,45158.2,45142.7,45158.1,65.008
2024-01-03 14:26:00,45158.1,45215.9,45153.6,45206.6,643.836
2024-01-03 14:27:00,45206.5,45210.9,45179.1,45179.2,135.925
2024-01-03 14:28:00,45179.2,45215.0,45179.2,45210.2,191.529
2024-01-03 14:29:00,45210.1,45240.0,45210.1,45224.1,261.77
2024-01-03 14:30:00,45224.1,45243.0,45207.5,45240.9,204.062
2024-01-03 14:31:00,45240.8,45240.9,45222.9,45226.9,76.141
2024-01-03 14:32:00,45226.9,45282.6,45226.9,45269.2,654.791
2024-01-03 14:33:00,45269.1,45273.8,45261.4,45265.1,113.508
2024-01-03 14:34:00,45265.2,45278.0,45265.1,45277.9,87.525
2024-01-03 14:35:00,45278.0,45286.7,45266.8,45266.9,122.25
2024-01-03 14:36:00,45266.9,45295.0,45265.7,45280.0,193.239
2024-01-03 14:37:00,45280.0,45288.1,45267.0,45270.0,95.843
2024-01-03 14:38:00,45270.1,45270.1,45263.0,45265.4,41.376
2024-01-03 14:39:00,45265.5,45292.3,45265.3,45292.3,85.331
2024-01-03 14:40:00,45292.3,45320.0,45291.0,45306.6,448.787
2024-01-03 14:41:00,45306.6,45319.6,45304.9,45319.5,115.202
2024-01-03 14:42:00,45319.6,45319.6,45301.9,45311.4,122.791
2024-01-03 14:43:00,45311.3,45344.9,45287.3,45332.3,404.312
2024-01-03 14:44:00,45332.3,45350.0,45317.0,45331.4,316.42
2024-01-03 14:45:00,45331.4,45333.2,45293.9,45293.9,136.72
2024-01-03 14:46:00,45293.9,45300.0,45289.0,45289.0,60.365
2024-01-03 14:47:00,45289.0,45290.0,45245.0,45245.0,185.865
2024-01-03 14:48:00,45245.0,45293.0,45242.6,45293.0,115.735
2024-01-03 14:49:00,45292.9,45309.2,45292.9,45298.5,112.958
2024-01-03 14:50:00,45298.4,45303.2,45270.3,45281.1,70.424
2024-01-03 14:51:00,45281.1,45330.0,45281.1,45330.0,250.003
2024-01-03 14:52:00,45330.0,45333.5,45305.0,45321.0,387.824
2024-01-03 14:53:00,45320.9,45323.0,45306.6,45306.6,57.943
2024-01-03 14:54:00,45306.5,45331.0,45300.3,45328.3,227.103
2024-01-03 14:55:00,45328.3,45341.6,45303.2,45323.9,150.105
2024-01-03 14:56:00,45323.9,45350.0,45312.2,45333.0,334.351
2024-01-03 14:57:00,45333.0,45388.0,45321.9,45385.5,375.045
2024-01-03 14:58:00,45385.5,45404.2,45364.2,45404.1,661.246
2024-01-03 14:59:00,45404.1,45404.1,45377.8,45394.2,253.867
2024-01-03 15:00:00,45394.1,45400.7,45363.6,45364.0,238.318
2024-01-03 15:01:00,45364.1,45376.7,45364.1,45375.8,74.302
2024-01-03 15:02:00,45375.8,45375.8,45336.3,45348.9,173.793
2024-01-03 15:03:00,45349.0,45349.0,45338.2,45342.0,64.338
2024-01-03 15:04:00,45342.1,45342.1,45326.6,45332.0,62.672
2024-01-03 15:05:00,45332.0,45347.0,45326.6,45347.0,79.397
2024-01-03 15:06:00,45347.0,45421.9,45346.9,45421.8,278.38
2024-01-03 15:07:00,45421.9,45494.7,45403.7,45442.9,1151.93
2024-01-03 15:08:00,45443.0,45463.3,45431.9,45436.1,361.734
2024-01-03 15:09:00,45436.1,45582.3,45436.1,45531.3,1876.144
2024-01-03 15:10:00,45531.2,45531.3,45478.8,45478.8,365.727
2024-01-03 15:11:00,45478.9,45529.8,45458.0,45504.1,322.498
2024-01-03 15:12:00,45504.0,45504.1,45455.0,45476.5,233.62
2024-01-03 15:13:00,45476.6,45478.9,45442.5,45451.0,179.689
2024-01-03 15:14:00,45451.0,45459.4,45435.2,45447.5,130.32
2024-01-03 15:15:00,45447.6,45456.4,45431.0,45435.1,97.091
2024-01-03 15:16:00,45435.1,45443.4,45413.1,45426.7,218.013
2024-01-03 15:17:00,45426.7,45435.8,45417.3,45434.9,124.368
2024-01-03 15:18:00,45434.8,45434.9,45377.0,45390.6,394.45
2024-01-03 15:19:00,45391.0,45401.5,45383.0,45398.7,91.162
2024-01-03 15:20:00,45398.6,45406.0,45385.1,45394.9,101.517
2024-01-03 15:21:00,45394.9,45396.9,45385.8,45392.0,57.571
2024-01-03 15:22:00,45392.1,45395.0,45371.5,45375.3,105.169
2024-01-03 15:23:00,45375.2,45454.0,45371.5,45450.3,462.732
2024-01-03 15:24:00,45450.3,45460.0,45431.1,45438.7,349.967
2024-01-03 15:25:00,45438.8,45438.8,45371.5,45381.7,146.335
2024-01-03 15:26:00,45381.7,45384.6,45366.6,45369.9,81.598
2024-01-03 15:27:00,45369.8,45371.5,45353.3,45370.7,145.214
2024-01-03 15:28:00,45370.6,45375.0,45359.8,45369.9,143.37
2024-01-03 15:29:00,45369.8,45379.7,45369.8,45378.7,51.211
2024-01-03 15:30:00,45378.6,45389.3,45345.6,45345.6,189.634
2024-01-03 15:31:00,45345.6,45377.9,45333.3,45377.9,240.897
2024-01-03 15:32:00,45377.8,45396.3,45376.7,45392.9,81.216
2024-01-03 15:33:00,45392.9,45410.2,45392.9,45402.1,90.987
2024-01-03 15:34:00,45402.1,45409.6,45388.0,45403.4,61.884
2024-01-03 15:35:00,45403.4,45410.4,45403.4,45410.4,40.454
2024-01-03 15:36:00,45410.3,45410.4,45372.3,45401.0,107.599
2024-01-03 15:37:00,45401.1,45401.1,45374.4,45381.4,38.874
2024-01-03 15:38:00,45381.5,45402.4,45372.6,45402.4,80.59
2024-01-03 15:39:00,45402.4,45414.3,45384.2,45412.7,71.438
2024-01-03 15:40:00,45412.7,45412.7,45388.2,45388.2,38.43
2024-01-03 15:41:00,45388.2,45410.0,45386.6,45397.4,84.648
2024-01-03 15:42:00,45397.4,45420.9,45397.4,45410.5,136.532
2024-01-03 15:43:00,45410.5,45416.5,45407.3,45416.5,52.8
2024-01-03 15:44:00,45416.4,45416.8,45389.2,45389.3,80.568
2024-01-03 15:45:00,45389.2,45414.9,45384.9,45407.1,132.332
2024-01-03 15:46:00,45407.1,45410.9,45383.7,45383.7,49.155
2024-01-03 15:47:00,45383.8,45393.1,45368.9,45369.0,66.014
2024-01-03 15:48:00,45369.1,45372.4,45350.0,45350.0,85.684
2024-01-03 15:49:00,45350.0,45367.4,45350.0,45367.4,64.342
2024-01-03 15:50:00,45367.3,45370.6,45361.2,45367.0,46.701
2024-01-03 15:51:00,45367.0,45368.7,45330.4,45337.0,110.042
2024-01-03 15:52:00,45337.1,45344.8,45330.1,45335.2,58.351
2024-01-03 15:53:00,45335.2,45344.5,45285.5,45290.4,383.8
2024-01-03 15:54:00,45290.4,45298.8,45247.0,45291.7,418.942
2024-01-03 15:55:00,45291.8,45313.9,45291.8,45308.3,144.508
2024-01-03 15:56:00,45308.3,45329.6,45283.4,45283.4,223.968
2024-01-03 15:57:00,45283.4,45304.2,45274.7,45303.9,104.383
2024-01-03 15:58:00,45301.3,45311.4,45286.7,45310.2,97.643
2024-01-03 15:59:00,45310.2,45315.8,45302.7,45315.7,47.751
2024-01-03 16:00:00,45315.8,45326.6,45289.8,45294.9,137.802
2024-01-03 16:01:00,45294.8,45315.7,45294.8,45314.7,38.101
2024-01-03 16:02:00,45314.8,45323.2,45298.2,45319.7,80.049
2024-01-03 16:03:00,45319.7,45325.0,45316.8,45322.0,26.736
2024-01-03 16:04:00,45321.9,45344.7,45318.2,45338.2,51.577
2024-01-03 16:05:00,45338.1,45338.2,45290.0,45290.0,105.01
2024-01-03 16:06:00,45290.1,45290.1,45268.5,45285.9,82.86
2024-01-03 16:07:00,45285.9,45285.9,45250.4,45250.5,182.822
2024-01-03 16:08:00,45250.5,45250.5,45170.4,45188.2,1223.698
2024-01-03 16:09:00,45188.2,45205.5,45101.5,45143.8,886.311
2024-01-03 16:10:00,45143.8,45160.0,45104.5,45156.2,391.215
2024-01-03 16:11:00,45156.2,45160.5,45100.3,45121.4,326.082
2024-01-03 16:12:00,45121.3,45127.9,45070.1,45089.5,588.401
2024-01-03 16:13:00,45089.5,45106.2,45081.4,45105.9,248.56
2024-01-03 16:14:00,45106.0,45117.3,45085.0,45097.8,315.327
2024-01-03 16:15:00,45097.8,45139.9,45091.4,45126.2,367.212
2024-01-03 16:16:00,45126.3,45126.3,45061.0,45073.5,306.988
2024-01-03 16:17:00,45073.5,45135.7,45073.5,45096.7,318.549
2024-01-03 16:18:00,45096.7,45126.3,45094.1,45124.1,174.718
2024-01-03 16:19:00,45123.0,45123.7,45106.8,45120.5,75.731
2024-01-03 16:20:00,45120.5,45166.0,45120.4,45153.3,200.61
2024-01-03 16:21:00,45153.2,45170.1,45148.7,45161.6,203.128
2024-01-03 16:22:00,45161.6,45177.8,45161.5,45177.8,111.15
2024-01-03 16:23:00,45177.7,45177.7,45111.0,45114.5,220.533
2024-01-03 16:24:00,45114.6,45136.3,45108.1,45113.7,159.218
2024-01-03 16:25:00,45113.7,45123.6,45104.2,45108.6,96.466
2024-01-03 16:26:00,45108.5,45143.6,45108.5,45125.2,214.644
2024-01-03 16:27:00,45125.2,45141.2,45124.1,45132.2,127.723
2024-01-03 16:28:00,45132.2,45191.7,45132.2,45183.6,133.923
2024-01-03 16:29:00,45183.6,45199.0,45175.6,45175.7,254.511
2024-01-03 16:30:00,45175.7,45195.7,45175.6,45187.3,174.004
2024-01-03 16:31:00,45187.3,45205.3,45187.3,45200.0,136.241
2024-01-03 16:32:00,45200.0,45200.0,45169.0,45183.7,104.139
2024-01-03 16:33:00,45183.6,45187.9,45082.7,45098.9,420.321
2024-01-03 16:34:00,45099.0,45123.1,45098.9,45108.6,160.476
2024-01-03 16:35:00,45108.6,45119.8,45100.0,45104.0,153.679
2024-01-03 16:36:00,45104.1,45113.1,45096.1,45103.3,77.057
2024-01-03 16:37:00,45103.4,45103.4,45000.6,45007.2,1333.128
2024-01-03 16:38:00,45007.1,45010.1,44928.5,44955.2,1404.046
2024-01-03 16:39:00,44955.3,44987.8,44940.3,44967.1,466.386
2024-01-03 16:40:00,44967.0,44973.7,44906.8,44912.9,751.773
2024-01-03 16:41:00,44912.9,44915.0,44870.0,44871.9,1107.421
2024-01-03 16:42:00,44872.0,44891.8,44802.1,44887.6,1329.823
2024-01-03 16:43:00,44886.8,44915.0,44834.9,44854.1,937.406
2024-01-03 16:44:00,44854.1,44864.9,44723.7,44757.2,1496.54
2024-01-03 16:45:00,44757.2,44862.8,44726.9,44862.8,935.928
2024-01-03 16:46:00,44862.8,44879.6,44807.4,44876.9,608.138
2024-01-03 16:47:00,44876.8,44880.0,44829.9,44856.2,405.631
2024-01-03 16:48:00,44856.2,44903.0,44812.5,44894.8,900.718
2024-01-03 16:49:00,44894.7,44894.8,44831.6,44842.7,373.355
2024-01-03 16:50:00,44842.6,44871.0,44799.9,44822.1,429.718
2024-01-03 16:51:00,44822.1,44850.0,44800.0,44800.0,426.075
2024-01-03 16:52:00,44800.0,44812.5,44781.2,44787.0,333.183
2024-01-03 16:53:00,44787.0,44809.1,44630.0,44630.0,1478.795
2024-01-03 16:54:00,44630.0,44716.0,44320.0,44560.9,7755.478
2024-01-03 16:55:00,44561.0,44668.0,44500.0,44595.1,2083.795
2024-01-03 16:56:00,44595.2,44602.7,44512.0,44579.6,1010.991
2024-01-03 16:57:00,44580.8,44600.0,44513.9,44573.1,691.797
2024-01-03 16:58:00,44573.2,44599.1,44517.3,44523.3,773.653
2024-01-03 16:59:00,44523.3,44523.3,44342.9,44380.3,2723.925
2024-01-03 17:00:00,44380.4,44517.8,44334.0,44414.4,2445.916
2024-01-03 17:01:00,44415.2,44446.3,44365.1,44435.1,920.451
2024-01-03 17:02:00,44435.2,44522.0,44404.7,44456.6,836.948
2024-01-03 17:03:00,44456.7,44520.2,44400.3,44507.9,694.247
2024-01-03 17:04:00,44508.0,44529.7,44466.0,44525.8,647.427
2024-01-03 17:05:00,44525.8,44571.0,44470.0,44519.7,1835.225
2024-01-03 17:06:00,44519.7,44600.0,44519.7,44529.9,925.484
2024-01-03 17:07:00,44530.0,44583.3,44523.6,44546.5,519.532
2024-01-03 17:08:00,44546.5,44579.6,44502.7,44510.2,413.014
2024-01-03 17:09:00,44510.2,44521.6,44465.6,44465.6,504.782
2024-01-03 17:10:00,44465.7,44495.4,44450.6,44472.1,437.878
2024-01-03 17:11:00,44472.1,44489.0,44440.7,44462.8,280.944
2024-01-03 17:12:00,44462.8,44491.5,44462.8,44488.5,348.172
2024-01-03 17:13:00,44488.5,44499.3,44470.1,44482.7,193.932
2024-01-03 17:14:00,44482.6,44525.2,44444.4,44525.2,472.175
2024-01-03 17:15:00,44525.1,44544.6,44457.4,44460.7,652.512
2024-01-03 17:16:00,44460.7,44534.7,44453.1,44474.6,467.383
2024-01-03 17:17:00,44474.6,44513.0,44458.1,44458.2,574.738
2024-01-03 17:18:00,44458.2,44458.2,44404.0,44407.4,780.453
2024-01-03 17:19:00,44407.4,44413.0,44358.0,44358.2,1238.353
2024-01-03 17:20:00,44358.2,44379.2,44241.3,44329.3,3104.254
2024-01-03 17:21:00,44329.3,44342.6,44032.0,44065.9,3455.503
2024-01-03 17:22:00,44066.1,44249.9,44053.5,44249.8,3337.74
2024-01-03 17:23:00,44249.9,44265.6,44163.8,44163.9,1053.08
2024-01-03 17:24:00,44163.9,44177.9,44020.3,44100.1,1708.927
2024-01-03 17:25:00,44100.1,44100.3,43600.0,43616.6,10252.519
2024-01-03 17:26:00,43616.6,43750.0,43500.0,43670.5,7723.763
2024-01-03 17:27:00,43670.5,43815.6,43604.0,43769.2,2909.906
2024-01-03 17:28:00,43769.1,43800.0,43630.4,43698.2,2407.76
2024-01-03 17:29:00,43698.2,43756.0,43686.8,43728.9,1295.726
2024-01-03 17:30:00,43728.9,43738.8,43570.0,43575.3,2277.351
2024-01-03 17:31:00,43575.3,43577.4,42070.0,42584.3,19844.804
2024-01-03 17:32:00,42585.0,42942.2,42526.8,42921.0,6109.044
2024-01-03 17:33:00,42920.9,43170.8,42779.9,43022.2,5865.46
2024-01-03 17:34:00,43021.6,43039.3,42688.6,42967.4,3984.669
2024-01-03 17:35:00,42967.4,43011.8,42761.6,42869.4,4017.48
2024-01-03 17:36:00,42874.7,42970.3,42636.0,42767.8,3291.612
2024-01-03 17:37:00,42767.8,42855.0,42566.0,42629.4,3626.898
2024-01-03 17:38:00,42629.4,42681.3,41500.0,41973.3,10608.201
2024-01-03 17:39:00,41972.4,42158.2,40407.6,40436.8,15284.864
2024-01-03 17:40:00,40456.9,41412.6,40333.0,41300.0,10342.954
2024-01-03 17:41:00,41294.9,41900.0,41261.4,41716.7,6590.378
2024-01-03 17:42:00,41719.8,41880.0,41455.3,41572.7,3268.523
2024-01-03 17:43:00,41572.7,41656.5,41367.1,41622.9,2668.282
2024-01-03 17:44:00,41620.3,41966.0,41607.6,41948.5,2818.624
2024-01-03 17:45:00,41952.5,42400.0,41894.9,42387.0,4157.1
2024-01-03 17:46:00,42396.6,42539.1,42272.5,42479.2,3720.42
2024-01-03 17:47:00,42467.1,42500.0,42316.4,42451.1,2419.548
2024-01-03 17:48:00,42443.7,42472.4,42350.0,42354.9,1635.053
2024-01-03 17:49:00,42354.9,42369.6,41999.8,42085.1,3551.286
2024-01-03 17:50:00,42085.0,42099.2,41956.0,42063.5,2338.851
2024-01-03 17:51:00,42061.5,42410.5,42044.0,42337.4,3072.044
2024-01-03 17:52:00,42337.4,42430.0,42191.4,42305.8,2405.899
2024-01-03 17:53:00,42307.2,42517.8,42286.4,42517.8,2021.849
2024-01-03 17:54:00,42509.1,42544.6,42460.2,42520.0,2470.768
2024-01-03 17:55:00,42519.9,42529.3,42300.0,42342.2,2201.698
2024-01-03 17:56:00,42342.2,42442.4,42270.1,42328.2,1268.355
2024-01-03 17:57:00,42328.3,42350.0,42003.0,42050.3,2550.685
2024-01-03 17:58:00,42041.4,42367.1,42029.7,42353.6,2079.28
2024-01-03 17:59:00,42353.5,42389.1,42322.5,42323.6,1281.507
2024-01-03 18:00:00,42323.6,42335.6,42147.1,42162.0,1103.983
2024-01-03 18:01:00,42163.6,42300.0,42151.6,42202.0,938.091
2024-01-03 18:02:00,42204.7,42211.6,42055.0,42091.7,1396.059
2024-01-03 18:03:00,42091.8,42277.0,42091.8,42193.7,1376.193
2024-01-03 18:04:00,42193.3,42291.0,42157.1,42283.1,1108.491
2024-01-03 18:05:00,42279.6,42291.0,42197.1,42269.5,969.305
2024-01-03 18:06:00,42269.4,42398.5,42261.2,42391.0,1366.414
2024-01-03 18:07:00,42391.0,42439.7,42373.0,42399.1,1480.806
2024-01-03 18:08:00,42399.1,42399.1,42258.7,42258.8,1163.717
2024-01-03 18:09:00,42258.8,42302.0,42200.0,42202.0,1024.079
2024-01-03 18:10:00,42202.0,42208.9,42100.0,42124.2,1234.492
2024-01-03 18:11:00,42124.2,42202.4,42112.1,42156.6,823.71
2024-01-03 18:12:00,42156.5,42290.0,42128.7,42261.6,1663.169
2024-01-03 18:13:00,42261.6,42286.3,42180.5,42218.8,754.13
2024-01-03 18:14:00,42218.9,42248.0,42162.6,42171.1,753.265
2024-01-03 18:15:00,42171.2,42271.8,42126.7,42264.6,1080.633
2024-01-03 18:16:00,42264.6,42360.6,42232.8,42332.4,1016.835
2024-01-03 18:17:00,42332.4,42434.5,42320.0,42412.7,1262.732
2024-01-03 18:18:00,42412.6,42540.0,42380.9,42516.6,1978.887
2024-01-03 18:19:00,42516.5,42521.2,42464.2,42494.9,1374.439
2024-01-03 18:20:00,42494.9,42524.1,42406.7,42471.5,972.576
2024-01-03 18:21:00,42471.5,42478.1,42350.8,42422.4,784.032
2024-01-03 18:22:00,42422.4,42500.0,42395.5,42488.2,676.657
2024-01-03 18:23:00,42488.3,42667.9,42488.2,42620.7,2062.743
2024-01-03 18:24:00,42618.4,42820.0,42617.5,42771.7,2444.608
2024-01-03 18:25:00,42775.4,42778.3,42622.0,42703.8,1710.339
2024-01-03 18:26:00,42705.7,42731.2,42656.1,42688.3,1051.314
2024-01-03 18:27:00,42688.3,42730.0,42627.8,42716.7,1199.426
2024-01-03 18:28:00,42716.7,42760.4,42679.4,42759.7,902.241
2024-01-03 18:29:00,42759.6,42807.5,42700.2,42795.8,1014.017
2024-01-03 18:30:00,42795.8,42827.1,42632.6,42641.7,1413.977
2024-01-03 18:31:00,42641.8,42677.9,42500.8,42520.8,1708.923
2024-01-03 18:32:00,42520.7,42675.2,42513.9,42653.3,878.378
2024-01-03 18:33:00,42653.3,42656.5,42550.5,42580.0,527.352
2024-01-03 18:34:00,42580.0,42659.7,42525.0,42544.5,596.409
2024-01-03 18:35:00,42544.5,42655.0,42528.7,42646.4,740.469
2024-01-03 18:36:00,42646.4,42698.3,42637.7,42679.5,515.489
2024-01-03 18:37:00,42679.4,42696.3,42627.0,42627.0,497.35
2024-01-03 18:38:00,42627.0,42627.1,42535.2,42579.2,516.415
2024-01-03 18:39:00,42579.2,42673.2,42575.2,42673.2,562.42
2024-01-03 18:40:00,42673.2,42700.0,42625.3,42689.1,368.353
2024-01-03 18:41:00,42689.0,42695.9,42610.7,42681.9,474.973
2024-01-03 18:42:00,42681.9,42688.9,42652.5,42687.2,300.036
2024-01-03 18:43:00,42687.3,42696.3,42600.7,42605.6,524.479
2024-01-03 18:44:00,42605.6,42605.6,42550.0,42550.1,395.958
2024-01-03 18:45:00,42550.1,42651.0,42550.0,42646.5,425.984
2024-01-03 18:46:00,42646.5,42694.5,42638.4,42694.4,440.162
2024-01-03 18:47:00,42694.5,42704.2,42671.1,42677.3,424.019
2024-01-03 18:48:00,42677.3,42694.6,42609.8,42618.6,406.822
2024-01-03 18:49:00,42618.7,42657.4,42554.3,42576.1,509.249
2024-01-03 18:50:00,42576.0,42595.9,42501.1,42514.0,684.87
2024-01-03 18:51:00,42514.0,42549.1,42500.6,42527.2,422.507
2024-01-03 18:52:00,42527.2,42527.3,42315.0,42336.8,2795.782
2024-01-03 18:53:00,42336.7,42556.3,42332.7,42496.6,1121.876
2024-01-03 18:54:00,42496.5,42555.6,42453.7,42480.6,556.749
2024-01-03 18:55:00,42480.6,42499.9,42414.9,42433.1,429.58
2024-01-03 18:56:00,42433.2,42484.5,42415.6,42468.3,467.506
2024-01-03 18:57:00,42468.4,42556.8,42453.4,42470.2,724.546
2024-01-03 18:58:00,42470.1,42524.9,42453.6,42516.5,360.801
2024-01-03 18:59:00,42516.6,42561.1,42478.7,42478.7,369.945
2024-01-03 19:00:00,42478.0,42544.7,42460.3,42511.7,412.685
2024-01-03 19:01:00,42511.8,42512.2,42444.9,42453.0,376.967
2024-01-03 19:02:00,42451.5,42469.5,42406.8,42416.2,275.563
2024-01-03 19:03:00,42416.2,42492.0,42406.8,42474.6,431.518
2024-01-03 19:04:00,42474.6,42475.2,42438.2,42438.2,227.559
2024-01-03 19:05:00,42437.9,42550.0,42417.9,42547.4,438.953
2024-01-03 19:06:00,42547.3,42646.1,42537.1,42608.7,790.272
2024-01-03 19:07:00,42608.2,42648.5,42569.8,42621.2,389.577
2024-01-03 19:08:00,42621.2,42662.3,42605.6,42641.6,355.507
2024-01-03 19:09:00,42641.7,42653.5,42597.5,42623.1,450.702
2024-01-03 19:10:00,42623.1,42698.3,42600.7,42695.9,412.032
2024-01-03 19:11:00,42696.2,42699.8,42638.4,42638.5,440.251
2024-01-03 19:12:00,42638.4,42690.0,42617.1,42618.7,342.236
2024-01-03 19:13:00,42618.7,42629.7,42546.0,42561.7,331.8
2024-01-03 19:14:00,42561.9,42577.0,42529.2,42544.0,304.01
2024-01-03 19:15:00,42544.0,42555.0,42480.8,42533.3,551.438
2024-01-03 19:16:00,42533.2,42583.0,42516.2,42571.2,432.137
2024-01-03 19:17:00,42571.2,42575.0,42514.1,42521.5,366.182
2024-01-03 19:18:00,42521.5,42521.5,42400.0,42401.4,706.65
2024-01-03 19:19:00,42402.9,42446.4,42370.6,42415.0,993.855
2024-01-03 19:20:00,42413.6,42413.6,42310.4,42323.0,1121.132
2024-01-03 19:21:00,42323.2,42445.0,42319.5,42411.1,635.277
2024-01-03 19:22:00,42411.1,42448.7,42361.0,42448.7,511.504
2024-01-03 19:23:00,42448.6,42476.0,42406.8,42463.4,425.772
2024-01-03 19:24:00,42463.4,42479.0,42431.0,42470.0,221.604
2024-01-03 19:25:00,42470.0,42474.0,42417.1,42460.9,235.333
2024-01-03 19:26:00,42460.9,42474.0,42390.7,42391.7,256.194
2024-01-03 19:27:00,42391.7,42412.0,42354.0,42412.0,454.942
2024-01-03 19:28:00,42411.9,42461.1,42410.5,42429.8,260.881
2024-01-03 19:29:00,42430.5,42545.7,42430.5,42545.7,577.916
2024-01-03 19:30:00,42545.7,42546.4,42480.5,42484.4,470.857
2024-01-03 19:31:00,42484.4,42507.7,42452.1,42452.1,277.05
2024-01-03 19:32:00,42452.0,42452.0,42396.0,42403.8,263.155
2024-01-03 19:33:00,42403.8,42480.0,42403.8,42418.9,201.81
2024-01-03 19:34:00,42418.8,42445.0,42360.4,42369.8,372.362
2024-01-03 19:35:00,42369.8,42418.8,42354.1,42379.2,355.912
2024-01-03 19:36:00,42379.2,42420.0,42370.0,42417.5,256.002
2024-01-03 19:37:00,42417.4,42459.0,42400.0,42400.1,202.298
2024-01-03 19:38:00,42400.0,42400.1,42351.1,42365.7,235.407
2024-01-03 19:39:00,42365.7,42430.0,42358.3,42390.0,266.975
2024-01-03 19:40:00,42390.0,42400.0,42365.3,42371.9,134.608
2024-01-03 19:41:00,42371.9,42444.0,42342.9,42355.3,312.735
2024-01-03 19:42:00,42355.4,42380.8,42340.0,42340.0,318.831
2024-01-03 19:43:00,42340.0,42352.7,42262.5,42309.6,818.761
2024-01-03 19:44:00,42309.7,42341.3,42300.3,42304.3,282.749
2024-01-03 19:45:00,42303.6,42307.5,42208.0,42215.7,1038.045
2024-01-03 19:46:00,42215.7,42248.0,42101.4,42187.3,2501.19
2024-01-03 19:47:00,42192.0,42297.1,42177.2,42288.7,1382.61
2024-01-03 19:48:00,42288.6,42390.0,42288.6,42387.9,958.851
2024-01-03 19:49:00,42387.8,42406.6,42334.5,42370.9,506.895
2024-01-03 19:50:00,42370.8,42387.3,42333.5,42383.0,373.457
2024-01-03 19:51:00,42381.1,42387.5,42334.1,42365.6,264.046
2024-01-03 19:52:00,42365.6,42370.4,42239.0,42294.0,316.323
2024-01-03 19:53:00,42294.0,42320.3,42257.1,42277.5,210.66
2024-01-03 19:54:00,42277.5,42277.6,42166.6,42174.0,573.051
2024-01-03 19:55:00,42174.0,42190.1,42081.7,42171.1,1185.629
2024-01-03 19:56:00,42171.1,42242.5,42122.0,42143.8,657.177
2024-01-03 19:57:00,42143.9,42146.4,42062.7,42104.8,788.279
2024-01-03 19:58:00,42104.8,42190.0,42101.9,42165.4,684.163
2024-01-03 19:59:00,42165.5,42213.5,42121.7,42121.8,347.514
2024-01-03 20:00:00,42121.8,42263.7,42120.9,42263.6,479.423
2024-01-03 20:01:00,42263.5,42270.1,42115.3,42171.4,487.691
2024-01-03 20:02:00,42171.3,42212.2,42110.0,42212.2,410.866
2024-01-03 20:03:00,42212.2,42230.0,42153.1,42215.1,301.925
2024-01-03 20:04:00,42215.0,42224.0,42178.1,42178.1,227.826
2024-01-03 20:05:00,42177.9,42196.3,42130.2,42146.8,346.437
2024-01-03 20:06:00,42146.7,42174.4,42109.4,42109.4,242.181
2024-01-03 20:07:00,42109.4,42149.0,42093.2,42093.2,342.007
2024-01-03 20:08:00,42093.1,42120.1,42080.0,42106.3,394.142
2024-01-03 20:09:00,42106.4,42188.7,42104.0,42158.9,236.196
2024-01-03 20:10:00,42158.9,42230.7,42134.2,42218.0,403.735
2024-01-03 20:11:00,42218.1,42224.0,42142.8,42216.1,332.561
2024-01-03 20:12:00,42216.2,42250.0,42200.4,42240.0,729.626
2024-01-03 20:13:00,42239.9,42350.0,42239.9,42344.2,821.364
2024-01-03 20:14:00,42344.3,42375.0,42319.6,42369.8,759.512
2024-01-03 20:15:00,42369.8,42369.9,42280.6,42334.0,531.338
2024-01-03 20:16:00,42334.0,42334.0,42255.0,42298.2,390.736
2024-01-03 20:17:00,42298.2,42309.5,42261.3,42265.4,313.457
2024-01-03 20:18:00,42265.4,42303.3,42262.6,42297.2,198.876
2024-01-03 20:19:00,42297.2,42340.0,42289.3,42294.1,256.38
2024-01-03 20:20:00,42294.1,42330.0,42290.5,42320.0,231.132
2024-01-03 20:21:00,42320.0,42324.8,42285.0,42291.0,186.979
2024-01-03 20:22:00,42290.9,42291.0,42207.8,42248.0,320.732
2024-01-03 20:23:00,42248.1,42263.4,42201.1,42223.4,236.297
2024-01-03 20:24:00,42223.4,42278.0,42212.2,42258.7,225.434
2024-01-03 20:25:00,42258.6,42293.3,42231.6,42232.8,188.805
2024-01-03 20:26:00,42232.9,42278.1,42214.5,42278.1,181.099
2024-01-03 20:27:00,42278.1,42280.4,42208.0,42208.1,288.508
2024-01-03 20:28:00,42208.1,42230.4,42201.0,42210.0,150.626
2024-01-03 20:29:00,42210.0,42262.9,42181.1,42204.1,466.044
2024-01-03 20:30:00,42204.1,42291.0,42194.2,42281.4,365.499
2024-01-03 20:31:00,42281.8,42340.0,42248.5,42274.3,393.963
2024-01-03 20:32:00,42274.2,42375.5,42254.9,42359.1,372.942
2024-01-03 20:33:00,42359.1,42408.8,42347.6,42396.5,489.997
2024-01-03 20:34:00,42396.6,42415.8,42350.0,42368.1,526.365
2024-01-03 20:35:00,42368.2,42469.4,42366.6,42464.8,750.424
2024-01-03 20:36:00,42464.7,42477.0,42440.4,42475.1,373.752
2024-01-03 20:37:00,42474.1,42483.3,42372.8,42372.8,909.931
2024-01-03 20:38:00,42372.8,42420.0,42371.8,42410.0,388.472
2024-01-03 20:39:00,42410.0,42458.0,42407.6,42431.2,258.362
2024-01-03 20:40:00,42431.2,42435.1,42402.0,42430.0,333.279
2024-01-03 20:41:00,42429.9,42480.0,42429.9,42467.1,390.651
2024-01-03 20:42:00,42467.1,42471.5,42386.0,42443.0,420.903
2024-01-03 20:43:00,42443.3,42456.3,42400.0,42414.5,426.446
2024-01-03 20:44:00,42414.6,42437.8,42400.0,42427.0,170.078
2024-01-03 20:45:00,42427.0,42434.6,42381.3,42413.2,293.901
2024-01-03 20:46:00,42413.1,42483.3,42395.0,42402.2,781.28
2024-01-03 20:47:00,42402.2,42479.2,42400.0,42479.1,261.69
2024-01-03 20:48:00,42479.1,42483.3,42450.0,42456.4,163.209
2024-01-03 20:49:00,42456.5,42457.5,42408.2,42451.0,239.96
2024-01-03 20:50:00,42451.1,42471.6,42400.3,42400.4,183.059
2024-01-03 20:51:00,42400.3,42400.4,42320.0,42342.2,503.537
2024-01-03 20:52:00,42342.2,42375.0,42309.4,42375.0,249.854
2024-01-03 20:53:00,42375.0,42408.9,42325.4,42354.1,306.018
2024-01-03 20:54:00,42352.1,42393.9,42344.2,42385.4,174.751
2024-01-03 20:55:00,42385.4,42457.9,42378.5,42457.8,208.891
2024-01-03 20:56:00,42457.9,42471.0,42423.1,42432.9,179.961
2024-01-03 20:57:00,42432.9,42483.3,42432.8,42447.5,218.009
2024-01-03 20:58:00,42447.5,42447.5,42411.2,42423.8,166.564
2024-01-03 20:59:00,42423.8,42449.9,42419.8,42433.2,89.628
2024-01-03 21:00:00,42433.2,42449.2,42420.0,42423.4,104.478
2024-01-03 21:01:00,42423.5,42455.0,42391.3,42391.3,167.498
2024-01-03 21:02:00,42391.2,42417.8,42360.0,42417.7,166.401
2024-01-03 21:03:00,42417.8,42500.0,42417.8,42495.2,279.639
2024-01-03 21:04:00,42495.2,42529.0,42495.1,42511.7,356.11
2024-01-03 21:05:00,42511.7,42517.9,42439.1,42439.2,225.75
2024-01-03 21:06:00,42439.1,42439.2,42400.6,42407.3,198.668
2024-01-03 21:07:00,42407.4,42481.7,42407.4,42445.8,309.92
2024-01-03 21:08:00,42445.7,42474.4,42429.8,42468.6,130.522
2024-01-03 21:09:00,42468.6,42473.1,42440.6,42448.2,140.658
2024-01-03 21:10:00,42448.2,42456.2,42410.0,42432.4,139.22
2024-01-03 21:11:00,42432.4,42443.5,42392.0,42404.8,199.01
2024-01-03 21:12:00,42404.7,42459.1,42404.1,42446.2,129.826
2024-01-03 21:13:00,42446.2,42450.1,42411.5,42416.0,143.344
2024-01-03 21:14:00,42417.0,42449.5,42410.2,42418.6,117.302
2024-01-03 21:15:00,42418.6,42442.6,42398.6,42408.9,116.667
2024-01-03 21:16:00,42408.9,42408.9,42362.4,42380.4,167.175
2024-01-03 21:17:00,42380.3,42438.8,42366.9,42434.6,131.213
2024-01-03 21:18:00,42434.6,42456.8,42434.6,42451.4,105.658
2024-01-03 21:19:00,42451.5,42452.2,42432.7,42435.1,74.35
2024-01-03 21:20:00,42435.1,42435.1,42381.2,42389.6,189.385
2024-01-03 21:21:00,42389.5,42455.0,42389.5,42434.1,163.809
2024-01-03 21:22:00,42434.1,42444.5,42408.9,42416.8,93.548
2024-01-03 21:23:00,42416.9,42800.0,42416.9,42799.0,5514.079
2024-01-03 21:24:00,42798.9,43018.6,42785.9,42849.9,5817.807
2024-01-03 21:25:00,42849.9,42912.0,42721.6,42900.4,2130.0
2024-01-03 21:26:00,42898.3,43049.9,42897.7,42988.7,2333.381
2024-01-03 21:27:00,42988.7,42997.4,42819.5,42901.1,1055.958
2024-01-03 21:28:00,42901.0,43014.3,42856.5,42998.6,1004.896
2024-01-03 21:29:00,42998.9,43030.0,42952.9,43014.0,1384.325
2024-01-03 21:30:00,43014.0,43014.1,42884.3,42986.0,884.673
2024-01-03 21:31:00,42986.0,43217.9,42956.6,43204.2,2163.085
2024-01-03 21:32:00,43204.8,43568.5,43197.2,43477.2,6205.179
2024-01-03 21:33:00,43477.2,43531.2,43286.8,43526.9,2853.264
2024-01-03 21:34:00,43527.6,43595.9,43400.0,43484.5,3170.738
2024-01-03 21:35:00,43483.2,43489.0,43307.5,43340.2,1822.724
2024-01-03 21:36:00,43336.8,43361.0,43241.6,43300.0,1527.933
2024-01-03 21:37:00,43299.9,43385.3,43294.4,43367.5,921.21
2024-01-03 21:38:00,43367.6,43376.4,43323.1,43326.3,370.895
2024-01-03 21:39:00,43326.1,43337.2,43134.5,43139.8,1226.716
2024-01-03 21:40:00,43139.7,43330.0,43129.6,43315.4,972.792
2024-01-03 21:41:00,43315.4,43328.4,43236.0,43285.8,471.965
2024-01-03 21:42:00,43285.9,43325.0,43271.2,43324.9,532.527
2024-01-03 21:43:00,43324.9,43330.0,43236.5,43317.9,523.718
2024-01-03 21:44:00,43317.9,43325.0,43277.3,43280.1,362.624
2024-01-03 21:45:00,43280.0,43310.8,43254.4,43310.7,389.978
2024-01-03 21:46:00,43310.8,43336.6,43260.8,43336.6,517.958
2024-01-03 21:47:00,43336.7,43347.1,43236.0,43251.0,472.857
2024-01-03 21:48:00,43251.0,43251.0,43146.4,43160.0,699.155
2024-01-03 21:49:00,43160.0,43295.0,43151.5,43289.9,427.967
2024-01-03 21:50:00,43290.0,43308.5,43199.5,43199.5,302.422
2024-01-03 21:51:00,43199.4,43300.0,43190.0,43293.5,288.071
2024-01-03 21:52:00,43293.5,43298.1,43224.8,43235.1,227.609
2024-01-03 21:53:00,43235.2,43289.7,43235.1,43286.5,228.969
2024-01-03 21:54:00,43286.6,43318.1,43254.8,43311.4,419.404
2024-01-03 21:55:00,43311.4,43366.4,43295.3,43365.0,446.316
2024-01-03 21:56:00,43364.9,43365.0,43300.0,43336.6,431.032
2024-01-03 21:57:00,43336.5,43380.0,43326.7,43374.5,302.099
2024-01-03 21:58:00,43374.5,43437.9,43358.5,43436.3,528.151
2024-01-03 21:59:00,43436.3,43484.3,43436.3,43447.3,723.472
2024-01-03 22:00:00,43447.3,43449.7,43353.0,43360.8,473.156
2024-01-03 22:01:00,43360.8,43436.5,43360.8,43411.1,394.422
2024-01-03 22:02:00,43411.1,43429.6,43380.2,43421.1,257.045
2024-01-03 22:03:00,43421.1,43421.1,43326.3,43326.3,421.77
2024-01-03 22:04:00,43326.4,43332.5,43226.2,43232.3,596.182
2024-01-03 22:05:00,43232.3,43264.8,43212.1,43247.0,460.287
2024-01-03 22:06:00,43247.0,43282.2,43222.2,43222.2,373.305
2024-01-03 22:07:00,43222.3,43223.2,43136.0,43160.6,725.457
2024-01-03 22:08:00,43160.5,43171.5,42868.2,42915.2,3712.436
2024-01-03 22:09:00,42917.0,42988.1,42800.0,42968.6,3025.328
2024-01-03 22:10:00,42968.6,43103.3,42966.0,42973.7,965.313
2024-01-03 22:11:00,42973.7,43046.8,42942.2,43039.3,558.108
2024-01-03 22:12:00,43040.2,43040.3,42950.0,42950.0,567.865
2024-01-03 22:13:00,42950.1,42983.3,42901.7,42957.8,510.461
2024-01-03 22:14:00,42957.7,42997.4,42947.8,42970.1,277.323
2024-01-03 22:15:00,42970.0,42990.3,42801.4,42841.5,894.301
2024-01-03 22:16:00,42841.4,42922.4,42841.4,42883.2,395.346
2024-01-03 22:17:00,42883.2,43009.2,42883.2,42982.3,469.382
2024-01-03 22:18:00,42982.3,43038.1,42980.2,43006.3,448.132
2024-01-03 22:19:00,43006.2,43015.0,42982.4,43001.7,285.089
2024-01-03 22:20:00,43001.7,43025.0,42982.5,43003.5,231.047
2024-01-03 22:21:00,43003.4,43029.8,42959.2,42968.8,330.502
2024-01-03 22:22:00,42968.7,42999.6,42940.6,42953.6,432.188
2024-01-03 22:23:00,42953.5,42998.4,42945.0,42960.4,205.35
2024-01-03 22:24:00,42960.4,43054.9,42943.9,43054.9,432.821
2024-01-03 22:25:00,43054.8,43097.8,43052.3,43079.5,529.448
2024-01-03 22:26:00,43079.5,43083.9,43025.0,43034.4,269.367
2024-01-03 22:27:00,43034.3,43034.4,42957.0,42957.0,244.733
2024-01-03 22:28:00,42957.0,42989.1,42950.0,42971.8,210.292
2024-01-03 22:29:00,42971.9,43037.2,42971.8,43009.2,189.927
2024-01-03 22:30:00,43009.1,43049.8,42958.2,43029.3,243.351
2024-01-03 22:31:00,43029.2,43049.5,42968.8,43009.0,164.18
2024-01-03 22:32:00,43008.9,43018.7,42946.5,42957.7,222.039
2024-01-03 22:33:00,42957.7,42962.4,42890.0,42926.8,580.438
2024-01-03 22:34:00,42926.9,42956.3,42872.1,42943.2,381.398
2024-01-03 22:35:00,42943.2,42945.1,42892.1,42908.8,196.671
2024-01-03 22:36:00,42908.8,42914.3,42854.0,42860.9,313.976
2024-01-03 22:37:00,42860.9,42886.6,42820.8,42876.5,334.157
2024-01-03 22:38:00,42876.6,42934.3,42873.8,42918.6,190.755
2024-01-03 22:39:00,42918.7,42954.0,42883.5,42897.4,210.008
2024-01-03 22:40:00,42897.5,42956.6,42873.6,42927.0,170.211
2024-01-03 22:41:00,42927.1,42930.4,42900.0,42911.2,207.389
2024-01-03 22:42:00,42911.2,42927.9,42900.0,42901.6,245.435
2024-01-03 22:43:00,42901.6,42927.3,42890.0,42927.2,272.161
2024-01-03 22:44:00,42927.3,42934.3,42922.9,42929.1,119.528
2024-01-03 22:45:00,42929.0,42932.8,42882.4,42925.1,187.199
2024-01-03 22:46:00,42925.0,42925.0,42595.0,42657.1,2271.045
2024-01-03 22:47:00,42657.1,42790.0,42635.9,42789.9,1402.997
2024-01-03 22:48:00,42790.0,42847.7,42672.0,42733.9,694.276
2024-01-03 22:49:00,42733.9,42751.9,42626.1,42630.1,1194.974
2024-01-03 22:50:00,42630.0,42727.1,42620.0,42727.1,446.952
2024-01-03 22:51:00,42727.2,42740.5,42674.0,42700.5,259.048
2024-01-03 22:52:00,42700.5,42727.5,42700.0,42705.0,159.99
2024-01-03 22:53:00,42705.0,42743.1,42688.4,42730.8,178.162
2024-01-03 22:54:00,42730.7,42768.0,42692.7,42764.4,274.781
2024-01-03 22:55:00,42764.3,42771.0,42690.8,42741.5,350.272
2024-01-03 22:56:00,42741.5,42761.1,42739.8,42752.7,163.846
2024-01-03 22:57:00,42752.6,42800.1,42745.0,42800.1,178.449
2024-01-03 22:58:00,42800.1,42832.8,42794.9,42823.0,257.525
2024-01-03 22:59:00,42822.2,42825.4,42794.9,42794.9,210.028
2024-01-03 23:00:00,42794.9,42825.4,42744.0,42823.4,336.35
2024-01-03 23:01:00,42823.4,42823.5,42797.0,42815.3,143.709
2024-01-03 23:02:00,42815.3,42865.2,42808.4,42865.1,221.971
2024-01-03 23:03:00,42865.2,42935.2,42840.6,42922.4,740.632
2024-01-03 23:04:00,42922.3,42929.5,42862.0,42875.0,286.832
2024-01-03 23:05:00,42875.1,42889.6,42842.6,42851.9,149.259
2024-01-03 23:06:00,42851.9,42853.1,42806.5,42820.8,240.893
2024-01-03 23:07:00,42821.8,42832.2,42805.9,42824.0,78.182
2024-01-03 23:08:00,42823.9,42870.1,42823.9,42853.3,172.025
2024-01-03 23:09:00,42853.2,42864.6,42824.0,42824.1,103.361
2024-01-03 23:10:00,42824.1,42869.9,42822.3,42860.6,106.848
2024-01-03 23:11:00,42862.3,42862.4,42822.0,42847.0,113.453
2024-01-03 23:12:00,42846.9,42891.2,42846.9,42891.2,80.661
2024-01-03 23:13:00,42891.1,42893.4,42880.0,42885.5,92.035
2024-01-03 23:14:00,42885.6,42885.6,42773.4,42773.5,205.138
2024-01-03 23:15:00,42773.4,42827.6,42773.4,42817.9,155.297
2024-01-03 23:16:00,42817.9,42825.3,42724.3,42728.9,360.56
2024-01-03 23:17:00,42729.0,42729.0,42670.0,42698.0,529.336
2024-01-03 23:18:00,42698.0,42700.0,42644.8,42673.6,366.151
2024-01-03 23:19:00,42673.6,42698.5,42670.3,42697.4,145.885
2024-01-03 23:20:00,42697.4,42702.0,42692.1,42698.6,238.27
2024-01-03 23:21:00,42698.7,42702.0,42655.1,42686.3,458.374
2024-01-03 23:22:00,42686.3,42769.8,42686.2,42721.7,666.427
2024-01-03 23:23:00,42721.8,42736.1,42660.5,42672.4,331.835
2024-01-03 23:24:00,42672.4,42695.4,42660.3,42684.7,163.117
2024-01-03 23:25:00,42684.8,42732.8,42684.7,42725.2,205.078
2024-01-03 23:26:00,42725.3,42782.9,42723.2,42782.6,299.647
2024-01-03 23:27:00,42782.6,42800.0,42775.5,42786.4,138.468
2024-01-03 23:28:00,42786.5,42872.9,42786.5,42869.1,255.461
2024-01-03 23:29:00,42869.1,42927.5,42852.1,42914.5,471.016
2024-01-03 23:30:00,42914.5,42914.5,42870.5,42870.5,246.775
2024-01-03 23:31:00,42870.5,42884.9,42840.2,42850.8,284.826
2024-01-03 23:32:00,42850.8,42883.0,42838.2,42870.4,92.995
2024-01-03 23:33:00,42870.1,42894.1,42853.5,42881.5,113.743
2024-01-03 23:34:00,42881.4,42911.7,42881.4,42910.0,175.834
2024-01-03 23:35:00,42910.0,42950.5,42891.4,42950.5,243.322
2024-01-03 23:36:00,42950.5,43064.9,42942.6,43022.3,1052.075
2024-01-03 23:37:00,43022.3,43044.0,42981.6,42986.6,347.158
2024-01-03 23:38:00,42986.5,43030.8,42962.8,42962.9,262.667
2024-01-03 23:39:00,42962.9,42996.0,42897.8,42918.8,735.817
2024-01-03 23:40:00,42918.8,42925.9,42852.0,42866.2,274.564
2024-01-03 23:41:00,42866.1,42932.0,42866.1,42912.3,161.463
2024-01-03 23:42:00,42912.4,42914.1,42888.3,42911.5,61.77
2024-01-03 23:43:00,42911.5,42916.1,42876.6,42911.4,126.829
2024-01-03 23:44:00,42911.4,42911.9,42867.6,42884.8,209.886
2024-01-03 23:45:00,42884.9,42908.3,42866.1,42903.9,105.918
2024-01-03 23:46:00,42903.9,42966.0,42903.8,42966.0,142.234
2024-01-03 23:47:00,42966.0,42973.4,42920.0,42945.3,131.438
2024-01-03 23:48:00,42945.3,43025.0,42945.3,43017.6,308.725
2024-01-03 23:49:00,43017.6,43018.8,42966.8,42977.7,215.71
2024-01-03 23:50:00,42977.6,42991.0,42967.7,42980.3,86.059
2024-01-03 23:51:00,42980.3,42980.3,42915.4,42924.1,185.713
2024-01-03 23:52:00,42924.1,42931.6,42908.3,42923.0,107.411
2024-01-03 23:53:00,42923.1,42968.1,42923.1,42945.6,92.667
2024-01-03 23:54:00,42945.7,42968.1,42933.2,42952.0,74.484
2024-01-03 23:55:00,42952.0,42975.6,42888.0,42888.0,182.685
2024-01-03 23:56:00,42888.1,42891.6,42775.2,42785.3,686.063
2024-01-03 23:57:00,42785.4,42836.2,42785.4,42818.3,364.745
2024-01-03 23:58:00,42818.3,42834.5,42756.5,42765.0,178.704
2024-01-03 23:59:00,42765.0,42804.5,42741.2,42760.9,299.61
2024-01-04 00:00:00,42760.8,42765.0,42715.6,42739.0,373.047
2024-01-04 00:01:00,42738.9,42807.0,42738.0,42739.5,327.199
2024-01-04 00:02:00,42739.5,42739.5,42702.1,42734.4,285.015
2024-01-04 00:03:00,42734.4,42739.0,42674.6,42676.4,249.067
2024-01-04 00:04:00,42676.3,42685.5,42622.3,42652.6,608.718
2024-01-04 00:05:00,42652.5,42665.5,42500.7,42563.2,1810.765
2024-01-04 00:06:00,42563.2,42629.0,42558.7,42620.6,400.178
2024-01-04 00:07:00,42620.5,42676.0,42620.5,42666.9,242.643
2024-01-04 00:08:00,42666.9,42666.9,42600.0,42654.2,192.406
2024-01-04 00:09:00,42654.2,42660.0,42615.3,42659.9,185.458
2024-01-04 00:10:00,42659.8,42700.0,42647.6,42685.6,183.582
2024-01-04 00:11:00,42685.7,42701.7,42662.9,42699.0,106.552
2024-01-04 00:12:00,42699.1,42699.1,42671.4,42691.0,71.357
2024-01-04 00:13:00,42690.9,42709.0,42639.7,42654.5,193.519
2024-01-04 00:14:00,42654.4,42704.4,42652.3,42704.4,126.732
2024-01-04 00:15:00,42704.3,42739.3,42662.9,42662.9,218.52
2024-01-04 00:16:00,42663.0,42691.1,42627.0,42636.4,206.355
2024-01-04 00:17:00,42636.5,42643.0,42580.0,42584.8,386.042
2024-01-04 00:18:00,42584.9,42650.0,42563.5,42650.0,562.903
2024-01-04 00:19:00,42649.9,42656.7,42607.1,42627.8,185.665
2024-01-04 00:20:00,42627.8,42679.9,42614.8,42675.9,103.211
2024-01-04 00:21:00,42676.0,42688.0,42665.9,42682.7,93.286
2024-01-04 00:22:00,42682.7,42686.9,42621.0,42621.1,81.811
2024-01-04 00:23:00,42621.1,42645.0,42613.5,42640.2,74.063
2024-01-04 00:24:00,42640.2,42679.2,42640.1,42644.9,86.976
2024-01-04 00:25:00,42644.9,42649.2,42577.0,42584.3,169.332
2024-01-04 00:26:00,42584.3,42584.4,41920.0,42284.5,7595.906
2024-01-04 00:27:00,42287.6,42363.6,42160.0,42248.0,2001.785
2024-01-04 00:28:00,42248.0,42356.7,42234.3,42350.0,1174.051
2024-01-04 00:29:00,42350.0,42360.6,42200.5,42267.6,705.765
2024-01-04 00:30:00,42267.6,42386.1,42238.8,42342.2,1139.077
2024-01-04 00:31:00,42342.3,42342.3,42222.0,42305.6,615.539
2024-01-04 00:32:00,42305.4,42305.4,42163.9,42242.0,979.513
2024-01-04 00:33:00,42242.0,42306.0,42187.5,42268.2,533.606
2024-01-04 00:34:00,42268.2,42320.0,42226.5,42311.4,474.315
2024-01-04 00:35:00,42313.3,42423.8,42302.1,42423.7,741.079
2024-01-04 00:36:00,42423.7,42471.0,42391.6,42415.4,682.168
2024-01-04 00:37:00,42415.4,42459.9,42402.3,42406.0,487.31
2024-01-04 00:38:00,42406.0,42459.8,42400.5,42455.5,220.247
2024-01-04 00:39:00,42455.5,42487.6,42421.5,42432.0,449.525
2024-01-04 00:40:00,42432.0,42487.0,42413.9,42487.0,207.687
2024-01-04 00:41:00,42486.9,42535.3,42464.4,42486.6,471.806
2024-01-04 00:42:00,42486.7,42523.2,42463.4,42480.8,432.66
2024-01-04 00:43:00,42480.8,42496.8,42450.0,42476.0,196.6
2024-01-04 00:44:00,42475.9,42490.6,42442.1,42454.4,155.861
2024-01-04 00:45:00,42454.4,42541.6,42440.1,42523.0,274.335
2024-01-04 00:46:00,42522.9,42522.9,42482.4,42512.0,116.538
2024-01-04 00:47:00,42511.9,42530.0,42457.6,42476.3,242.752
2024-01-04 00:48:00,42476.8,42529.4,42471.2,42526.1,97.624
2024-01-04 00:49:00,42526.2,42530.0,42491.4,42491.4,127.991
2024-01-04 00:50:00,42491.0,42559.7,42470.1,42557.7,319.82
2024-01-04 00:51:00,42557.7,42575.0,42532.9,42574.0,302.004
2024-01-04 00:52:00,42574.1,42662.6,42565.9,42601.2,770.784
2024-01-04 00:53:00,42601.3,42670.7,42601.3,42661.5,471.419
2024-01-04 00:54:00,42661.5,42666.1,42605.8,42630.3,443.35
2024-01-04 00:55:00,42630.2,42666.1,42615.0,42644.5,211.614
2024-01-04 00:56:00,42644.4,42673.7,42620.0,42670.3,166.581
2024-01-04 00:57:00,42670.3,42670.3,42620.0,42632.7,204.584
2024-01-04 00:58:00,42632.4,42660.4,42620.0,42653.7,177.11
2024-01-04 00:59:00,42653.6,42681.0,42649.3,42677.8,143.975
2024-01-04 01:00:00,42677.9,42680.4,42630.0,42663.0,236.203
2024-01-04 01:01:00,42663.0,42741.6,42656.0,42719.3,438.318
2024-01-04 01:02:00,42719.4,42720.3,42667.8,42679.7,393.326
2024-01-04 01:03:00,42679.7,42726.6,42679.6,42704.9,214.016
2024-01-04 01:04:00,42704.9,43040.0,42681.1,42943.2,4021.199
2024-01-04 01:05:00,42943.1,43031.0,42883.8,42966.4,1511.049
2024-01-04 01:06:00,42966.4,43016.5,42856.0,42856.1,789.736
2024-01-04 01:07:00,42856.0,42905.2,42813.5,42828.3,298.329
2024-01-04 01:08:00,42828.3,42849.9,42760.0,42791.5,575.971
2024-01-04 01:09:00,42792.1,42850.0,42786.3,42798.4,497.422
2024-01-04 01:10:00,42798.5,42833.6,42770.5,42805.1,251.129
2024-01-04 01:11:00,42805.0,42820.9,42770.0,42779.1,258.694
2024-01-04 01:12:00,42777.7,42777.7,42711.6,42737.3,368.9
2024-01-04 01:13:00,42738.0,42741.3,42699.0,42705.6,206.969
2024-01-04 01:14:00,42705.6,42739.8,42686.8,42690.0,285.282
2024-01-04 01:15:00,42690.0,42727.0,42682.5,42709.5,285.421
2024-01-04 01:16:00,42709.5,42709.5,42619.5,42660.6,468.191
2024-01-04 01:17:00,42660.6,42692.0,42636.2,42653.0,249.482
2024-01-04 01:18:00,42654.2,42694.8,42652.4,42660.1,201.562
2024-01-04 01:19:00,42660.0,42677.6,42641.8,42660.3,179.752
2024-01-04 01:20:00,42660.4,42698.4,42586.0,42607.0,496.051
2024-01-04 01:21:00,42607.0,42657.7,42607.0,42639.2,191.808
2024-01-04 01:22:00,42639.2,42650.0,42582.8,42582.9,190.664
2024-01-04 01:23:00,42582.9,42632.3,42582.2,42616.1,180.633
2024-01-04 01:24:00,42616.1,42629.4,42586.9,42621.4,100.87
2024-01-04 01:25:00,42621.4,42632.0,42594.8,42616.2,152.901
2024-01-04 01:26:00,42616.2,42646.3,42592.2,42610.3,133.274
2024-01-04 01:27:00,42610.9,42610.9,42551.0,42580.6,458.223
2024-01-04 01:28:00,42580.6,42595.0,42573.1,42591.1,83.073
2024-01-04 01:29:00,42591.1,42644.4,42591.0,42600.4,277.614
2024-01-04 01:30:00,42600.4,42648.6,42570.9,42648.6,229.407
2024-01-04 01:31:00,42648.5,42655.0,42628.9,42637.8,90.112
2024-01-04 01:32:00,42637.7,42690.0,42637.7,42682.3,155.715
2024-01-04 01:33:00,42682.3,42682.3,42640.8,42640.8,114.753
2024-01-04 01:34:00,42640.8,42652.3,42621.3,42641.7,77.007
2024-01-04 01:35:00,42641.8,42649.3,42577.0,42610.5,153.826
2024-01-04 01:36:00,42610.4,42610.5,42562.5,42562.6,104.046
2024-01-04 01:37:00,42562.6,42614.3,42562.5,42585.9,110.49
2024-01-04 01:38:00,42586.0,42593.7,42555.5,42579.9,139.107
2024-01-04 01:39:00,42580.0,42617.0,42569.2,42612.7,119.983
2024-01-04 01:40:00,42611.7,42611.7,42517.6,42524.3,263.935
2024-01-04 01:41:00,42524.3,42624.9,42522.3,42613.7,195.516
2024-01-04 01:42:00,42613.6,42613.7,42574.1,42574.1,76.916
2024-01-04 01:43:00,42574.2,42600.6,42566.9,42577.4,130.572
2024-01-04 01:44:00,42577.3,42610.3,42564.7,42610.3,82.21
2024-01-04 01:45:00,42610.3,42630.0,42604.0,42630.0,136.354
2024-01-04 01:46:00,42630.0,42671.9,42629.9,42654.9,115.023
2024-01-04 01:47:00,42655.0,42662.7,42639.0,42649.4,115.847
2024-01-04 01:48:00,42649.4,42736.0,42647.7,42722.0,411.155
2024-01-04 01:49:00,42722.1,42722.1,42681.4,42696.1,121.494
2024-01-04 01:50:00,42696.1,42696.1,42661.9,42693.6,149.331
2024-01-04 01:51:00,42693.6,42696.1,42666.0,42689.1,95.353
2024-01-04 01:52:00,42689.2,42761.4,42677.3,42748.8,454.489
2024-01-04 01:53:00,42748.7,42748.7,42691.7,42708.7,104.368
2024-01-04 01:54:00,42708.8,42728.0,42702.9,42711.6,89.961
2024-01-04 01:55:00,42711.7,42726.0,42700.1,42710.6,99.855
2024-01-04 01:56:00,42710.6,42727.2,42704.7,42725.0,86.014
2024-01-04 01:57:00,42725.0,42767.9,42721.6,42754.7,179.672
2024-01-04 01:58:00,42754.7,42765.0,42750.2,42753.7,64.068
2024-01-04 01:59:00,42753.7,42764.0,42704.4,42723.6,112.684
2024-01-04 02:00:00,42723.5,42742.1,42712.4,42722.4,52.476
2024-01-04 02:01:00,42722.3,42791.2,42722.3,42764.9,134.654
2024-01-04 02:02:00,42765.0,42821.8,42765.0,42801.5,326.887
2024-01-04 02:03:00,42801.6,42822.8,42774.0,42801.2,158.696
2024-01-04 02:04:00,42801.2,42803.3,42778.7,42789.3,121.934
2024-01-04 02:05:00,42789.2,42832.5,42789.2,42827.4,89.707
2024-01-04 02:06:00,42827.4,42845.0,42788.7,42788.7,156.678
2024-01-04 02:07:00,42788.7,42831.2,42776.1,42817.9,116.066
2024-01-04 02:08:00,42817.9,42850.0,42812.7,42834.7,123.353
2024-01-04 02:09:00,42834.8,42848.9,42820.9,42835.8,90.514
2024-01-04 02:10:00,42835.7,42850.4,42830.5,42830.8,111.262
2024-01-04 02:11:00,42830.9,42833.3,42776.1,42777.7,154.128
2024-01-04 02:12:00,42777.8,42800.0,42760.0,42774.9,132.684
2024-01-04 02:13:00,42774.9,42790.0,42682.1,42692.8,451.575
2024-01-04 02:14:00,42692.9,42700.0,42642.0,42670.6,402.994
2024-01-04 02:15:00,42670.5,42706.0,42663.2,42699.7,81.703
2024-01-04 02:16:00,42699.7,42699.8,42665.2,42670.9,186.596
2024-01-04 02:17:00,42671.0,42689.1,42668.5,42676.8,67.294
2024-01-04 02:18:00,42676.8,42750.5,42676.7,42700.2,189.48
2024-01-04 02:19:00,42700.2,42700.2,42680.0,42698.4,81.943
2024-01-04 02:20:00,42698.5,42726.7,42693.3,42710.3,139.845
2024-01-04 02:21:00,42710.4,42733.0,42686.9,42691.2,79.575
2024-01-04 02:22:00,42691.2,42713.0,42684.1,42704.6,58.731
2024-01-04 02:23:00,42704.5,42744.7,42704.5,42732.1,92.726
2024-01-04 02:24:00,42732.1,42742.0,42705.8,42705.8,57.031
2024-01-04 02:25:00,42705.5,42740.6,42704.5,42727.6,54.204
2024-01-04 02:26:00,42727.6,42745.1,42726.2,42734.4,34.949
2024-01-04 02:27:00,42736.2,42784.0,42728.9,42758.6,183.557
2024-01-04 02:28:00,42758.5,42768.2,42751.2,42766.1,67.062
2024-01-04 02:29:00,42766.0,42767.4,42688.5,42724.5,395.916
2024-01-04 02:30:00,42724.6,42731.9,42700.0,42710.9,84.533
2024-01-04 02:31:00,42711.5,42751.7,42711.5,42736.7,60.409
2024-01-04 02:32:00,42736.8,42775.1,42735.0,42737.5,95.554
2024-01-04 02:33:00,42737.6,42764.6,42736.1,42754.7,79.397
2024-01-04 02:34:00,42754.8,42776.8,42753.9,42763.6,48.182
2024-01-04 02:35:00,42763.7,42777.9,42745.1,42749.9,66.009
2024-01-04 02:36:00,42749.9,42759.2,42710.0,42713.7,95.665
2024-01-04 02:37:00,42713.7,42713.7,42654.1,42658.3,174.525
2024-01-04 02:38:00,42658.4,42658.4,42600.5,42616.1,282.78
2024-01-04 02:39:00,42616.0,42620.8,42585.3,42620.5,213.455
2024-01-04 02:40:00,42620.4,42660.5,42615.4,42658.3,187.58
2024-01-04 02:41:00,42658.3,42662.7,42616.0,42616.0,83.906
2024-01-04 02:42:00,42616.0,42622.1,42586.4,42614.5,130.483
2024-01-04 02:43:00,42617.2,42655.0,42617.1,42621.8,112.225
2024-01-04 02:44:00,42621.8,42647.2,42621.8,42630.2,62.246
2024-01-04 02:45:00,42630.3,42824.1,42624.5,42810.2,1071.141
2024-01-04 02:46:00,42810.2,42889.1,42794.9,42862.6,1081.05
2024-01-04 02:47:00,42862.6,42866.7,42855.0,42855.1,346.049
2024-01-04 02:48:00,42855.0,42855.1,42763.9,42817.2,393.357
2024-01-04 02:49:00,42817.3,42849.0,42788.0,42837.8,150.409
2024-01-04 02:50:00,42837.8,42849.4,42813.6,42818.8,138.124
2024-01-04 02:51:00,42818.9,42820.2,42788.1,42803.5,107.234
2024-01-04 02:52:00,42803.5,42803.6,42772.0,42778.7,65.894
2024-01-04 02:53:00,42778.8,42806.3,42776.0,42790.5,49.644
2024-01-04 02:54:00,42790.5,42852.4,42782.3,42848.1,165.55
2024-01-04 02:55:00,42848.1,42849.1,42795.1,42800.7,119.196
2024-01-04 02:56:00,42800.6,42828.4,42793.1,42828.4,69.065
2024-01-04 02:57:00,42828.3,42852.3,42811.3,42840.0,126.649
2024-01-04 02:58:00,42840.1,42888.0,42840.1,42888.0,240.503
2024-01-04 02:59:00,42888.0,42895.8,42811.3,42821.8,814.466
2024-01-04 03:00:00,42821.9,42830.0,42758.0,42800.0,536.897
2024-01-04 03:01:00,42800.0,42800.0,42763.8,42776.4,108.039
2024-01-04 03:02:00,42776.5,42795.9,42764.8,42775.7,82.002
2024-01-04 03:03:00,42775.6,42853.2,42758.0,42842.1,355.217
2024-01-04 03:04:00,42842.1,42852.6,42831.8,42847.8,53.196
2024-01-04 03:05:00,42847.9,42877.9,42839.7,42855.1,184.761
2024-01-04 03:06:00,42855.4,42880.0,42836.5,42853.4,258.418
2024-01-04 03:07:00,42853.5,42859.0,42815.0,42815.0,66.17
2024-01-04 03:08:00,42815.0,42815.1,42784.9,42810.1,204.137
2024-01-04 03:09:00,42810.1,42834.0,42807.7,42811.0,68.726
2024-01-04 03:10:00,42810.9,42841.9,42810.9,42841.8,42.56
2024-01-04 03:11:00,42841.9,42868.9,42839.4,42848.7,62.161
2024-01-04 03:12:00,42848.6,42856.1,42840.5,42850.0,51.263
2024-01-04 03:13:00,42849.9,42850.0,42839.9,42847.5,26.802
2024-01-04 03:14:00,42847.4,42878.0,42847.4,42870.5,75.993
2024-01-04 03:15:00,42870.6,42877.5,42851.8,42870.3,87.292
2024-01-04 03:16:00,42870.3,42907.6,42860.6,42907.6,106.141
2024-01-04 03:17:00,42907.6,42926.4,42892.0,42905.1,177.512
2024-01-04 03:18:00,42905.1,42905.1,42881.3,42891.8,121.839
2024-01-04 03:19:00,42891.9,42920.0,42886.9,42920.0,80.036
2024-01-04 03:20:00,42920.0,42920.0,42887.1,42913.9,90.377
2024-01-04 03:21:00,42914.0,42972.2,42909.2,42962.5,407.342
2024-01-04 03:22:00,42962.6,42974.5,42940.1,42950.4,194.034
2024-01-04 03:23:00,42950.4,42963.2,42938.4,42938.4,79.121
2024-01-04 03:24:00,42938.3,42958.9,42912.1,42943.3,127.336
2024-01-04 03:25:00,42943.4,42966.0,42929.0,42962.5,70.997
2024-01-04 03:26:00,42962.5,42968.2,42938.9,42961.1,109.813
2024-01-04 03:27:00,42961.0,42963.2,42916.5,42930.7,204.708
2024-01-04 03:28:00,42930.7,42930.8,42887.7,42893.7,234.507
2024-01-04 03:29:00,42893.7,42930.9,42890.4,42927.1,83.352
2024-01-04 03:30:00,42927.1,42934.1,42874.0,42914.0,318.287
2024-01-04 03:31:00,42914.1,42934.1,42850.5,42926.9,658.928
2024-01-04 03:32:00,42927.0,42928.1,42896.6,42905.3,64.697
2024-01-04 03:33:00,42905.4,42949.2,42886.7,42945.9,144.324
2024-01-04 03:34:00,42945.9,42945.9,42898.4,42906.6,94.383
2024-01-04 03:35:00,42906.5,42906.6,42874.8,42878.1,70.124
2024-01-04 03:36:00,42878.2,42912.3,42878.1,42878.8,104.262
2024-01-04 03:37:00,42878.8,42882.2,42863.9,42865.9,75.108
2024-01-04 03:38:00,42865.8,42882.0,42863.1,42870.0,51.509
2024-01-04 03:39:00,42870.0,42914.7,42833.2,42914.4,259.854
2024-01-04 03:40:00,42914.3,42914.3,42875.0,42886.0,73.584
2024-01-04 03:41:00,42886.4,42931.0,42886.4,42927.4,85.21
2024-01-04 03:42:00,42926.3,42931.2,42921.0,42924.1,50.063
2024-01-04 03:43:00,42924.1,42936.9,42921.9,42933.2,70.923
2024-01-04 03:44:00,42933.1,42933.7,42923.5,42925.2,70.512
2024-01-04 03:45:00,42925.2,42938.9,42906.7,42922.2,155.731
2024-01-04 03:46:00,42922.1,42942.8,42896.0,42899.9,121.19
2024-01-04 03:47:00,42899.9,42913.0,42872.9,42876.9,102.392
2024-01-04 03:48:00,42876.9,42880.0,42853.1,42860.3,96.797
2024-01-04 03:49:00,42860.3,42886.5,42853.7,42881.7,93.916
2024-01-04 03:50:00,42881.7,42883.8,42849.0,42866.6,102.227
2024-01-04 03:51:00,42866.7,42866.7,42826.1,42848.0,243.033
2024-01-04 03:52:00,42848.0,42862.5,42771.7,42779.4,254.159
2024-01-04 03:53:00,42779.4,42812.7,42779.4,42797.7,99.678
2024-01-04 03:54:00,42798.9,42807.2,42760.1,42784.0,241.415
2024-01-04 03:55:00,42784.0,42830.1,42784.0,42830.1,80.585
2024-01-04 03:56:00,42830.0,42834.0,42794.2,42817.9,107.975
2024-01-04 03:57:00,42818.0,42818.1,42750.6,42761.6,142.508
2024-01-04 03:58:00,42761.6,42816.5,42761.6,42768.8,376.119
2024-01-04 03:59:00,42768.7,42770.0,42669.0,42693.3,661.451
2024-01-04 04:00:00,42693.3,42707.9,42673.4,42689.2,216.665
2024-01-04 04:01:00,42689.2,42754.6,42689.2,42754.0,157.626
2024-01-04 04:02:00,42754.0,42755.5,42704.4,42710.2,96.935
2024-01-04 04:03:00,42710.2,42739.1,42710.2,42739.1,38.59
2024-01-04 04:04:00,42739.1,42760.0,42739.1,42746.0,41.473
2024-01-04 04:05:00,42746.1,42746.1,42688.2,42719.2,87.327
2024-01-04 04:06:00,42719.2,42730.1,42719.2,42720.1,25.051
2024-01-04 04:07:00,42720.0,42723.9,42716.8,42716.8,38.635
2024-01-04 04:08:00,42716.8,42720.0,42716.8,42719.9,22.905
2024-01-04 04:09:00,42719.9,42720.0,42680.0,42680.0,51.399
2024-01-04 04:10:00,42680.1,42680.1,42650.0,42652.3,116.345
2024-01-04 04:11:00,42652.3,42685.9,42650.0,42685.9,65.679
2024-01-04 04:12:00,42685.9,42703.8,42685.8,42694.7,54.616
2024-01-04 04:13:00,42694.8,42694.8,42655.6,42661.0,63.651
2024-01-04 04:14:00,42660.9,42661.0,42655.7,42656.3,53.688
2024-01-04 04:15:00,42656.3,42670.7,42600.0,42670.7,254.652
2024-01-04 04:16:00,42670.7,42730.1,42670.7,42730.1,74.381
2024-01-04 04:17:00,42730.1,42762.3,42730.0,42748.8,96.17
2024-01-04 04:18:00,42748.8,42748.8,42727.6,42728.0,45.6
2024-01-04 04:19:00,42728.0,42730.0,42727.9,42730.0,12.183
2024-01-04 04:20:00,42730.0,42739.6,42729.9,42739.6,23.572
2024-01-04 04:21:00,42739.6,42763.0,42739.6,42761.9,92.266
2024-01-04 04:22:00,42762.0,42763.5,42751.1,42753.5,40.866
2024-01-04 04:23:00,42753.5,42765.8,42753.4,42760.0,59.866
2024-01-04 04:24:00,42760.0,42760.1,42752.5,42752.5,21.788
2024-01-04 04:25:00,42752.5,42752.6,42728.4,42728.4,60.821
2024-01-04 04:26:00,42728.4,42728.4,42726.2,42726.2,23.989
2024-01-04 04:27:00,42726.2,42726.3,42726.2,42726.3,45.035
2024-01-04 04:28:00,42726.2,42746.3,42726.2,42746.3,44.323
2024-01-04 04:29:00,42746.4,42760.3,42746.4,42753.6,45.221
2024-01-04 04:30:00,42753.6,42781.0,42723.4,42781.0,186.997
2024-01-04 04:31:00,42780.9,42781.0,42714.0,42714.1,149.215
2024-01-04 04:32:00,42714.1,42714.1,42677.7,42677.7,70.75
2024-01-04 04:33:00,42677.7,42714.9,42665.2,42665.2,179.707
2024-01-04 04:34:00,42665.2,42684.2,42661.6,42682.2,143.462
2024-01-04 04:35:00,42682.3,42691.4,42631.0,42670.2,205.45
2024-01-04 04:36:00,42670.2,42679.9,42641.5,42656.8,173.141
2024-01-04 04:37:00,42656.9,42679.8,42651.0,42661.3,53.456
2024-01-04 04:38:00,42661.3,42661.4,42620.3,42654.1,129.452
2024-01-04 04:39:00,42654.2,42654.2,42626.5,42627.6,68.425
2024-01-04 04:40:00,42627.5,42639.2,42588.1,42616.5,186.294
2024-01-04 04:41:00,42616.5,42688.9,42616.4,42681.4,152.328
2024-01-04 04:42:00,42681.5,42689.8,42634.0,42634.0,82.041
2024-01-04 04:43:00,42633.9,42647.8,42618.4,42631.4,74.848
2024-01-04 04:44:00,42631.4,42648.4,42631.4,42634.5,45.432
2024-01-04 04:45:00,42634.5,42649.1,42618.5,42618.5,85.205
2024-01-04 04:46:00,42618.6,42653.7,42618.6,42647.8,51.947
2024-01-04 04:47:00,42647.7,42673.3,42647.7,42673.3,53.551
2024-01-04 04:48:00,42673.2,42694.5,42656.6,42691.1,64.887
2024-01-04 04:49:00,42693.7,42700.0,42674.0,42695.2,78.706
2024-01-04 04:50:00,42695.2,42716.0,42695.2,42712.0,90.669
2024-01-04 04:51:00,42712.0,42723.4,42690.3,42723.3,92.091
2024-01-04 04:52:00,42723.4,42723.4,42697.5,42702.9,71.168
2024-01-04 04:53:00,42702.9,42713.9,42692.1,42702.9,188.666
2024-01-04 04:54:00,42702.8,42724.3,42699.0,42702.9,76.945
2024-01-04 04:55:00,42703.0,42770.1,42702.9,42770.1,131.57
2024-01-04 04:56:00,42770.2,42791.4,42758.0,42775.1,190.383
2024-01-04 04:57:00,42775.0,42790.0,42764.1,42783.0,88.791
2024-01-04 04:58:00,42783.0,42786.7,42761.1,42774.0,108.213
2024-01-04 04:59:00,42774.1,42777.2,42765.8,42765.9,58.821
2024-01-04 05:00:00,42765.8,42776.2,42725.3,42742.4,103.239
2024-01-04 05:01:00,42742.4,42760.4,42729.9,42751.2,82.586
2024-01-04 05:02:00,42751.1,42768.0,42747.7,42756.3,38.728
2024-01-04 05:03:00,42756.4,42759.6,42708.3,42710.0,166.706
2024-01-04 05:04:00,42708.7,42713.0,42698.9,42708.1,72.366
2024-01-04 05:05:00,42708.0,42713.0,42700.7,42704.0,46.905
2024-01-04 05:06:00,42704.0,42724.6,42704.0,42724.6,46.715
2024-01-04 05:07:00,42724.6,42724.6,42712.8,42713.3,27.584
2024-01-04 05:08:00,42713.3,42745.9,42713.3,42730.1,55.909
2024-01-04 05:09:00,42730.0,42752.7,42730.0,42751.0,47.252
2024-01-04 05:10:00,42751.0,42769.7,42741.8,42768.9,101.424
2024-01-04 05:11:00,42768.9,42768.9,42756.8,42756.8,29.393
2024-01-04 05:12:00,42756.8,42762.3,42742.5,42742.5,27.431
2024-01-04 05:13:00,42742.5,42742.6,42720.6,42720.6,48.706
2024-01-04 05:14:00,42720.2,42720.2,42708.0,42709.4,31.345
2024-01-04 05:15:00,42709.4,42739.5,42693.7,42739.5,85.182
2024-01-04 05:16:00,42739.4,42763.5,42738.1,42763.5,67.85
2024-01-04 05:17:00,42763.5,42770.9,42752.7,42770.8,45.634
2024-01-04 05:18:00,42770.8,42775.0,42760.6,42773.5,33.037
2024-01-04 05:19:00,42773.5,42817.0,42763.3,42806.2,190.959
2024-01-04 05:20:00,42806.2,42809.6,42793.1,42793.1,53.864
2024-01-04 05:21:00,42793.1,42793.2,42764.7,42767.4,48.34
2024-01-04 05:22:00,42767.5,42788.8,42767.4,42788.7,54.299
2024-01-04 05:23:00,42788.7,42806.9,42785.1,42799.0,56.994
2024-01-04 05:24:00,42799.0,42834.7,42793.0,42831.9,177.638
2024-01-04 05:25:00,42831.8,42831.9,42824.9,42825.9,42.676
2024-01-04 05:26:00,42825.9,42830.0,42796.9,42806.9,113.662
2024-01-04 05:27:00,42807.0,42827.6,42806.9,42818.9,56.129
2024-01-04 05:28:00,42818.8,42838.7,42818.8,42838.6,49.134
2024-01-04 05:29:00,42838.6,42857.9,42832.7,42849.5,114.864
2024-01-04 05:30:00,42849.5,42849.5,42806.0,42818.3,122.238
2024-01-04 05:31:00,42818.3,42862.4,42817.1,42842.0,225.635
2024-01-04 05:32:00,42841.9,42869.5,42814.1,42869.4,321.399
2024-01-04 05:33:00,42869.5,42872.3,42830.0,42830.0,312.427
2024-01-04 05:34:00,42830.1,42838.4,42809.6,42832.7,345.718
2024-01-04 05:35:00,42832.7,42872.3,42816.0,42822.5,231.099
2024-01-04 05:36:00,42822.4,42841.5,42756.5,42777.8,502.069
2024-01-04 05:37:00,42777.7,42857.4,42764.6,42857.3,196.287
2024-01-04 05:38:00,42857.4,42885.3,42848.4,42870.2,166.577
2024-01-04 05:39:00,42870.2,42908.5,42870.1,42892.2,247.279
2024-01-04 05:40:00,42892.2,42918.0,42892.2,42899.0,188.989
2024-01-04 05:41:00,42898.9,42921.9,42895.1,42916.8,165.369
2024-01-04 05:42:00,42916.9,42929.8,42893.6,42900.2,109.879
2024-01-04 05:43:00,42900.1,42911.1,42900.1,42911.1,95.166
2024-01-04 05:44:00,42911.0,42960.0,42911.0,42940.8,533.479
2024-01-04 05:45:00,42940.9,42965.5,42923.0,42952.3,226.098
2024-01-04 05:46:00,42952.3,42997.1,42940.0,42940.0,275.886
2024-01-04 05:47:00,42940.1,42975.0,42940.1,42957.7,125.903
2024-01-04 05:48:00,42957.7,42975.7,42940.0,42940.0,104.086
2024-01-04 05:49:00,42940.0,42940.0,42912.1,42925.1,85.026
2024-01-04 05:50:00,42925.1,42943.3,42876.0,42877.3,163.957
2024-01-04 05:51:00,42877.2,42877.2,42846.3,42876.0,206.308
2024-01-04 05:52:00,42876.0,42880.5,42826.1,42826.1,221.328
2024-01-04 05:53:00,42826.1,42845.0,42818.0,42839.5,191.339
2024-01-04 05:54:00,42839.5,42839.5,42800.4,42832.1,164.71
2024-01-04 05:55:00,42832.1,42852.5,42810.0,42847.2,129.917
2024-01-04 05:56:00,42847.1,42859.6,42834.8,42841.2,76.835
2024-01-04 05:57:00,42841.2,42883.3,42841.1,42864.8,91.671
2024-01-04 05:58:00,42864.8,42884.0,42862.0,42883.9,45.977
2024-01-04 05:59:00,42883.9,42902.0,42883.9,42896.1,90.266
2024-01-04 06:00:00,42896.1,42919.7,42884.2,42910.4,97.826
2024-01-04 06:01:00,42910.5,42929.3,42863.7,42873.4,97.468
2024-01-04 06:02:00,42873.4,42887.6,42864.0,42865.9,54.624
2024-01-04 06:03:00,42865.9,42870.0,42858.4,42859.7,47.182
2024-01-04 06:04:00,42859.7,42863.3,42854.4,42863.2,44.62
2024-01-04 06:05:00,42863.3,42873.9,42859.0,42872.5,62.807
2024-01-04 06:06:00,42872.5,42951.1,42872.5,42948.2,126.733
2024-01-04 06:07:00,42948.2,42958.8,42914.9,42944.9,145.43
2024-01-04 06:08:00,42944.9,42944.9,42897.4,42897.5,81.458
2024-01-04 06:09:00,42897.6,42921.0,42897.6,42914.1,70.185
2024-01-04 06:10:00,42914.1,42921.0,42875.6,42875.6,72.287
2024-01-04 06:11:00,42875.6,42903.9,42871.5,42903.8,33.942
2024-01-04 06:12:00,42903.8,42906.9,42892.3,42892.3,24.497
2024-01-04 06:13:00,42892.3,42892.4,42880.0,42880.0,57.379
2024-01-04 06:14:00,42880.0,42880.0,42852.0,42866.2,178.606
2024-01-04 06:15:00,42866.1,42882.8,42866.1,42873.7,69.717
2024-01-04 06:16:00,42873.8,42878.7,42866.2,42866.2,31.644
2024-01-04 06:17:00,42866.3,42870.0,42845.8,42845.8,60.551
2024-01-04 06:18:00,42845.9,42853.2,42838.6,42842.0,47.655
2024-01-04 06:19:00,42842.0,42849.0,42830.3,42841.6,101.574
2024-01-04 06:20:00,42841.7,42849.0,42821.0,42849.0,72.175
2024-01-04 06:21:00,42849.1,42880.6,42849.1,42866.7,63.519
2024-01-04 06:22:00,42866.7,42866.8,42843.5,42846.8,34.107
2024-01-04 06:23:00,42846.9,42846.9,42827.5,42832.7,55.787
2024-01-04 06:24:00,42832.7,42869.9,42832.7,42869.9,126.298
2024-01-04 06:25:00,42869.9,42896.0,42845.0,42896.0,176.356
2024-01-04 06:26:00,42896.0,42898.9,42862.1,42870.6,87.901
2024-01-04 06:27:00,42870.6,42881.2,42870.6,42879.0,22.674
2024-01-04 06:28:00,42878.9,42887.3,42874.7,42882.0,53.369
2024-01-04 06:29:00,42881.9,42894.9,42881.7,42883.4,47.973
2024-01-04 06:30:00,42883.4,42888.7,42860.6,42866.4,45.314
2024-01-04 06:31:00,42866.4,42949.3,42858.6,42933.5,213.952
2024-01-04 06:32:00,42934.0,42938.9,42917.0,42918.0,147.4
2024-01-04 06:33:00,42918.0,42922.8,42907.3,42911.0,41.22
2024-01-04 06:34:00,42911.0,42926.9,42903.1,42903.8,50.246
2024-01-04 06:35:00,42903.1,42913.2,42887.2,42887.2,55.485
2024-01-04 06:36:00,42887.2,42899.0,42842.5,42847.9,200.348
2024-01-04 06:37:00,42847.9,42856.7,42825.6,42833.6,93.581
2024-01-04 06:38:00,42833.5,42851.7,42823.5,42825.7,131.616
2024-01-04 06:39:00,42825.8,42843.8,42820.8,42843.7,110.221
2024-01-04 06:40:00,42843.7,42890.8,42840.1,42890.0,75.753
2024-01-04 06:41:00,42889.9,42890.0,42862.1,42886.4,77.185
2024-01-04 06:42:00,42886.4,42897.8,42882.0,42884.5,47.95
2024-01-04 06:43:00,42884.5,42894.9,42884.5,42892.0,41.138
2024-01-04 06:44:00,42892.1,42901.1,42880.3,42898.0,52.267
2024-01-04 06:45:00,42898.0,42898.0,42837.1,42844.0,90.952
2024-01-04 06:46:00,42844.1,42844.1,42801.2,42818.1,121.297
2024-01-04 06:47:00,42818.1,42828.7,42751.4,42766.6,521.48
2024-01-04 06:48:00,42766.5,42766.6,42720.5,42720.6,196.086
2024-01-04 06:49:00,42720.5,42749.9,42716.7,42743.1,147.988
2024-01-04 06:50:00,42743.1,42756.2,42701.3,42702.2,192.804
2024-01-04 06:51:00,42702.2,42762.5,42702.2,42749.9,154.359
2024-01-04 06:52:00,42749.9,42750.0,42720.0,42720.0,101.42
2024-01-04 06:53:00,42720.0,42722.5,42667.0,42675.0,370.469
2024-01-04 06:54:00,42675.0,42719.4,42633.0,42646.5,527.946
2024-01-04 06:55:00,42646.6,42670.8,42625.0,42664.4,258.443
2024-01-04 06:56:00,42664.4,42733.8,42659.9,42726.3,174.312
2024-01-04 06:57:00,42726.2,42749.9,42702.6,42702.6,170.036
2024-01-04 06:58:00,42702.6,42721.4,42679.1,42711.6,154.173
2024-01-04 06:59:00,42711.6,42723.4,42694.2,42718.7,78.319
2024-01-04 07:00:00,42718.7,42770.1,42700.3,42757.7,162.843
2024-01-04 07:01:00,42757.7,42761.0,42711.6,42731.1,94.279
2024-01-04 07:02:00,42731.0,42747.3,42685.6,42712.7,102.051
2024-01-04 07:03:00,42712.7,42749.9,42711.9,42749.6,72.973
2024-01-04 07:04:00,42749.6,42750.0,42711.9,42718.7,96.734
2024-01-04 07:05:00,42718.8,42718.8,42675.0,42676.7,110.854
2024-01-04 07:06:00,42676.7,42713.1,42667.3,42708.6,130.931
2024-01-04 07:07:00,42708.5,42708.7,42670.0,42678.0,120.294
2024-01-04 07:08:00,42678.1,42700.0,42678.0,42685.5,66.634
2024-01-04 07:09:00,42685.6,42689.7,42665.2,42665.5,71.213
2024-01-04 07:10:00,42665.5,42694.6,42655.0,42678.1,80.278
2024-01-04 07:11:00,42678.1,42679.3,42655.2,42665.6,87.286
2024-01-04 07:12:00,42665.7,42687.0,42636.1,42681.1,359.74
2024-01-04 07:13:00,42681.2,42686.7,42641.6,42654.1,129.016
2024-01-04 07:14:00,42654.1,42679.3,42649.9,42672.3,131.864
2024-01-04 07:15:00,42672.3,42683.9,42653.9,42676.5,94.123
2024-01-04 07:16:00,42676.4,42702.7,42674.1,42702.7,59.699
2024-01-04 07:17:00,42702.6,42713.8,42695.4,42711.9,59.517
2024-01-04 07:18:00,42711.8,42732.9,42699.8,42732.8,108.639
2024-01-04 07:19:00,42732.8,42763.0,42730.7,42759.6,136.516
2024-01-04 07:20:00,42759.5,42762.1,42723.7,42737.1,155.494
2024-01-04 07:21:00,42737.0,42739.2,42717.8,42719.0,45.467
2024-01-04 07:22:00,42718.9,42719.0,42689.3,42693.9,96.686
2024-01-04 07:23:00,42693.9,42714.7,42693.9,42702.5,93.265
2024-01-04 07:24:00,42702.5,42702.6,42669.0,42685.6,109.848
2024-01-04 07:25:00,42685.6,42734.0,42685.5,42731.1,137.246
2024-01-04 07:26:00,42731.0,42731.0,42682.6,42686.9,119.281
2024-01-04 07:27:00,42686.8,42734.6,42686.8,42732.9,74.431
2024-01-04 07:28:00,42732.9,42735.4,42721.8,42721.8,60.744
2024-01-04 07:29:00,42721.3,42721.3,42695.6,42716.6,88.204
2024-01-04 07:30:00,42716.6,42734.1,42711.1,42728.6,68.59
2024-01-04 07:31:00,42728.6,42734.9,42700.0,42704.0,43.315
2024-01-04 07:32:00,42704.0,42732.4,42700.4,42732.3,70.777
2024-01-04 07:33:00,42732.3,42744.1,42725.8,42740.5,56.207
2024-01-04 07:34:00,42740.5,42753.1,42740.5,42750.5,41.429
2024-01-04 07:35:00,42750.4,42782.0,42750.4,42781.9,119.962
2024-01-04 07:36:00,42782.0,42788.0,42754.9,42780.9,140.87
2024-01-04 07:37:00,42780.9,42782.7,42756.8,42773.1,127.343
2024-01-04 07:38:00,42773.2,42777.2,42758.1,42761.4,42.37
2024-01-04 07:39:00,42761.5,42769.7,42761.4,42769.2,30.535
2024-01-04 07:40:00,42769.2,42800.0,42769.1,42797.6,98.163
2024-01-04 07:41:00,42797.6,42839.9,42795.1,42839.9,315.804
2024-01-04 07:42:00,42839.8,42886.9,42839.8,42883.0,179.829
2024-01-04 07:43:00,42882.9,42888.7,42858.5,42869.9,156.589
2024-01-04 07:44:00,42870.0,42910.0,42869.9,42901.1,206.42
2024-01-04 07:45:00,42901.1,42909.6,42878.7,42906.7,298.951
2024-01-04 07:46:00,42906.7,42938.5,42906.7,42937.2,309.393
2024-01-04 07:47:00,42937.3,42959.0,42933.6,42945.0,289.179
2024-01-04 07:48:00,42945.0,42974.7,42944.9,42963.0,178.057
2024-01-04 07:49:00,42962.9,42974.7,42925.4,42933.2,261.121
2024-01-04 07:50:00,42933.2,42964.4,42933.2,42954.3,199.087
2024-01-04 07:51:00,42954.3,42968.0,42947.9,42956.2,123.472
2024-01-04 07:52:00,42956.2,42957.6,42944.3,42948.4,43.876
2024-01-04 07:53:00,42948.4,42948.5,42906.5,42910.3,119.077
2024-01-04 07:54:00,42910.4,42927.9,42910.4,42921.2,76.477
2024-01-04 07:55:00,42921.3,42922.8,42893.8,42902.8,94.94
2024-01-04 07:56:00,42902.8,42908.7,42868.9,42897.8,291.742
2024-01-04 07:57:00,42897.9,42909.2,42888.0,42903.6,77.468
2024-01-04 07:58:00,42903.5,42903.6,42888.0,42888.0,38.302
2024-01-04 07:59:00,42888.0,42900.0,42885.1,42897.3,36.624
2024-01-04 08:00:00,42897.3,42917.6,42888.4,42906.5,61.109
2024-01-04 08:01:00,42906.4,42927.9,42903.5,42922.7,90.034
2024-01-04 08:02:00,42922.7,42942.9,42875.2,42875.2,134.03
2024-01-04 08:03:00,42875.2,42927.9,42875.2,42917.3,92.109
2024-01-04 08:04:00,42917.4,42925.6,42897.8,42903.3,68.918
2024-01-04 08:05:00,42903.4,42938.5,42898.7,42933.1,67.642
2024-01-04 08:06:00,42933.1,42961.1,42933.0,42933.6,85.904
2024-01-04 08:07:00,42933.2,42935.5,42918.4,42918.5,31.908
2024-01-04 08:08:00,42918.5,42928.1,42913.4,42919.3,47.03
2024-01-04 08:09:00,42919.3,42934.8,42915.4,42928.2,42.275
2024-01-04 08:10:00,42928.2,42943.9,42928.2,42943.9,42.301
2024-01-04 08:11:00,42943.8,42960.0,42935.6,42947.2,69.13
2024-01-04 08:12:00,42947.1,42957.0,42935.0,42954.6,140.009
2024-01-04 08:13:00,42954.5,42956.7,42949.9,42952.0,40.177
2024-01-04 08:14:00,42952.1,42963.9,42940.7,42962.5,44.669
2024-01-04 08:15:00,42962.5,43000.0,42959.9,42992.0,316.323
2024-01-04 08:16:00,42991.9,43091.0,42991.2,43072.1,675.335
2024-01-04 08:17:00,43072.1,43136.0,43047.2,43105.8,761.032
2024-01-04 08:18:00,43105.8,43105.9,43053.7,43087.5,300.774
2024-01-04 08:19:00,43087.5,43087.5,43057.2,43080.9,136.223
2024-01-04 08:20:00,43081.0,43086.7,43053.2,43053.2,147.236
2024-01-04 08:21:00,43053.3,43088.0,43050.0,43084.4,101.656
2024-01-04 08:22:00,43084.5,43100.0,43058.4,43072.7,240.975
2024-01-04 08:23:00,43072.8,43078.3,43008.9,43023.4,183.683
2024-01-04 08:24:00,43023.5,43069.7,43023.5,43067.8,119.477
2024-01-04 08:25:00,43067.7,43090.6,43060.4,43083.1,119.722
2024-01-04 08:26:00,43083.1,43114.2,43083.1,43106.1,126.108
2024-01-04 08:27:00,43106.1,43182.2,43106.0,43174.1,592.912
2024-01-04 08:28:00,43174.2,43236.0,43173.0,43182.5,978.747
2024-01-04 08:29:00,43182.5,43182.5,43147.6,43151.0,203.359
2024-01-04 08:30:00,43151.1,43190.0,43133.0,43133.0,249.12
2024-01-04 08:31:00,43133.0,43136.6,43113.9,43121.0,206.533
2024-01-04 08:32:00,43121.1,43132.6,43121.0,43127.8,73.743
2024-01-04 08:33:00,43127.8,43148.3,43097.0,43097.0,160.131
2024-01-04 08:34:00,43097.0,43128.0,43082.5,43124.6,167.383
2024-01-04 08:35:00,43124.0,43124.0,43107.2,43112.3,69.318
2024-01-04 08:36:00,43112.3,43113.4,43108.2,43112.1,38.484
2024-01-04 08:37:00,43112.2,43183.4,43112.1,43173.7,144.455
2024-01-04 08:38:00,43173.7,43200.0,43170.8,43191.5,189.848
2024-01-04 08:39:00,43191.5,43221.2,43188.2,43206.3,172.575
2024-01-04 08:40:00,43206.3,43220.0,43206.3,43220.0,117.864
2024-01-04 08:41:00,43219.9,43220.0,43185.0,43185.0,174.75
2024-01-04 08:42:00,43185.1,43200.0,43181.0,43189.4,71.544
2024-01-04 08:43:00,43189.4,43196.7,43155.8,43155.8,78.764
2024-01-04 08:44:00,43155.8,43182.0,43155.7,43164.3,106.072
2024-01-04 08:45:00,43164.3,43229.0,43154.3,43227.5,237.308
2024-01-04 08:46:00,43227.4,43227.6,43198.6,43199.9,196.703
2024-01-04 08:47:00,43199.8,43200.0,43162.2,43174.0,111.424
2024-01-04 08:48:00,43173.9,43175.0,43160.0,43172.3,56.161
2024-01-04 08:49:00,43172.3,43194.6,43164.0,43191.2,121.505
2024-01-04 08:50:00,43191.3,43196.4,43130.0,43130.0,162.005
2024-01-04 08:51:00,43129.9,43130.0,43088.0,43094.9,329.001
2024-01-04 08:52:00,43095.0,43120.0,43086.7,43111.7,148.711
2024-01-04 08:53:00,43111.6,43116.0,43092.2,43111.1,129.553
2024-01-04 08:54:00,43111.1,43115.2,43094.8,43099.9,117.075
2024-01-04 08:55:00,43099.9,43103.7,43053.6,43062.1,255.194
2024-01-04 08:56:00,43062.2,43086.1,43062.1,43064.4,89.807
2024-01-04 08:57:00,43064.5,43087.4,43056.4,43087.3,67.403
2024-01-04 08:58:00,43087.3,43087.3,43030.7,43035.2,147.988
2024-01-04 08:59:00,43035.2,43053.2,43035.2,43053.1,81.168
2024-01-04 09:00:00,43053.1,43081.5,43053.1,43071.1,63.791
2024-01-04 09:01:00,43071.0,43081.7,43040.7,43048.9,99.295
2024-01-04 09:02:00,43049.0,43066.2,43039.0,43065.5,104.153
2024-01-04 09:03:00,43065.4,43065.9,43020.0,43020.1,121.046
2024-01-04 09:04:00,43020.1,43032.6,43013.3,43031.2,97.849
2024-01-04 09:05:00,43031.2,43056.0,43031.1,43055.9,84.451
2024-01-04 09:06:00,43056.0,43075.2,43055.0,43062.2,91.081
2024-01-04 09:07:00,43062.2,43066.5,43041.8,43053.0,50.078
2024-01-04 09:08:00,43053.0,43063.2,43053.0,43056.9,28.206
2024-01-04 09:09:00,43056.8,43069.0,43044.0,43067.7,151.067
2024-01-04 09:10:00,43067.7,43069.0,43053.9,43054.0,45.701
2024-01-04 09:11:00,43054.0,43058.3,43040.4,43042.9,62.471
2024-01-04 09:12:00,43042.8,43050.2,43040.0,43040.0,25.374
2024-01-04 09:13:00,43040.1,43069.0,43040.0,43068.9,57.222
2024-01-04 09:14:00,43068.9,43069.0,43038.4,43042.0,60.484
2024-01-04 09:15:00,43041.9,43065.1,43039.6,43065.1,51.66
2024-01-04 09:16:00,43065.1,43065.1,43060.4,43060.5,40.126
2024-01-04 09:17:00,43060.5,43123.7,43060.4,43122.4,132.428
2024-01-04 09:18:00,43121.8,43162.1,43120.1,43132.5,307.589
2024-01-04 09:19:00,43132.6,43135.4,43102.1,43110.8,68.943
2024-01-04 09:20:00,43110.8,43122.3,43102.9,43122.3,70.736
2024-01-04 09:21:00,43122.2,43138.6,43117.1,43127.6,35.378
2024-01-04 09:22:00,43127.5,43132.5,43104.5,43126.3,87.728
2024-01-04 09:23:00,43126.1,43130.6,43118.9,43122.7,27.596
2024-01-04 09:24:00,43119.1,43119.2,43094.9,43096.3,100.916
2024-01-04 09:25:00,43096.3,43134.4,43096.3,43134.4,70.517
2024-01-04 09:26:00,43134.3,43137.7,43101.2,43101.2,89.53
2024-01-04 09:27:00,43101.2,43106.4,43088.0,43093.7,38.3
2024-01-04 09:28:00,43093.7,43100.0,43091.3,43097.1,42.938
2024-01-04 09:29:00,43097.1,43132.0,43097.0,43119.6,70.239
2024-01-04 09:30:00,43119.6,43130.7,43086.6,43097.0,173.67
2024-01-04 09:31:00,43097.1,43108.8,43023.5,43026.1,487.324
2024-01-04 09:32:00,43026.0,43044.4,42966.9,42975.5,496.727
2024-01-04 09:33:00,42975.5,43025.0,42973.2,43006.1,167.487
2024-01-04 09:34:00,43006.1,43006.1,42972.5,42990.0,89.235
2024-01-04 09:35:00,42990.1,43014.2,42977.1,43004.2,112.033
2024-01-04 09:36:00,43004.1,43004.2,42986.1,42990.0,50.296
2024-01-04 09:37:00,42989.9,43013.1,42989.9,43005.9,72.008
2024-01-04 09:38:00,43006.9,43058.4,43006.8,43058.3,131.656
2024-01-04 09:39:00,43058.4,43062.2,43047.0,43047.1,97.364
2024-01-04 09:40:00,43047.1,43068.2,43047.0,43054.9,80.098
2024-01-04 09:41:00,43054.8,43057.7,43035.0,43039.6,49.123
2024-01-04 09:42:00,43039.6,43039.6,42989.3,43020.7,251.978
2024-01-04 09:43:00,43020.6,43041.6,43014.7,43040.4,40.004
2024-01-04 09:44:00,43040.4,43055.2,43039.9,43040.0,52.425
2024-01-04 09:45:00,43040.0,43066.9,43035.0,43066.8,78.592
2024-01-04 09:46:00,43066.8,43077.0,43059.0,43059.0,53.764
2024-01-04 09:47:00,43059.0,43072.3,43051.5,43070.0,37.181
2024-01-04 09:48:00,43070.1,43088.2,43068.7,43088.1,40.213
2024-01-04 09:49:00,43088.2,43092.9,43076.6,43089.0,36.263
2024-01-04 09:50:00,43089.0,43094.7,43076.0,43076.0,38.736
2024-01-04 09:51:00,43076.0,43089.3,43060.0,43084.8,127.834
2024-01-04 09:52:00,43084.8,43093.5,43079.0,43093.5,37.124
2024-01-04 09:53:00,43093.4,43108.0,43090.1,43108.0,59.515
2024-01-04 09:54:00,43108.0,43126.2,43092.0,43125.0,187.791
2024-01-04 09:55:00,43125.1,43139.0,43118.6,43118.7,101.979
2024-01-04 09:56:00,43118.7,43148.9,43100.0,43148.9,74.836
2024-01-04 09:57:00,43147.5,43149.9,43130.3,43138.3,115.217
2024-01-04 09:58:00,43138.2,43146.8,43130.7,43146.4,95.056
2024-01-04 09:59:00,43146.5,43147.8,43135.1,43135.2,54.435
2024-01-04 10:00:00,43135.2,43159.1,43135.1,43156.7,86.236
2024-01-04 10:01:00,43156.6,43156.7,43100.8,43103.8,76.132
2024-01-04 10:02:00,43103.7,43118.0,43086.5,43092.7,104.576
2024-01-04 10:03:00,43092.7,43113.3,43078.9,43106.5,59.973
2024-01-04 10:04:00,43106.5,43115.0,43106.3,43110.6,27.186
2024-01-04 10:05:00,43110.7,43126.1,43097.3,43118.1,73.457
2024-01-04 10:06:00,43118.1,43132.8,43115.1,43121.4,40.349
2024-01-04 10:07:00,43121.5,43127.3,43114.1,43121.0,28.41
2024-01-04 10:08:00,43121.1,43122.0,43084.1,43092.8,47.496
2024-01-04 10:09:00,43092.7,43098.6,43079.1,43084.5,34.849
2024-01-04 10:10:00,43084.6,43102.0,43079.7,43101.9,43.911
2024-01-04 10:11:00,43102.0,43102.0,43090.6,43098.7,22.865
2024-01-04 10:12:00,43098.7,43113.4,43096.6,43113.3,19.656
2024-01-04 10:13:00,43113.3,43125.2,43113.3,43122.2,40.233
2024-01-04 10:14:00,43122.2,43122.3,43104.2,43104.9,52.971
2024-01-04 10:15:00,43104.9,43155.4,43104.9,43155.4,92.728
2024-01-04 10:16:00,43155.4,43184.9,43153.1,43184.9,129.674
2024-01-04 10:17:00,43184.9,43216.2,43170.7,43205.8,217.742
2024-01-04 10:18:00,43205.7,43205.8,43175.0,43175.1,92.378
2024-01-04 10:19:00,43175.0,43195.0,43175.0,43184.9,56.801
2024-01-04 10:20:00,43184.9,43198.4,43162.2,43162.2,98.407
2024-01-04 10:21:00,43162.2,43186.9,43162.2,43165.1,56.328
2024-01-04 10:22:00,43165.1,43165.1,43139.4,43156.4,60.993
2024-01-04 10:23:00,43156.4,43156.4,43123.1,43123.1,64.677
2024-01-04 10:24:00,43123.0,43124.5,43105.2,43116.5,74.01
2024-01-04 10:25:00,43116.6,43156.9,43116.5,43156.9,61.325
2024-01-04 10:26:00,43156.9,43163.2,43151.4,43155.6,29.21
2024-01-04 10:27:00,43155.7,43173.8,43155.7,43161.1,63.117
2024-01-04 10:28:00,43161.0,43161.1,43154.2,43154.3,19.876
2024-01-04 10:29:00,43154.2,43161.1,43150.1,43161.1,50.028
2024-01-04 10:30:00,43161.1,43182.6,43121.8,43125.2,122.461
2024-01-04 10:31:00,43125.2,43144.0,43122.5,43133.5,53.393
2024-01-04 10:32:00,43133.4,43133.5,43121.5,43121.5,21.259
2024-01-04 10:33:00,43121.3,43173.8,43105.9,43173.7,77.936
2024-01-04 10:34:00,43173.8,43181.1,43163.5,43163.5,53.894
2024-01-04 10:35:00,43163.6,43186.5,43163.5,43186.5,36.229
2024-01-04 10:36:00,43186.4,43208.3,43169.9,43180.2,154.605
2024-01-04 10:37:00,43180.2,43180.7,43150.8,43150.8,130.665
2024-01-04 10:38:00,43150.8,43166.0,43146.7,43162.7,52.769
2024-01-04 10:39:00,43162.7,43162.7,43153.2,43153.2,22.26
2024-01-04 10:40:00,43153.2,43159.9,43147.2,43153.3,31.057
2024-01-04 10:41:00,43153.3,43164.6,43143.6,43147.0,41.27
2024-01-04 10:42:00,43147.5,43170.9,43147.5,43170.8,47.145
2024-01-04 10:43:00,43170.8,43186.8,43170.7,43183.9,35.315
2024-01-04 10:44:00,43183.9,43187.1,43173.2,43173.2,39.413
2024-01-04 10:45:00,43173.2,43218.0,43173.2,43216.4,109.589
2024-01-04 10:46:00,43216.4,43216.4,43166.5,43183.6,105.96
2024-01-04 10:47:00,43183.5,43203.0,43180.0,43186.0,67.666
2024-01-04 10:48:00,43185.9,43209.4,43185.9,43199.8,56.606
2024-01-04 10:49:00,43199.8,43199.9,43164.5,43164.5,40.174
2024-01-04 10:50:00,43164.6,43164.6,43121.3,43121.3,107.313
2024-01-04 10:51:00,43121.4,43146.3,43119.9,43140.5,69.291
2024-01-04 10:52:00,43140.6,43145.9,43115.9,43123.9,54.941
2024-01-04 10:53:00,43123.9,43129.9,43092.0,43101.5,158.353
2024-01-04 10:54:00,43101.9,43104.8,43083.9,43104.8,80.034
2024-01-04 10:55:00,43104.8,43114.7,43093.6,43100.9,79.524
2024-01-04 10:56:00,43101.4,43110.7,43101.2,43104.0,25.911
2024-01-04 10:57:00,43103.9,43115.8,43085.5,43097.8,51.204
2024-01-04 10:58:00,43097.7,43106.9,43090.2,43094.9,49.766
2024-01-04 10:59:00,43094.9,43101.1,43094.9,43095.8,25.281
2024-01-04 11:00:00,43095.7,43116.5,43095.7,43116.5,34.372
2024-01-04 11:01:00,43116.5,43124.1,43081.6,43086.8,104.298
2024-01-04 11:02:00,43086.7,43130.0,43086.7,43130.0,59.293
2024-01-04 11:03:00,43129.9,43135.0,43118.6,43127.8,48.226
2024-01-04 11:04:00,43127.9,43135.8,43126.6,43129.6,36.685
2024-01-04 11:05:00,43129.7,43163.4,43128.6,43152.0,82.469
2024-01-04 11:06:00,43152.0,43209.3,43148.1,43209.3,98.485
2024-01-04 11:07:00,43209.2,43251.5,43203.4,43239.3,420.679
2024-01-04 11:08:00,43239.4,43240.0,43220.0,43229.1,123.541
2024-01-04 11:09:00,43229.1,43275.0,43224.8,43266.8,347.467
2024-01-04 11:10:00,43266.8,43290.0,43226.2,43231.9,304.093
2024-01-04 11:11:00,43231.9,43259.6,43231.9,43243.2,90.052
2024-01-04 11:12:00,43243.3,43251.7,43206.5,43206.5,164.335
2024-01-04 11:13:00,43206.5,43249.6,43200.0,43238.8,144.901
2024-01-04 11:14:00,43238.7,43249.6,43232.3,43241.0,71.544
2024-01-04 11:15:00,43240.9,43250.0,43225.1,43239.9,50.784
2024-01-04 11:16:00,43240.0,43240.0,43235.0,43235.0,28.121
2024-01-04 11:17:00,43235.0,43235.1,43203.0,43228.7,79.454
2024-01-04 11:18:00,43228.7,43232.7,43195.6,43209.6,60.823
2024-01-04 11:19:00,43209.6,43209.6,43157.0,43157.0,99.692
2024-01-04 11:20:00,43157.0,43170.9,43132.6,43163.0,134.462
2024-01-04 11:21:00,43163.1,43167.2,43140.0,43144.2,52.424
2024-01-04 11:22:00,43144.1,43156.4,43144.1,43154.2,103.743
2024-01-04 11:23:00,43154.3,43156.2,43139.6,43142.3,64.927
2024-01-04 11:24:00,43142.4,43155.3,43137.7,43146.0,43.76
2024-01-04 11:25:00,43145.9,43190.2,43145.9,43189.1,103.013
2024-01-04 11:26:00,43189.0,43205.9,43187.5,43197.2,40.659
2024-01-04 11:27:00,43197.3,43197.3,43170.9,43173.2,46.908
2024-01-04 11:28:00,43173.3,43185.8,43171.6,43185.8,35.282
2024-01-04 11:29:00,43185.7,43194.3,43185.7,43191.3,36.736
2024-01-04 11:30:00,43191.3,43210.0,43179.5,43194.3,78.424
2024-01-04 11:31:00,43194.2,43221.7,43164.8,43204.9,160.515
2024-01-04 11:32:00,43205.0,43208.0,43180.3,43208.0,105.68
2024-01-04 11:33:00,43208.0,43224.0,43204.3,43222.4,56.04
2024-01-04 11:34:00,43222.5,43235.0,43222.4,43231.5,104.439
2024-01-04 11:35:00,43231.4,43238.9,43203.3,43208.6,88.939
2024-01-04 11:36:00,43208.6,43232.7,43207.3,43229.5,42.702
2024-01-04 11:37:00,43229.4,43237.0,43212.7,43216.1,71.136
2024-01-04 11:38:00,43216.1,43216.2,43181.2,43186.2,89.523
2024-01-04 11:39:00,43186.3,43194.9,43177.6,43181.3,62.11
2024-01-04 11:40:00,43181.4,43187.1,43165.0,43187.1,98.363
2024-01-04 11:41:00,43187.0,43213.4,43184.1,43213.3,57.149
2024-01-04 11:42:00,43213.4,43214.4,43177.0,43177.0,86.024
2024-01-04 11:43:00,43177.1,43177.1,43129.8,43133.9,152.947
2024-01-04 11:44:00,43133.9,43136.8,43106.4,43118.5,244.662
2024-01-04 11:45:00,43118.5,43144.6,43118.4,43142.7,60.479
2024-01-04 11:46:00,43142.7,43163.4,43142.7,43162.7,57.365
2024-01-04 11:47:00,43162.6,43168.5,43160.2,43168.5,34.747
2024-01-04 11:48:00,43168.5,43170.0,43137.3,43139.0,52.193
2024-01-04 11:49:00,43139.0,43154.0,43127.4,43132.1,63.194
2024-01-04 11:50:00,43132.2,43140.0,43118.4,43118.4,85.816
2024-01-04 11:51:00,43118.4,43120.0,43088.0,43092.7,99.779
2024-01-04 11:52:00,43092.7,43120.3,43092.7,43110.9,88.79
2024-01-04 11:53:00,43111.0,43126.5,43098.8,43126.5,57.553
2024-01-04 11:54:00,43126.5,43130.0,43110.0,43110.1,50.38
2024-01-04 11:55:00,43110.1,43130.0,43106.1,43118.0,79.841
2024-01-04 11:56:00,43118.0,43154.0,43112.6,43122.2,202.679
2024-01-04 11:57:00,43122.2,43133.0,43122.1,43126.0,36.944
2024-01-04 11:58:00,43126.0,43133.0,43117.7,43131.6,45.999
2024-01-04 11:59:00,43131.5,43137.9,43098.4,43137.9,134.969
2024-01-04 12:00:00,43137.8,43157.2,43137.8,43154.1,88.659
2024-01-04 12:01:00,43154.0,43154.1,43110.0,43128.9,90.513
2024-01-04 12:02:00,43128.9,43146.0,43128.8,43145.8,25.732
2024-01-04 12:03:00,43145.8,43153.0,43143.2,43153.0,56.474
2024-01-04 12:04:00,43153.0,43175.9,43152.9,43175.9,53.971
2024-01-04 12:05:00,43175.8,43175.9,43140.0,43168.5,221.12
2024-01-04 12:06:00,43168.5,43188.5,43168.4,43175.8,128.085
2024-01-04 12:07:00,43175.8,43210.0,43175.8,43198.1,145.368
2024-01-04 12:08:00,43198.2,43220.0,43198.1,43219.8,113.811
2024-01-04 12:09:00,43219.8,43222.0,43202.1,43207.8,75.51
2024-01-04 12:10:00,43207.8,43207.8,43182.7,43196.9,73.611
2024-01-04 12:11:00,43196.9,43199.8,43169.0,43172.0,33.269
2024-01-04 12:12:00,43172.0,43186.3,43167.4,43186.3,68.429
2024-01-04 12:13:00,43186.3,43206.7,43186.2,43200.2,34.035
2024-01-04 12:14:00,43200.2,43210.2,43200.1,43207.5,42.818
2024-01-04 12:15:00,43207.6,43219.5,43200.8,43204.0,76.23
2024-01-04 12:16:00,43203.9,43212.0,43202.8,43203.4,34.398
2024-01-04 12:17:00,43203.4,43206.0,43184.8,43190.5,52.643
2024-01-04 12:18:00,43191.2,43197.2,43171.2,43173.7,54.188
2024-01-04 12:19:00,43173.8,43173.8,43150.0,43155.8,126.727
2024-01-04 12:20:00,43155.8,43167.3,43138.4,43138.4,58.27
2024-01-04 12:21:00,43138.5,43154.3,43138.3,43139.6,43.997
2024-01-04 12:22:00,43139.6,43152.7,43139.5,43145.8,27.378
2024-01-04 12:23:00,43145.9,43154.5,43143.1,43144.3,52.501
2024-01-04 12:24:00,43144.3,43162.5,43144.2,43150.0,44.633
2024-01-04 12:25:00,43150.1,43160.2,43144.5,43153.6,34.988
2024-01-04 12:26:00,43153.6,43165.4,43142.7,43147.0,37.065
2024-01-04 12:27:00,43147.1,43160.2,43139.2,43158.7,48.645
2024-01-04 12:28:00,43158.7,43165.7,43150.3,43162.7,36.586
2024-01-04 12:29:00,43162.7,43163.8,43152.4,43163.7,36.816
2024-01-04 12:30:00,43163.8,43187.1,43153.4,43187.1,66.573
2024-01-04 12:31:00,43187.0,43190.0,43159.2,43180.4,102.45
2024-01-04 12:32:00,43180.4,43180.4,43159.6,43160.0,41.228
2024-01-04 12:33:00,43160.0,43200.0,43158.6,43199.9,113.094
2024-01-04 12:34:00,43199.9,43264.7,43199.9,43250.0,480.457
2024-01-04 12:35:00,43250.1,43257.1,43231.5,43234.4,116.599
2024-01-04 12:36:00,43234.4,43268.0,43213.8,43263.4,155.907
2024-01-04 12:37:00,43262.6,43262.6,43000.0,43172.0,2278.394
2024-01-04 12:38:00,43172.1,43197.4,43150.0,43150.0,253.878
2024-01-04 12:39:00,43150.0,43155.9,43108.9,43140.0,229.397
2024-01-04 12:40:00,43140.0,43197.6,43139.9,43168.4,160.856
2024-01-04 12:41:00,43168.4,43180.0,43158.6,43173.0,71.428
2024-01-04 12:42:00,43173.0,43173.0,43124.0,43127.0,380.486
2024-01-04 12:43:00,43127.1,43127.1,43036.5,43108.3,950.482
2024-01-04 12:44:00,43108.4,43113.3,43092.7,43100.5,89.196
2024-01-04 12:45:00,43099.4,43119.1,43066.0,43083.4,315.837
2024-01-04 12:46:00,43083.5,43083.5,43056.8,43071.1,158.102
2024-01-04 12:47:00,43071.1,43083.1,43062.1,43067.7,136.926
2024-01-04 12:48:00,43067.8,43067.8,43023.5,43039.1,254.101
2024-01-04 12:49:00,43039.2,43047.1,42960.0,42974.9,701.869
2024-01-04 12:50:00,42974.9,43025.0,42974.7,42986.6,403.883
2024-01-04 12:51:00,42986.6,43025.0,42983.6,42987.0,207.964
2024-01-04 12:52:00,42987.1,43034.0,42987.0,43030.3,250.804
2024-01-04 12:53:00,43030.3,43083.5,43025.8,43028.4,181.07
2024-01-04 12:54:00,43028.4,43073.4,43028.3,43052.9,138.643
2024-01-04 12:55:00,43052.9,43057.6,43028.0,43051.9,145.626
2024-01-04 12:56:00,43051.9,43057.2,43046.9,43047.1,60.348
2024-01-04 12:57:00,43047.2,43062.9,43047.1,43054.0,31.985
2024-01-04 12:58:00,43054.1,43076.0,43054.0,43070.0,61.395
2024-01-04 12:59:00,43070.0,43074.2,43060.1,43063.5,54.751
2024-01-04 13:00:00,43063.6,43102.7,43054.9,43082.0,192.866
2024-01-04 13:01:00,43082.0,43103.7,43082.0,43100.0,68.485
2024-01-04 13:02:00,43100.0,43169.8,43099.9,43152.9,330.34
2024-01-04 13:03:00,43153.0,43181.9,43122.2,43143.0,421.246
2024-01-04 13:04:00,43143.6,43146.6,43118.9,43123.9,91.959
2024-01-04 13:05:00,43124.0,43147.1,43098.8,43098.8,129.436
2024-01-04 13:06:00,43098.8,43107.1,43085.0,43091.0,71.618
2024-01-04 13:07:00,43091.1,43091.1,43068.1,43091.1,72.933
2024-01-04 13:08:00,43091.2,43107.6,43083.4,43096.5,116.269
2024-01-04 13:09:00,43096.5,43104.1,43046.9,43051.7,157.88
2024-01-04 13:10:00,43051.8,43051.8,42990.0,43001.5,334.144
2024-01-04 13:11:00,43001.4,43001.4,42826.1,42849.6,1805.066
2024-01-04 13:12:00,42849.6,42939.0,42837.6,42906.9,704.979
2024-01-04 13:13:00,42906.8,43035.2,42906.8,43032.0,801.159
2024-01-04 13:14:00,43032.0,43032.1,42960.3,42995.3,358.901
2024-01-04 13:15:00,42995.2,43016.8,42975.7,42981.5,124.057
2024-01-04 13:16:00,42981.6,42990.0,42894.5,42898.0,346.513
2024-01-04 13:17:00,42898.0,42941.5,42882.4,42913.1,262.797
2024-01-04 13:18:00,42913.0,42922.6,42891.4,42892.4,152.738
2024-01-04 13:19:00,42892.4,42912.2,42848.1,42883.7,449.986
2024-01-04 13:20:00,42883.7,42895.0,42871.3,42884.5,221.085
2024-01-04 13:21:00,42884.5,42884.5,42841.0,42841.0,221.251
2024-01-04 13:22:00,42841.1,42910.1,42841.0,42899.5,259.504
2024-01-04 13:23:00,42899.5,42921.5,42879.0,42879.1,139.01
2024-01-04 13:24:00,42879.1,42907.3,42842.1,42851.7,374.465
2024-01-04 13:25:00,42851.6,42893.5,42780.0,42802.9,707.216
2024-01-04 13:26:00,42802.9,42844.5,42769.1,42786.7,801.851
2024-01-04 13:27:00,42786.8,42832.7,42781.5,42821.6,202.135
2024-01-04 13:28:00,42821.7,42832.6,42809.1,42810.1,138.293
2024-01-04 13:29:00,42810.1,42813.0,42765.0,42775.0,252.157
2024-01-04 13:30:00,42775.1,42862.3,42771.6,42860.1,362.351
2024-01-04 13:31:00,42860.1,42898.0,42853.7,42875.1,399.91
2024-01-04 13:32:00,42875.1,42903.8,42864.1,42903.8,188.371
2024-01-04 13:33:00,42903.8,42908.5,42874.5,42888.0,151.659
2024-01-04 13:34:00,42888.0,42923.0,42872.6,42879.2,172.774
2024-01-04 13:35:00,42879.3,42895.4,42864.0,42869.5,116.555
2024-01-04 13:36:00,42869.5,42891.1,42869.4,42890.3,109.427
2024-01-04 13:37:00,42890.3,42900.0,42859.8,42864.2,112.901
2024-01-04 13:38:00,42864.3,42890.0,42840.3,42840.4,100.017
2024-01-04 13:39:00,42840.4,42841.8,42800.0,42802.8,275.549
2024-01-04 13:40:00,42802.9,42872.0,42800.0,42872.0,166.044
2024-01-04 13:41:00,42872.1,42876.8,42836.0,42876.8,178.867
2024-01-04 13:42:00,42876.8,42882.8,42864.0,42875.4,96.489
2024-01-04 13:43:00,42875.4,42897.0,42870.0,42892.1,105.788
2024-01-04 13:44:00,42892.1,42892.1,42858.6,42870.4,121.792
2024-01-04 13:45:00,42870.4,42876.0,42827.4,42827.4,168.686
2024-01-04 13:46:00,42827.4,42827.4,42785.0,42797.3,286.311
2024-01-04 13:47:00,42797.3,42804.1,42770.3,42793.2,213.84
2024-01-04 13:48:00,42793.2,42800.2,42732.2,42771.1,572.779
2024-01-04 13:49:00,42771.0,42795.8,42757.5,42793.3,231.035
2024-01-04 13:50:00,42793.4,42895.0,42772.9,42888.2,250.17
2024-01-04 13:51:00,42888.3,42915.1,42875.0,42911.1,237.785
2024-01-04 13:52:00,42911.1,42965.0,42900.0,42930.4,503.836
2024-01-04 13:53:00,42930.5,42938.5,42905.0,42905.8,183.947
2024-01-04 13:54:00,42905.9,42921.4,42895.0,42914.3,121.941
2024-01-04 13:55:00,42913.7,42949.1,42906.7,42922.8,143.124
2024-01-04 13:56:00,42922.7,42978.3,42922.7,42964.0,236.538
2024-01-04 13:57:00,42964.0,42966.8,42948.8,42956.6,77.129
2024-01-04 13:58:00,42956.6,42960.9,42935.7,42943.4,50.971
2024-01-04 13:59:00,42943.4,42951.1,42924.2,42948.1,62.191
2024-01-04 14:00:00,42948.1,42965.9,42927.7,42947.8,134.455
2024-01-04 14:01:00,42947.8,42955.9,42929.3,42934.1,81.179
2024-01-04 14:02:00,42934.1,42946.6,42901.1,42902.7,76.398
2024-01-04 14:03:00,42902.8,42927.7,42897.7,42902.1,82.701
2024-01-04 14:04:00,42902.1,42906.5,42858.2,42858.2,232.107
2024-01-04 14:05:00,42858.3,42866.1,42837.7,42849.8,180.564
2024-01-04 14:06:00,42849.8,42861.5,42825.0,42837.7,114.209
2024-01-04 14:07:00,42837.7,42845.6,42790.0,42795.6,218.933
2024-01-04 14:08:00,42795.5,42838.4,42795.5,42805.8,212.267
2024-01-04 14:09:00,42805.7,42824.2,42793.6,42796.9,139.835
2024-01-04 14:10:00,42796.9,42814.3,42790.0,42802.1,144.286
2024-01-04 14:11:00,42802.2,42839.8,42802.1,42832.2,119.429
2024-01-04 14:12:00,42832.2,42832.2,42790.2,42819.2,141.902
2024-01-04 14:13:00,42819.0,42819.0,42803.0,42810.0,81.091
2024-01-04 14:14:00,42810.0,42827.3,42801.5,42801.6,88.874
2024-01-04 14:15:00,42801.6,42823.2,42800.1,42801.6,119.477
2024-01-04 14:16:00,42801.6,42806.3,42792.6,42801.9,133.933
2024-01-04 14:17:00,42802.5,42870.0,42802.5,42870.0,168.633
2024-01-04 14:18:00,42870.0,42870.0,42813.3,42827.4,144.73
2024-01-04 14:19:00,42827.4,42828.5,42817.5,42820.3,60.784
2024-01-04 14:20:00,42820.3,42856.4,42820.3,42839.5,94.908
2024-01-04 14:21:00,42839.5,42878.6,42831.7,42878.6,110.632
2024-01-04 14:22:00,42878.6,42895.9,42878.5,42895.8,85.268
2024-01-04 14:23:00,42895.9,42898.0,42864.4,42870.8,121.125
2024-01-04 14:24:00,42870.7,42883.2,42865.9,42866.0,67.857
2024-01-04 14:25:00,42866.0,42892.5,42865.9,42888.4,98.295
2024-01-04 14:26:00,42889.6,42889.6,42866.7,42878.8,69.595
2024-01-04 14:27:00,42878.8,42878.8,42850.0,42861.9,84.241
2024-01-04 14:28:00,42861.9,42861.9,42846.4,42851.1,44.387
2024-01-04 14:29:00,42851.9,42863.2,42851.8,42858.7,48.572
2024-01-04 14:30:00,42858.7,42892.4,42858.6,42892.4,72.542
2024-01-04 14:31:00,42892.4,42914.7,42891.0,42908.7,90.355
2024-01-04 14:32:00,42908.8,42933.6,42896.1,42912.2,110.483
2024-01-04 14:33:00,42912.1,42912.2,42873.0,42901.0,123.449
2024-01-04 14:34:00,42901.0,42911.0,42894.3,42901.6,69.972
2024-01-04 14:35:00,42901.7,42910.9,42880.3,42910.9,69.778
2024-01-04 14:36:00,42910.9,42914.1,42891.1,42911.6,82.09
2024-01-04 14:37:00,42911.7,42938.9,42911.6,42935.8,86.63
2024-01-04 14:38:00,42935.9,42952.9,42935.9,42951.7,175.131
2024-01-04 14:39:00,42951.6,42951.7,42918.2,42918.2,82.944
2024-01-04 14:40:00,42918.3,42924.9,42915.2,42920.2,37.411
2024-01-04 14:41:00,42920.2,42941.7,42900.2,42934.5,92.699
2024-01-04 14:42:00,42934.4,42944.7,42913.3,42913.4,47.233
2024-01-04 14:43:00,42913.3,42916.5,42888.8,42890.8,97.09
2024-01-04 14:44:00,42890.9,42905.0,42877.3,42877.3,91.621
2024-01-04 14:45:00,42877.3,42931.5,42877.3,42907.1,102.49
2024-01-04 14:46:00,42907.1,42947.0,42907.0,42939.0,146.642
2024-01-04 14:47:00,42938.9,42946.9,42934.4,42946.9,49.41
2024-01-04 14:48:00,42946.8,42974.4,42945.5,42949.1,110.576
2024-01-04 14:49:00,42949.2,42951.1,42924.6,42924.7,73.79
2024-01-04 14:50:00,42924.7,42924.7,42870.2,42893.6,203.305
2024-01-04 14:51:00,42893.6,42926.0,42893.5,42926.0,59.168
2024-01-04 14:52:00,42926.0,42954.5,42926.0,42950.0,143.837
2024-01-04 14:53:00,42950.0,43008.0,42950.0,42973.2,637.303
2024-01-04 14:54:00,42973.2,42979.9,42959.9,42970.5,63.632
2024-01-04 14:55:00,42970.5,42987.0,42968.0,42983.9,56.498
2024-01-04 14:56:00,42984.0,43018.2,42983.9,43015.6,261.828
2024-01-04 14:57:00,43015.5,43046.0,43011.0,43015.5,380.88
2024-01-04 14:58:00,43015.5,43030.2,42996.2,43002.9,153.321
2024-01-04 14:59:00,43002.9,43003.0,42995.0,43002.6,65.991
2024-01-04 15:00:00,43002.6,43042.0,43002.5,43039.7,138.256
2024-01-04 15:01:00,43039.6,43062.4,43033.1,43048.6,195.616
2024-01-04 15:02:00,43048.6,43076.9,43048.6,43076.1,140.566
2024-01-04 15:03:00,43076.1,43102.8,43064.1,43098.5,307.043
2024-01-04 15:04:00,43098.6,43098.6,42984.6,42985.9,626.899
2024-01-04 15:05:00,42985.9,42985.9,42943.3,42947.5,229.716
2024-01-04 15:06:00,42947.6,42960.7,42943.2,42953.7,80.389
2024-01-04 15:07:00,42953.7,42984.2,42953.6,42984.1,140.245
2024-01-04 15:08:00,42984.1,42984.2,42954.7,42977.5,69.423
2024-01-04 15:09:00,42977.5,42985.6,42950.1,42950.1,229.254
2024-01-04 15:10:00,42950.0,42972.8,42946.0,42972.8,65.435
2024-01-04 15:11:00,42972.7,42984.7,42960.0,42964.5,73.358
2024-01-04 15:12:00,42964.6,42994.0,42947.0,42992.5,184.42
2024-01-04 15:13:00,42992.4,42992.4,42968.6,42988.0,63.835
2024-01-04 15:14:00,42987.9,42993.3,42967.3,42967.3,125.235
2024-01-04 15:15:00,42967.4,42997.4,42960.1,42983.8,173.576
2024-01-04 15:16:00,42983.9,42997.6,42983.8,42993.4,39.68
2024-01-04 15:17:00,42993.5,42999.9,42972.6,42972.6,101.333
2024-01-04 15:18:00,42972.6,42981.9,42960.8,42980.0,81.176
2024-01-04 15:19:00,42980.0,42984.4,42971.0,42979.4,44.614
2024-01-04 15:20:00,42979.5,43038.0,42965.2,43032.8,136.742
2024-01-04 15:21:00,43032.8,43032.8,43003.5,43008.6,71.829
2024-01-04 15:22:00,43008.6,43035.2,43008.6,43032.0,47.709
2024-01-04 15:23:00,43032.0,43036.0,43026.1,43035.9,47.947
2024-01-04 15:24:00,43035.9,43055.0,43035.9,43045.2,89.682
2024-01-04 15:25:00,43045.3,43079.7,43045.2,43066.4,232.07
2024-01-04 15:26:00,43066.4,43066.4,43042.0,43042.0,71.273
2024-01-04 15:27:00,43042.0,43050.1,43013.3,43013.3,114.197
2024-01-04 15:28:00,43013.3,43023.7,43012.9,43023.7,65.863
2024-01-04 15:29:00,43023.7,43033.0,43020.6,43020.6,55.442
2024-01-04 15:30:00,43020.7,43041.2,43010.5,43010.5,91.226
2024-01-04 15:31:00,43010.6,43070.2,42982.2,43070.1,152.395
2024-01-04 15:32:00,43070.1,43070.2,43027.9,43053.2,112.863
2024-01-04 15:33:00,43053.3,43092.8,43050.4,43090.0,252.63
2024-01-04 15:34:00,43088.8,43088.8,43066.0,43072.9,84.051
2024-01-04 15:35:00,43072.9,43084.3,43061.2,43061.2,72.35
2024-01-04 15:36:00,43061.2,43062.9,43016.7,43018.0,60.61
2024-01-04 15:37:00,43018.1,43018.1,42992.5,42992.6,147.643
2024-01-04 15:38:00,42992.5,42993.3,42960.0,42970.2,144.825
2024-01-04 15:39:00,42970.3,42990.0,42969.0,42972.2,91.394
2024-01-04 15:40:00,42972.2,42974.8,42948.0,42951.0,160.018
2024-01-04 15:41:00,42951.0,42960.9,42942.5,42950.1,110.731
2024-01-04 15:42:00,42950.2,42952.4,42933.7,42947.4,115.571
2024-01-04 15:43:00,42947.4,42955.6,42933.7,42940.9,58.087
2024-01-04 15:44:00,42940.9,42950.0,42937.1,42950.0,101.937
2024-01-04 15:45:00,42950.0,42967.8,42925.0,42925.0,128.847
2024-01-04 15:46:00,42925.0,42925.1,42857.5,42871.7,698.58
2024-01-04 15:47:00,42871.8,42904.8,42866.2,42874.7,295.576
2024-01-04 15:48:00,42874.7,42879.6,42866.1,42870.0,72.641
2024-01-04 15:49:00,42869.9,42878.3,42831.1,42856.7,230.522
2024-01-04 15:50:00,42856.8,42864.8,42816.0,42822.0,195.663
2024-01-04 15:51:00,42822.0,42850.3,42821.9,42842.8,165.321
2024-01-04 15:52:00,42842.8,42850.1,42829.4,42845.3,83.773
2024-01-04 15:53:00,42845.4,42845.4,42800.0,42800.0,227.744
2024-01-04 15:54:00,42800.0,42807.8,42767.0,42782.6,483.458
2024-01-04 15:55:00,42782.6,42796.8,42645.1,42688.8,1366.72
2024-01-04 15:56:00,42688.8,42745.4,42672.9,42745.3,536.725
2024-01-04 15:57:00,42745.4,42828.5,42744.0,42817.4,361.983
2024-01-04 15:58:00,42817.3,42831.0,42806.0,42826.8,184.325
2024-01-04 15:59:00,42826.9,42826.9,42773.2,42797.9,167.296
2024-01-04 16:00:00,42797.8,42827.1,42788.8,42815.6,172.287
2024-01-04 16:01:00,42815.6,42820.0,42778.0,42778.0,114.105
2024-01-04 16:02:00,42778.0,42872.9,42735.9,42867.6,535.516
2024-01-04 16:03:00,42867.6,42937.3,42866.1,42929.2,777.332
2024-01-04 16:04:00,42929.2,42940.0,42902.5,42907.3,224.677
2024-01-04 16:05:00,42907.2,42943.6,42906.9,42906.9,171.53
2024-01-04 16:06:00,42907.0,42916.6,42873.1,42894.0,129.015
2024-01-04 16:07:00,42894.2,42937.0,42894.2,42929.5,175.594
2024-01-04 16:08:00,42929.5,42990.7,42929.4,42978.8,289.625
2024-01-04 16:09:00,42978.9,42988.3,42949.6,42983.4,236.166
2024-01-04 16:10:00,42982.9,43039.4,42958.7,43037.3,492.184
2024-01-04 16:11:00,43037.3,43123.2,43027.6,43114.2,626.409
2024-01-04 16:12:00,43114.2,43117.9,43060.0,43082.0,344.894
2024-01-04 16:13:00,43082.1,43082.8,43033.4,43060.4,260.251
2024-01-04 16:14:00,43060.4,43065.0,43008.6,43028.9,343.203
2024-01-04 16:15:00,43029.0,43047.5,43011.9,43011.9,137.064
2024-01-04 16:16:00,43012.0,43043.9,43011.9,43043.8,182.277
2024-01-04 16:17:00,43043.9,43088.5,43043.8,43081.6,174.528
2024-01-04 16:18:00,43081.6,43094.9,43072.4,43072.8,146.034
2024-01-04 16:19:00,43072.9,43098.2,43068.0,43071.4,144.494
2024-01-04 16:20:00,43071.3,43085.0,43033.8,43040.8,227.934
2024-01-04 16:21:00,43039.5,43074.8,43039.5,43057.7,172.244
2024-01-04 16:22:00,43057.6,43061.9,43039.3,43054.3,57.305
2024-01-04 16:23:00,43054.3,43063.2,43039.4,43045.9,67.882
2024-01-04 16:24:00,43045.9,43084.2,43044.0,43076.7,218.619
2024-01-04 16:25:00,43076.7,43089.0,43074.5,43082.7,126.858
2024-01-04 16:26:00,43082.6,43102.8,43056.0,43061.9,192.003
2024-01-04 16:27:00,43062.0,43089.3,43047.5,43080.0,76.741
2024-01-04 16:28:00,43080.1,43090.4,43068.5,43086.5,62.515
2024-01-04 16:29:00,43086.6,43096.2,43079.3,43089.5,56.606
2024-01-04 16:30:00,43089.6,43113.6,43089.5,43110.0,142.908
2024-01-04 16:31:00,43110.0,43150.0,43105.6,43125.0,244.098
2024-01-04 16:32:00,43125.0,43150.0,43121.1,43142.9,225.014
2024-01-04 16:33:00,43142.9,43169.6,43092.9,43108.9,559.058
2024-01-04 16:34:00,43108.9,43126.8,43105.7,43120.3,88.014
2024-01-04 16:35:00,43120.3,43149.5,43117.1,43117.1,128.354
2024-01-04 16:36:00,43117.2,43125.8,43052.1,43054.4,329.437
2024-01-04 16:37:00,43054.5,43067.7,43050.0,43057.8,126.133
2024-01-04 16:38:00,43057.7,43080.0,43057.7,43079.9,67.851
2024-01-04 16:39:00,43079.9,43079.9,43053.3,43057.8,74.139
2024-01-04 16:40:00,43057.9,43104.0,43057.9,43103.9,123.997
2024-01-04 16:41:00,43103.9,43104.0,43062.7,43068.2,57.785
2024-01-04 16:42:00,43068.1,43068.2,43016.0,43016.1,155.792
2024-01-04 16:43:00,43016.1,43049.0,43010.7,43048.3,118.585
2024-01-04 16:44:00,43048.4,43048.4,43033.8,43047.0,69.057
2024-01-04 16:45:00,43047.0,43052.0,43035.3,43035.3,63.677
2024-01-04 16:46:00,43035.4,43035.4,42977.8,42981.2,190.771
2024-01-04 16:47:00,42981.2,42995.9,42968.4,42970.0,162.125
2024-01-04 16:48:00,42970.0,43075.9,42942.9,43072.3,568.686
2024-01-04 16:49:00,43072.3,43076.7,43052.2,43067.6,104.718
2024-01-04 16:50:00,43067.6,43115.0,43067.6,43092.7,225.61
2024-01-04 16:51:00,43094.5,43107.5,43074.0,43104.2,92.371
2024-01-04 16:52:00,43104.2,43122.3,43104.2,43121.4,129.765
2024-01-04 16:53:00,43121.3,43145.0,43121.3,43144.9,163.248
2024-01-04 16:54:00,43145.0,43145.0,43115.6,43115.6,127.696
2024-01-04 16:55:00,43115.7,43135.8,43102.8,43113.3,110.316
2024-01-04 16:56:00,43113.4,43113.4,43086.8,43096.9,79.568
2024-01-04 16:57:00,43096.8,43128.4,43096.8,43114.3,95.059
2024-01-04 16:58:00,43114.4,43127.6,43114.4,43116.3,92.161
2024-01-04 16:59:00,43116.3,43122.5,43097.2,43122.5,94.811
2024-01-04 17:00:00,43122.6,43166.3,43122.5,43149.9,263.969
2024-01-04 17:01:00,43150.0,43192.2,43149.9,43182.6,295.601
2024-01-04 17:02:00,43182.7,43247.1,43165.3,43247.1,973.655
2024-01-04 17:03:00,43247.0,43255.0,43206.0,43212.8,399.447
2024-01-04 17:04:00,43212.7,43236.4,43212.7,43221.8,238.513
2024-01-04 17:05:00,43221.8,43248.3,43216.7,43221.6,289.651
2024-01-04 17:06:00,43221.7,43242.0,43221.6,43227.5,132.456
2024-01-04 17:07:00,43227.5,43227.6,43170.3,43176.8,158.9
2024-01-04 17:08:00,43176.8,43206.5,43176.8,43195.4,113.819
2024-01-04 17:09:00,43195.4,43207.2,43172.1,43176.3,138.665
2024-01-04 17:10:00,43176.2,43198.0,43163.9,43176.0,161.984
2024-01-04 17:11:00,43176.0,43176.1,43130.9,43136.8,215.187
2024-01-04 17:12:00,43136.8,43150.0,43125.9,43143.2,108.007
2024-01-04 17:13:00,43143.3,43176.2,43143.2,43166.5,93.565
2024-01-04 17:14:00,43166.5,43173.9,43155.1,43168.4,98.645
2024-01-04 17:15:00,43168.4,43193.3,43133.2,43193.3,165.96
2024-01-04 17:16:00,43193.6,43200.0,43175.4,43175.4,100.477
2024-01-04 17:17:00,43175.4,43218.3,43175.3,43205.0,164.677
2024-01-04 17:18:00,43205.1,43205.1,43175.3,43193.7,90.273
2024-01-04 17:19:00,43193.7,43229.9,43180.8,43184.2,369.307
2024-01-04 17:20:00,43184.2,43191.3,43178.3,43183.2,36.546
2024-01-04 17:21:00,43183.3,43183.3,43161.6,43162.8,69.038
2024-01-04 17:22:00,43161.7,43203.8,43160.1,43191.3,66.395
2024-01-04 17:23:00,43191.3,43191.3,43168.2,43171.1,43.296
2024-01-04 17:24:00,43171.1,43186.9,43171.0,43186.8,28.658
2024-01-04 17:25:00,43186.9,43194.0,43146.1,43151.6,103.12
2024-01-04 17:26:00,43151.7,43158.6,43129.5,43153.9,168.832
2024-01-04 17:27:00,43153.8,43177.0,43153.8,43173.7,65.365
2024-01-04 17:28:00,43173.6,43188.5,43167.8,43185.3,60.677
2024-01-04 17:29:00,43184.9,43188.2,43176.4,43188.2,55.996
2024-01-04 17:30:00,43188.2,43200.0,43170.2,43200.0,186.276
2024-01-04 17:31:00,43200.0,43230.0,43199.9,43224.6,155.407
2024-01-04 17:32:00,43224.6,43224.6,43150.5,43150.5,136.961
2024-01-04 17:33:00,43150.6,43164.6,43126.0,43126.0,177.224
2024-01-04 17:34:00,43126.1,43152.5,43112.7,43149.8,210.41
2024-01-04 17:35:00,43149.8,43149.8,43120.0,43125.2,140.145
2024-01-04 17:36:00,43125.3,43153.8,43107.4,43153.8,197.382
2024-01-04 17:37:00,43153.8,43166.8,43119.6,43158.5,239.694
2024-01-04 17:38:00,43158.5,43186.2,43158.4,43181.1,64.599
2024-01-04 17:39:00,43181.1,43205.6,43175.0,43205.6,154.443
2024-01-04 17:40:00,43205.9,43245.0,43205.8,43242.2,442.402
2024-01-04 17:41:00,43242.3,43242.3,43222.1,43222.1,146.884
2024-01-04 17:42:00,43222.1,43255.3,43217.9,43251.4,248.179
2024-01-04 17:43:00,43251.3,43254.2,43235.8,43241.5,101.072
2024-01-04 17:44:00,43241.5,43263.7,43237.9,43255.3,201.69
2024-01-04 17:45:00,43255.3,43426.9,43230.4,43353.8,2351.034
2024-01-04 17:46:00,43353.5,43450.0,43305.5,43413.8,1261.457
2024-01-04 17:47:00,43413.8,43413.8,43352.5,43382.9,456.743
2024-01-04 17:48:00,43382.9,43387.0,43333.7,43378.5,450.002
2024-01-04 17:49:00,43378.5,43400.0,43348.2,43390.8,239.817
2024-01-04 17:50:00,43390.9,43397.9,43360.0,43372.6,163.669
2024-01-04 17:51:00,43372.5,43376.5,43337.4,43369.6,185.584
2024-01-04 17:52:00,43369.7,43375.9,43351.5,43366.6,136.127
2024-01-04 17:53:00,43366.7,43372.5,43328.7,43349.8,150.643
2024-01-04 17:54:00,43349.7,43376.5,43330.2,43351.4,200.521
2024-01-04 17:55:00,43351.5,43360.0,43307.5,43309.4,187.792
2024-01-04 17:56:00,43309.5,43321.4,43159.7,43190.0,1011.758
2024-01-04 17:57:00,43190.1,43235.3,43152.4,43152.4,456.662
2024-01-04 17:58:00,43152.4,43211.2,43150.0,43211.2,282.645
2024-01-04 17:59:00,43211.1,43211.2,43176.9,43184.8,144.377
2024-01-04 18:00:00,43184.9,43206.6,43154.4,43164.5,197.616
2024-01-04 18:01:00,43164.5,43187.0,43136.0,43186.9,211.381
2024-01-04 18:02:00,43187.0,43300.0,43186.9,43300.0,459.854
2024-01-04 18:03:00,43300.0,43312.2,43287.5,43294.6,260.447
2024-01-04 18:04:00,43294.6,43294.7,43256.5,43271.2,199.367
2024-01-04 18:05:00,43271.2,43290.0,43244.0,43281.0,161.719
2024-01-04 18:06:00,43281.1,43300.6,43273.1,43289.4,139.847
2024-01-04 18:07:00,43289.5,43323.6,43289.4,43323.5,159.885
2024-01-04 18:08:00,43323.4,43330.3,43314.6,43330.3,157.138
2024-01-04 18:09:00,43330.3,43330.3,43306.7,43321.8,119.72
2024-01-04 18:10:00,43321.9,43327.9,43300.2,43305.1,117.723
2024-01-04 18:11:00,43305.1,43310.4,43266.0,43310.3,107.043
2024-01-04 18:12:00,43310.4,43350.0,43310.3,43330.2,151.536
2024-01-04 18:13:00,43330.2,43330.2,43302.2,43306.5,182.411
2024-01-04 18:14:00,43306.6,43316.0,43259.8,43273.9,246.468
2024-01-04 18:15:00,43274.0,43318.2,43273.9,43306.1,73.091
2024-01-04 18:16:00,43306.0,43348.0,43299.2,43348.0,228.577
2024-01-04 18:17:00,43347.9,43347.9,43315.0,43315.1,90.669
2024-01-04 18:18:00,43315.1,43367.0,43315.0,43366.9,182.31
2024-01-04 18:19:00,43367.0,43367.1,43327.7,43331.0,232.846
2024-01-04 18:20:00,43331.1,43355.4,43331.0,43342.9,70.087
2024-01-04 18:21:00,43342.9,43347.9,43326.6,43331.0,67.333
2024-01-04 18:22:00,43331.0,43358.1,43331.0,43348.4,63.599
2024-01-04 18:23:00,43348.4,43386.8,43343.0,43383.9,337.767
2024-01-04 18:24:00,43383.8,43383.9,43349.9,43370.0,126.438
2024-01-04 18:25:00,43369.9,43390.0,43369.9,43378.4,171.866
2024-01-04 18:26:00,43378.4,43378.5,43353.3,43366.5,64.578
2024-01-04 18:27:00,43366.5,43385.4,43326.7,43335.9,133.891
2024-01-04 18:28:00,43335.9,43375.4,43335.9,43360.3,115.862
2024-01-04 18:29:00,43360.4,43386.3,43326.8,43386.2,308.364
2024-01-04 18:30:00,43386.2,43391.0,43370.8,43370.8,258.722
2024-01-04 18:31:00,43370.9,43379.0,43329.6,43375.5,199.658
2024-01-04 18:32:00,43375.4,43375.4,43313.8,43313.8,117.292
2024-01-04 18:33:00,43313.9,43330.0,43286.4,43300.1,230.274
2024-01-04 18:34:00,43300.1,43336.8,43294.6,43326.7,163.181
2024-01-04 18:35:00,43326.7,43359.6,43312.8,43347.5,125.882
2024-01-04 18:36:00,43347.5,43359.6,43306.4,43309.3,164.023
2024-01-04 18:37:00,43309.3,43316.7,43290.8,43295.6,105.913
2024-01-04 18:38:00,43295.6,43309.8,43291.2,43309.8,75.851
2024-01-04 18:39:00,43309.7,43309.8,43297.5,43297.5,133.68
2024-01-04 18:40:00,43297.5,43306.4,43293.0,43299.1,106.837
2024-01-04 18:41:00,43299.1,43309.5,43294.5,43299.1,52.674
2024-01-04 18:42:00,43299.1,43334.4,43295.0,43300.3,103.954
2024-01-04 18:43:00,43300.4,43311.5,43291.3,43298.4,61.932
2024-01-04 18:44:00,43298.4,43321.5,43298.4,43299.3,59.7
2024-01-04 18:45:00,43299.3,43299.3,43264.9,43294.0,268.059
2024-01-04 18:46:00,43293.9,43339.6,43289.0,43296.2,129.401
2024-01-04 18:47:00,43296.2,43299.0,43260.0,43277.5,132.689
2024-01-04 18:48:00,43277.5,43279.1,43263.3,43274.4,95.519
2024-01-04 18:49:00,43274.5,43279.7,43262.1,43274.7,74.545
2024-01-04 18:50:00,43274.8,43300.0,43267.9,43268.0,75.483
2024-01-04 18:51:00,43267.9,43314.1,43259.9,43297.6,135.63
2024-01-04 18:52:00,43297.5,43303.1,43289.6,43303.1,55.112
2024-01-04 18:53:00,43303.0,43303.1,43253.4,43257.9,61.368
2024-01-04 18:54:00,43257.9,43264.7,43245.0,43245.1,111.715
2024-01-04 18:55:00,43245.0,43285.8,43240.3,43272.8,162.788
2024-01-04 18:56:00,43272.9,43297.4,43266.2,43286.0,50.568
2024-01-04 18:57:00,43286.0,43286.0,43232.7,43245.2,178.24
2024-01-04 18:58:00,43245.2,43265.6,43223.5,43238.0,137.159
2024-01-04 18:59:00,43238.0,43250.2,43227.2,43242.2,97.314
2024-01-04 19:00:00,43242.1,43242.1,43208.0,43214.7,212.803
2024-01-04 19:01:00,43214.6,43228.0,43166.6,43191.1,304.455
2024-01-04 19:02:00,43191.2,43230.0,43188.2,43230.0,255.362
2024-01-04 19:03:00,43230.0,43254.0,43198.2,43250.3,134.54
2024-01-04 19:04:00,43250.3,43250.3,43218.0,43234.0,89.282
2024-01-04 19:05:00,43234.0,43277.3,43222.1,43264.2,178.504
2024-01-04 19:06:00,43264.2,43268.3,43256.4,43268.3,70.383
2024-01-04 19:07:00,43268.3,43269.4,43256.4,43258.7,34.847
2024-01-04 19:08:00,43258.7,43275.0,43256.1,43257.9,55.371
2024-01-04 19:09:00,43258.0,43300.0,43257.9,43294.8,183.465
2024-01-04 19:10:00,43294.9,43294.9,43258.0,43270.1,274.073
2024-01-04 19:11:00,43270.0,43286.8,43267.1,43274.6,65.204
2024-01-04 19:12:00,43274.5,43315.7,43267.1,43315.7,196.446
2024-01-04 19:13:00,43315.7,43326.8,43292.1,43325.9,134.816
2024-01-04 19:14:00,43325.8,43330.8,43296.2,43298.9,126.23
2024-01-04 19:15:00,43298.8,43304.9,43271.1,43298.2,80.697
2024-01-04 19:16:00,43298.2,43336.0,43298.1,43331.7,111.378
2024-01-04 19:17:00,43331.7,43347.2,43331.7,43345.0,134.642
2024-01-04 19:18:00,43345.0,43359.6,43344.9,43359.6,96.094
2024-01-04 19:19:00,43359.6,43366.9,43350.0,43366.8,122.295
2024-01-04 19:20:00,43366.9,43380.0,43361.9,43380.0,150.399
2024-01-04 19:21:00,43379.9,43444.5,43379.9,43442.6,890.646
2024-01-04 19:22:00,43442.7,43489.8,43413.5,43484.4,850.619
2024-01-04 19:23:00,43484.5,43493.2,43457.6,43464.3,386.018
2024-01-04 19:24:00,43464.3,43486.4,43452.7,43477.7,298.86
2024-01-04 19:25:00,43477.7,43481.2,43445.3,43468.0,339.793
2024-01-04 19:26:00,43468.0,43486.7,43435.3,43440.4,252.722
2024-01-04 19:27:00,43440.4,43444.9,43383.9,43419.1,381.982
2024-01-04 19:28:00,43419.0,43419.0,43380.0,43396.7,191.906
2024-01-04 19:29:00,43396.7,43396.7,43344.2,43344.2,270.738
2024-01-04 19:30:00,43344.3,43362.7,43337.4,43341.6,322.009
2024-01-04 19:31:00,43341.6,43341.6,43259.7,43307.2,497.87
2024-01-04 19:32:00,43307.3,43326.0,43302.1,43307.8,118.495
2024-01-04 19:33:00,43307.8,43307.8,43270.0,43287.5,192.172
2024-01-04 19:34:00,43287.5,43340.0,43287.4,43329.9,168.812
2024-01-04 19:35:00,43329.8,43334.0,43300.9,43334.0,140.489
2024-01-04 19:36:00,43333.9,43350.0,43327.2,43345.0,96.923
2024-01-04 19:37:00,43344.6,43365.0,43326.1,43351.9,129.629
2024-01-04 19:38:00,43352.0,43366.0,43344.9,43358.1,87.449
2024-01-04 19:39:00,43358.1,43358.1,43296.0,43318.7,136.882
2024-01-04 19:40:00,43318.7,43329.4,43303.2,43310.7,96.304
2024-01-04 19:41:00,43310.8,43342.0,43310.7,43331.2,69.599
2024-01-04 19:42:00,43331.2,43342.5,43308.7,43313.3,63.066
2024-01-04 19:43:00,43313.4,43313.4,43293.0,43295.7,70.851
2024-01-04 19:44:00,43295.8,43309.7,43281.0,43304.1,136.778
2024-01-04 19:45:00,43304.1,43367.0,43287.3,43352.4,325.023
2024-01-04 19:46:00,43352.4,43413.0,43351.4,43402.7,226.653
2024-01-04 19:47:00,43402.7,43420.0,43384.0,43398.5,237.493
2024-01-04 19:48:00,43398.4,43428.0,43390.3,43426.1,260.941
2024-01-04 19:49:00,43426.0,43428.5,43387.3,43387.4,184.139
2024-01-04 19:50:00,43387.3,43387.3,43354.8,43374.8,155.586
2024-01-04 19:51:00,43374.9,43399.0,43352.2,43399.0,137.731
2024-01-04 19:52:00,43399.0,43419.6,43397.0,43419.6,173.884
2024-01-04 19:53:00,43419.5,43430.9,43400.0,43404.5,81.273
2024-01-04 19:54:00,43404.5,43405.0,43371.7,43387.9,132.92
2024-01-04 19:55:00,43387.9,43400.0,43376.6,43376.6,115.493
2024-01-04 19:56:00,43376.6,43376.6,43330.1,43338.7,141.123
2024-01-04 19:57:00,43338.6,43338.7,43315.7,43319.5,105.2
2024-01-04 19:58:00,43319.5,43332.5,43300.0,43312.8,234.443
2024-01-04 19:59:00,43312.8,43346.0,43312.8,43333.6,196.013
2024-01-04 20:00:00,43333.5,43340.0,43309.0,43337.0,118.079
2024-01-04 20:01:00,43337.0,43337.0,43301.8,43301.9,103.84
2024-01-04 20:02:00,43301.9,43307.8,43268.6,43305.9,296.268
2024-01-04 20:03:00,43305.9,43305.9,43278.4,43278.4,63.392
2024-01-04 20:04:00,43278.4,43288.9,43253.3,43272.4,332.929
2024-01-04 20:05:00,43272.4,43310.2,43272.4,43294.8,145.109
2024-01-04 20:06:00,43294.7,43295.0,43272.4,43288.9,101.259
2024-01-04 20:07:00,43288.9,43309.5,43288.8,43305.7,98.6
2024-01-04 20:08:00,43305.6,43320.0,43305.6,43313.7,61.55
2024-01-04 20:09:00,43313.8,43313.8,43271.6,43271.7,202.86
2024-01-04 20:10:00,43271.7,43310.0,43270.7,43306.7,147.684
2024-01-04 20:11:00,43306.7,43317.3,43293.0,43314.4,98.667
2024-01-04 20:12:00,43314.3,43376.1,43314.3,43371.9,187.929
2024-01-04 20:13:00,43371.8,43391.0,43358.5,43389.7,273.462
2024-01-04 20:14:00,43389.6,43473.5,43389.5,43466.0,699.233
2024-01-04 20:15:00,43465.9,43542.4,43454.3,43472.6,1499.998
2024-01-04 20:16:00,43472.6,43489.4,43396.5,43406.3,479.555
2024-01-04 20:17:00,43406.4,43488.7,43389.4,43482.3,433.038
2024-01-04 20:18:00,43482.3,43482.3,43416.1,43449.9,481.436
2024-01-04 20:19:00,43450.0,43491.4,43432.6,43464.5,452.666
2024-01-04 20:20:00,43464.4,43504.1,43436.0,43504.0,453.803
2024-01-04 20:21:00,43504.1,43599.7,43497.8,43595.7,1508.116
2024-01-04 20:22:00,43595.7,43785.9,43593.5,43674.3,4107.736
2024-01-04 20:23:00,43674.3,43682.6,43612.8,43653.4,1065.979
2024-01-04 20:24:00,43653.4,43653.5,43600.0,43607.3,433.774
2024-01-04 20:25:00,43607.2,43699.1,43588.8,43687.5,655.55
2024-01-04 20:26:00,43687.5,43690.0,43614.8,43623.3,359.513
2024-01-04 20:27:00,43623.4,43657.6,43599.9,43608.0,404.684
2024-01-04 20:28:00,43608.0,43620.0,43595.3,43608.3,300.813
2024-01-04 20:29:00,43608.2,43678.0,43601.2,43674.0,410.09
2024-01-04 20:30:00,43674.0,43777.0,43659.0,43773.3,907.4
2024-01-04 20:31:00,43773.3,43798.8,43700.1,43737.6,991.058
2024-01-04 20:32:00,43737.6,43753.0,43700.1,43748.3,834.286
2024-01-04 20:33:00,43748.4,43759.7,43700.0,43700.2,692.559
2024-01-04 20:34:00,43700.2,43710.0,43642.4,43651.1,380.44
2024-01-04 20:35:00,43651.1,43689.6,43651.1,43674.1,232.924
2024-01-04 20:36:00,43674.0,43674.1,43609.5,43615.2,369.418
2024-01-04 20:37:00,43615.3,43649.2,43615.3,43628.0,252.065
2024-01-04 20:38:00,43628.1,43673.8,43623.2,43663.7,259.51
2024-01-04 20:39:00,43664.0,43713.0,43646.0,43712.9,221.677
2024-01-04 20:40:00,43713.0,43721.0,43689.6,43714.7,179.016
2024-01-04 20:41:00,43714.7,43714.8,43675.1,43698.9,294.202
2024-01-04 20:42:00,43699.0,43743.3,43692.3,43740.2,259.972
2024-01-04 20:43:00,43740.2,43794.7,43709.5,43778.9,535.225
2024-01-04 20:44:00,43778.8,43830.9,43770.0,43821.9,763.98
2024-01-04 20:45:00,43821.8,44000.0,43807.7,43995.9,3001.083
2024-01-04 20:46:00,43995.8,44000.0,43900.0,43939.9,1334.004
2024-01-04 20:47:00,43939.9,43945.0,43848.0,43848.0,489.679
2024-01-04 20:48:00,43848.0,43904.4,43847.1,43904.3,434.404
2024-01-04 20:49:00,43904.4,43904.4,43846.1,43889.0,358.804
2024-01-04 20:50:00,43889.1,43900.0,43877.0,43899.9,287.907
2024-01-04 20:51:00,43899.9,43920.8,43835.4,43838.0,397.883
2024-01-04 20:52:00,43838.0,43864.4,43822.3,43822.3,273.688
2024-01-04 20:53:00,43822.3,43826.8,43758.0,43762.3,652.398
2024-01-04 20:54:00,43762.3,43810.0,43762.2,43798.8,423.664
2024-01-04 20:55:00,43798.8,43875.7,43794.3,43857.8,374.741
2024-01-04 20:56:00,43857.9,43864.2,43795.3,43864.2,447.964
2024-01-04 20:57:00,43864.2,43936.4,43864.2,43915.8,613.455
2024-01-04 20:58:00,43915.7,44157.2,43906.5,44116.6,2763.03
2024-01-04 20:59:00,44116.6,44215.0,44100.2,44163.8,3301.983
2024-01-04 21:00:00,44163.8,44297.4,44120.0,44284.8,2425.907
2024-01-04 21:01:00,44282.6,44290.3,44168.4,44232.0,1537.893
2024-01-04 21:02:00,44231.5,44343.1,44200.0,44227.6,2431.758
2024-01-04 21:03:00,44227.7,44227.7,44095.2,44096.1,2720.412
2024-01-04 21:04:00,44096.0,44136.9,44056.4,44072.2,1111.23
2024-01-04 21:05:00,44072.2,44182.5,44065.2,44178.4,647.939
2024-01-04 21:06:00,44178.4,44259.8,44166.9,44225.2,755.45
2024-01-04 21:07:00,44226.2,44251.0,44174.0,44209.8,417.339
2024-01-04 21:08:00,44209.8,44245.5,44172.0,44210.1,403.049
2024-01-04 21:09:00,44210.0,44223.2,44179.4,44214.7,277.159
2024-01-04 21:10:00,44214.6,44214.7,44092.2,44092.3,515.511
2024-01-04 21:11:00,44092.2,44142.9,44081.9,44082.0,429.024
2024-01-04 21:12:00,44082.0,44101.6,44048.2,44058.2,484.211
2024-01-04 21:13:00,44058.2,44166.3,44058.2,44146.4,371.791
2024-01-04 21:14:00,44146.4,44146.5,44092.0,44130.8,244.276
2024-01-04 21:15:00,44130.7,44130.7,44037.1,44109.3,831.689
2024-01-04 21:16:00,44109.2,44109.3,43943.0,43986.0,950.199
2024-01-04 21:17:00,43986.2,44020.0,43970.9,44007.5,533.213
2024-01-04 21:18:00,44007.6,44058.8,44004.4,44030.0,224.881
2024-01-04 21:19:00,44030.0,44091.5,44012.6,44044.1,410.462
2024-01-04 21:20:00,44044.2,44085.5,44025.1,44074.6,208.864
2024-01-04 21:21:00,44074.6,44074.7,44030.1,44035.4,241.288
2024-01-04 21:22:00,44035.5,44086.0,44006.5,44009.0,288.944
2024-01-04 21:23:00,44009.0,44031.1,44000.0,44018.0,321.009
2024-01-04 21:24:00,44018.0,44055.0,44005.6,44040.8,232.777
2024-01-04 21:25:00,44040.7,44055.3,44033.0,44049.1,147.151
2024-01-04 21:26:00,44049.1,44098.7,44042.1,44092.3,204.524
2024-01-04 21:27:00,44092.2,44099.5,44075.1,44090.6,199.317
2024-01-04 21:28:00,44090.6,44096.0,44065.4,44071.0,204.072
2024-01-04 21:29:00,44071.0,44071.1,44030.1,44050.4,198.327
2024-01-04 21:30:00,44050.4,44111.0,44050.3,44111.0,398.347
2024-01-04 21:31:00,44110.9,44127.6,44086.6,44126.1,342.929
2024-01-04 21:32:00,44126.1,44135.0,44068.6,44068.6,322.101
2024-01-04 21:33:00,44068.6,44126.6,44058.1,44063.0,221.065
2024-01-04 21:34:00,44063.0,44070.0,43997.6,44001.0,681.737
2024-01-04 21:35:00,44001.0,44038.3,43990.0,44012.3,332.997
2024-01-04 21:36:00,44012.4,44016.1,43912.8,43931.2,1148.331
2024-01-04 21:37:00,43931.2,43977.6,43817.5,43831.0,1359.28
2024-01-04 21:38:00,43830.7,43920.0,43817.1,43920.0,415.841
2024-01-04 21:39:00,43920.0,43921.4,43830.0,43899.7,359.112
2024-01-04 21:40:00,43899.7,43974.5,43899.6,43968.4,408.268
2024-01-04 21:41:00,43968.4,43972.1,43852.5,43862.0,419.622
2024-01-04 21:42:00,43862.1,43884.0,43825.7,43848.1,426.589
2024-01-04 21:43:00,43848.1,43884.2,43828.7,43873.0,397.736
2024-01-04 21:44:00,43873.1,43931.4,43860.5,43930.7,363.548
2024-01-04 21:45:00,43930.8,43941.8,43883.4,43940.6,220.848
2024-01-04 21:46:00,43940.7,44004.9,43938.4,43973.0,511.748
2024-01-04 21:47:00,43973.0,44045.6,43973.0,44029.6,496.056
2024-01-04 21:48:00,44029.7,44044.1,44000.0,44026.5,220.181
2024-01-04 21:49:00,44026.4,44062.3,43998.7,44005.0,364.629
2024-01-04 21:50:00,44005.7,44029.1,43983.2,43983.3,162.505
2024-01-04 21:51:00,43983.3,43986.8,43925.4,43949.0,335.526
2024-01-04 21:52:00,43950.0,43950.0,43906.4,43906.5,229.347
2024-01-04 21:53:00,43907.5,43915.6,43843.0,43877.4,507.302
2024-01-04 21:54:00,43877.5,43877.5,43808.0,43838.2,635.556
2024-01-04 21:55:00,43838.2,43890.9,43800.3,43885.7,450.226
2024-01-04 21:56:00,43885.7,43918.0,43869.5,43890.9,310.982
2024-01-04 21:57:00,43890.9,43908.8,43886.8,43902.7,176.322
2024-01-04 21:58:00,43902.7,43945.0,43884.0,43898.2,302.288
2024-01-04 21:59:00,43898.3,43898.3,43859.7,43875.8,161.427
2024-01-04 22:00:00,43875.9,43875.9,43800.0,43805.9,528.057
2024-01-04 22:01:00,43805.8,43858.5,43805.8,43855.6,405.208
2024-01-04 22:02:00,43855.6,43867.8,43805.1,43831.1,189.263
2024-01-04 22:03:00,43831.2,43838.3,43812.2,43821.0,150.909
2024-01-04 22:04:00,43821.1,43826.5,43773.4,43825.9,770.69
2024-01-04 22:05:00,43825.9,43831.3,43793.9,43822.4,257.024
2024-01-04 22:06:00,43822.5,43844.0,43800.0,43844.0,180.014
2024-01-04 22:07:00,43844.0,43898.3,43843.0,43862.7,412.73
2024-01-04 22:08:00,43862.8,43915.1,43825.2,43896.8,272.794
2024-01-04 22:09:00,43896.8,43942.6,43893.8,43895.1,412.14
2024-01-04 22:10:00,43895.2,43895.2,43870.2,43877.0,109.312
2024-01-04 22:11:00,43877.0,43877.1,43824.2,43857.8,129.842
2024-01-04 22:12:00,43857.8,43857.8,43824.0,43837.5,106.573
2024-01-04 22:13:00,43837.5,43909.6,43833.7,43909.5,173.811
2024-01-04 22:14:00,43909.6,43960.1,43904.7,43935.4,483.445
2024-01-04 22:15:00,43935.3,43944.0,43899.5,43933.4,191.447
2024-01-04 22:16:00,43933.3,43937.2,43907.0,43925.2,267.845
2024-01-04 22:17:00,43926.4,43972.7,43918.7,43962.0,143.557
2024-01-04 22:18:00,43962.0,44027.9,43955.0,44027.9,598.306
2024-01-04 22:19:00,44027.9,44032.6,43969.2,43979.3,225.764
2024-01-04 22:20:00,43979.4,44008.3,43976.9,43984.1,260.88
2024-01-04 22:21:00,43984.1,43994.4,43953.2,43977.7,194.943
2024-01-04 22:22:00,43977.6,43977.7,43927.8,43931.5,192.462
2024-01-04 22:23:00,43931.6,43934.4,43873.2,43883.8,185.635
2024-01-04 22:24:00,43883.8,43909.9,43866.8,43904.8,166.616
2024-01-04 22:25:00,43904.8,43920.0,43893.6,43903.7,157.527
2024-01-04 22:26:00,43903.7,43929.0,43877.8,43929.0,89.217
2024-01-04 22:27:00,43929.4,43941.0,43895.4,43908.1,123.419
2024-01-04 22:28:00,43908.1,43915.6,43884.8,43908.2,69.001
2024-01-04 22:29:00,43908.2,43926.6,43903.2,43913.1,88.5
2024-01-04 22:30:00,43913.2,43940.8,43878.5,43935.4,110.354
2024-01-04 22:31:00,43935.4,43939.5,43882.2,43882.2,124.366
2024-01-04 22:32:00,43882.3,43886.9,43861.7,43861.7,133.61
2024-01-04 22:33:00,43861.7,43875.6,43841.2,43849.9,277.656
2024-01-04 22:34:00,43850.0,43884.2,43849.9,43884.1,63.049
2024-01-04 22:35:00,43884.2,43950.6,43884.1,43950.6,161.51
2024-01-04 22:36:00,43950.7,43956.0,43938.6,43943.7,102.143
2024-01-04 22:37:00,43943.6,43968.4,43934.7,43950.1,184.282
2024-01-04 22:38:00,43950.1,43965.0,43940.7,43953.0,104.123
2024-01-04 22:39:00,43953.1,44027.6,43944.0,44024.2,526.563
2024-01-04 22:40:00,44024.2,44030.8,43988.4,44006.9,218.776
2024-01-04 22:41:00,44007.0,44041.8,43987.7,44040.0,159.087
2024-01-04 22:42:00,44040.0,44118.6,44033.6,44107.1,952.223
2024-01-04 22:43:00,44107.5,44120.0,44090.4,44112.4,341.834
2024-01-04 22:44:00,44112.4,44150.0,44077.8,44150.0,592.219
2024-01-04 22:45:00,44150.0,44150.0,44090.1,44091.9,380.828
2024-01-04 22:46:00,44091.8,44125.8,44069.6,44125.8,341.653
2024-01-04 22:47:00,44125.8,44132.0,44062.7,44064.7,420.768
2024-01-04 22:48:00,44064.7,44115.2,44064.7,44083.0,223.793
2024-01-04 22:49:00,44083.0,44111.9,44080.0,44106.3,148.663
2024-01-04 22:50:00,44106.3,44181.7,44100.0,44168.6,352.535
2024-01-04 22:51:00,44168.5,44190.0,44133.8,44145.1,517.455
2024-01-04 22:52:00,44145.2,44161.7,44132.3,44138.9,219.493
2024-01-04 22:53:00,44138.9,44200.0,44135.5,44167.4,503.062
2024-01-04 22:54:00,44167.5,44210.0,44167.0,44179.3,443.049
2024-01-04 22:55:00,44179.3,44227.6,44170.3,44178.4,350.497
2024-01-04 22:56:00,44178.5,44180.9,44130.6,44158.7,280.259
2024-01-04 22:57:00,44158.8,44160.0,44076.5,44079.1,424.543
2024-01-04 22:58:00,44079.1,44083.0,44055.0,44072.9,270.364
2024-01-04 22:59:00,44073.0,44090.0,44023.6,44081.0,424.037
2024-01-04 23:00:00,44080.9,44110.0,44079.3,44109.9,210.313
2024-01-04 23:01:00,44109.9,44110.0,44046.5,44075.2,230.675
2024-01-04 23:02:00,44075.2,44075.2,43991.0,44008.6,287.505
2024-01-04 23:03:00,44008.6,44050.0,44008.6,44046.6,239.749
2024-01-04 23:04:00,44046.6,44077.0,44026.4,44061.0,141.334
2024-01-04 23:05:00,44061.0,44061.0,44032.6,44035.6,94.454
2024-01-04 23:06:00,44035.7,44049.6,44013.6,44021.0,123.062
2024-01-04 23:07:00,44021.0,44037.2,44004.5,44004.5,107.844
2024-01-04 23:08:00,44004.6,44018.0,43980.1,44004.4,220.478
2024-01-04 23:09:00,44004.5,44043.3,44004.4,44025.4,83.778
2024-01-04 23:10:00,44025.5,44025.5,43903.6,43926.5,824.656
2024-01-04 23:11:00,43926.5,43945.3,43886.0,43910.7,802.284
2024-01-04 23:12:00,43910.6,43913.0,43886.1,43888.8,204.837
2024-01-04 23:13:00,43888.8,43895.1,43844.1,43883.0,646.849
2024-01-04 23:14:00,43883.0,43883.0,43822.0,43829.4,627.901
2024-01-04 23:15:00,43829.4,43875.7,43829.4,43860.8,489.458
2024-01-04 23:16:00,43860.9,43913.0,43860.8,43912.9,228.914
2024-01-04 23:17:00,43912.8,43930.0,43890.2,43922.7,155.893
2024-01-04 23:18:00,43922.7,43929.9,43901.8,43929.0,151.503
2024-01-04 23:19:00,43929.0,43929.0,43891.6,43900.0,129.828
2024-01-04 23:20:00,43900.2,43915.0,43873.5,43912.9,114.628
2024-01-04 23:21:00,43912.9,44015.5,43912.9,44001.3,677.509
2024-01-04 23:22:00,44001.2,44021.0,43973.5,44016.2,408.934
2024-01-04 23:23:00,44016.2,44049.6,43981.2,44049.6,319.848
2024-01-04 23:24:00,44049.6,44060.7,43986.1,43999.3,415.325
2024-01-04 23:25:00,43999.4,43999.4,43969.1,43990.0,144.186
2024-01-04 23:26:00,43989.9,44015.0,43970.6,43982.5,142.224
2024-01-04 23:27:00,43982.5,44006.9,43947.9,43979.7,163.984
2024-01-04 23:28:00,43979.7,43992.7,43963.7,43983.1,90.327
2024-01-04 23:29:00,43983.0,43991.9,43979.7,43983.0,46.83
2024-01-04 23:30:00,43983.0,44023.0,43978.6,44000.0,222.066
2024-01-04 23:31:00,44000.1,44040.3,44000.0,44040.3,91.004
2024-01-04 23:32:00,44040.2,44047.4,44007.8,44040.8,135.656
2024-01-04 23:33:00,44040.8,44092.6,44040.8,44092.6,290.175
2024-01-04 23:34:00,44092.5,44095.2,44057.8,44057.8,107.861
2024-01-04 23:35:00,44057.8,44079.8,44046.8,44051.1,123.45
2024-01-04 23:36:00,44051.1,44088.7,44036.9,44088.7,163.927
2024-01-04 23:37:00,44088.7,44113.3,44067.0,44067.0,173.732
2024-01-04 23:38:00,44067.0,44095.6,44063.7,44075.0,126.497
2024-01-04 23:39:00,44075.0,44105.5,44040.5,44048.4,135.855
2024-01-04 23:40:00,44048.5,44052.7,44013.0,44029.6,113.469
2024-01-04 23:41:00,44029.6,44038.5,44011.8,44011.8,65.131
2024-01-04 23:42:00,44011.8,44024.6,44005.6,44006.9,55.982
2024-01-04 23:43:00,44006.9,44007.0,43956.0,43959.6,170.081
2024-01-04 23:44:00,43959.5,43983.6,43959.5,43980.0,93.462
2024-01-04 23:45:00,43980.0,43980.0,43964.3,43976.4,78.496
2024-01-04 23:46:00,43976.5,44026.8,43970.2,44026.8,85.371
2024-01-04 23:47:00,44026.8,44048.6,44014.1,44040.5,118.367
2024-01-04 23:48:00,44040.5,44052.8,44040.5,44042.4,75.232
2024-01-04 23:49:00,44042.3,44047.4,43983.5,43983.5,108.966
2024-01-04 23:50:00,43983.6,43983.6,43926.1,43937.2,238.241
2024-01-04 23:51:00,43937.2,43937.3,43897.5,43905.5,392.113
2024-01-04 23:52:00,43905.5,43912.8,43870.0,43904.5,270.884
2024-01-04 23:53:00,43904.4,44040.7,43904.4,44036.3,291.553
2024-01-04 23:54:00,44036.2,44036.2,43981.1,44014.9,361.243
2024-01-04 23:55:00,44014.9,44041.9,43993.4,44032.2,155.485
2024-01-04 23:56:00,44032.2,44037.7,43995.2,44006.1,80.542
2024-01-04 23:57:00,44006.2,44006.2,43984.6,43993.1,64.289
2024-01-04 23:58:00,43993.1,44008.9,43984.5,44007.1,45.135
2024-01-04 23:59:00,44007.2,44007.2,43968.2,43970.0,46.7
2024-01-05 00:00:00,43970.0,44009.8,43968.2,44004.5,73.826
2024-01-05 00:01:00,44004.4,44037.5,44002.7,44005.5,69.352
2024-01-05 00:02:00,44005.4,44017.8,44002.4,44017.7,68.197
2024-01-05 00:03:00,44017.8,44033.0,44008.4,44011.1,109.792
2024-01-05 00:04:00,44011.2,44011.2,43994.3,43995.8,45.892
2024-01-05 00:05:00,43995.9,44025.1,43995.8,44010.1,101.031
2024-01-05 00:06:00,44010.1,44010.1,43972.8,43981.5,101.133
2024-01-05 00:07:00,43981.5,43984.2,43973.8,43976.0,42.469
2024-01-05 00:08:00,43976.0,43982.7,43967.7,43971.0,65.079
2024-01-05 00:09:00,43971.0,44077.8,43971.0,44067.8,403.353
2024-01-05 00:10:00,44067.8,44086.5,44042.5,44064.1,296.103
2024-01-05 00:11:00,44064.1,44104.3,44059.7,44087.0,190.928
2024-01-05 00:12:00,44087.1,44087.1,44068.7,44076.1,64.598
2024-01-05 00:13:00,44076.0,44076.0,44056.0,44064.7,58.335
2024-01-05 00:14:00,44064.7,44088.4,44061.1,44076.0,80.389
2024-01-05 00:15:00,44075.9,44125.0,44067.8,44122.1,112.974
2024-01-05 00:16:00,44122.1,44122.1,44085.3,44100.9,157.116
2024-01-05 00:17:00,44100.4,44158.0,44084.2,44087.6,429.625
2024-01-05 00:18:00,44087.6,44112.5,44084.0,44104.5,88.671
2024-01-05 00:19:00,44104.5,44106.9,44087.2,44087.2,49.991
2024-01-05 00:20:00,44087.2,44113.4,44074.1,44089.3,131.376
2024-01-05 00:21:00,44089.3,44089.3,44048.1,44053.7,102.512
2024-01-05 00:22:00,44053.7,44069.8,44043.7,44057.0,102.023
2024-01-05 00:23:00,44059.4,44072.9,44049.1,44072.8,68.294
2024-01-05 00:24:00,44072.9,44080.0,44051.9,44055.0,54.323
2024-01-05 00:25:00,44055.0,44065.0,44050.1,44050.1,39.943
2024-01-05 00:26:00,44050.1,44076.8,44046.7,44054.9,97.244
2024-01-05 00:27:00,44054.9,44093.0,44045.9,44067.0,138.254
2024-01-05 00:28:00,44067.0,44067.1,44052.8,44053.0,40.911
2024-01-05 00:29:00,44052.9,44061.9,44042.4,44048.2,47.738
2024-01-05 00:30:00,44048.2,44077.5,44033.3,44069.7,78.951
2024-01-05 00:31:00,44069.8,44085.5,44063.6,44073.7,67.951
2024-01-05 00:32:00,44073.7,44124.0,44066.6,44119.7,193.683
2024-01-05 00:33:00,44119.6,44177.2,44113.1,44173.2,255.223
2024-01-05 00:34:00,44173.1,44190.0,44144.9,44170.8,273.205
2024-01-05 00:35:00,44170.8,44191.3,44142.0,44150.0,378.178
2024-01-05 00:36:00,44149.6,44179.5,44149.6,44177.2,136.822
2024-01-05 00:37:00,44177.2,44196.0,44165.0,44165.0,328.839
2024-01-05 00:38:00,44165.0,44165.0,44140.1,44147.9,81.509
2024-01-05 00:39:00,44148.0,44155.8,44140.2,44145.2,73.738
2024-01-05 00:40:00,44145.3,44175.0,44121.4,44169.2,374.939
2024-01-05 00:41:00,44169.2,44180.0,44169.2,44171.8,122.296
2024-01-05 00:42:00,44171.8,44260.0,44171.8,44188.7,895.231
2024-01-05 00:43:00,44188.7,44220.0,44179.6,44204.3,214.566
2024-01-05 00:44:00,44204.3,44236.3,44200.0,44208.4,154.986
2024-01-05 00:45:00,44208.5,44255.5,44200.0,44251.3,164.118
2024-01-05 00:46:00,44251.2,44251.2,44179.2,44184.4,148.473
2024-01-05 00:47:00,44184.4,44259.1,44180.4,44257.5,183.186
2024-01-05 00:48:00,44256.1,44349.9,44252.6,44339.9,1169.132
2024-01-05 00:49:00,44339.9,44419.0,44338.0,44357.5,1815.562
2024-01-05 00:50:00,44357.6,44366.3,44298.8,44333.4,440.674
2024-01-05 00:51:00,44333.5,44414.8,44295.6,44382.2,881.581
2024-01-05 00:52:00,44382.2,44403.6,44338.8,44344.7,319.058
2024-01-05 00:53:00,44344.6,44386.1,44311.7,44320.1,349.164
2024-01-05 00:54:00,44320.2,44341.7,44307.6,44314.2,129.444
2024-01-05 00:55:00,44314.2,44386.6,44314.2,44318.4,148.698
2024-01-05 00:56:00,44318.4,44374.7,44318.4,44326.6,158.427
2024-01-05 00:57:00,44326.6,44395.0,44318.6,44393.6,341.42
2024-01-05 00:58:00,44393.7,44434.1,44370.8,44418.4,545.647
2024-01-05 00:59:00,44418.5,44418.5,44377.0,44385.9,209.531
2024-01-05 01:00:00,44385.8,44421.0,44366.7,44416.9,221.296
2024-01-05 01:01:00,44416.9,44437.5,44360.1,44360.1,697.042
2024-01-05 01:02:00,44360.0,44363.0,44210.0,44217.0,1116.281
2024-01-05 01:03:00,44217.0,44267.1,44211.2,44226.9,472.137
2024-01-05 01:04:00,44227.0,44279.9,44227.0,44238.5,277.933
2024-01-05 01:05:00,44238.5,44240.7,44193.8,44226.9,275.073
2024-01-05 01:06:00,44227.0,44260.3,44205.0,44256.4,224.533
2024-01-05 01:07:00,44256.4,44270.7,44156.3,44168.8,591.645
2024-01-05 01:08:00,44168.8,44183.0,44105.0,44114.0,389.086
2024-01-05 01:09:00,44113.9,44126.6,44030.0,44123.9,1233.98
2024-01-05 01:10:00,44123.8,44123.9,44078.9,44114.1,223.86
2024-01-05 01:11:00,44114.1,44127.0,44070.3,44070.4,145.995
2024-01-05 01:12:00,44070.4,44113.5,44041.0,44085.1,412.906
2024-01-05 01:13:00,44085.2,44108.1,44080.0,44087.3,157.447
2024-01-05 01:14:00,44087.4,44110.5,44067.0,44098.2,240.419
2024-01-05 01:15:00,44098.2,44103.1,44052.3,44061.1,114.241
2024-01-05 01:16:00,44061.1,44066.4,43933.5,43942.1,868.002
2024-01-05 01:17:00,43942.2,43976.1,43941.8,43971.9,341.163
2024-01-05 01:18:00,43972.0,44013.0,43966.1,43977.1,208.987
2024-01-05 01:19:00,43977.0,44035.0,43977.0,44020.0,269.816
2024-01-05 01:20:00,44020.0,44089.7,44015.2,44085.4,241.122
2024-01-05 01:21:00,44085.4,44085.4,44039.6,44065.5,102.572
2024-01-05 01:22:00,44065.5,44065.5,44020.4,44022.1,147.743
2024-01-05 01:23:00,44022.1,44030.3,43970.4,43981.0,262.971
2024-01-05 01:24:00,43981.1,43981.1,43930.8,43953.1,435.758
2024-01-05 01:25:00,43954.6,44001.7,43904.3,43997.3,514.553
2024-01-05 01:26:00,43997.2,43997.2,43935.9,43958.7,138.989
2024-01-05 01:27:00,43958.7,43978.8,43944.6,43950.9,162.523
2024-01-05 01:28:00,43950.8,43964.1,43950.8,43959.7,79.272
2024-01-05 01:29:00,43959.7,43973.5,43950.0,43950.0,75.252
2024-01-05 01:30:00,43950.0,44001.7,43941.2,44001.7,276.299
2024-01-05 01:31:00,44001.7,44001.7,43950.0,43961.0,192.913
2024-01-05 01:32:00,43961.0,44002.5,43961.0,43991.5,100.927
2024-01-05 01:33:00,43991.4,44022.7,43987.8,44012.9,127.923
2024-01-05 01:34:00,44012.8,44012.9,43980.0,43992.0,176.457
2024-01-05 01:35:00,43991.9,44000.0,43950.5,44000.0,115.876
2024-01-05 01:36:00,43999.9,44006.0,43950.1,43952.5,136.179
2024-01-05 01:37:00,43952.5,43968.2,43887.4,43904.9,448.933
2024-01-05 01:38:00,43904.9,43931.9,43893.4,43897.0,183.308
2024-01-05 01:39:00,43897.0,43924.5,43887.2,43924.4,159.837
2024-01-05 01:40:00,43924.3,43963.5,43918.2,43932.9,141.688
2024-01-05 01:41:00,43932.9,43940.5,43911.9,43925.5,123.179
2024-01-05 01:42:00,43925.6,43944.1,43917.0,43940.7,66.301
2024-01-05 01:43:00,43940.7,43945.5,43931.1,43944.1,80.441
2024-01-05 01:44:00,43944.1,43988.9,43940.5,43980.5,235.577
2024-01-05 01:45:00,43980.5,43980.5,43942.1,43966.0,85.651
2024-01-05 01:46:00,43966.0,43972.9,43940.8,43964.8,63.819
2024-01-05 01:47:00,43964.9,44027.1,43964.8,44022.5,270.136
2024-01-05 01:48:00,44022.5,44022.5,43984.1,43984.1,97.197
2024-01-05 01:49:00,43984.2,43993.2,43980.6,43984.5,69.021
2024-01-05 01:50:00,43984.5,44050.0,43984.0,44046.3,197.781
2024-01-05 01:51:00,44046.3,44060.6,44024.1,44060.6,179.896
2024-01-05 01:52:00,44060.5,44062.5,44026.6,44026.6,128.952
2024-01-05 01:53:00,44026.7,44063.8,44026.6,44050.5,100.759
2024-01-05 01:54:00,44050.5,44059.3,44028.0,44028.1,77.713
2024-01-05 01:55:00,44028.1,44078.7,44028.1,44041.4,181.696
2024-01-05 01:56:00,44041.4,44041.4,43972.2,43982.2,120.316
2024-01-05 01:57:00,43982.1,44041.1,43982.1,44036.7,81.608
2024-01-05 01:58:00,44036.7,44036.8,44016.1,44016.2,43.109
2024-01-05 01:59:00,44016.2,44073.2,44016.2,44068.9,111.85
2024-01-05 02:00:00,44068.9,44086.9,44060.2,44084.9,151.093
2024-01-05 02:01:00,44084.9,44100.0,44084.8,44093.6,193.943
2024-01-05 02:02:00,44093.5,44118.0,44088.4,44104.5,214.257
2024-01-05 02:03:00,44104.6,44147.4,44094.2,44121.7,178.774
2024-01-05 02:04:00,44121.7,44132.8,44102.0,44120.0,177.681
2024-01-05 02:05:00,44120.1,44130.3,44097.3,44100.9,128.297
2024-01-05 02:06:00,44100.8,44104.1,44081.2,44102.2,108.798
2024-01-05 02:07:00,44102.3,44420.3,44081.0,44318.4,3528.333
2024-01-05 02:08:00,44318.4,44840.8,44277.1,44516.6,6760.973
2024-01-05 02:09:00,44516.5,44607.9,44380.0,44454.3,2020.276
2024-01-05 02:10:00,44454.4,44518.0,44319.9,44377.6,1452.518
2024-01-05 02:11:00,44377.7,44505.1,44377.7,44389.4,1290.403
2024-01-05 02:12:00,44389.5,44448.2,44342.0,44425.3,516.356
2024-01-05 02:13:00,44425.2,44425.2,44326.4,44342.5,571.803
2024-01-05 02:14:00,44342.3,44364.0,44323.9,44337.8,347.364
2024-01-05 02:15:00,44337.8,44385.9,44273.1,44341.2,526.706
2024-01-05 02:16:00,44341.1,44341.2,44255.2,44293.6,371.073
2024-01-05 02:17:00,44293.6,44332.7,44252.5,44263.5,302.62
2024-01-05 02:18:00,44263.6,44345.2,44263.6,44310.0,363.871
2024-01-05 02:19:00,44310.1,44335.1,44234.5,44243.0,291.348
2024-01-05 02:20:00,44242.1,44258.6,44215.0,44216.8,284.874
2024-01-05 02:21:00,44216.8,44216.9,44144.4,44161.0,729.78
2024-01-05 02:22:00,44161.1,44238.4,44145.3,44236.2,348.958
2024-01-05 02:23:00,44236.2,44238.0,44160.0,44195.8,268.844
2024-01-05 02:24:00,44195.8,44238.0,44175.3,44178.0,196.013
2024-01-05 02:25:00,44176.9,44198.5,44151.1,44167.9,135.162
2024-01-05 02:26:00,44167.8,44213.7,44118.1,44144.5,376.28
2024-01-05 02:27:00,44145.1,44169.0,44132.3,44145.3,110.161
2024-01-05 02:28:00,44145.3,44184.1,44144.5,44174.3,133.684
2024-01-05 02:29:00,44174.3,44220.9,44106.0,44116.7,788.209
2024-01-05 02:30:00,44116.6,44185.7,44116.6,44179.9,326.331
2024-01-05 02:31:00,44179.8,44633.0,44161.4,44367.2,3730.533
2024-01-05 02:32:00,44367.2,44459.1,44286.3,44377.7,943.626
2024-01-05 02:33:00,44380.1,44433.7,44273.4,44322.7,1041.652
2024-01-05 02:34:00,44322.7,44369.7,44307.4,44367.3,376.517
2024-01-05 02:35:00,44362.6,44408.8,44322.1,44360.0,401.391
2024-01-05 02:36:00,44360.0,44436.5,44354.5,44395.8,398.321
2024-01-05 02:37:00,44395.8,44456.4,44395.7,44440.5,418.405
2024-01-05 02:38:00,44440.5,44456.4,44401.0,44436.3,318.423
2024-01-05 02:39:00,44436.2,44490.0,44426.2,44464.7,308.158
2024-01-05 02:40:00,44464.6,44464.7,44358.6,44396.5,412.206
2024-01-05 02:41:00,44396.5,44415.5,44251.8,44261.5,693.745
2024-01-05 02:42:00,44261.5,44280.6,44203.5,44251.0,874.628
2024-01-05 02:43:00,44250.0,44310.0,44243.5,44300.5,172.395
2024-01-05 02:44:00,44300.5,44334.0,44300.5,44302.6,164.889
2024-01-05 02:45:00,44302.7,44302.7,44214.0,44236.0,329.93
2024-01-05 02:46:00,44235.9,44254.4,44208.8,44234.1,129.063
2024-01-05 02:47:00,44234.1,44270.0,44217.9,44245.0,150.558
2024-01-05 02:48:00,44244.9,44298.3,44238.9,44297.0,176.172
2024-01-05 02:49:00,44297.1,44298.2,44254.8,44254.8,96.621
2024-01-05 02:50:00,44254.8,44293.5,44239.8,44276.7,122.566
2024-01-05 02:51:00,44276.7,44295.7,44240.0,44295.1,89.798
2024-01-05 02:52:00,44295.1,44343.1,44292.4,44341.4,121.082
2024-01-05 02:53:00,44341.4,44389.1,44336.1,44336.2,254.873
2024-01-05 02:54:00,44336.2,44377.3,44334.4,44368.7,105.731
2024-01-05 02:55:00,44368.7,44394.8,44360.2,44392.5,124.799
2024-01-05 02:56:00,44392.4,44441.3,44380.1,44411.4,290.153
2024-01-05 02:57:00,44411.4,44421.3,44369.8,44380.1,114.064
2024-01-05 02:58:00,44380.1,44400.0,44370.4,44382.5,73.86
2024-01-05 02:59:00,44382.5,44420.1,44377.2,44413.5,76.599
2024-01-05 03:00:00,44413.6,44460.0,44384.0,44384.0,249.203
2024-01-05 03:01:00,44383.8,44412.2,44360.8,44395.9,145.486
2024-01-05 03:02:00,44396.0,44405.6,44334.7,44338.0,116.407
2024-01-05 03:03:00,44338.0,44346.2,44291.0,44326.2,280.605
2024-01-05 03:04:00,44326.2,44372.7,44315.6,44366.2,135.328
2024-01-05 03:05:00,44366.2,44374.0,44333.4,44333.4,74.741
2024-01-05 03:06:00,44333.3,44339.9,44281.6,44281.6,121.691
2024-01-05 03:07:00,44281.6,44344.0,44270.2,44333.4,253.845
2024-01-05 03:08:00,44333.4,44383.4,44333.4,44373.1,182.75
2024-01-05 03:09:00,44373.0,44377.8,44316.8,44317.6,119.099
2024-01-05 03:10:00,44317.6,44319.6,44269.2,44282.7,156.495
2024-01-05 03:11:00,44282.7,44310.2,44260.8,44263.9,117.114
2024-01-05 03:12:00,44263.9,44325.2,44250.6,44320.8,247.053
2024-01-05 03:13:00,44320.7,44320.7,44279.0,44279.1,101.235
2024-01-05 03:14:00,44279.1,44300.0,44251.1,44258.2,132.247
2024-01-05 03:15:00,44258.1,44281.8,44237.6,44279.1,214.618
2024-01-05 03:16:00,44279.1,44329.1,44265.8,44329.0,177.066
2024-01-05 03:17:00,44329.0,44382.0,44324.5,44371.0,335.805
2024-01-05 03:18:00,44371.0,44376.3,44349.9,44369.9,143.966
2024-01-05 03:19:00,44369.9,44395.7,44368.6,44380.3,77.987
2024-01-05 03:20:00,44380.3,44381.0,44365.2,44367.3,58.826
2024-01-05 03:21:00,44367.2,44388.4,44362.6,44367.3,119.1
2024-01-05 03:22:00,44367.3,44439.8,44367.3,44438.8,280.734
2024-01-05 03:23:00,44438.7,44448.9,44388.4,44393.1,180.598
2024-01-05 03:24:00,44393.2,44393.2,44364.4,44372.0,81.52
2024-01-05 03:25:00,44372.1,44389.0,44372.0,44383.5,64.873
2024-01-05 03:26:00,44383.5,44397.5,44345.2,44388.3,156.873
2024-01-05 03:27:00,44388.2,44417.5,44369.9,44414.4,114.094
2024-01-05 03:28:00,44414.4,44414.5,44384.8,44384.8,59.335
2024-01-05 03:29:00,44384.9,44436.9,44384.4,44434.1,82.953
2024-01-05 03:30:00,44434.1,44455.9,44413.1,44419.0,204.86
2024-01-05 03:31:00,44419.0,44489.0,44419.0,44489.0,284.154
2024-01-05 03:32:00,44489.0,44514.8,44478.6,44480.1,294.525
2024-01-05 03:33:00,44480.1,44504.2,44431.5,44502.6,208.153
2024-01-05 03:34:00,44502.6,44530.0,44485.7,44521.9,164.807
2024-01-05 03:35:00,44522.0,44538.0,44492.8,44498.5,164.624
2024-01-05 03:36:00,44498.5,44509.5,44460.1,44477.5,165.248
2024-01-05 03:37:00,44477.6,44508.7,44459.8,44506.9,319.589
2024-01-05 03:38:00,44506.8,44516.1,44470.5,44470.5,154.498
2024-01-05 03:39:00,44470.4,44524.6,44470.0,44515.1,113.47
2024-01-05 03:40:00,44515.1,44516.0,44504.5,44512.8,63.215
2024-01-05 03:41:00,44512.8,44555.0,44490.3,44536.9,310.061
2024-01-05 03:42:00,44537.0,44580.0,44537.0,44564.0,263.17
2024-01-05 03:43:00,44563.9,44617.1,44560.1,44612.7,409.442
2024-01-05 03:44:00,44612.7,44633.8,44568.4,44626.3,343.898
2024-01-05 03:45:00,44626.3,44665.9,44607.0,44623.6,660.825
2024-01-05 03:46:00,44623.6,44678.5,44604.8,44671.1,398.632
2024-01-05 03:47:00,44671.1,44741.0,44645.5,44679.6,945.632
2024-01-05 03:48:00,44679.6,44754.6,44663.7,44720.1,362.695
2024-01-05 03:49:00,44720.0,44722.8,44644.5,44685.9,583.376
2024-01-05 03:50:00,44685.9,44694.7,44648.2,44694.7,185.763
2024-01-05 03:51:00,44694.7,44736.0,44686.7,44706.8,235.387
2024-01-05 03:52:00,44706.8,44727.5,44693.7,44695.8,121.903
2024-01-05 03:53:00,44695.8,44703.9,44612.4,44636.8,430.131
2024-01-05 03:54:00,44636.9,44638.4,44465.6,44475.0,1138.427
2024-01-05 03:55:00,44475.9,44556.5,44463.1,44553.8,406.466
2024-01-05 03:56:00,44553.8,44566.0,44475.0,44476.0,284.439
2024-01-05 03:57:00,44476.1,44532.4,44470.1,44500.0,123.347
2024-01-05 03:58:00,44500.0,44543.6,44482.7,44482.7,250.623
2024-01-05 03:59:00,44482.8,44493.8,44458.9,44464.3,127.496
2024-01-05 04:00:00,44464.4,44467.9,44410.1,44410.1,319.849
2024-01-05 04:01:00,44410.0,44439.7,44340.0,44413.3,625.217
2024-01-05 04:02:00,44413.3,44420.2,44369.0,44375.0,221.82
2024-01-05 04:03:00,44374.9,44380.4,44305.3,44326.5,297.759
2024-01-05 04:04:00,44326.6,44368.2,44269.1,44356.2,407.72
2024-01-05 04:05:00,44356.3,44377.3,44316.7,44343.1,194.695
2024-01-05 04:06:00,44343.1,44400.0,44343.1,44396.2,160.112
2024-01-05 04:07:00,44396.2,44440.5,44378.0,44436.8,177.314
2024-01-05 04:08:00,44436.7,44463.3,44394.9,44396.1,235.791
2024-01-05 04:09:00,44396.2,44406.6,44371.4,44375.1,91.376
2024-01-05 04:10:00,44375.1,44378.7,44357.8,44357.8,43.296
2024-01-05 04:11:00,44357.9,44419.3,44353.1,44419.3,70.695
2024-01-05 04:12:00,44419.3,44422.6,44353.9,44354.0,80.383
2024-01-05 04:13:00,44354.0,44372.1,44353.9,44370.0,51.139
2024-01-05 04:14:00,44370.0,44402.3,44369.9,44374.0,100.705
2024-01-05 04:15:00,44374.1,44374.1,44330.9,44331.0,147.491
2024-01-05 04:16:00,44331.0,44331.0,44242.6,44265.1,269.303
2024-01-05 04:17:00,44265.1,44307.2,44213.5,44267.4,411.27
2024-01-05 04:18:00,44267.4,44280.1,44130.0,44177.3,1054.068
2024-01-05 04:19:00,44177.4,44244.5,44146.1,44244.5,252.134
2024-01-05 04:20:00,44244.5,44296.7,44244.5,44296.7,319.562
2024-01-05 04:21:00,44296.7,44349.0,44296.7,44349.0,203.861
2024-01-05 04:22:00,44348.9,44364.4,44346.8,44354.3,120.472
2024-01-05 04:23:00,44354.3,44355.2,44347.4,44349.5,38.975
2024-01-05 04:24:00,44349.5,44349.6,44289.3,44289.5,110.321
2024-01-05 04:25:00,44289.5,44322.1,44286.7,44286.7,179.516
2024-01-05 04:26:00,44286.7,44286.7,44258.4,44280.1,73.558
2024-01-05 04:27:00,44280.1,44282.2,44229.7,44229.8,109.006
2024-01-05 04:28:00,44229.8,44312.0,44229.7,44312.0,105.244
2024-01-05 04:29:00,44312.0,44344.5,44305.0,44311.7,133.437
2024-01-05 04:30:00,44311.8,44352.9,44305.0,44314.3,179.836
2024-01-05 04:31:00,44314.3,44316.1,44275.4,44275.5,101.801
2024-01-05 04:32:00,44275.5,44289.8,44261.6,44286.7,69.568
2024-01-05 04:33:00,44286.8,44286.8,44245.1,44274.5,72.642
2024-01-05 04:34:00,44274.6,44290.9,44259.7,44269.3,80.391
2024-01-05 04:35:00,44269.4,44274.3,44245.3,44273.2,92.007
2024-01-05 04:36:00,44273.2,44300.0,44273.2,44295.5,150.488
2024-01-05 04:37:00,44295.5,44295.5,44255.9,44259.0,77.334
2024-01-05 04:38:00,44259.1,44292.5,44251.3,44287.6,161.675
2024-01-05 04:39:00,44287.7,44294.0,44274.8,44294.0,57.936
2024-01-05 04:40:00,44294.0,44297.6,44245.1,44250.9,216.47
2024-01-05 04:41:00,44250.9,44256.3,44233.1,44233.1,54.999
2024-01-05 04:42:00,44233.1,44233.1,44203.2,44227.5,167.423
2024-01-05 04:43:00,44227.6,44236.5,44178.2,44188.7,258.549
2024-01-05 04:44:00,44188.8,44227.9,44177.0,44225.4,134.862
2024-01-05 04:45:00,44225.5,44259.5,44214.0,44247.1,126.364
2024-01-05 04:46:00,44247.1,44251.8,44234.1,44251.7,68.431
2024-01-05 04:47:00,44251.7,44270.2,44248.0,44264.8,74.083
2024-01-05 04:48:00,44262.7,44293.9,44262.6,44277.5,98.084
2024-01-05 04:49:00,44277.5,44285.0,44270.4,44277.8,76.533
2024-01-05 04:50:00,44277.8,44280.0,44269.0,44277.4,63.28
2024-01-05 04:51:00,44277.5,44293.8,44269.1,44293.8,102.649
2024-01-05 04:52:00,44293.7,44308.3,44293.7,44302.0,73.597
2024-01-05 04:53:00,44302.0,44347.6,44291.0,44341.5,173.564
2024-01-05 04:54:00,44341.5,44341.5,44311.9,44320.0,222.644
2024-01-05 04:55:00,44319.1,44326.7,44310.8,44326.6,81.772
2024-01-05 04:56:00,44326.6,44349.5,44326.6,44336.8,116.787
2024-01-05 04:57:00,44336.9,44345.3,44316.3,44322.3,155.452
2024-01-05 04:58:00,44322.4,44329.2,44304.4,44308.3,75.734
2024-01-05 04:59:00,44308.4,44317.9,44301.6,44303.0,56.387
2024-01-05 05:00:00,44303.1,44323.7,44292.6,44306.0,116.571
2024-01-05 05:01:00,44306.1,44306.1,44227.0,44233.3,228.295
2024-01-05 05:02:00,44233.4,44254.5,44233.3,44240.1,42.256
2024-01-05 05:03:00,44240.1,44251.0,44225.4,44237.6,100.603
2024-01-05 05:04:00,44237.6,44243.0,44236.2,44239.1,66.953
2024-01-05 05:05:00,44239.2,44239.2,44222.0,44229.9,69.263
2024-01-05 05:06:00,44230.0,44230.0,44200.1,44218.8,95.804
2024-01-05 05:07:00,44218.8,44230.0,44201.7,44211.2,210.908
2024-01-05 05:08:00,44211.3,44218.3,44200.0,44203.3,60.27
2024-01-05 05:09:00,44203.4,44209.6,44188.4,44207.5,193.098
2024-01-05 05:10:00,44207.5,44207.6,44167.6,44175.6,225.168
2024-01-05 05:11:00,44175.7,44176.9,44140.1,44149.0,311.886
2024-01-05 05:12:00,44149.0,44158.6,44126.5,44132.9,172.827
2024-01-05 05:13:00,44133.0,44139.0,44125.6,44131.1,114.236
2024-01-05 05:14:00,44131.1,44182.1,44131.0,44154.2,178.468
2024-01-05 05:15:00,44154.1,44154.2,44125.1,44139.1,99.556
2024-01-05 05:16:00,44139.2,44192.1,44139.1,44187.5,132.474
2024-01-05 05:17:00,44187.1,44187.1,44163.3,44163.4,62.594
2024-01-05 05:18:00,44163.4,44180.5,44163.4,44164.6,93.031
2024-01-05 05:19:00,44164.6,44164.7,44150.0,44153.0,41.347
2024-01-05 05:20:00,44153.1,44164.7,44150.0,44155.5,42.792
2024-01-05 05:21:00,44155.4,44164.7,44131.1,44131.2,76.596
2024-01-05 05:22:00,44131.2,44135.2,44043.4,44115.2,689.158
2024-01-05 05:23:00,44115.2,44158.4,44115.1,44150.6,113.331
2024-01-05 05:24:00,44150.6,44188.0,44149.2,44184.0,147.263
2024-01-05 05:25:00,44183.9,44187.2,44162.0,44162.0,55.017
2024-01-05 05:26:00,44162.0,44162.8,44115.8,44115.8,105.705
2024-01-05 05:27:00,44115.9,44157.5,44100.1,44157.2,126.397
2024-01-05 05:28:00,44157.2,44157.5,44116.7,44122.7,99.534
2024-01-05 05:29:00,44122.8,44168.2,44122.7,44143.8,198.961
2024-01-05 05:30:00,44143.8,44183.0,44128.7,44170.4,318.444
2024-01-05 05:31:00,44170.4,44206.6,44160.6,44204.7,184.568
2024-01-05 05:32:00,44204.7,44210.7,44188.4,44196.3,107.855
2024-01-05 05:33:00,44196.2,44196.3,44135.8,44135.8,170.987
2024-01-05 05:34:00,44135.8,44193.2,44118.7,44190.7,122.492
2024-01-05 05:35:00,44190.6,44216.6,44164.1,44182.7,115.068
2024-01-05 05:36:00,44182.8,44195.9,44164.5,44164.5,120.532
2024-01-05 05:37:00,44164.5,44197.2,44148.5,44158.8,132.446
2024-01-05 05:38:00,44158.8,44178.6,44128.0,44164.2,140.679
2024-01-05 05:39:00,44164.3,44171.9,44149.2,44165.0,96.393
2024-01-05 05:40:00,44165.0,44168.5,44148.9,44148.9,89.766
2024-01-05 05:41:00,44149.0,44152.7,44131.5,44133.9,44.354
2024-01-05 05:42:00,44134.0,44156.1,44119.6,44135.8,103.101
2024-01-05 05:43:00,44135.8,44149.3,44131.1,44143.4,50.999
2024-01-05 05:44:00,44143.3,44197.3,44143.3,44192.3,104.225
2024-01-05 05:45:00,44192.3,44192.4,44124.9,44140.2,105.425
2024-01-05 05:46:00,44140.2,44176.3,44127.5,44167.7,202.086
2024-01-05 05:47:00,44167.7,44183.2,44162.6,44178.2,89.77
2024-01-05 05:48:00,44178.2,44231.9,44178.1,44203.9,264.86
2024-01-05 05:49:00,44203.9,44222.6,44180.6,44194.2,138.774
2024-01-05 05:50:00,44194.2,44204.4,44179.7,44187.4,81.943
2024-01-05 05:51:00,44187.4,44233.1,44187.2,44233.1,108.958
2024-01-05 05:52:00,44233.1,44244.1,44203.6,44207.3,351.677
2024-01-05 05:53:00,44207.2,44212.0,44183.9,44194.0,110.535
2024-01-05 05:54:00,44194.0,44207.9,44193.8,44202.4,156.378
2024-01-05 05:55:00,44202.3,44239.0,44199.8,44234.0,141.263
2024-01-05 05:56:00,44234.0,44238.9,44220.9,44234.0,116.462
2024-01-05 05:57:00,44234.0,44246.7,44233.9,44243.4,64.332
2024-01-05 05:58:00,44243.4,44243.4,44209.4,44220.5,108.634
2024-01-05 05:59:00,44220.4,44220.5,44211.0,44212.1,28.2
2024-01-05 06:00:00,44212.1,44222.5,44212.0,44214.0,60.321
2024-01-05 06:01:00,44214.0,44214.0,44137.9,44138.2,228.315
2024-01-05 06:02:00,44138.2,44149.7,44085.0,44085.1,463.399
2024-01-05 06:03:00,44085.1,44120.7,44085.0,44104.1,125.234
2024-01-05 06:04:00,44104.0,44118.9,44084.6,44116.5,100.078
2024-01-05 06:05:00,44116.4,44116.5,44057.3,44060.8,176.06
2024-01-05 06:06:00,44060.9,44086.4,44060.9,44078.0,141.163
2024-01-05 06:07:00,44078.0,44080.2,43982.4,44020.4,999.417
2024-01-05 06:08:00,44020.4,44022.0,43961.0,43984.4,541.86
2024-01-05 06:09:00,43984.4,44054.1,43977.9,44054.1,368.991
2024-01-05 06:10:00,44054.0,44077.5,44029.4,44057.9,239.799
2024-01-05 06:11:00,44058.0,44093.2,44036.7,44042.1,198.016
2024-01-05 06:12:00,44043.4,44082.0,44042.8,44077.1,112.966
2024-01-05 06:13:00,44077.1,44088.7,44068.1,44088.7,69.211
2024-01-05 06:14:00,44088.7,44113.4,44088.2,44096.8,168.576
2024-01-05 06:15:00,44096.7,44098.8,44050.7,44068.8,251.534
2024-01-05 06:16:00,44068.8,44096.0,44068.7,44077.5,193.683
2024-01-05 06:17:00,44077.5,44100.0,44070.9,44086.4,211.03
2024-01-05 06:18:00,44086.4,44117.7,44080.5,44117.7,79.434
2024-01-05 06:19:00,44117.7,44135.6,44112.9,44135.6,121.12
2024-01-05 06:20:00,44135.5,44145.2,44123.0,44128.5,129.195
2024-01-05 06:21:00,44128.5,44146.1,44128.5,44142.4,100.668
2024-01-05 06:22:00,44142.4,44148.6,44127.5,44139.9,74.985
2024-01-05 06:23:00,44139.9,44141.4,44121.2,44126.6,60.947
2024-01-05 06:24:00,44126.5,44139.3,44123.6,44138.0,46.689
2024-01-05 06:25:00,44137.9,44187.5,44137.9,44185.4,139.042
2024-01-05 06:26:00,44185.5,44231.9,44185.4,44225.1,372.538
2024-01-05 06:27:00,44225.0,44227.8,44192.6,44210.4,114.937
2024-01-05 06:28:00,44210.5,44231.5,44201.5,44215.9,130.421
2024-01-05 06:29:00,44216.0,44227.0,44205.0,44207.5,55.679
2024-01-05 06:30:00,44207.4,44217.8,44199.2,44217.8,76.296
2024-01-05 06:31:00,44217.8,44218.8,44204.9,44216.7,51.445
2024-01-05 06:32:00,44216.6,44228.4,44200.0,44207.0,227.587
2024-01-05 06:33:00,44207.0,44214.5,44207.0,44209.0,41.317
2024-01-05 06:34:00,44209.0,44213.8,44208.9,44213.7,22.945
2024-01-05 06:35:00,44213.7,44283.9,44213.7,44272.2,350.893
2024-01-05 06:36:00,44272.1,44284.0,44203.1,44204.9,905.999
2024-01-05 06:37:00,44204.9,44208.2,44157.0,44160.4,205.555
2024-01-05 06:38:00,44160.4,44160.5,44125.7,44125.8,86.872
2024-01-05 06:39:00,44125.8,44176.4,44100.2,44161.0,347.274
2024-01-05 06:40:00,44160.8,44165.4,44137.2,44141.8,146.983
2024-01-05 06:41:00,44141.8,44183.5,44141.7,44174.4,80.3
2024-01-05 06:42:00,44174.4,44184.1,44155.9,44160.0,39.991
2024-01-05 06:43:00,44160.0,44175.9,44129.9,44130.0,54.863
2024-01-05 06:44:00,44130.0,44154.0,44129.9,44137.5,248.097
2024-01-05 06:45:00,44136.8,44136.8,44089.1,44089.1,105.3
2024-01-05 06:46:00,44089.1,44110.9,44025.8,44025.8,253.347
2024-01-05 06:47:00,44025.9,44027.9,43932.8,43963.0,946.542
2024-01-05 06:48:00,43963.1,43973.8,43878.6,43921.6,1325.984
2024-01-05 06:49:00,43921.5,43973.2,43885.0,43973.2,568.309
2024-01-05 06:50:00,43973.1,44021.7,43956.7,44015.8,253.647
2024-01-05 06:51:00,44015.7,44022.5,44008.5,44015.9,95.297
2024-01-05 06:52:00,44015.8,44056.4,43979.0,43979.0,240.698
2024-01-05 06:53:00,43979.1,43986.1,43922.0,43952.9,218.733
2024-01-05 06:54:00,43952.8,43996.4,43952.8,43971.0,291.716
2024-01-05 06:55:00,43970.7,43975.4,43901.1,43909.8,397.761
2024-01-05 06:56:00,43910.3,43962.2,43910.3,43951.7,224.373
2024-01-05 06:57:00,43951.7,43954.3,43868.0,43881.4,616.441
2024-01-05 06:58:00,43881.5,43910.8,43824.1,43833.1,651.296
2024-01-05 06:59:00,43833.0,43906.2,43833.0,43897.4,268.374
2024-01-05 07:00:00,43897.3,43935.0,43872.9,43932.7,258.403
2024-01-05 07:01:00,43932.7,43957.0,43931.6,43945.9,171.944
2024-01-05 07:02:00,43945.9,43958.4,43904.6,43904.7,112.868
2024-01-05 07:03:00,43904.7,43914.2,43852.5,43914.2,229.452
2024-01-05 07:04:00,43914.2,43936.3,43907.3,43936.3,89.527
2024-01-05 07:05:00,43936.2,43950.0,43926.5,43941.1,146.899
2024-01-05 07:06:00,43941.1,43955.9,43899.4,43899.4,136.664
2024-01-05 07:07:00,43899.5,43954.4,43892.8,43946.4,68.959
2024-01-05 07:08:00,43946.4,43955.9,43922.2,43947.1,82.078
2024-01-05 07:09:00,43947.1,43955.0,43925.0,43954.9,68.362
2024-01-05 07:10:00,43954.9,43954.9,43897.7,43897.7,81.734
2024-01-05 07:11:00,43897.3,43922.0,43867.1,43922.0,85.693
2024-01-05 07:12:00,43922.0,43940.1,43909.5,43922.0,107.662
2024-01-05 07:13:00,43922.0,43946.8,43922.0,43935.9,96.962
2024-01-05 07:14:00,43935.8,43943.3,43922.6,43925.9,53.878
2024-01-05 07:15:00,43925.8,43925.8,43854.2,43855.1,87.104
2024-01-05 07:16:00,43855.2,43880.0,43833.9,43862.8,235.927
2024-01-05 07:17:00,43862.7,43862.8,43617.9,43711.0,3242.777
2024-01-05 07:18:00,43710.2,43716.1,42300.0,42521.1,11240.839
2024-01-05 07:19:00,42521.1,43356.6,42499.1,43173.4,7039.286
2024-01-05 07:20:00,43176.5,43202.8,42939.0,43069.2,2997.08
2024-01-05 07:21:00,43069.1,43184.7,42925.4,42953.1,1856.166
2024-01-05 07:22:00,42953.2,43145.6,42812.0,43095.8,2398.43
2024-01-05 07:23:00,43095.8,43185.0,43054.5,43167.8,1278.988
2024-01-05 07:24:00,43167.8,43363.9,43120.0,43348.3,1911.899
2024-01-05 07:25:00,43348.3,43420.7,43276.3,43385.6,1750.233
2024-01-05 07:26:00,43385.6,43519.5,43366.4,43410.3,1956.884
2024-01-05 07:27:00,43410.2,43416.8,43340.0,43397.6,745.076
2024-01-05 07:28:00,43397.5,43397.6,43297.1,43322.4,552.875
2024-01-05 07:29:00,43322.5,43384.6,43311.7,43374.5,490.217
2024-01-05 07:30:00,43373.5,43949.8,43321.8,43747.1,4437.18
2024-01-05 07:31:00,43747.2,43754.8,43622.4,43634.2,1397.917
2024-01-05 07:32:00,43634.3,43783.1,43622.1,43709.5,1268.086
2024-01-05 07:33:00,43709.6,43718.4,43627.2,43688.9,649.574
2024-01-05 07:34:00,43689.0,43693.8,43552.0,43552.1,684.625
2024-01-05 07:35:00,43552.2,43623.0,43544.9,43576.5,699.201
2024-01-05 07:36:00,43576.5,43706.9,43576.5,43706.0,580.516
2024-01-05 07:37:00,43706.0,43718.4,43623.0,43624.1,612.546
2024-01-05 07:38:00,43624.1,43638.2,43572.0,43575.9,359.138
2024-01-05 07:39:00,43576.0,43605.0,43546.0,43575.0,419.863
2024-01-05 07:40:00,43576.0,43576.0,43478.8,43498.1,642.003
2024-01-05 07:41:00,43498.1,43589.0,43498.0,43561.6,534.034
2024-01-05 07:42:00,43561.5,43577.6,43505.6,43573.2,512.894
2024-01-05 07:43:00,43573.2,43642.9,43550.8,43641.0,294.151
2024-01-05 07:44:00,43640.9,43674.8,43626.8,43631.9,484.367
2024-01-05 07:45:00,43631.9,43666.0,43492.3,43492.4,599.896
2024-01-05 07:46:00,43492.4,43544.6,43411.2,43415.9,1079.194
2024-01-05 07:47:00,43415.9,43500.6,43415.9,43500.0,468.428
2024-01-05 07:48:00,43500.0,43502.0,43470.0,43485.3,239.542
2024-01-05 07:49:00,43485.4,43525.3,43469.9,43497.6,294.787
2024-01-05 07:50:00,43497.6,43529.0,43481.6,43525.8,142.943
2024-01-05 07:51:00,43525.8,43542.4,43490.3,43490.3,238.787
2024-01-05 07:52:00,43490.3,43499.6,43470.0,43474.1,159.736
2024-01-05 07:53:00,43474.1,43478.5,43345.6,43379.9,623.927
2024-01-05 07:54:00,43379.9,43418.3,43304.8,43344.0,579.109
2024-01-05 07:55:00,43344.1,43410.4,43344.0,43385.4,332.611
2024-01-05 07:56:00,43385.4,43417.1,43363.5,43395.8,202.292
2024-01-05 07:57:00,43395.7,43404.6,43372.3,43380.5,96.523
2024-01-05 07:58:00,43380.5,43399.9,43303.2,43314.9,386.159
2024-01-05 07:59:00,43314.9,43347.1,43301.2,43305.9,296.049
2024-01-05 08:00:00,43306.0,43329.7,43300.8,43314.0,239.816
2024-01-05 08:01:00,43313.9,43427.6,43313.9,43427.5,365.526
2024-01-05 08:02:00,43427.5,43429.1,43398.5,43429.0,166.424
2024-01-05 08:03:00,43429.0,43453.0,43396.2,43453.0,343.023
2024-01-05 08:04:00,43452.9,43489.6,43437.7,43457.2,241.175
2024-01-05 08:05:00,43457.1,43475.0,43407.3,43421.0,113.684
2024-01-05 08:06:00,43421.0,43454.0,43396.2,43453.9,129.618
2024-01-05 08:07:00,43453.9,43492.4,43451.2,43487.4,143.101
2024-01-05 08:08:00,43487.4,43530.0,43487.4,43521.1,393.906
2024-01-05 08:09:00,43521.1,43521.1,43480.0,43481.4,169.14
2024-01-05 08:10:00,43481.4,43525.0,43474.3,43520.8,130.7
2024-01-05 08:11:00,43520.7,43570.0,43507.6,43564.5,375.758
2024-01-05 08:12:00,43564.4,43570.0,43538.8,43570.0,172.59
2024-01-05 08:13:00,43569.9,43593.4,43562.0,43582.6,185.911
2024-01-05 08:14:00,43582.6,43619.4,43579.8,43596.5,274.491
2024-01-05 08:15:00,43596.5,43597.1,43557.0,43576.0,183.62
2024-01-05 08:16:00,43576.0,43576.0,43536.4,43547.1,84.71
2024-01-05 08:17:00,43547.0,43600.0,43547.0,43588.0,116.503
2024-01-05 08:18:00,43588.1,43606.0,43564.0,43576.1,109.128
2024-01-05 08:19:00,43576.0,43585.2,43554.0,43563.5,79.734
2024-01-05 08:20:00,43563.6,43563.6,43533.3,43533.4,150.985
2024-01-05 08:21:00,43533.3,43555.6,43533.3,43548.1,96.795
2024-01-05 08:22:00,43548.1,43569.5,43519.4,43569.5,153.867
2024-01-05 08:23:00,43569.4,43575.8,43529.2,43556.8,161.005
2024-01-05 08:24:00,43556.8,43556.8,43524.6,43524.6,49.427
2024-01-05 08:25:00,43524.7,43524.7,43462.0,43483.5,242.306
2024-01-05 08:26:00,43483.6,43519.6,43483.2,43498.8,144.9
2024-01-05 08:27:00,43498.8,43514.9,43484.6,43507.5,106.346
2024-01-05 08:28:00,43507.4,43520.0,43495.4,43513.1,45.292
2024-01-05 08:29:00,43513.1,43539.0,43506.3,43506.4,99.719
2024-01-05 08:30:00,43506.5,43530.9,43506.5,43530.8,113.99
2024-01-05 08:31:00,43530.7,43593.8,43530.7,43588.5,194.911
2024-01-05 08:32:00,43589.0,43658.4,43589.0,43627.0,346.742
2024-01-05 08:33:00,43627.0,43754.9,43620.7,43743.0,851.539
2024-01-05 08:34:00,43743.0,43778.7,43669.9,43681.0,707.655
2024-01-05 08:35:00,43681.0,43681.1,43557.1,43585.9,780.256
2024-01-05 08:36:00,43585.9,43624.5,43556.3,43623.8,213.833
2024-01-05 08:37:00,43623.7,43633.5,43593.9,43606.5,109.952
2024-01-05 08:38:00,43606.6,43624.9,43606.5,43610.1,73.684
2024-01-05 08:39:00,43610.0,43610.0,43523.1,43531.3,277.872
2024-01-05 08:40:00,43531.2,43557.0,43503.3,43556.9,224.568
2024-01-05 08:41:00,43556.9,43596.0,43556.9,43576.6,179.171
2024-01-05 08:42:00,43576.5,43632.2,43576.5,43632.2,89.345
2024-01-05 08:43:00,43632.1,43633.3,43590.4,43595.2,134.359
2024-01-05 08:44:00,43595.2,43619.9,43595.2,43612.9,67.539
2024-01-05 08:45:00,43612.8,43629.9,43601.0,43624.3,54.022
2024-01-05 08:46:00,43624.4,43630.0,43611.1,43614.5,50.114
2024-01-05 08:47:00,43614.5,43617.5,43600.0,43612.0,55.965
2024-01-05 08:48:00,43611.9,43630.7,43604.9,43628.7,93.139
2024-01-05 08:49:00,43628.7,43628.7,43576.5,43576.5,193.656
2024-01-05 08:50:00,43576.2,43576.2,43511.7,43525.8,194.582
2024-01-05 08:51:00,43525.8,43561.3,43520.4,43532.4,145.745
2024-01-05 08:52:00,43532.4,43554.6,43523.5,43530.9,86.522
2024-01-05 08:53:00,43531.0,43546.0,43518.1,43546.0,59.473
2024-01-05 08:54:00,43546.0,43577.5,43543.5,43566.0,66.608
2024-01-05 08:55:00,43565.9,43565.9,43547.0,43547.1,37.437
2024-01-05 08:56:00,43547.0,43599.8,43547.0,43589.0,82.459
2024-01-05 08:57:00,43588.9,43589.0,43557.9,43557.9,51.638
2024-01-05 08:58:00,43558.0,43584.5,43557.1,43582.7,81.375
2024-01-05 08:59:00,43582.6,43582.6,43555.3,43557.0,40.972
2024-01-05 09:00:00,43557.0,43580.6,43556.9,43560.9,36.464
2024-01-05 09:01:00,43560.9,43560.9,43524.3,43535.8,115.882
2024-01-05 09:02:00,43535.7,43565.7,43533.6,43540.1,49.408
2024-01-05 09:03:00,43540.2,43543.4,43510.2,43510.2,280.495
2024-01-05 09:04:00,43510.1,43524.9,43510.0,43519.5,170.949
2024-01-05 09:05:00,43519.6,43544.3,43519.5,43523.5,124.904
2024-01-05 09:06:00,43523.6,43537.3,43513.3,43532.7,71.166
2024-01-05 09:07:00,43532.7,43562.8,43522.7,43559.7,85.669
2024-01-05 09:08:00,43559.7,43559.7,43520.0,43520.0,57.275
2024-01-05 09:09:00,43520.1,43520.1,43510.0,43517.4,61.336
2024-01-05 09:10:00,43517.4,43561.0,43512.0,43556.8,65.807
2024-01-05 09:11:00,43556.8,43559.6,43543.8,43547.2,57.6
2024-01-05 09:12:00,43547.2,43547.3,43500.0,43502.4,77.907
2024-01-05 09:13:00,43502.4,43506.0,43456.0,43466.2,286.426
2024-01-05 09:14:00,43466.2,43487.5,43466.2,43472.9,76.028
2024-01-05 09:15:00,43472.9,43484.9,43435.1,43442.0,160.164
2024-01-05 09:16:00,43441.9,43448.8,43413.0,43448.8,172.512
2024-01-05 09:17:00,43448.7,43480.3,43448.7,43464.6,87.335
2024-01-05 09:18:00,43464.5,43466.4,43419.7,43423.6,112.396
2024-01-05 09:19:00,43423.7,43443.3,43416.5,43432.3,79.835
2024-01-05 09:20:00,43432.3,43450.0,43420.0,43420.1,63.833
2024-01-05 09:21:00,43420.1,43469.0,43420.1,43433.2,81.417
2024-01-05 09:22:00,43433.2,43448.2,43419.1,43448.2,51.308
2024-01-05 09:23:00,43448.5,43513.9,43448.5,43513.9,161.933
2024-01-05 09:24:00,43513.8,43541.0,43463.3,43470.1,270.329
2024-01-05 09:25:00,43470.0,43496.0,43457.6,43474.1,120.255
2024-01-05 09:26:00,43474.0,43482.8,43437.7,43440.8,89.176
2024-01-05 09:27:00,43440.9,43480.0,43440.9,43471.0,56.971
2024-01-05 09:28:00,43470.9,43479.9,43452.0,43459.0,50.384
2024-01-05 09:29:00,43459.0,43492.4,43458.9,43469.1,108.801
2024-01-05 09:30:00,43469.5,43498.2,43456.8,43498.1,127.583
2024-01-05 09:31:00,43498.2,43540.2,43494.8,43511.9,98.389
2024-01-05 09:32:00,43511.9,43541.4,43500.2,43541.1,98.648
2024-01-05 09:33:00,43540.3,43540.3,43500.1,43522.6,131.211
2024-01-05 09:34:00,43522.6,43531.1,43500.0,43514.9,182.211
2024-01-05 09:35:00,43514.9,43550.5,43508.1,43517.7,210.467
2024-01-05 09:36:00,43517.6,43519.6,43474.1,43474.2,89.147
2024-01-05 09:37:00,43474.2,43494.0,43461.2,43462.4,101.316
2024-01-05 09:38:00,43462.4,43462.5,43436.8,43436.8,139.894
2024-01-05 09:39:00,43436.8,43440.0,43376.1,43397.9,504.134
2024-01-05 09:40:00,43398.0,43447.5,43397.9,43431.6,150.483
2024-01-05 09:41:00,43431.6,43431.6,43369.2,43370.1,446.99
2024-01-05 09:42:00,43372.0,43383.3,43347.4,43380.1,323.77
2024-01-05 09:43:00,43380.1,43383.1,43336.5,43348.8,164.415
2024-01-05 09:44:00,43348.8,43418.9,43348.7,43402.5,473.726
2024-01-05 09:45:00,43402.1,43417.3,43379.9,43380.4,75.225
2024-01-05 09:46:00,43380.4,43380.4,43308.7,43346.8,429.237
2024-01-05 09:47:00,43346.7,43377.0,43320.1,43374.7,266.461
2024-01-05 09:48:00,43374.6,43374.7,43314.3,43319.2,136.245
2024-01-05 09:49:00,43319.3,43342.1,43318.0,43319.7,126.512
2024-01-05 09:50:00,43319.7,43324.3,43193.5,43303.8,1672.378
2024-01-05 09:51:00,43303.7,43325.0,43266.1,43310.1,315.872
2024-01-05 09:52:00,43310.0,43325.6,43272.4,43283.6,197.782
2024-01-05 09:53:00,43283.6,43335.9,43263.0,43327.7,330.399
2024-01-05 09:54:00,43327.7,43327.8,43294.1,43300.0,106.781
2024-01-05 09:55:00,43300.0,43376.1,43294.5,43361.4,259.437
2024-01-05 09:56:00,43361.3,43399.8,43355.2,43398.6,284.823
2024-01-05 09:57:00,43398.6,43398.6,43359.1,43376.6,104.811
2024-01-05 09:58:00,43376.5,43381.1,43336.9,43367.6,196.921
2024-01-05 09:59:00,43368.3,43394.2,43365.0,43387.5,163.076
2024-01-05 10:00:00,43387.6,43399.7,43374.4,43380.8,114.744
2024-01-05 10:01:00,43380.7,43390.0,43347.9,43359.2,72.47
2024-01-05 10:02:00,43359.3,43398.0,43330.7,43398.0,135.493
2024-01-05 10:03:00,43397.9,43424.4,43364.7,43420.0,281.453
2024-01-05 10:04:00,43420.0,43435.0,43400.2,43417.2,192.184
2024-01-05 10:05:00,43417.2,43467.1,43403.9,43449.9,229.637
2024-01-05 10:06:00,43450.0,43474.1,43441.0,43450.5,144.529
2024-01-05 10:07:00,43450.4,43478.9,43448.0,43478.1,145.729
2024-01-05 10:08:00,43478.1,43482.8,43445.0,43460.0,339.985
2024-01-05 10:09:00,43460.1,43474.4,43451.7,43474.3,135.844
2024-01-05 10:10:00,43474.3,43493.1,43474.3,43486.6,113.674
2024-01-05 10:11:00,43486.5,43487.7,43476.4,43482.0,57.23
2024-01-05 10:12:00,43482.0,43535.9,43481.9,43524.5,258.563
2024-01-05 10:13:00,43525.3,43592.6,43521.1,43567.1,550.803
2024-01-05 10:14:00,43567.1,43574.7,43537.0,43543.5,210.633
2024-01-05 10:15:00,43543.5,43562.7,43536.4,43550.6,101.504
2024-01-05 10:16:00,43550.6,43613.2,43550.6,43613.2,368.983
2024-01-05 10:17:00,43613.2,43614.2,43583.2,43599.3,164.212
2024-01-05 10:18:00,43599.2,43632.0,43599.2,43625.0,192.491
2024-01-05 10:19:00,43625.0,43632.0,43606.5,43622.6,129.541
2024-01-05 10:20:00,43622.5,43622.6,43580.0,43590.7,114.353
2024-01-05 10:21:00,43590.6,43590.6,43536.4,43553.4,354.491
2024-01-05 10:22:00,43553.3,43585.5,43531.7,43585.5,140.53
2024-01-05 10:23:00,43585.5,43585.6,43551.5,43565.8,85.831
2024-01-05 10:24:00,43565.7,43596.9,43565.7,43574.1,99.798
2024-01-05 10:25:00,43574.1,43596.1,43572.5,43581.9,67.267
2024-01-05 10:26:00,43582.0,43591.5,43561.5,43568.1,108.624
2024-01-05 10:27:00,43568.1,43590.7,43562.6,43579.2,65.525
2024-01-05 10:28:00,43579.1,43598.7,43577.2,43593.3,34.817
2024-01-05 10:29:00,43593.2,43593.3,43586.3,43589.3,57.757
2024-01-05 10:30:00,43589.3,43589.3,43543.5,43543.5,107.967
2024-01-05 10:31:00,43543.5,43557.2,43530.8,43537.8,134.025
2024-01-05 10:32:00,43537.9,43570.0,43537.8,43559.3,83.719
2024-01-05 10:33:00,43559.3,43561.8,43548.8,43559.2,44.077
2024-01-05 10:34:00,43559.3,43600.0,43553.8,43596.6,112.404
2024-01-05 10:35:00,43596.5,43616.3,43595.7,43616.3,106.052
2024-01-05 10:36:00,43616.2,43649.0,43616.2,43643.7,334.591
2024-01-05 10:37:00,43643.7,43643.7,43622.2,43629.6,140.701
2024-01-05 10:38:00,43629.5,43629.6,43608.8,43621.2,62.549
2024-01-05 10:39:00,43621.1,43625.4,43616.7,43617.7,40.587
2024-01-05 10:40:00,43617.7,43624.7,43607.6,43607.6,55.085
2024-01-05 10:41:00,43607.6,43617.8,43586.8,43612.1,107.034
2024-01-05 10:42:00,43612.2,43612.2,43580.0,43591.4,86.603
2024-01-05 10:43:00,43591.4,43602.5,43581.9,43582.0,76.541
2024-01-05 10:44:00,43581.9,43581.9,43554.0,43562.0,127.037
2024-01-05 10:45:00,43560.6,43600.0,43558.0,43591.6,91.887
2024-01-05 10:46:00,43591.5,43591.6,43569.4,43587.5,50.577
2024-01-05 10:47:00,43587.4,43609.2,43574.6,43608.2,58.361
2024-01-05 10:48:00,43608.2,43610.0,43597.4,43599.0,39.58
2024-01-05 10:49:00,43599.0,43644.1,43599.0,43640.5,117.708
2024-01-05 10:50:00,43640.4,43644.2,43609.0,43609.1,64.065
2024-01-05 10:51:00,43609.0,43611.9,43579.4,43588.1,76.63
2024-01-05 10:52:00,43588.1,43603.6,43576.2,43594.4,53.306
2024-01-05 10:53:00,43594.4,43631.3,43583.6,43628.9,107.855
2024-01-05 10:54:00,43628.9,43659.4,43611.2,43613.3,217.311
2024-01-05 10:55:00,43613.3,43662.1,43613.3,43642.1,255.844
2024-01-05 10:56:00,43642.1,43642.2,43608.5,43608.5,95.468
2024-01-05 10:57:00,43608.6,43617.4,43603.2,43612.9,28.861
2024-01-05 10:58:00,43612.9,43614.9,43602.7,43614.9,35.59
2024-01-05 10:59:00,43614.8,43641.6,43614.8,43641.6,62.941
2024-01-05 11:00:00,43641.5,43641.6,43613.3,43613.4,92.188
2024-01-05 11:01:00,43613.4,43637.7,43613.4,43634.5,61.427
2024-01-05 11:02:00,43634.5,43666.0,43622.8,43666.0,151.056
2024-01-05 11:03:00,43665.9,43683.1,43661.6,43683.1,116.528
2024-01-05 11:04:00,43683.0,43691.0,43668.0,43669.9,124.512
2024-01-05 11:05:00,43669.9,43700.0,43669.9,43699.5,167.053
2024-01-05 11:06:00,43699.5,43699.5,43676.3,43685.5,71.485
2024-01-05 11:07:00,43685.4,43700.0,43677.0,43677.1,81.176
2024-01-05 11:08:00,43677.0,43714.3,43675.2,43708.8,156.531
2024-01-05 11:09:00,43708.9,43718.1,43701.0,43709.8,112.754
2024-01-05 11:10:00,43709.7,43726.4,43686.1,43686.1,127.878
2024-01-05 11:11:00,43686.1,43699.0,43664.1,43681.0,190.632
2024-01-05 11:12:00,43680.8,43684.1,43640.4,43648.7,250.748
2024-01-05 11:13:00,43648.8,43648.8,43625.0,43639.9,159.305
2024-01-05 11:14:00,43639.9,43644.9,43625.0,43642.4,85.407
2024-01-05 11:15:00,43642.4,43642.5,43621.8,43624.8,82.52
2024-01-05 11:16:00,43624.7,43631.8,43593.0,43624.9,133.076
2024-01-05 11:17:00,43624.9,43624.9,43616.9,43624.4,23.885
2024-01-05 11:18:00,43624.4,43648.0,43624.4,43647.9,110.196
2024-01-05 11:19:00,43648.0,43660.7,43644.1,43644.5,91.964
2024-01-05 11:20:00,43644.5,43644.5,43622.4,43622.5,25.574
2024-01-05 11:21:00,43622.4,43622.5,43551.8,43557.2,264.428
2024-01-05 11:22:00,43557.1,43570.9,43545.5,43567.8,122.701
2024-01-05 11:23:00,43567.9,43568.0,43536.0,43550.5,294.682
2024-01-05 11:24:00,43550.5,43550.6,43510.8,43545.9,272.881
2024-01-05 11:25:00,43545.9,43594.8,43531.5,43588.4,99.366
2024-01-05 11:26:00,43588.5,43616.8,43585.8,43616.2,96.927
2024-01-05 11:27:00,43616.1,43655.9,43616.1,43635.6,255.48
2024-01-05 11:28:00,43635.6,43651.3,43627.9,43647.3,74.844
2024-01-05 11:29:00,43647.2,43671.2,43642.5,43644.2,103.251
2024-01-05 11:30:00,43643.1,43666.0,43631.0,43653.0,147.772
2024-01-05 11:31:00,43652.9,43666.6,43652.9,43664.0,75.887
2024-01-05 11:32:00,43664.0,43685.0,43657.4,43668.5,99.984
2024-01-05 11:33:00,43668.5,43694.9,43668.5,43694.9,61.78
2024-01-05 11:34:00,43694.9,43724.1,43680.0,43724.1,299.953
2024-01-05 11:35:00,43724.0,43738.0,43700.0,43700.0,267.626
2024-01-05 11:36:00,43700.0,43701.6,43689.1,43697.1,122.107
2024-01-05 11:37:00,43697.0,43699.8,43659.5,43662.3,138.083
2024-01-05 11:38:00,43662.3,43688.6,43659.6,43688.5,48.197
2024-01-05 11:39:00,43688.5,43709.7,43675.9,43705.1,67.988
2024-01-05 11:40:00,43705.1,43719.7,43701.6,43714.1,72.908
2024-01-05 11:41:00,43714.1,43717.3,43690.2,43708.9,70.312
2024-01-05 11:42:00,43708.9,43716.4,43682.7,43683.2,145.055
2024-01-05 11:43:00,43683.3,43694.0,43677.3,43687.6,37.208
2024-01-05 11:44:00,43687.7,43688.1,43660.9,43686.0,68.643
2024-01-05 11:45:00,43685.9,43699.9,43675.5,43687.2,61.392
2024-01-05 11:46:00,43687.2,43688.3,43664.4,43664.4,52.318
2024-01-05 11:47:00,43664.4,43664.5,43632.3,43650.7,172.118
2024-01-05 11:48:00,43650.6,43676.5,43643.2,43669.6,48.04
2024-01-05 11:49:00,43669.6,43689.2,43669.6,43685.2,108.45
2024-01-05 11:50:00,43685.1,43689.2,43670.0,43670.0,25.179
2024-01-05 11:51:00,43670.0,43678.0,43662.9,43667.0,25.004
2024-01-05 11:52:00,43666.9,43678.0,43654.3,43659.5,49.397
2024-01-05 11:53:00,43659.4,43662.3,43626.4,43626.4,87.033
2024-01-05 11:54:00,43626.4,43640.2,43618.0,43632.9,73.751
2024-01-05 11:55:00,43632.9,43647.7,43632.0,43640.0,48.781
2024-01-05 11:56:00,43640.0,43640.0,43616.2,43623.8,103.874
2024-01-05 11:57:00,43623.9,43643.1,43609.5,43639.7,76.918
2024-01-05 11:58:00,43639.8,43639.8,43618.8,43622.6,58.987
2024-01-05 11:59:00,43622.6,43622.6,43596.4,43596.4,76.688
2024-01-05 12:00:00,43596.4,43631.7,43587.7,43626.5,100.959
2024-01-05 12:01:00,43626.6,43642.1,43580.0,43580.0,120.179
2024-01-05 12:02:00,43580.0,43595.9,43573.3,43587.8,66.672
2024-01-05 12:03:00,43587.7,43610.6,43576.1,43586.6,116.597
2024-01-05 12:04:00,43586.5,43600.0,43578.3,43596.2,62.903
2024-01-05 12:05:00,43596.1,43620.2,43583.0,43620.1,44.498
2024-01-05 12:06:00,43620.2,43628.9,43614.4,43619.9,80.769
2024-01-05 12:07:00,43619.9,43627.9,43613.9,43627.2,60.204
2024-01-05 12:08:00,43627.2,43658.1,43627.2,43639.6,132.097
2024-01-05 12:09:00,43639.7,43650.0,43639.6,43650.0,29.23
2024-01-05 12:10:00,43649.9,43725.5,43649.9,43725.3,344.585
2024-01-05 12:11:00,43725.1,43781.3,43705.4,43745.2,703.778
2024-01-05 12:12:00,43745.2,43758.5,43713.9,43720.0,190.171
2024-01-05 12:13:00,43720.1,43747.5,43712.0,43715.5,170.325
2024-01-05 12:14:00,43715.5,43724.6,43695.0,43708.5,168.131
2024-01-05 12:15:00,43708.5,43725.2,43699.7,43718.3,135.848
2024-01-05 12:16:00,43718.2,43721.1,43696.3,43696.3,64.495
2024-01-05 12:17:00,43696.3,43702.8,43680.5,43694.8,74.0
2024-01-05 12:18:00,43694.6,43745.3,43683.9,43743.5,183.273
2024-01-05 12:19:00,43743.5,43769.0,43732.3,43768.9,157.237
2024-01-05 12:20:00,43769.0,43832.0,43769.0,43784.1,481.243
2024-01-05 12:21:00,43784.2,43797.0,43768.1,43774.0,191.429
2024-01-05 12:22:00,43774.1,43848.0,43759.4,43809.7,641.534
2024-01-05 12:23:00,43809.6,43875.6,43804.0,43855.9,459.227
2024-01-05 12:24:00,43855.8,43951.7,43850.4,43879.0,1248.023
2024-01-05 12:25:00,43879.0,43894.6,43836.2,43854.2,340.914
2024-01-05 12:26:00,43854.3,43854.3,43813.0,43815.0,167.62
2024-01-05 12:27:00,43815.1,43850.4,43813.4,43839.1,117.42
2024-01-05 12:28:00,43839.0,43839.0,43821.0,43824.7,87.967
2024-01-05 12:29:00,43824.7,43849.8,43803.8,43847.9,279.017
2024-01-05 12:30:00,43847.8,43927.8,43827.5,43893.2,332.675
2024-01-05 12:31:00,43893.3,43914.4,43866.8,43868.8,302.661
2024-01-05 12:32:00,43868.7,43874.3,43841.5,43874.3,203.169
2024-01-05 12:33:00,43874.3,43897.7,43850.0,43865.7,133.257
2024-01-05 12:34:00,43865.7,43885.0,43822.2,43826.7,87.099
2024-01-05 12:35:00,43826.6,43837.2,43806.6,43809.1,150.129
2024-01-05 12:36:00,43809.1,43866.9,43805.0,43856.1,297.548
2024-01-05 12:37:00,43856.1,43856.1,43812.0,43815.1,92.114
2024-01-05 12:38:00,43815.0,43833.7,43809.0,43833.7,54.501
2024-01-05 12:39:00,43833.7,43848.3,43813.5,43818.4,77.263
2024-01-05 12:40:00,43818.5,43821.8,43741.0,43756.9,417.417
2024-01-05 12:41:00,43756.9,43793.6,43755.2,43790.1,93.71
2024-01-05 12:42:00,43790.1,43793.5,43766.0,43768.8,134.73
2024-01-05 12:43:00,43768.8,43793.9,43768.8,43793.8,127.375
2024-01-05 12:44:00,43794.0,43844.0,43792.1,43844.0,365.05
2024-01-05 12:45:00,43844.0,43879.9,43843.9,43866.5,159.847
2024-01-05 12:46:00,43866.4,43866.5,43826.1,43826.1,113.608
2024-01-05 12:47:00,43826.1,43857.0,43823.3,43832.4,119.349
2024-01-05 12:48:00,43832.4,43851.7,43832.4,43834.7,88.255
2024-01-05 12:49:00,43834.6,43846.2,43820.0,43823.4,59.685
2024-01-05 12:50:00,43823.3,43832.1,43820.0,43824.4,81.562
2024-01-05 12:51:00,43824.5,43842.6,43808.7,43808.7,230.08
2024-01-05 12:52:00,43808.7,43808.7,43788.3,43790.0,122.057
2024-01-05 12:53:00,43790.0,43793.0,43759.6,43776.7,117.438
2024-01-05 12:54:00,43776.7,43826.6,43776.7,43825.2,74.435
2024-01-05 12:55:00,43825.2,43830.1,43804.5,43828.5,83.829
2024-01-05 12:56:00,43828.4,43828.5,43814.7,43826.8,36.631
2024-01-05 12:57:00,43826.8,43867.7,43826.8,43866.4,117.933
2024-01-05 12:58:00,43866.5,43866.6,43859.1,43864.1,37.376
2024-01-05 12:59:00,43864.1,43874.0,43864.0,43870.4,49.437
2024-01-05 13:00:00,43870.5,43870.6,43824.2,43825.0,104.156
2024-01-05 13:01:00,43825.0,43863.7,43819.0,43840.9,67.541
2024-01-05 13:02:00,43840.9,43840.9,43824.8,43828.0,53.834
2024-01-05 13:03:00,43826.7,43838.5,43810.2,43811.9,88.155
2024-01-05 13:04:00,43812.0,43812.0,43799.9,43800.0,76.204
2024-01-05 13:05:00,43800.0,43843.7,43799.9,43809.9,92.772
2024-01-05 13:06:00,43810.0,43811.6,43786.0,43786.0,74.136
2024-01-05 13:07:00,43786.0,43819.5,43786.0,43819.5,64.014
2024-01-05 13:08:00,43819.4,43845.0,43800.0,43800.1,130.824
2024-01-05 13:09:00,43800.0,43804.5,43785.0,43788.3,104.189
2024-01-05 13:10:00,43788.4,43824.2,43788.3,43806.4,57.516
2024-01-05 13:11:00,43806.3,43834.5,43800.0,43817.5,87.502
2024-01-05 13:12:00,43817.5,43825.0,43808.4,43819.9,34.626
2024-01-05 13:13:00,43819.9,43819.9,43784.9,43787.1,34.903
2024-01-05 13:14:00,43787.2,43790.1,43774.0,43780.9,70.497
2024-01-05 13:15:00,43780.9,43795.9,43750.0,43751.9,149.258
2024-01-05 13:16:00,43752.0,43782.8,43745.0,43745.7,84.156
2024-01-05 13:17:00,43745.7,43767.1,43742.0,43742.1,247.196
2024-01-05 13:18:00,43742.1,43748.0,43713.8,43740.2,247.114
2024-01-05 13:19:00,43740.1,43745.0,43734.4,43741.2,43.02
2024-01-05 13:20:00,43741.1,43774.0,43741.1,43749.9,106.152
2024-01-05 13:21:00,43750.0,43765.6,43749.9,43764.4,56.742
2024-01-05 13:22:00,43764.4,43782.8,43764.3,43767.9,50.32
2024-01-05 13:23:00,43767.9,43782.6,43765.2,43768.3,182.315
2024-01-05 13:24:00,43768.3,43783.5,43762.9,43779.5,55.694
2024-01-05 13:25:00,43779.5,43799.8,43779.1,43786.1,97.921
2024-01-05 13:26:00,43786.1,43790.0,43780.2,43783.0,41.892
2024-01-05 13:27:00,43783.4,43798.4,43776.9,43776.9,103.497
2024-01-05 13:28:00,43777.0,43777.0,43763.0,43769.3,47.926
2024-01-05 13:29:00,43769.4,43773.0,43759.4,43769.6,41.945
2024-01-05 13:30:00,43769.6,43777.3,43765.2,43771.8,72.026
2024-01-05 13:31:00,43771.8,43811.7,43771.8,43811.7,141.348
2024-01-05 13:32:00,43811.7,43815.5,43799.8,43803.5,83.398
2024-01-05 13:33:00,43803.5,43861.4,43803.5,43841.7,158.808
2024-01-05 13:34:00,43841.7,43843.9,43817.7,43820.8,68.491
2024-01-05 13:35:00,43820.8,43838.1,43819.4,43821.9,64.791
2024-01-05 13:36:00,43821.9,43844.7,43810.0,43835.9,88.186
2024-01-05 13:37:00,43835.9,43836.0,43799.2,43799.3,44.637
2024-01-05 13:38:00,43799.2,43803.7,43769.0,43769.0,104.47
2024-01-05 13:39:00,43769.1,43787.3,43758.5,43773.7,60.082
2024-01-05 13:40:00,43773.7,43776.8,43765.2,43770.4,35.299
2024-01-05 13:41:00,43770.4,43814.0,43770.1,43813.9,102.04
2024-01-05 13:42:00,43814.0,43846.7,43811.9,43836.0,71.583
2024-01-05 13:43:00,43836.0,43846.6,43834.9,43846.6,44.001
2024-01-05 13:44:00,43846.6,43870.6,43846.5,43868.5,131.501
2024-01-05 13:45:00,43868.4,43874.7,43842.0,43843.6,96.256
2024-01-05 13:46:00,43843.6,43843.7,43817.2,43820.7,51.051
2024-01-05 13:47:00,43820.6,43844.8,43809.6,43813.1,51.614
2024-01-05 13:48:00,43813.1,43813.2,43776.2,43806.6,185.895
2024-01-05 13:49:00,43806.7,43806.7,43789.1,43795.3,39.153
2024-01-05 13:50:00,43794.0,43841.3,43793.9,43831.2,75.116
2024-01-05 13:51:00,43831.3,43831.3,43819.3,43826.5,50.27
2024-01-05 13:52:00,43826.4,43867.4,43820.9,43867.4,173.542
2024-01-05 13:53:00,43867.4,43914.7,43857.4,43903.6,218.569
2024-01-05 13:54:00,43903.7,43918.0,43899.7,43911.1,122.475
2024-01-05 13:55:00,43911.2,43934.2,43911.2,43934.2,211.863
2024-01-05 13:56:00,43934.2,43947.1,43903.5,43906.4,219.385
2024-01-05 13:57:00,43906.4,43924.7,43889.0,43889.1,130.114
2024-01-05 13:58:00,43889.0,43890.0,43870.5,43888.3,66.066
2024-01-05 13:59:00,43888.3,43889.5,43873.0,43885.5,97.769
2024-01-05 14:00:00,43885.5,43900.0,43882.1,43885.8,199.433
2024-01-05 14:01:00,43885.8,43913.4,43793.0,43815.7,699.94
2024-01-05 14:02:00,43815.7,43815.7,43781.7,43794.9,191.493
2024-01-05 14:03:00,43795.0,43821.6,43794.9,43816.2,145.068
2024-01-05 14:04:00,43816.3,43816.3,43789.2,43804.5,92.425
2024-01-05 14:05:00,43804.6,43812.9,43783.8,43791.0,78.258
2024-01-05 14:06:00,43790.9,43819.0,43790.9,43812.5,91.403
2024-01-05 14:07:00,43812.6,43843.0,43805.2,43839.1,104.454
2024-01-05 14:08:00,43839.1,43839.2,43831.9,43831.9,21.686
2024-01-05 14:09:00,43831.9,43832.0,43816.3,43823.6,57.577
2024-01-05 14:10:00,43823.7,43823.7,43781.1,43781.1,105.211
2024-01-05 14:11:00,43781.1,43799.0,43781.1,43794.3,82.048
2024-01-05 14:12:00,43794.2,43839.2,43781.2,43836.0,238.169
2024-01-05 14:13:00,43836.1,43836.2,43820.5,43828.8,64.701
2024-01-05 14:14:00,43828.9,43840.0,43823.1,43831.7,48.991
2024-01-05 14:15:00,43831.6,43831.6,43813.0,43820.4,49.492
2024-01-05 14:16:00,43820.5,43838.3,43813.1,43816.5,91.126
2024-01-05 14:17:00,43816.5,43860.0,43816.4,43853.4,93.724
2024-01-05 14:18:00,43853.5,43876.1,43850.0,43876.1,75.817
2024-01-05 14:19:00,43876.1,43884.7,43855.3,43859.1,130.886
2024-01-05 14:20:00,43859.0,43859.1,43851.7,43854.0,31.845
2024-01-05 14:21:00,43854.0,43854.1,43836.9,43841.5,44.507
2024-01-05 14:22:00,43841.6,43858.2,43835.8,43839.3,37.728
2024-01-05 14:23:00,43839.2,43857.0,43839.2,43857.0,31.406
2024-01-05 14:24:00,43856.9,43858.0,43846.8,43846.8,47.632
2024-01-05 14:25:00,43846.8,43876.0,43846.6,43870.2,60.76
2024-01-05 14:26:00,43870.2,43872.4,43851.8,43870.2,65.074
2024-01-05 14:27:00,43870.3,43872.4,43867.0,43867.6,19.645
2024-01-05 14:28:00,43867.6,43910.5,43867.6,43901.3,134.607
2024-01-05 14:29:00,43901.3,43911.7,43890.4,43911.6,108.381
2024-01-05 14:30:00,43911.6,43942.0,43911.6,43941.9,154.274
2024-01-05 14:31:00,43941.9,44212.6,43941.9,44171.3,3491.324
2024-01-05 14:32:00,44171.3,44242.0,44105.1,44213.3,1653.526
2024-01-05 14:33:00,44213.7,44237.7,44157.0,44179.1,1223.334
2024-01-05 14:34:00,44179.1,44192.7,44098.1,44130.6,658.147
2024-01-05 14:35:00,44130.6,44235.3,44095.2,44235.2,752.865
2024-01-05 14:36:00,44235.2,44332.4,44169.9,44171.5,1682.656
2024-01-05 14:37:00,44171.4,44215.6,44162.3,44170.0,415.885
2024-01-05 14:38:00,44170.0,44199.0,44125.7,44130.7,481.733
2024-01-05 14:39:00,44130.6,44130.6,44017.8,44053.5,1160.143
2024-01-05 14:40:00,44053.5,44110.2,44036.9,44060.0,408.371
2024-01-05 14:41:00,44060.0,44092.7,44060.0,44092.7,181.331
2024-01-05 14:42:00,44092.6,44092.7,44041.4,44057.4,505.302
2024-01-05 14:43:00,44057.4,44081.0,44035.0,44042.5,242.77
2024-01-05 14:44:00,44043.0,44056.2,44025.1,44050.0,132.256
2024-01-05 14:45:00,44050.0,44110.0,44040.6,44097.9,305.119
2024-01-05 14:46:00,44097.6,44097.6,44042.2,44050.1,273.888
2024-01-05 14:47:00,44050.2,44067.8,44032.0,44033.7,162.839
2024-01-05 14:48:00,44033.6,44065.8,44022.3,44032.5,207.617
2024-01-05 14:49:00,44032.5,44066.9,44029.9,44038.8,218.466
2024-01-05 14:50:00,44038.9,44052.5,44033.3,44042.5,81.2
2024-01-05 14:51:00,44042.5,44095.0,44032.5,44090.6,155.668
2024-01-05 14:52:00,44090.6,44090.6,44006.3,44006.3,323.359
2024-01-05 14:53:00,44006.3,44006.3,43945.1,43987.7,745.74
2024-01-05 14:54:00,43987.6,43990.5,43960.0,43963.7,128.837
2024-01-05 14:55:00,43963.6,44031.1,43959.9,44020.1,317.556
2024-01-05 14:56:00,44020.1,44028.8,44013.8,44013.9,42.46
2024-01-05 14:57:00,44013.9,44020.0,43993.1,44014.3,76.99
2024-01-05 14:58:00,44014.2,44021.3,43990.1,43990.2,82.167
2024-01-05 14:59:00,43990.1,43990.2,43963.9,43977.7,239.563
2024-01-05 15:00:00,43977.7,44017.7,43966.5,44014.5,187.741
2024-01-05 15:01:00,44014.5,44026.9,44013.1,44022.5,104.035
2024-01-05 15:02:00,44022.5,44065.9,44022.5,44054.0,177.585
2024-01-05 15:03:00,44053.9,44080.0,44053.9,44067.0,181.008
2024-01-05 15:04:00,44066.9,44089.7,44050.8,44088.4,184.225
2024-01-05 15:05:00,44088.4,44101.3,44079.8,44084.9,202.41
2024-01-05 15:06:00,44085.0,44144.0,44084.9,44140.1,252.552
2024-01-05 15:07:00,44140.1,44188.0,44118.0,44119.4,439.894
2024-01-05 15:08:00,44119.4,44119.4,44067.5,44103.4,242.883
2024-01-05 15:09:00,44103.5,44124.6,44098.6,44100.0,75.985
2024-01-05 15:10:00,44100.1,44124.5,44077.9,44085.1,209.856
2024-01-05 15:11:00,44086.4,44139.8,44086.4,44130.9,164.764
2024-01-05 15:12:00,44130.8,44130.9,44089.3,44099.9,114.25
2024-01-05 15:13:00,44099.9,44100.0,44069.5,44070.5,108.087
2024-01-05 15:14:00,44070.4,44073.3,44051.6,44057.0,116.272
2024-01-05 15:15:00,44057.1,44088.2,44050.0,44087.0,86.242
2024-01-05 15:16:00,44087.0,44121.0,44080.1,44114.6,128.839
2024-01-05 15:17:00,44114.7,44119.8,44090.9,44098.1,76.473
2024-01-05 15:18:00,44098.0,44144.0,44060.5,44132.1,244.326
2024-01-05 15:19:00,44132.2,44132.2,44084.1,44094.9,100.231
2024-01-05 15:20:00,44095.0,44099.9,44074.4,44086.8,96.69
2024-01-05 15:21:00,44086.7,44138.3,44085.0,44117.0,207.158
2024-01-05 15:22:00,44116.5,44147.9,44116.5,44134.3,82.164
2024-01-05 15:23:00,44134.4,44149.0,44134.3,44139.9,97.827
2024-01-05 15:24:00,44140.0,44177.0,44139.9,44175.6,114.493
2024-01-05 15:25:00,44175.5,44177.0,44150.0,44150.0,178.092
2024-01-05 15:26:00,44150.1,44177.0,44150.0,44164.0,146.965
2024-01-05 15:27:00,44164.1,44167.5,44142.6,44153.9,149.567
2024-01-05 15:28:00,44153.9,44153.9,44124.6,44140.7,77.388
2024-01-05 15:29:00,44140.7,44170.0,44131.4,44147.8,98.859
2024-01-05 15:30:00,44147.8,44160.0,44103.7,44122.7,154.738
2024-01-05 15:31:00,44122.6,44138.9,44109.2,44112.4,96.718
2024-01-05 15:32:00,44112.4,44140.1,44107.4,44138.1,85.046
2024-01-05 15:33:00,44138.1,44138.2,44085.1,44087.2,112.081
2024-01-05 15:34:00,44087.1,44087.1,44055.2,44064.9,142.947
2024-01-05 15:35:00,44065.0,44120.3,44060.3,44097.5,76.53
2024-01-05 15:36:00,44097.6,44097.6,44065.0,44073.8,101.673
2024-01-05 15:37:00,44073.9,44082.0,44033.5,44046.0,186.362
2024-01-05 15:38:00,44046.0,44046.0,44001.0,44022.5,553.062
2024-01-05 15:39:00,44022.5,44047.8,43987.5,44036.0,340.947
2024-01-05 15:40:00,44036.0,44042.0,44010.5,44012.8,146.398
2024-01-05 15:41:00,44012.8,44043.8,44012.7,44029.7,68.646
2024-01-05 15:42:00,44029.8,44029.8,44015.0,44021.0,88.352
2024-01-05 15:43:00,44021.1,44027.3,44017.7,44026.1,45.693
2024-01-05 15:44:00,44026.2,44026.2,44000.0,44000.0,89.625
2024-01-05 15:45:00,44000.0,44027.7,43987.5,44026.9,128.867
2024-01-05 15:46:00,44026.9,44063.2,44026.8,44055.9,136.22
2024-01-05 15:47:00,44055.9,44059.4,44034.8,44046.8,46.542
2024-01-05 15:48:00,44046.9,44082.0,44046.8,44064.7,120.761
2024-01-05 15:49:00,44064.7,44067.7,44035.5,44039.8,134.983
2024-01-05 15:50:00,44039.9,44039.9,43996.5,44000.6,101.32
2024-01-05 15:51:00,44000.6,44027.7,43996.7,43998.5,90.899
2024-01-05 15:52:00,43998.6,44010.1,43998.4,43998.5,56.142
2024-01-05 15:53:00,43998.5,43998.5,43948.9,43984.6,269.127
2024-01-05 15:54:00,43984.5,43988.0,43979.5,43983.0,62.937
2024-01-05 15:55:00,43983.0,43990.0,43966.4,43970.2,85.925
2024-01-05 15:56:00,43970.2,43970.3,43923.6,43958.1,381.982
2024-01-05 15:57:00,43958.0,43958.1,43913.1,43934.5,239.489
2024-01-05 15:58:00,43934.5,43934.5,43860.0,43913.0,721.901
2024-01-05 15:59:00,43913.0,43949.1,43913.0,43946.7,143.552
2024-01-05 16:00:00,43946.7,43946.7,43914.9,43925.6,105.118
2024-01-05 16:01:00,43925.6,43925.7,43902.1,43910.3,69.884
2024-01-05 16:02:00,43910.3,43950.0,43906.0,43938.2,221.205
2024-01-05 16:03:00,43938.1,43941.9,43911.5,43912.9,139.939
2024-01-05 16:04:00,43912.9,43946.1,43910.3,43925.8,82.497
2024-01-05 16:05:00,43925.9,43947.7,43913.9,43934.1,111.017
2024-01-05 16:06:00,43934.2,43939.2,43890.0,43895.8,183.496
2024-01-05 16:07:00,43895.8,43895.9,43815.0,43842.6,696.259
2024-01-05 16:08:00,43842.5,43895.4,43839.6,43867.5,320.889
2024-01-05 16:09:00,43867.4,43920.0,43861.4,43904.0,250.717
2024-01-05 16:10:00,43904.0,43904.0,43874.4,43892.6,62.328
2024-01-05 16:11:00,43892.6,43902.8,43889.1,43900.0,76.328
2024-01-05 16:12:00,43899.9,43938.4,43884.4,43919.0,194.325
2024-01-05 16:13:00,43919.1,43932.2,43900.4,43926.9,162.033
2024-01-05 16:14:00,43926.8,43928.8,43910.8,43928.7,80.306
2024-01-05 16:15:00,43928.8,43946.7,43921.9,43921.9,136.986
2024-01-05 16:16:00,43921.9,43930.0,43881.1,43906.7,161.085
2024-01-05 16:17:00,43906.6,43915.0,43903.0,43903.0,59.419
2024-01-05 16:18:00,43903.1,43930.0,43884.9,43925.5,92.311
2024-01-05 16:19:00,43925.6,43925.6,43894.2,43894.2,67.393
2024-01-05 16:20:00,43894.2,43894.3,43845.6,43862.0,270.517
2024-01-05 16:21:00,43861.8,43865.5,43840.5,43844.5,109.058
2024-01-05 16:22:00,43844.5,43853.8,43775.3,43829.9,709.538
2024-01-05 16:23:00,43830.0,43836.5,43801.2,43814.1,249.312
2024-01-05 16:24:00,43814.1,43852.9,43804.1,43841.9,229.383
2024-01-05 16:25:00,43841.9,43850.1,43790.0,43790.0,219.606
2024-01-05 16:26:00,43790.0,43790.1,43745.0,43758.7,625.203
2024-01-05 16:27:00,43758.7,43766.9,43706.4,43736.2,524.357
2024-01-05 16:28:00,43736.2,43744.7,43586.4,43652.7,1543.928
2024-01-05 16:29:00,43652.7,43652.7,43459.0,43628.2,2581.699
2024-01-05 16:30:00,43628.3,43676.9,43596.0,43674.4,716.34
2024-01-05 16:31:00,43674.4,43719.8,43674.4,43709.6,470.151
2024-01-05 16:32:00,43709.5,43733.0,43694.0,43733.0,366.303
2024-01-05 16:33:00,43733.0,43749.1,43704.8,43735.9,362.885
2024-01-05 16:34:00,43735.8,43751.0,43728.6,43746.5,188.313
2024-01-05 16:35:00,43746.4,43798.0,43737.6,43795.3,297.434
2024-01-05 16:36:00,43795.3,43823.6,43738.1,43739.2,476.936
2024-01-05 16:37:00,43739.3,43797.7,43739.3,43796.9,168.849
2024-01-05 16:38:00,43796.8,43815.0,43758.1,43811.3,204.356
2024-01-05 16:39:00,43811.3,43815.0,43772.1,43799.2,186.951
2024-01-05 16:40:00,43799.3,43806.6,43775.0,43784.4,120.51
2024-01-05 16:41:00,43784.4,43790.1,43724.9,43727.0,425.845
2024-01-05 16:42:00,43727.0,43732.0,43672.9,43717.9,617.235
2024-01-05 16:43:00,43717.9,43748.5,43715.3,43741.8,162.57
2024-01-05 16:44:00,43741.8,43760.0,43715.0,43721.9,175.089
2024-01-05 16:45:00,43721.9,43816.3,43721.9,43810.2,338.773
2024-01-05 16:46:00,43810.2,43853.3,43810.1,43837.3,195.519
2024-01-05 16:47:00,43837.3,43863.9,43820.1,43829.1,225.489
2024-01-05 16:48:00,43829.2,43839.4,43820.0,43832.9,132.495
2024-01-05 16:49:00,43832.8,43853.9,43824.1,43830.1,117.232
2024-01-05 16:50:00,43830.0,43866.7,43830.0,43858.4,116.401
2024-01-05 16:51:00,43858.4,43879.2,43851.3,43876.0,108.07
2024-01-05 16:52:00,43876.1,43902.6,43850.0,43850.1,271.761
2024-01-05 16:53:00,43850.1,43865.5,43831.0,43841.2,122.71
2024-01-05 16:54:00,43841.1,43841.2,43832.3,43838.8,49.394
2024-01-05 16:55:00,43838.8,43862.9,43831.0,43854.1,83.594
2024-01-05 16:56:00,43854.1,43888.2,43854.1,43865.0,154.417
2024-01-05 16:57:00,43865.0,43885.6,43860.1,43860.3,126.292
2024-01-05 16:58:00,43860.3,43872.4,43850.4,43859.3,163.478
2024-01-05 16:59:00,43859.2,43859.3,43793.7,43854.8,321.53
2024-01-05 17:00:00,43854.9,43874.6,43816.7,43816.7,131.532
2024-01-05 17:01:00,43816.7,43843.0,43812.6,43812.7,69.584
2024-01-05 17:02:00,43812.7,43837.7,43800.9,43837.7,67.904
2024-01-05 17:03:00,43837.7,43868.9,43828.5,43868.9,68.111
2024-01-05 17:04:00,43868.9,43883.0,43866.0,43876.5,83.82
2024-01-05 17:05:00,43876.5,43912.9,43866.4,43893.8,212.597
2024-01-05 17:06:00,43893.7,43902.4,43864.0,43882.5,101.128
2024-01-05 17:07:00,43882.6,43885.8,43873.5,43877.6,61.816
2024-01-05 17:08:00,43877.7,43888.8,43851.4,43878.3,302.615
2024-01-05 17:09:00,43878.3,43878.3,43824.0,43824.0,222.554
2024-01-05 17:10:00,43824.0,43843.8,43766.9,43796.3,276.13
2024-01-05 17:11:00,43796.3,43859.2,43796.2,43853.4,237.157
2024-01-05 17:12:00,43853.3,43875.2,43832.1,43834.4,174.146
2024-01-05 17:13:00,43834.5,43834.5,43801.0,43828.1,123.475
2024-01-05 17:14:00,43828.0,43828.1,43802.0,43806.5,49.87
2024-01-05 17:15:00,43807.0,43807.1,43776.6,43781.4,96.317
2024-01-05 17:16:00,43781.4,43792.0,43749.2,43788.3,102.659
2024-01-05 17:17:00,43788.3,43799.7,43778.9,43785.8,70.045
2024-01-05 17:18:00,43785.8,43827.6,43775.6,43782.4,243.871
2024-01-05 17:19:00,43782.5,43793.8,43773.1,43793.8,85.767
2024-01-05 17:20:00,43793.8,43815.0,43790.7,43812.1,60.567
2024-01-05 17:21:00,43812.1,43819.7,43810.0,43817.0,42.587
2024-01-05 17:22:00,43817.1,43817.1,43782.9,43798.0,89.906
2024-01-05 17:23:00,43798.1,43798.1,43777.0,43778.9,58.371
2024-01-05 17:24:00,43779.0,43798.1,43777.0,43783.7,74.159
2024-01-05 17:25:00,43783.7,43790.6,43725.2,43725.2,130.0
2024-01-05 17:26:00,43725.2,43766.0,43725.0,43725.9,146.689
2024-01-05 17:27:00,43725.8,43765.3,43723.0,43744.7,135.702
2024-01-05 17:28:00,43744.7,43759.0,43742.0,43754.1,84.73
2024-01-05 17:29:00,43754.1,43769.9,43745.8,43769.9,61.246
2024-01-05 17:30:00,43769.9,43773.3,43735.0,43758.5,94.083
2024-01-05 17:31:00,43758.5,43820.3,43758.5,43816.9,124.119
2024-01-05 17:32:00,43817.0,43855.0,43813.0,43855.0,214.742
2024-01-05 17:33:00,43854.9,43872.8,43851.1,43851.1,160.961
2024-01-05 17:34:00,43851.1,43860.6,43797.5,43797.5,256.365
2024-01-05 17:35:00,43797.4,43797.4,43745.5,43752.0,138.653
2024-01-05 17:36:00,43752.0,43758.8,43730.0,43754.0,233.718
2024-01-05 17:37:00,43754.0,43758.0,43672.1,43702.8,477.898
2024-01-05 17:38:00,43702.8,43707.7,43665.6,43680.5,375.116
2024-01-05 17:39:00,43680.5,43720.0,43620.2,43718.6,499.051
2024-01-05 17:40:00,43718.5,43745.0,43681.0,43691.9,196.61
2024-01-05 17:41:00,43691.9,43751.9,43691.8,43737.9,257.933
2024-01-05 17:42:00,43737.8,43745.7,43718.0,43726.2,74.464
2024-01-05 17:43:00,43726.3,43756.8,43726.3,43756.6,131.76
2024-01-05 17:44:00,43756.7,43760.0,43740.9,43759.9,67.762
2024-01-05 17:45:00,43760.0,43806.2,43754.8,43797.2,210.866
2024-01-05 17:46:00,43797.2,43828.1,43792.1,43822.4,178.152
2024-01-05 17:47:00,43822.3,43829.9,43794.8,43824.0,235.266
2024-01-05 17:48:00,43824.1,43827.9,43800.0,43807.0,86.456
2024-01-05 17:49:00,43807.0,43807.0,43777.3,43798.7,103.116
2024-01-05 17:50:00,43799.1,43833.4,43798.5,43831.3,122.863
2024-01-05 17:51:00,43831.1,43837.4,43800.0,43835.1,88.568
2024-01-05 17:52:00,43835.0,43843.2,43822.4,43836.7,89.624
2024-01-05 17:53:00,43836.7,43843.0,43829.8,43836.2,96.48
2024-01-05 17:54:00,43836.2,44004.5,43830.6,43958.4,1708.544
2024-01-05 17:55:00,43958.4,44025.2,43928.0,44017.7,605.716
2024-01-05 17:56:00,44017.6,44119.1,44008.7,44110.5,1533.77
2024-01-05 17:57:00,44110.5,44112.8,44017.6,44047.5,422.237
2024-01-05 17:58:00,44047.4,44059.0,43968.6,43978.8,475.394
2024-01-05 17:59:00,43978.9,43981.3,43874.5,43919.0,590.519
2024-01-05 18:00:00,43919.1,43950.9,43888.7,43940.0,356.183
2024-01-05 18:01:00,43939.9,43962.7,43910.1,43959.2,158.497
2024-01-05 18:02:00,43959.3,43986.0,43920.0,43930.4,161.643
2024-01-05 18:03:00,43930.5,43972.9,43922.6,43965.9,132.553
2024-01-05 18:04:00,43967.7,43972.4,43935.0,43958.0,110.189
2024-01-05 18:05:00,43958.0,43958.0,43923.5,43926.9,105.358
2024-01-05 18:06:00,43927.0,43950.4,43910.0,43930.3,88.224
2024-01-05 18:07:00,43930.4,43938.9,43903.1,43912.3,88.694
2024-01-05 18:08:00,43912.3,43937.1,43891.3,43925.2,167.43
2024-01-05 18:09:00,43925.3,43936.8,43913.0,43932.9,105.238
2024-01-05 18:10:00,43932.9,43943.8,43892.5,43892.8,117.924
2024-01-05 18:11:00,43892.7,43916.5,43892.7,43913.6,69.278
2024-01-05 18:12:00,43913.6,43913.6,43863.5,43869.2,157.749
2024-01-05 18:13:00,43869.2,43923.6,43850.1,43923.6,168.141
2024-01-05 18:14:00,43923.6,43927.0,43897.3,43907.0,67.202
2024-01-05 18:15:00,43907.0,43912.9,43858.3,43866.1,136.422
2024-01-05 18:16:00,43866.1,43905.9,43866.1,43870.6,107.498
2024-01-05 18:17:00,43870.7,43900.0,43870.6,43877.9,44.46
2024-01-05 18:18:00,43877.9,43883.8,43830.0,43835.2,224.744
2024-01-05 18:19:00,43835.2,43870.7,43797.2,43863.7,418.841
2024-01-05 18:20:00,43863.7,43916.8,43843.2,43913.5,340.663
2024-01-05 18:21:00,43913.4,43913.5,43875.7,43880.8,93.276
2024-01-05 18:22:00,43880.7,43884.1,43861.6,43875.9,71.908
2024-01-05 18:23:00,43875.8,43902.0,43864.1,43884.2,122.831
2024-01-05 18:24:00,43884.3,43919.9,43884.2,43892.7,87.518
2024-01-05 18:25:00,43892.6,43900.1,43863.0,43875.6,124.129
2024-01-05 18:26:00,43875.6,43899.4,43874.0,43892.7,68.296
2024-01-05 18:27:00,43892.7,43913.3,43873.5,43873.5,107.966
2024-01-05 18:28:00,43873.5,43880.4,43850.4,43850.4,82.154
2024-01-05 18:29:00,43850.5,43881.1,43850.0,43877.7,69.166
2024-01-05 18:30:00,43877.7,43883.7,43839.9,43847.1,98.777
2024-01-05 18:31:00,43847.0,43856.5,43838.0,43845.8,108.199
2024-01-05 18:32:00,43845.7,43911.4,43845.7,43909.7,162.425
2024-01-05 18:33:00,43909.8,43974.5,43909.7,43949.4,302.172
2024-01-05 18:34:00,43949.5,43988.0,43949.4,43974.0,196.676
2024-01-05 18:35:00,43973.9,43977.5,43932.1,43942.7,77.585
2024-01-05 18:36:00,43942.8,43949.4,43922.0,43939.5,59.814
2024-01-05 18:37:00,43939.6,43992.0,43932.2,43972.7,195.648
2024-01-05 18:38:00,43972.6,43977.8,43960.0,43960.1,66.403
2024-01-05 18:39:00,43960.0,44018.5,43957.5,43999.0,333.746
2024-01-05 18:40:00,43999.0,44036.7,43999.0,44009.0,184.228
2024-01-05 18:41:00,44008.9,44015.0,44000.0,44005.0,87.028
2024-01-05 18:42:00,44005.0,44017.8,43978.0,43989.5,165.609
2024-01-05 18:43:00,43989.6,43989.6,43960.0,43962.9,76.416
2024-01-05 18:44:00,43963.0,43996.9,43962.9,43996.0,51.775
2024-01-05 18:45:00,43996.0,44013.1,43986.2,43988.9,90.382
2024-01-05 18:46:00,43988.8,44024.8,43965.7,44024.8,156.601
2024-01-05 18:47:00,44024.9,44089.4,44019.9,44067.0,437.905
2024-01-05 18:48:00,44066.9,44067.0,44012.8,44020.0,295.175
2024-01-05 18:49:00,44020.1,44024.5,43974.5,43996.9,222.264
2024-01-05 18:50:00,43996.9,44003.3,43981.5,43999.0,169.038
2024-01-05 18:51:00,43999.1,44032.7,43995.6,44025.2,133.775
2024-01-05 18:52:00,44025.2,44040.1,44012.4,44024.0,141.598
2024-01-05 18:53:00,44024.0,44024.1,43953.9,43957.4,194.653
2024-01-05 18:54:00,43957.3,43960.8,43907.0,43911.0,401.866
2024-01-05 18:55:00,43911.1,43928.5,43900.6,43919.2,124.992
2024-01-05 18:56:00,43919.2,43928.3,43868.6,43903.0,226.501
2024-01-05 18:57:00,43902.9,43909.7,43855.9,43869.9,197.87
2024-01-05 18:58:00,43870.0,43916.5,43859.6,43915.9,209.573
2024-01-05 18:59:00,43915.8,43929.6,43906.9,43907.0,87.911
2024-01-05 19:00:00,43907.4,43907.4,43701.6,43836.6,2409.198
2024-01-05 19:01:00,43836.6,43879.5,43774.9,43786.3,841.358
2024-01-05 19:02:00,43786.4,43971.3,43786.4,43958.7,557.365
2024-01-05 19:03:00,43958.8,43958.8,43878.5,43904.4,469.297
2024-01-05 19:04:00,43904.3,43904.4,43832.8,43886.5,470.275
2024-01-05 19:05:00,43886.5,43932.1,43763.1,43769.2,1163.893
2024-01-05 19:06:00,43769.3,43808.9,43712.1,43729.1,649.412
2024-01-05 19:07:00,43729.1,43795.0,43705.9,43784.6,697.162
2024-01-05 19:08:00,43784.7,43791.7,43760.0,43764.4,147.153
2024-01-05 19:09:00,43764.5,43807.1,43764.0,43795.0,196.861
2024-01-05 19:10:00,43794.6,43831.7,43776.5,43830.0,183.095
2024-01-05 19:11:00,43830.1,43846.3,43800.5,43807.8,224.112
2024-01-05 19:12:00,43807.9,43844.5,43796.8,43840.6,129.247
2024-01-05 19:13:00,43840.5,43844.5,43824.5,43841.3,69.702
2024-01-05 19:14:00,43841.4,43905.0,43841.3,43881.8,392.383
2024-01-05 19:15:00,43881.8,43881.8,43843.1,43855.6,115.063
2024-01-05 19:16:00,43855.6,43864.0,43836.7,43847.1,81.854
2024-01-05 19:17:00,43847.0,43854.0,43825.8,43833.3,147.036
2024-01-05 19:18:00,43833.3,43833.3,43800.0,43807.0,290.876
2024-01-05 19:19:00,43807.1,43839.8,43805.2,43839.8,116.996
2024-01-05 19:20:00,43839.8,43864.0,43828.8,43828.9,106.639
2024-01-05 19:21:00,43828.9,43848.8,43814.0,43847.6,64.518
2024-01-05 19:22:00,43847.5,43899.2,43835.2,43887.0,216.13
2024-01-05 19:23:00,43887.0,43981.5,43887.0,43967.6,487.858
2024-01-05 19:24:00,43967.6,43974.3,43950.0,43962.1,325.834
2024-01-05 19:25:00,43962.0,43967.5,43911.0,43938.9,243.795
2024-01-05 19:26:00,43938.9,43939.0,43915.7,43934.9,106.789
2024-01-05 19:27:00,43934.9,43959.8,43934.9,43959.7,99.921
2024-01-05 19:28:00,43959.8,43994.7,43959.3,43979.0,339.3
2024-01-05 19:29:00,43979.0,43989.8,43975.3,43978.6,63.295
2024-01-05 19:30:00,43978.6,44048.0,43954.8,44046.0,377.0
2024-01-05 19:31:00,44044.1,44060.9,43990.4,44014.0,323.077
2024-01-05 19:32:00,44013.9,44014.0,43959.8,43994.2,173.028
2024-01-05 19:33:00,43994.1,43994.1,43931.7,43960.0,327.164
2024-01-05 19:34:00,43960.0,43964.3,43901.2,43906.6,324.766
2024-01-05 19:35:00,43906.7,43921.3,43888.0,43897.7,249.846
2024-01-05 19:36:00,43897.7,43923.0,43897.6,43922.9,129.686
2024-01-05 19:37:00,43922.9,43930.0,43881.1,43885.6,301.946
2024-01-05 19:38:00,43885.5,43900.0,43880.9,43893.4,138.009
2024-01-05 19:39:00,43893.4,43893.5,43850.0,43861.6,206.28
2024-01-05 19:40:00,43861.6,43867.5,43828.8,43852.0,300.832
2024-01-05 19:41:00,43852.0,43852.0,43775.0,43775.5,607.933
2024-01-05 19:42:00,43775.5,43833.9,43740.5,43790.4,723.834
2024-01-05 19:43:00,43790.5,43817.8,43788.1,43813.5,134.808
2024-01-05 19:44:00,43813.5,43843.0,43810.8,43817.5,210.364
2024-01-05 19:45:00,43817.4,43862.6,43816.6,43862.6,181.494
2024-01-05 19:46:00,43862.6,43862.6,43813.2,43829.9,90.704
2024-01-05 19:47:00,43830.0,43837.4,43798.9,43802.7,144.943
2024-01-05 19:48:00,43802.7,43816.1,43799.0,43816.1,77.388
2024-01-05 19:49:00,43816.1,43845.1,43805.4,43808.8,77.509
2024-01-05 19:50:00,43808.8,43813.7,43708.0,43723.9,781.813
2024-01-05 19:51:00,43724.0,43776.5,43659.5,43716.3,755.719
2024-01-05 19:52:00,43716.4,43759.2,43716.4,43742.0,175.517
2024-01-05 19:53:00,43742.0,43753.5,43721.6,43727.9,316.757
2024-01-05 19:54:00,43727.9,43783.2,43702.8,43732.1,524.765
2024-01-05 19:55:00,43732.2,43772.7,43725.4,43764.3,171.116
2024-01-05 19:56:00,43764.3,43776.0,43735.4,43756.2,187.146
2024-01-05 19:57:00,43756.3,43766.3,43713.1,43715.5,109.723
2024-01-05 19:58:00,43715.5,43726.3,43705.3,43726.3,89.222
2024-01-05 19:59:00,43726.3,43728.0,43691.6,43716.4,172.569
2024-01-05 20:00:00,43717.1,43762.7,43695.3,43746.9,438.09
2024-01-05 20:01:00,43746.9,43750.1,43724.0,43733.2,187.453
2024-01-05 20:02:00,43733.2,43773.5,43733.1,43767.2,105.49
2024-01-05 20:03:00,43767.2,43777.2,43743.3,43749.4,116.131
2024-01-05 20:04:00,43749.6,43770.0,43726.0,43757.1,144.914
2024-01-05 20:05:00,43757.1,43757.1,43604.8,43625.8,787.863
2024-01-05 20:06:00,43625.8,43678.9,43625.8,43662.3,294.726
2024-01-05 20:07:00,43662.4,43766.8,43648.3,43741.0,598.189
2024-01-05 20:08:00,43741.1,43741.1,43684.6,43704.7,212.984
2024-01-05 20:09:00,43704.7,43727.0,43678.9,43679.0,177.479
2024-01-05 20:10:00,43678.9,43685.3,43633.0,43633.0,277.436
2024-01-05 20:11:00,43633.0,43654.6,43631.0,43635.8,195.863
2024-01-05 20:12:00,43635.8,43635.8,43000.0,43293.8,6398.965
2024-01-05 20:13:00,43293.8,43544.7,43267.3,43501.3,3903.185
2024-01-05 20:14:00,43501.3,43658.1,43501.2,43614.9,1687.878
2024-01-05 20:15:00,43614.9,43716.0,43614.9,43715.9,1126.448
2024-01-05 20:16:00,43715.9,43718.0,43570.0,43623.8,650.176
2024-01-05 20:17:00,43623.9,43665.9,43557.1,43653.5,591.399
2024-01-05 20:18:00,43653.5,43694.5,43615.3,43682.3,271.556
2024-01-05 20:19:00,43682.4,43791.5,43602.2,43791.5,1305.577
2024-01-05 20:20:00,43791.5,43794.8,43692.0,43706.4,738.227
2024-01-05 20:21:00,43706.4,43708.6,43666.0,43666.0,209.824
2024-01-05 20:22:00,43666.1,43680.3,43632.9,43636.5,192.634
2024-01-05 20:23:00,43636.6,43680.3,43636.5,43646.0,197.946
2024-01-05 20:24:00,43646.1,43672.5,43628.5,43641.0,204.18
2024-01-05 20:25:00,43641.1,43682.0,43632.6,43645.9,152.741
2024-01-05 20:26:00,43646.0,43656.9,43610.0,43616.8,167.504
2024-01-05 20:27:00,43616.8,43638.6,43550.0,43550.0,393.31
2024-01-05 20:28:00,43550.0,43564.4,43460.0,43490.3,868.482
2024-01-05 20:29:00,43490.3,43491.7,43422.7,43489.6,696.779
2024-01-05 20:30:00,43483.4,43577.9,43483.4,43554.5,595.574
2024-01-05 20:31:00,43554.8,43621.9,43494.0,43615.0,464.902
2024-01-05 20:32:00,43614.9,43676.0,43600.0,43651.0,353.465
2024-01-05 20:33:00,43651.0,43684.8,43610.3,43684.8,463.88
2024-01-05 20:34:00,43684.8,43720.0,43633.7,43674.7,780.024
2024-01-05 20:35:00,43674.9,43715.6,43639.9,43695.9,211.402
2024-01-05 20:36:00,43695.8,43728.7,43687.9,43707.4,212.75
2024-01-05 20:37:00,43707.5,43715.3,43674.7,43691.9,189.283
2024-01-05 20:38:00,43691.9,43717.5,43632.4,43708.8,486.732
2024-01-05 20:39:00,43708.8,43734.2,43699.1,43733.0,139.77
2024-01-05 20:40:00,43732.1,43744.5,43711.7,43718.0,281.308
2024-01-05 20:41:00,43718.0,43800.0,43714.1,43794.6,829.24
2024-01-05 20:42:00,43794.5,43800.0,43739.8,43769.0,559.416
2024-01-05 20:43:00,43768.9,43773.1,43715.6,43753.6,206.45
2024-01-05 20:44:00,43753.6,43779.8,43736.0,43777.0,160.231
2024-01-05 20:45:00,43777.1,43790.2,43731.0,43741.7,184.379
2024-01-05 20:46:00,43743.0,43759.7,43697.2,43719.1,187.048
2024-01-05 20:47:00,43719.0,43763.5,43719.0,43732.6,107.295
2024-01-05 20:48:00,43732.6,43732.7,43686.1,43694.5,156.861
2024-01-05 20:49:00,43694.5,43694.5,43650.0,43680.2,361.029
2024-01-05 20:50:00,43680.1,43680.1,43562.6,43579.9,690.631
2024-01-05 20:51:00,43580.0,43656.5,43551.7,43640.3,874.766
2024-01-05 20:52:00,43640.3,43705.9,43640.1,43705.8,187.775
2024-01-05 20:53:00,43705.9,43723.1,43688.6,43723.1,181.037
2024-01-05 20:54:00,43723.1,43776.2,43720.0,43776.2,494.448
2024-01-05 20:55:00,43776.1,43786.5,43737.5,43767.7,315.528
2024-01-05 20:56:00,43767.8,43772.5,43738.4,43764.5,148.596
2024-01-05 20:57:00,43764.5,43764.6,43720.1,43720.1,300.754
2024-01-05 20:58:00,43720.1,43727.4,43691.4,43725.0,227.24
2024-01-05 20:59:00,43725.0,43725.0,43670.0,43685.4,165.69
2024-01-05 21:00:00,43685.3,43715.0,43626.4,43636.4,233.401
2024-01-05 21:01:00,43636.5,43710.5,43625.0,43692.2,167.195
2024-01-05 21:02:00,43692.3,43721.8,43678.8,43717.0,155.713
2024-01-05 21:03:00,43717.0,43740.8,43703.4,43740.8,90.708
2024-01-05 21:04:00,43740.9,43757.0,43722.7,43734.1,103.57
2024-01-05 21:05:00,43734.0,43746.2,43717.1,43725.6,105.812
2024-01-05 21:06:00,43725.6,43725.6,43696.2,43699.1,143.501
2024-01-05 21:07:00,43699.1,43701.2,43663.4,43683.1,155.915
2024-01-05 21:08:00,43683.0,43723.9,43682.1,43721.3,76.589
2024-01-05 21:09:00,43721.3,43749.2,43708.8,43708.9,66.727
2024-01-05 21:10:00,43708.8,43730.8,43706.8,43730.8,53.226
2024-01-05 21:11:00,43730.7,43742.2,43711.9,43738.3,88.045
2024-01-05 21:12:00,43738.4,43745.0,43710.3,43718.4,80.609
2024-01-05 21:13:00,43718.4,43729.0,43623.8,43629.3,296.459
2024-01-05 21:14:00,43629.4,43640.9,43507.2,43528.8,1362.085
2024-01-05 21:15:00,43528.8,43583.7,43527.4,43534.4,435.225
2024-01-05 21:16:00,43536.2,43566.4,43483.6,43557.6,692.149
2024-01-05 21:17:00,43557.6,43566.0,43509.5,43529.5,193.567
2024-01-05 21:18:00,43529.5,43550.0,43519.7,43547.2,117.334
2024-01-05 21:19:00,43547.2,43566.4,43525.1,43550.6,301.916
2024-01-05 21:20:00,43550.5,43550.5,43451.1,43452.1,575.477
2024-01-05 21:21:00,43452.1,43499.9,43440.0,43467.1,732.92
2024-01-05 21:22:00,43467.1,43496.2,43442.0,43442.0,252.097
2024-01-05 21:23:00,43442.1,43477.8,43388.5,43409.7,721.981
2024-01-05 21:24:00,43409.6,43447.9,43341.0,43433.9,823.368
2024-01-05 21:25:00,43434.0,43434.0,43363.0,43404.5,316.091
2024-01-05 21:26:00,43404.6,43442.0,43401.7,43439.4,342.563
2024-01-05 21:27:00,43439.4,43470.5,43407.0,43412.3,312.008
2024-01-05 21:28:00,43412.4,43464.9,43412.3,43464.9,186.226
2024-01-05 21:29:00,43464.8,43506.8,43430.2,43495.2,319.556
2024-01-05 21:30:00,43495.1,43560.0,43466.2,43547.6,420.699
2024-01-05 21:31:00,43547.6,43560.9,43532.5,43553.9,276.394
2024-01-05 21:32:00,43553.8,43558.0,43484.5,43533.7,390.637
2024-01-05 21:33:00,43533.8,43540.5,43513.9,43519.1,138.333
2024-01-05 21:34:00,43519.1,43542.3,43496.5,43537.1,153.584
2024-01-05 21:35:00,43537.1,43537.1,43490.1,43522.0,134.909
2024-01-05 21:36:00,43522.3,43542.1,43462.0,43474.1,108.201
2024-01-05 21:37:00,43474.1,43485.5,43416.7,43453.7,393.988
2024-01-05 21:38:00,43453.6,43481.9,43434.8,43481.9,183.808
2024-01-05 21:39:00,43481.9,43489.0,43462.3,43481.6,102.394
2024-01-05 21:40:00,43481.7,43493.7,43447.2,43458.1,211.872
2024-01-05 21:41:00,43458.2,43535.9,43458.2,43534.0,202.693
2024-01-05 21:42:00,43534.0,43541.4,43517.6,43537.0,132.973
2024-01-05 21:43:00,43536.9,43542.2,43532.2,43536.3,77.827
2024-01-05 21:44:00,43536.3,43565.7,43536.2,43563.0,112.212
2024-01-05 21:45:00,43563.0,43593.0,43559.7,43590.6,210.401
2024-01-05 21:46:00,43590.7,43593.4,43559.9,43560.0,228.561
2024-01-05 21:47:00,43560.0,43560.0,43502.9,43541.5,163.76
2024-01-05 21:48:00,43541.6,43541.6,43502.0,43520.9,219.006
2024-01-05 21:49:00,43520.9,43533.8,43496.2,43496.3,59.628
2024-01-05 21:50:00,43496.2,43502.0,43416.6,43439.2,341.385
2024-01-05 21:51:00,43439.2,43459.0,43416.8,43421.0,150.238
2024-01-05 21:52:00,43421.0,43425.2,43366.2,43383.2,396.944
2024-01-05 21:53:00,43384.7,43412.8,43384.7,43406.5,157.004
2024-01-05 21:54:00,43406.5,43413.9,43320.1,43371.3,524.714
2024-01-05 21:55:00,43371.3,43376.7,43306.4,43354.0,409.146
2024-01-05 21:56:00,43353.9,43371.3,43329.8,43356.9,173.169
2024-01-05 21:57:00,43356.9,43403.3,43356.8,43392.0,191.635
2024-01-05 21:58:00,43392.0,43396.3,43336.9,43364.3,158.891
2024-01-05 21:59:00,43364.2,43391.2,43355.1,43376.8,95.324
2024-01-05 22:00:00,43376.9,43417.6,43375.3,43414.3,165.449
2024-01-05 22:01:00,43414.3,43417.1,43376.9,43376.9,155.011
2024-01-05 22:02:00,43377.0,43383.5,43321.6,43355.6,146.795
2024-01-05 22:03:00,43355.6,43355.6,43319.3,43353.8,156.482
2024-01-05 22:04:00,43353.8,43466.6,43353.7,43459.0,429.022
2024-01-05 22:05:00,43459.1,43459.1,43373.0,43392.8,323.367
2024-01-05 22:06:00,43392.8,43428.9,43371.3,43383.4,198.297
2024-01-05 22:07:00,43383.5,43429.8,43373.0,43416.9,155.046
2024-01-05 22:08:00,43416.9,43437.2,43403.0,43421.1,124.709
2024-01-05 22:09:00,43421.1,43460.0,43407.3,43451.9,133.291
2024-01-05 22:10:00,43451.9,43462.1,43448.8,43455.0,83.016
2024-01-05 22:11:00,43455.0,43495.0,43433.0,43461.1,286.212
2024-01-05 22:12:00,43461.0,43491.0,43456.6,43484.6,127.414
2024-01-05 22:13:00,43484.5,43516.0,43439.0,43439.1,346.11
2024-01-05 22:14:00,43439.1,43471.0,43403.0,43413.1,339.235
2024-01-05 22:15:00,43413.1,43456.7,43410.0,43442.7,184.457
2024-01-05 22:16:00,43442.6,43445.8,43409.0,43432.6,109.584
2024-01-05 22:17:00,43432.6,43460.0,43411.8,43416.0,204.66
2024-01-05 22:18:00,43416.0,43416.1,43231.0,43240.8,1326.533
2024-01-05 22:19:00,43241.6,43283.9,43202.0,43259.1,867.573
2024-01-05 22:20:00,43259.1,43335.6,43249.3,43303.6,398.194
2024-01-05 22:21:00,43303.7,43335.6,43276.4,43335.0,187.135
2024-01-05 22:22:00,43335.0,43340.0,43300.8,43310.0,115.083
2024-01-05 22:23:00,43310.0,43326.0,43278.1,43321.6,293.156
2024-01-05 22:24:00,43321.7,43358.7,43293.6,43344.9,319.921
2024-01-05 22:25:00,43344.9,43344.9,43292.6,43333.4,158.314
2024-01-05 22:26:00,43333.4,43333.4,43262.0,43272.0,308.624
2024-01-05 22:27:00,43272.1,43307.0,43272.0,43288.3,213.529
2024-01-05 22:28:00,43288.4,43330.0,43279.4,43279.4,330.745
2024-01-05 22:29:00,43279.4,43279.5,43209.1,43220.8,419.522
2024-01-05 22:30:00,43220.7,43331.0,43220.7,43311.4,822.322
2024-01-05 22:31:00,43311.3,43330.0,43130.2,43330.0,1488.059
2024-01-05 22:32:00,43330.0,43363.9,43300.9,43324.7,487.645
2024-01-05 22:33:00,43324.7,43356.5,43274.8,43313.0,243.315
2024-01-05 22:34:00,43313.1,43345.8,43285.0,43288.8,166.535
2024-01-05 22:35:00,43288.8,43291.9,43164.0,43260.5,528.323
2024-01-05 22:36:00,43260.2,43313.6,43246.0,43267.9,750.905
2024-01-05 22:37:00,43268.0,43300.0,43226.5,43298.7,194.704
2024-01-05 22:38:00,43298.7,43300.0,43203.0,43213.2,280.316
2024-01-05 22:39:00,43213.5,43223.0,43090.0,43124.5,1549.266
2024-01-05 22:40:00,43124.5,43224.5,43111.0,43215.7,517.803
2024-01-05 22:41:00,43215.8,43282.0,43194.9,43257.0,483.942
2024-01-05 22:42:00,43255.9,43266.5,43206.9,43226.4,284.185
2024-01-05 22:43:00,43226.5,43275.0,43226.5,43275.0,190.803
2024-01-05 22:44:00,43274.9,43332.0,43270.9,43311.5,253.807
2024-01-05 22:45:00,43311.5,43355.6,43305.3,43338.5,343.73
2024-01-05 22:46:00,43338.6,43392.6,43330.6,43391.4,241.281
2024-01-05 22:47:00,43391.4,43401.7,43339.6,43401.7,358.996
2024-01-05 22:48:00,43401.7,43416.1,43350.0,43362.8,322.453
2024-01-05 22:49:00,43362.8,43366.3,43328.0,43338.5,131.405
2024-01-05 22:50:00,43338.5,43371.7,43320.2,43324.1,106.296
2024-01-05 22:51:00,43324.1,43330.5,43300.1,43300.2,188.865
2024-01-05 22:52:00,43300.2,43360.3,43300.1,43355.0,151.052
2024-01-05 22:53:00,43355.1,43393.7,43355.0,43377.3,119.376
2024-01-05 22:54:00,43377.3,43379.9,43343.0,43369.2,160.915
2024-01-05 22:55:00,43369.3,43379.7,43320.0,43340.8,102.019
2024-01-05 22:56:00,43340.9,43357.9,43324.8,43334.7,56.126
2024-01-05 22:57:00,43334.7,43368.6,43305.3,43352.3,165.634
2024-01-05 22:58:00,43352.3,43393.0,43338.1,43392.6,179.782
2024-01-05 22:59:00,43392.5,43407.1,43369.5,43407.1,163.35
2024-01-05 23:00:00,43407.2,43450.0,43399.8,43437.9,312.541
2024-01-05 23:01:00,43437.9,43447.4,43398.8,43447.3,126.565
2024-01-05 23:02:00,43447.4,43448.7,43414.7,43418.2,127.303
2024-01-05 23:03:00,43418.2,43442.0,43407.0,43420.0,162.428
2024-01-05 23:04:00,43421.1,43422.8,43349.8,43366.2,292.419
2024-01-05 23:05:00,43366.2,43433.0,43348.4,43433.0,208.753
2024-01-05 23:06:00,43432.9,43432.9,43400.0,43410.5,93.063
2024-01-05 23:07:00,43410.6,43491.1,43405.6,43479.7,258.832
2024-01-05 23:08:00,43479.6,43490.3,43460.3,43475.4,205.321
2024-01-05 23:09:00,43475.3,43538.4,43470.8,43509.1,474.32
2024-01-05 23:10:00,43509.0,43519.5,43466.5,43480.2,203.653
2024-01-05 23:11:00,43480.2,43528.6,43469.5,43492.2,396.459
2024-01-05 23:12:00,43492.2,43526.3,43480.3,43511.1,351.957
2024-01-05 23:13:00,43511.1,43582.4,43508.3,43552.7,560.257
2024-01-05 23:14:00,43552.5,43560.0,43513.2,43527.7,307.732
2024-01-05 23:15:00,43526.6,43564.0,43521.2,43524.5,237.3
2024-01-05 23:16:00,43524.4,43524.5,43500.0,43501.2,199.473
2024-01-05 23:17:00,43501.3,43519.3,43475.1,43519.3,366.775
2024-01-05 23:18:00,43519.1,43527.6,43480.0,43492.6,148.214
2024-01-05 23:19:00,43492.7,43492.7,43463.8,43480.0,100.571
2024-01-05 23:20:00,43480.0,43488.8,43466.7,43470.4,55.381
2024-01-05 23:21:00,43470.4,43487.2,43466.7,43480.8,61.421
2024-01-05 23:22:00,43480.9,43526.2,43478.9,43486.9,182.782
2024-01-05 23:23:00,43486.8,43569.6,43486.8,43569.5,501.612
2024-01-05 23:24:00,43569.6,43616.6,43564.2,43572.7,529.331
2024-01-05 23:25:00,43572.7,43575.5,43556.0,43562.4,159.546
2024-01-05 23:26:00,43562.4,43609.8,43550.2,43602.3,276.686
2024-01-05 23:27:00,43602.2,43619.9,43577.8,43607.9,331.375
2024-01-05 23:28:00,43608.0,43610.0,43592.2,43597.4,68.956
2024-01-05 23:29:00,43597.3,43619.9,43585.5,43603.5,201.928
2024-01-05 23:30:00,43603.6,43639.9,43572.0,43602.3,252.002
2024-01-05 23:31:00,43602.3,43617.2,43580.6,43583.3,98.959
2024-01-05 23:32:00,43583.4,43586.4,43550.5,43559.9,128.101
2024-01-05 23:33:00,43559.9,43572.6,43550.0,43550.2,264.604
2024-01-05 23:34:00,43550.2,43585.5,43550.0,43585.5,71.798
2024-01-05 23:35:00,43586.0,43586.0,43550.0,43551.3,58.964
2024-01-05 23:36:00,43551.3,43558.2,43536.5,43552.0,168.825
2024-01-05 23:37:00,43552.0,43570.6,43538.9,43542.8,112.942
2024-01-05 23:38:00,43542.8,43542.9,43512.6,43513.7,96.034
2024-01-05 23:39:00,43513.7,43568.2,43512.1,43543.0,87.364
2024-01-05 23:40:00,43543.0,43543.1,43509.0,43517.8,65.975
2024-01-05 23:41:00,43517.9,43526.0,43508.9,43512.0,55.312
2024-01-05 23:42:00,43512.0,43573.1,43512.0,43541.7,92.842
2024-01-05 23:43:00,43541.6,43541.7,43515.0,43535.9,90.107
2024-01-05 23:44:00,43536.0,43575.6,43535.9,43538.2,63.116
2024-01-05 23:45:00,43538.1,43551.3,43509.8,43518.9,53.807
2024-01-05 23:46:00,43518.9,43519.0,43489.2,43497.2,136.353
2024-01-05 23:47:00,43497.3,43503.8,43475.0,43503.7,140.332
2024-01-05 23:48:00,43503.8,43503.8,43447.8,43451.1,300.736
2024-01-05 23:49:00,43451.1,43476.8,43437.8,43468.7,113.73
2024-01-05 23:50:00,43468.7,43486.6,43451.4,43451.4,71.404
2024-01-05 23:51:00,43451.4,43455.1,43406.4,43421.3,115.297
2024-01-05 23:52:00,43421.3,43443.4,43420.7,43439.6,85.177
2024-01-05 23:53:00,43439.5,43439.5,43421.4,43428.4,74.554
2024-01-05 23:54:00,43428.4,43449.3,43424.3,43444.4,40.88
2024-01-05 23:55:00,43444.4,43457.7,43434.3,43457.7,53.452
2024-01-05 23:56:00,43457.7,43477.6,43448.2,43457.6,74.658
2024-01-05 23:57:00,43457.5,43460.8,43447.0,43455.6,38.682
2024-01-05 23:58:00,43455.5,43474.7,43455.5,43461.8,28.819
2024-01-05 23:59:00,43461.8,43491.7,43460.0,43484.2,100.566
2024-01-06 00:00:00,43484.3,43521.3,43462.6,43466.5,86.899
2024-01-06 00:01:00,43466.5,43500.0,43450.5,43500.0,81.166
2024-01-06 00:02:00,43500.0,43523.6,43495.3,43499.2,84.907
2024-01-06 00:03:00,43499.2,43501.8,43483.1,43501.8,54.62
2024-01-06 00:04:00,43501.8,43504.3,43474.7,43488.0,50.325
2024-01-06 00:05:00,43488.0,43502.4,43476.9,43501.2,88.316
2024-01-06 00:06:00,43501.2,43526.2,43498.0,43526.2,38.969
2024-01-06 00:07:00,43526.1,43564.6,43526.1,43548.3,125.318
2024-01-06 00:08:00,43548.2,43552.8,43533.5,43543.6,95.986
2024-01-06 00:09:00,43543.5,43600.0,43539.2,43600.0,184.323
2024-01-06 00:10:00,43600.0,43617.2,43581.3,43607.9,242.786
2024-01-06 00:11:00,43608.0,43608.1,43576.8,43576.9,88.209
2024-01-06 00:12:00,43576.8,43581.9,43571.1,43581.8,49.572
2024-01-06 00:13:00,43581.9,43581.9,43568.2,43568.3,24.164
2024-01-06 00:14:00,43568.2,43599.0,43551.6,43562.1,253.98
2024-01-06 00:15:00,43562.0,43563.4,43520.4,43560.9,200.871
2024-01-06 00:16:00,43561.0,43566.8,43554.0,43564.6,40.598
2024-01-06 00:17:00,43564.5,43583.3,43550.3,43579.1,84.225
2024-01-06 00:18:00,43579.0,43604.5,43579.0,43597.3,81.505
2024-01-06 00:19:00,43597.2,43657.8,43594.6,43637.2,636.877
2024-01-06 00:20:00,43637.1,43699.0,43603.5,43613.4,777.857
2024-01-06 00:21:00,43613.5,43613.5,43554.8,43574.0,499.68
2024-01-06 00:22:00,43574.0,43598.4,43574.0,43595.0,48.284
2024-01-06 00:23:00,43594.9,43598.4,43560.0,43560.0,72.161
2024-01-06 00:24:00,43559.1,43581.5,43554.4,43571.6,92.526
2024-01-06 00:25:00,43571.6,43595.1,43552.1,43583.6,82.256
2024-01-06 00:26:00,43583.6,43586.7,43559.0,43569.2,33.621
2024-01-06 00:27:00,43569.2,43585.2,43564.6,43566.0,61.965
2024-01-06 00:28:00,43566.0,43613.7,43562.1,43601.1,166.133
2024-01-06 00:29:00,43601.1,43604.5,43587.0,43604.4,122.762
2024-01-06 00:30:00,43604.4,43607.8,43565.1,43575.6,116.685
2024-01-06 00:31:00,43575.6,43575.7,43556.4,43561.9,60.652
2024-01-06 00:32:00,43562.0,43601.8,43527.0,43597.6,180.205
2024-01-06 00:33:00,43597.7,43597.7,43570.8,43592.4,46.395
2024-01-06 00:34:00,43592.5,43592.5,43558.0,43565.0,69.29
2024-01-06 00:35:00,43565.0,43565.1,43526.0,43535.4,108.015
2024-01-06 00:36:00,43535.3,43535.3,43520.0,43528.1,48.641
2024-01-06 00:37:00,43528.0,43549.2,43521.2,43543.4,54.846
2024-01-06 00:38:00,43543.4,43585.4,43543.4,43554.2,66.534
2024-01-06 00:39:00,43554.3,43596.9,43554.2,43575.8,94.733
2024-01-06 00:40:00,43575.9,43586.9,43569.6,43586.9,38.512
2024-01-06 00:41:00,43586.9,43592.3,43574.2,43574.2,39.442
2024-01-06 00:42:00,43574.2,43587.9,43574.2,43581.1,35.906
2024-01-06 00:43:00,43581.2,43594.9,43575.6,43585.8,30.236
2024-01-06 00:44:00,43585.8,43599.3,43574.6,43591.8,44.981
2024-01-06 00:45:00,43591.7,43597.6,43563.7,43568.3,40.848
2024-01-06 00:46:00,43568.2,43613.6,43560.0,43613.3,100.007
2024-01-06 00:47:00,43613.6,43628.4,43589.0,43589.0,101.271
2024-01-06 00:48:00,43589.0,43592.7,43579.0,43581.1,42.417
2024-01-06 00:49:00,43581.1,43594.0,43569.3,43573.2,51.192
2024-01-06 00:50:00,43573.1,43578.0,43562.7,43562.8,34.618
2024-01-06 00:51:00,43562.8,43595.5,43562.8,43592.5,33.886
2024-01-06 00:52:00,43592.5,43618.5,43592.5,43618.5,53.145
2024-01-06 00:53:00,43618.4,43659.2,43618.4,43630.8,177.627
2024-01-06 00:54:00,43630.6,43664.3,43630.0,43644.7,116.365
2024-01-06 00:55:00,43644.7,43674.6,43631.3,43631.4,94.117
2024-01-06 00:56:00,43631.3,43636.0,43589.2,43591.1,116.523
2024-01-06 00:57:00,43591.1,43591.2,43528.6,43540.2,340.426
2024-01-06 00:58:00,43540.1,43569.4,43527.1,43556.9,95.834
2024-01-06 00:59:00,43556.9,43567.4,43550.0,43567.4,69.585
2024-01-06 01:00:00,43567.4,43570.6,43553.6,43553.6,78.48
2024-01-06 01:01:00,43553.7,43572.0,43548.5,43565.6,50.434
2024-01-06 01:02:00,43565.6,43577.8,43557.6,43573.5,41.542
2024-01-06 01:03:00,43573.5,43577.4,43560.0,43567.5,36.013
2024-01-06 01:04:00,43567.5,43595.3,43566.3,43591.2,51.416
2024-01-06 01:05:00,43591.2,43607.2,43591.2,43602.0,56.532
2024-01-06 01:06:00,43602.1,43620.0,43602.0,43620.0,29.61
2024-01-06 01:07:00,43619.9,43622.0,43599.9,43603.8,55.501
2024-01-06 01:08:00,43603.9,43603.9,43590.0,43594.1,23.459
2024-01-06 01:09:00,43594.0,43594.1,43578.6,43589.3,16.399
2024-01-06 01:10:00,43589.3,43611.3,43588.5,43609.9,42.86
2024-01-06 01:11:00,43610.0,43635.7,43599.3,43604.6,147.127
2024-01-06 01:12:00,43604.6,43613.1,43591.5,43595.8,31.793
2024-01-06 01:13:00,43595.8,43654.9,43581.7,43654.9,136.604
2024-01-06 01:14:00,43654.9,43668.8,43651.6,43656.9,149.845
2024-01-06 01:15:00,43657.0,43680.0,43645.0,43660.4,170.758
2024-01-06 01:16:00,43660.5,43803.3,43634.6,43780.9,1487.572
2024-01-06 01:17:00,43780.9,43825.2,43722.7,43740.6,1121.927
2024-01-06 01:18:00,43740.5,43771.5,43713.2,43739.5,359.138
2024-01-06 01:19:00,43739.5,43753.9,43700.7,43707.6,294.448
2024-01-06 01:20:00,43707.6,43722.2,43618.1,43623.0,656.984
2024-01-06 01:21:00,43623.1,43623.1,43577.6,43593.4,296.275
2024-01-06 01:22:00,43593.3,43606.0,43536.6,43570.0,433.183
2024-01-06 01:23:00,43570.1,43570.1,43512.5,43552.1,442.851
2024-01-06 01:24:00,43552.0,43572.6,43547.6,43565.8,87.811
2024-01-06 01:25:00,43565.7,43594.5,43555.1,43575.7,167.674
2024-01-06 01:26:00,43575.7,43600.0,43575.6,43600.0,59.175
2024-01-06 01:27:00,43600.0,43621.0,43581.3,43589.2,107.276
2024-01-06 01:28:00,43589.2,43596.8,43580.0,43584.9,45.692
2024-01-06 01:29:00,43584.8,43599.0,43582.5,43599.0,46.264
2024-01-06 01:30:00,43599.0,43615.7,43591.1,43600.9,134.739
2024-01-06 01:31:00,43600.9,43620.0,43600.8,43617.4,82.339
2024-01-06 01:32:00,43617.4,43626.7,43602.0,43618.1,86.217
2024-01-06 01:33:00,43618.1,43647.1,43600.0,43647.1,120.66
2024-01-06 01:34:00,43647.1,43650.0,43641.5,43643.4,80.593
2024-01-06 01:35:00,43643.3,43650.0,43600.8,43632.3,155.537
2024-01-06 01:36:00,43632.3,43632.3,43605.0,43605.1,47.496
2024-01-06 01:37:00,43605.0,43624.9,43602.0,43612.4,136.486
2024-01-06 01:38:00,43612.5,43630.2,43612.4,43628.2,45.897
2024-01-06 01:39:00,43628.2,43644.8,43624.7,43642.5,39.935
2024-01-06 01:40:00,43642.4,43679.1,43642.4,43660.7,244.702
2024-01-06 01:41:00,43660.7,43668.4,43660.6,43668.2,24.917
2024-01-06 01:42:00,43668.2,43668.2,43651.0,43660.0,29.098
2024-01-06 01:43:00,43659.9,43679.2,43655.8,43674.2,76.376
2024-01-06 01:44:00,43674.3,43678.6,43668.0,43671.1,31.114
2024-01-06 01:45:00,43671.1,43675.6,43625.5,43625.8,274.733
2024-01-06 01:46:00,43625.9,43649.6,43625.8,43644.0,42.677
2024-01-06 01:47:00,43644.1,43644.1,43603.9,43625.0,74.584
2024-01-06 01:48:00,43625.0,43664.0,43624.9,43651.3,66.878
2024-01-06 01:49:00,43651.2,43673.2,43651.2,43666.5,32.621
2024-01-06 01:50:00,43666.4,43677.9,43640.2,43640.2,119.791
2024-01-06 01:51:00,43640.2,43648.0,43633.7,43638.8,74.416
2024-01-06 01:52:00,43638.8,43673.5,43638.8,43662.5,44.152
2024-01-06 01:53:00,43662.5,43664.5,43652.4,43652.4,32.363
2024-01-06 01:54:00,43652.4,43667.2,43640.5,43665.9,22.381
2024-01-06 01:55:00,43665.8,43684.7,43661.4,43684.6,46.308
2024-01-06 01:56:00,43684.6,43684.7,43671.0,43679.1,23.321
2024-01-06 01:57:00,43679.2,43720.0,43679.1,43700.1,214.044
2024-01-06 01:58:00,43700.2,43704.4,43686.4,43688.0,39.764
2024-01-06 01:59:00,43688.0,43709.1,43688.0,43709.0,44.195
2024-01-06 02:00:00,43708.9,43740.3,43705.2,43719.1,190.568
2024-01-06 02:01:00,43719.1,43742.9,43710.0,43715.0,105.946
2024-01-06 02:02:00,43715.0,43734.0,43710.0,43731.9,81.937
2024-01-06 02:03:00,43732.0,43763.2,43731.9,43760.5,132.831
2024-01-06 02:04:00,43760.5,43772.3,43737.8,43761.4,194.127
2024-01-06 02:05:00,43761.4,43761.5,43732.3,43749.8,64.75
2024-01-06 02:06:00,43749.8,43780.0,43743.4,43779.9,79.236
2024-01-06 02:07:00,43779.9,43782.4,43774.1,43782.1,87.021
2024-01-06 02:08:00,43782.1,43798.2,43759.1,43790.8,118.018
2024-01-06 02:09:00,43790.8,43793.0,43775.3,43783.2,54.154
2024-01-06 02:10:00,43783.3,43783.3,43740.0,43742.0,86.872
2024-01-06 02:11:00,43742.0,43761.0,43742.0,43758.2,75.781
2024-01-06 02:12:00,43758.2,43794.1,43758.1,43788.9,125.287
2024-01-06 02:13:00,43788.9,43796.7,43748.5,43754.5,95.6
2024-01-06 02:14:00,43754.5,43771.9,43754.4,43762.9,72.379
2024-01-06 02:15:00,43763.0,43796.0,43763.0,43791.4,71.245
2024-01-06 02:16:00,43791.3,43795.1,43772.5,43790.7,66.275
2024-01-06 02:17:00,43790.7,43790.8,43753.0,43776.4,53.007
2024-01-06 02:18:00,43776.3,43776.3,43752.5,43757.3,50.564
2024-01-06 02:19:00,43757.3,43795.6,43750.2,43795.6,57.78
2024-01-06 02:20:00,43795.9,43795.9,43778.5,43782.4,67.796
2024-01-06 02:21:00,43782.4,43784.7,43761.4,43776.2,47.045
2024-01-06 02:22:00,43776.1,43790.0,43776.1,43782.8,50.214
2024-01-06 02:23:00,43782.9,43798.0,43758.4,43789.9,149.58
2024-01-06 02:24:00,43789.8,44500.0,43782.8,44126.5,11250.965
2024-01-06 02:25:00,44126.6,44190.6,43991.2,44031.4,3163.725
2024-01-06 02:26:00,44031.5,44053.1,43824.0,43885.2,2528.528
2024-01-06 02:27:00,43885.3,43898.1,43703.4,43863.6,1966.895
2024-01-06 02:28:00,43863.5,43989.8,43847.2,43930.9,891.217
2024-01-06 02:29:00,43930.8,44023.5,43884.1,43951.6,802.332
2024-01-06 02:30:00,43951.7,43969.7,43900.0,43915.5,331.303
2024-01-06 02:31:00,43915.6,43929.0,43861.8,43905.3,345.246
2024-01-06 02:32:00,43905.3,43913.7,43788.9,43826.1,498.324
2024-01-06 02:33:00,43826.1,43849.9,43762.7,43769.4,449.922
2024-01-06 02:34:00,43768.8,43796.6,43701.6,43786.4,957.813
2024-01-06 02:35:00,43786.4,43824.0,43756.3,43760.5,463.095
2024-01-06 02:36:00,43760.5,43775.1,43647.2,43681.5,754.597
2024-01-06 02:37:00,43681.4,43757.5,43681.4,43757.5,502.455
2024-01-06 02:38:00,43757.5,43757.8,43705.0,43733.2,286.051
2024-01-06 02:39:00,43735.3,43735.3,43609.5,43665.5,635.201
2024-01-06 02:40:00,43665.5,43665.6,43559.0,43642.9,694.054
2024-01-06 02:41:00,43642.9,43706.8,43636.1,43702.6,338.88
2024-01-06 02:42:00,43702.7,43747.7,43693.4,43704.8,341.098
2024-01-06 02:43:00,43704.8,43722.6,43694.5,43702.1,150.329
2024-01-06 02:44:00,43702.1,43750.0,43700.0,43749.0,142.021
2024-01-06 02:45:00,43749.1,43749.2,43707.0,43726.9,174.099
2024-01-06 02:46:00,43726.9,43776.0,43715.1,43775.9,204.942
2024-01-06 02:47:00,43776.0,43849.2,43775.9,43844.5,588.072
2024-01-06 02:48:00,43844.5,43846.8,43790.8,43797.5,164.2
2024-01-06 02:49:00,43797.4,43820.3,43779.7,43784.0,112.729
2024-01-06 02:50:00,43784.0,43821.0,43778.6,43816.6,107.064
2024-01-06 02:51:00,43816.6,43821.0,43808.0,43820.8,69.972
2024-01-06 02:52:00,43820.8,43854.6,43820.7,43848.9,167.177
2024-01-06 02:53:00,43849.9,43855.0,43836.0,43855.0,66.605
2024-01-06 02:54:00,43855.0,43879.2,43836.1,43864.6,111.986
2024-01-06 02:55:00,43864.6,43865.3,43844.4,43850.0,73.519
2024-01-06 02:56:00,43849.9,43859.6,43807.4,43845.2,146.214
2024-01-06 02:57:00,43845.2,43849.0,43733.2,43747.9,536.039
2024-01-06 02:58:00,43748.0,43790.4,43747.9,43777.2,166.343
2024-01-06 02:59:00,43777.3,43786.2,43771.9,43784.0,55.936
2024-01-06 03:00:00,43784.1,43822.4,43784.1,43795.8,134.58
2024-01-06 03:01:00,43795.8,43816.0,43752.5,43763.2,103.733
2024-01-06 03:02:00,43765.2,43769.2,43730.6,43730.7,75.992
2024-01-06 03:03:00,43730.6,43760.0,43730.6,43740.0,89.989
2024-01-06 03:04:00,43740.0,43753.8,43715.4,43753.8,84.935
2024-01-06 03:05:00,43755.0,43765.4,43723.5,43723.5,70.199
2024-01-06 03:06:00,43723.6,43765.1,43723.5,43754.8,168.691
2024-01-06 03:07:00,43754.7,43765.3,43746.4,43756.9,45.77
2024-01-06 03:08:00,43756.9,43760.0,43740.1,43756.0,55.921
2024-01-06 03:09:00,43755.9,43768.2,43750.7,43768.2,38.798
2024-01-06 03:10:00,43768.2,43774.6,43752.9,43774.6,83.417
2024-01-06 03:11:00,43774.6,43796.1,43738.2,43747.9,132.408
2024-01-06 03:12:00,43748.0,43770.4,43746.0,43750.1,43.479
2024-01-06 03:13:00,43750.1,43750.1,43705.9,43710.9,154.241
2024-01-06 03:14:00,43710.8,43738.9,43710.8,43734.8,81.697
2024-01-06 03:15:00,43734.8,43771.0,43721.7,43764.9,74.209
2024-01-06 03:16:00,43765.0,43790.5,43763.5,43790.4,63.271
2024-01-06 03:17:00,43790.4,43837.1,43787.7,43835.6,141.44
2024-01-06 03:18:00,43835.6,43843.9,43810.2,43836.1,122.796
2024-01-06 03:19:00,43836.0,43852.9,43813.4,43813.4,93.145
2024-01-06 03:20:00,43813.5,43836.8,43813.5,43836.0,82.125
2024-01-06 03:21:00,43836.1,43871.2,43830.1,43855.4,89.005
2024-01-06 03:22:00,43855.5,43855.5,43806.9,43812.8,80.421
2024-01-06 03:23:00,43812.9,43829.0,43811.1,43823.9,48.978
2024-01-06 03:24:00,43823.9,43833.1,43815.7,43833.1,60.781
2024-01-06 03:25:00,43833.1,43836.3,43804.3,43804.3,64.796
2024-01-06 03:26:00,43804.3,43845.3,43804.3,43845.3,74.524
2024-01-06 03:27:00,43845.5,43881.7,43845.5,43868.9,149.665
2024-01-06 03:28:00,43869.0,43928.9,43868.9,43907.4,302.627
2024-01-06 03:29:00,43907.3,43945.0,43893.0,43936.2,237.456
2024-01-06 03:30:00,43936.3,43949.4,43902.6,43904.1,220.549
2024-01-06 03:31:00,43904.1,43916.5,43888.8,43899.4,96.469
2024-01-06 03:32:00,43899.3,43936.4,43899.3,43912.1,198.419
2024-01-06 03:33:00,43912.2,43939.2,43893.1,43929.3,82.988
2024-01-06 03:34:00,43929.3,43938.7,43908.6,43908.6,52.419
2024-01-06 03:35:00,43908.7,43934.0,43901.4,43934.0,67.281
2024-01-06 03:36:00,43934.0,43967.4,43921.8,43967.4,97.543
2024-01-06 03:37:00,43967.3,43979.0,43928.8,43929.4,158.463
2024-01-06 03:38:00,43929.5,43959.4,43929.4,43945.5,73.991
2024-01-06 03:39:00,43945.4,43983.3,43945.4,43972.9,143.479
2024-01-06 03:40:00,43971.8,43976.8,43907.1,43918.8,183.195
2024-01-06 03:41:00,43918.8,43956.4,43918.8,43949.9,80.551
2024-01-06 03:42:00,43949.9,43950.0,43917.0,43917.0,58.057
2024-01-06 03:43:00,43917.0,43950.9,43917.0,43926.0,100.333
2024-01-06 03:44:00,43925.9,43940.4,43918.2,43923.9,69.78
2024-01-06 03:45:00,43923.9,43935.7,43920.5,43931.5,42.365
2024-01-06 03:46:00,43931.4,43931.5,43898.5,43902.9,65.656
2024-01-06 03:47:00,43903.0,43925.8,43900.7,43925.8,74.866
2024-01-06 03:48:00,43925.8,43935.9,43916.0,43918.1,47.758
2024-01-06 03:49:00,43918.2,43935.0,43898.7,43898.7,76.239
2024-01-06 03:50:00,43898.8,43900.0,43864.0,43864.1,68.37
2024-01-06 03:51:00,43864.0,43868.9,43837.0,43868.9,165.948
2024-01-06 03:52:00,43868.9,43890.4,43868.9,43886.3,47.208
2024-01-06 03:53:00,43886.4,43887.5,43856.7,43870.2,71.046
2024-01-06 03:54:00,43870.2,43898.7,43867.8,43898.6,110.89
2024-01-06 03:55:00,43898.7,43939.9,43887.3,43927.4,188.169
2024-01-06 03:56:00,43927.5,43935.6,43888.3,43888.3,69.864
2024-01-06 03:57:00,43888.4,43888.4,43878.4,43885.9,46.111
2024-01-06 03:58:00,43886.0,43893.3,43867.4,43869.1,73.234
2024-01-06 03:59:00,43869.1,43876.7,43869.1,43871.1,19.146
2024-01-06 04:00:00,43871.1,43955.3,43871.0,43941.9,268.567
2024-01-06 04:01:00,43941.9,43953.9,43939.5,43939.6,73.014
2024-01-06 04:02:00,43939.5,43939.5,43878.9,43885.7,239.411
2024-01-06 04:03:00,43885.7,43885.9,43872.0,43875.4,49.165
2024-01-06 04:04:00,43875.4,43891.7,43864.0,43891.7,52.274
2024-01-06 04:05:00,43891.6,43891.7,43875.3,43875.4,34.847
2024-01-06 04:06:00,43875.4,43875.4,43811.2,43815.1,167.365
2024-01-06 04:07:00,43815.1,43823.7,43760.0,43815.4,263.826
2024-01-06 04:08:00,43815.4,43815.4,43787.7,43797.8,91.859
2024-01-06 04:09:00,43797.8,43822.0,43792.4,43819.7,124.785
2024-01-06 04:10:00,43819.7,43819.7,43807.9,43808.0,29.22
2024-01-06 04:11:00,43807.9,43813.4,43801.8,43803.3,39.743
2024-01-06 04:12:00,43803.5,43806.3,43787.1,43791.5,74.074
2024-01-06 04:13:00,43791.5,43802.5,43791.4,43802.4,50.64
2024-01-06 04:14:00,43802.4,43806.7,43769.2,43769.2,82.282
2024-01-06 04:15:00,43769.3,43818.4,43769.2,43814.6,84.745
2024-01-06 04:16:00,43814.6,43816.6,43814.6,43816.6,15.273
2024-01-06 04:17:00,43816.6,43823.4,43816.5,43820.9,30.337
2024-01-06 04:18:00,43820.9,43824.0,43820.8,43824.0,28.14
2024-01-06 04:19:00,43824.0,43824.1,43817.2,43817.5,35.403
2024-01-06 04:20:00,43817.6,43817.6,43785.6,43785.7,48.342
2024-01-06 04:21:00,43785.7,43798.8,43785.7,43798.7,27.301
2024-01-06 04:22:00,43798.8,43825.0,43798.7,43825.0,51.246
2024-01-06 04:23:00,43825.0,43854.3,43823.0,43854.3,106.635
2024-01-06 04:24:00,43854.3,43879.5,43854.2,43873.0,71.802
2024-01-06 04:25:00,43873.1,43914.5,43872.9,43914.5,81.389
2024-01-06 04:26:00,43914.5,43921.4,43914.4,43921.4,56.752
2024-01-06 04:27:00,43921.4,43960.0,43921.4,43959.9,115.5
2024-01-06 04:28:00,43959.9,44040.2,43959.9,43984.2,428.819
2024-01-06 04:29:00,43984.2,43989.6,43947.0,43964.2,215.007
2024-01-06 04:30:00,43964.3,44022.3,43964.2,44018.7,288.579
2024-01-06 04:31:00,44018.0,44023.0,43973.9,43988.1,144.886
2024-01-06 04:32:00,43988.1,44035.3,43988.1,44035.3,181.742
2024-01-06 04:33:00,44035.3,44040.0,43992.6,44037.6,177.7
2024-01-06 04:34:00,44037.6,44223.6,44017.7,44132.2,2100.947
2024-01-06 04:35:00,44132.1,44336.7,44123.9,44248.4,2707.454
2024-01-06 04:36:00,44248.4,44334.4,44200.0,44301.0,900.542
2024-01-06 04:37:00,44301.0,44301.0,44172.8,44206.5,477.975
2024-01-06 04:38:00,44206.6,44264.0,44172.0,44183.9,828.092
2024-01-06 04:39:00,44183.9,44213.9,44161.0,44206.6,264.604
2024-01-06 04:40:00,44204.9,44229.5,44200.0,44204.9,240.341
2024-01-06 04:41:00,44204.8,44266.9,44183.4,44247.8,391.623
2024-01-06 04:42:00,44247.8,44247.9,44188.4,44190.0,187.192
2024-01-06 04:43:00,44190.0,44218.3,44166.6,44166.7,213.572
2024-01-06 04:44:00,44166.7,44220.0,44161.0,44191.7,160.285
2024-01-06 04:45:00,44191.6,44235.0,44164.9,44169.6,396.842
2024-01-06 04:46:00,44169.7,44181.0,44120.1,44120.2,230.832
2024-01-06 04:47:00,44120.1,44128.3,44067.6,44124.5,503.794
2024-01-06 04:48:00,44124.5,44124.6,44080.6,44093.1,122.487
2024-01-06 04:49:00,44093.0,44107.8,44078.9,44087.9,110.5
2024-01-06 04:50:00,44087.9,44103.8,44082.7,44090.5,106.418
2024-01-06 04:51:00,44090.6,44161.4,44090.5,44146.0,180.299
2024-01-06 04:52:00,44146.0,44150.0,44125.1,44125.1,130.063
2024-01-06 04:53:00,44125.0,44136.7,44106.7,44119.1,109.153
2024-01-06 04:54:00,44118.7,44167.5,44118.6,44156.9,276.968
2024-01-06 04:55:00,44156.8,44156.8,44127.3,44130.0,81.551
2024-01-06 04:56:00,44130.0,44131.0,44090.6,44095.4,96.68
2024-01-06 04:57:00,44095.3,44104.5,44060.5,44069.5,91.705
2024-01-06 04:58:00,44069.5,44093.6,44059.4,44078.3,90.741
2024-01-06 04:59:00,44078.3,44100.0,44074.4,44083.6,99.835
2024-01-06 05:00:00,44083.6,44101.9,44079.6,44101.9,70.046
2024-01-06 05:01:00,44101.8,44101.8,44062.7,44062.7,76.836
2024-01-06 05:02:00,44062.6,44096.1,44060.6,44092.6,106.466
2024-01-06 05:03:00,44092.6,44111.1,44084.9,44111.0,99.213
2024-01-06 05:04:00,44111.1,44134.2,44094.6,44134.2,99.14
2024-01-06 05:05:00,44134.1,44150.0,44124.2,44126.4,94.625
2024-01-06 05:06:00,44125.7,44125.8,44103.4,44116.6,74.996
2024-01-06 05:07:00,44116.7,44116.7,44100.0,44100.9,44.017
2024-01-06 05:08:00,44100.9,44101.0,44080.7,44083.7,38.287
2024-01-06 05:09:00,44085.0,44104.0,44079.7,44087.6,73.909
2024-01-06 05:10:00,44087.6,44096.5,44074.6,44088.3,72.188
2024-01-06 05:11:00,44088.4,44096.5,44067.5,44083.8,146.175
2024-01-06 05:12:00,44083.9,44089.0,44077.6,44079.3,40.891
2024-01-06 05:13:00,44079.4,44085.4,44040.4,44044.6,195.159
2024-01-06 05:14:00,44044.7,44050.3,44028.0,44044.1,122.168
2024-01-06 05:15:00,44044.0,44071.6,44029.1,44063.5,125.715
2024-01-06 05:16:00,44063.4,44077.6,44063.4,44066.9,80.791
2024-01-06 05:17:00,44066.8,44069.7,44060.3,44063.6,37.348
2024-01-06 05:18:00,44063.6,44063.6,44013.0,44014.6,208.888
2024-01-06 05:19:00,44014.5,44034.5,43974.0,44034.5,336.578
2024-01-06 05:20:00,44034.4,44047.7,44025.0,44047.7,62.655
2024-01-06 05:21:00,44047.7,44064.7,44047.7,44064.7,67.754
2024-01-06 05:22:00,44064.6,44097.2,44064.6,44084.6,112.524
2024-01-06 05:23:00,44084.7,44119.3,44084.7,44104.6,148.991
2024-01-06 05:24:00,44104.5,44116.0,44101.6,44113.9,82.815
2024-01-06 05:25:00,44113.8,44120.0,44104.7,44117.2,77.888
2024-01-06 05:26:00,44117.3,44133.1,44117.2,44133.1,118.287
2024-01-06 05:27:00,44133.0,44134.3,44117.2,44117.2,73.419
2024-01-06 05:28:00,44117.3,44123.1,44115.1,44123.1,53.883
2024-01-06 05:29:00,44123.0,44146.5,44123.0,44145.4,99.909
