timestamp,open,high,low,close,volume
2024-03-01 05:30:00,61203.3,61275.3,61199.4,61274.4,340.739
2024-03-01 05:31:00,61274.3,61300.8,61235.8,61254.6,329.354
2024-03-01 05:32:00,61254.5,61277.8,61208.3,61218.3,140.121
2024-03-01 05:33:00,61218.2,61261.3,61202.8,61237.8,153.227
2024-03-01 05:34:00,61237.7,61249.7,61200.0,61200.1,76.059
2024-03-01 05:35:00,61200.0,61310.9,61200.0,61305.2,132.551
2024-03-01 05:36:00,61305.3,61334.8,61300.2,61334.7,107.496
2024-03-01 05:37:00,61334.7,61397.5,61334.7,61386.9,151.885
2024-03-01 05:38:00,61386.9,61404.6,61369.1,61388.7,90.483
2024-03-01 05:39:00,61388.7,61400.0,61362.8,61367.6,77.876
2024-03-01 05:40:00,61367.5,61413.7,61353.3,61389.2,176.418
2024-03-01 05:41:00,61388.9,61412.1,61366.0,61377.2,86.749
2024-03-01 05:42:00,61377.1,61377.2,61324.1,61336.5,79.542
2024-03-01 05:43:00,61336.5,61336.5,61320.0,61320.0,44.963
2024-03-01 05:44:00,61320.1,61334.6,61282.5,61288.5,89.68
2024-03-01 05:45:00,61288.5,61296.9,61257.4,61276.0,112.574
2024-03-01 05:46:00,61275.9,61367.9,61272.8,61362.7,76.093
2024-03-01 05:47:00,61362.8,61514.4,61362.8,61503.6,624.418
2024-03-01 05:48:00,61503.7,61508.3,61457.1,61508.3,183.03
2024-03-01 05:49:00,61508.2,61535.9,61490.2,61531.7,162.088
2024-03-01 05:50:00,61531.7,61561.2,61515.0,61545.0,146.818
2024-03-01 05:51:00,61545.0,61559.9,61495.4,61497.1,111.137
2024-03-01 05:52:00,61497.1,61510.1,61485.2,61490.1,62.304
2024-03-01 05:53:00,61490.1,61506.6,61471.1,61481.6,72.062
2024-03-01 05:54:00,61481.6,61488.2,61452.6,61487.3,113.341
2024-03-01 05:55:00,61487.4,61563.1,61481.6,61550.7,283.474
2024-03-01 05:56:00,61550.6,61594.0,61550.6,61580.0,103.807
2024-03-01 05:57:00,61580.0,61704.9,61565.6,61704.8,416.132
2024-03-01 05:58:00,61704.8,61788.0,61640.0,61778.8,719.807
2024-03-01 05:59:00,61777.8,61842.2,61740.8,61786.5,647.602
2024-03-01 06:00:00,61786.4,61828.1,61712.2,61727.9,278.663
2024-03-01 06:01:00,61727.9,61771.5,61708.5,61721.7,136.516
2024-03-01 06:02:00,61721.7,61737.4,61654.6,61677.8,241.947
2024-03-01 06:03:00,61677.9,61680.0,61650.0,61650.1,106.053
2024-03-01 06:04:00,61650.0,61650.1,61608.3,61632.0,184.897
2024-03-01 06:05:00,61632.0,61721.8,61585.0,61708.6,243.463
2024-03-01 06:06:00,61708.5,61787.1,61697.6,61745.0,177.585
2024-03-01 06:07:00,61745.0,61745.1,61683.5,61686.3,112.928
2024-03-01 06:08:00,61686.4,61719.7,61634.6,61649.8,108.477
2024-03-01 06:09:00,61649.7,61719.0,61646.0,61708.2,67.679
2024-03-01 06:10:00,61708.2,61714.9,61660.0,61673.9,80.992
2024-03-01 06:11:00,61673.9,61703.7,61661.6,61664.1,28.073
2024-03-01 06:12:00,61664.0,61683.4,61660.0,61670.8,35.805
2024-03-01 06:13:00,61670.8,61707.2,61650.0,61681.4,68.193
2024-03-01 06:14:00,61681.3,61683.4,61646.4,61652.3,46.532
2024-03-01 06:15:00,61652.3,61652.3,61531.6,61531.7,282.958
2024-03-01 06:16:00,61531.7,61571.5,61526.4,61544.7,90.826
2024-03-01 06:17:00,61544.7,61568.6,61533.0,61535.0,59.064
2024-03-01 06:18:00,61535.0,61586.8,61535.0,61550.1,87.327
2024-03-01 06:19:00,61550.0,61583.0,61550.0,61574.0,51.694
2024-03-01 06:20:00,61574.0,61640.0,61556.9,61639.0,234.03
2024-03-01 06:21:00,61639.0,61639.1,61585.3,61609.2,88.093
2024-03-01 06:22:00,61609.2,61660.0,61609.2,61660.0,102.569
2024-03-01 06:23:00,61659.9,61721.0,61653.7,61717.8,152.021
2024-03-01 06:24:00,61717.7,61726.7,61652.1,61652.1,76.145
2024-03-01 06:25:00,61652.0,61656.7,61610.3,61627.0,69.527
2024-03-01 06:26:00,61627.0,61650.4,61605.9,61606.1,94.149
2024-03-01 06:27:00,61606.2,61606.2,61568.0,61604.0,82.785
2024-03-01 06:28:00,61603.9,61604.0,61559.2,61559.2,77.183
2024-03-01 06:29:00,61559.3,61607.8,61558.3,61575.3,85.707
2024-03-01 06:30:00,61575.3,61575.3,61487.4,61523.4,254.721
2024-03-01 06:31:00,61523.3,61532.7,61468.3,61470.9,116.678
2024-03-01 06:32:00,61470.9,61510.8,61464.0,61470.1,76.839
2024-03-01 06:33:00,61470.2,61473.0,61413.6,61460.5,289.792
2024-03-01 06:34:00,61460.5,61496.0,61455.8,61470.3,80.798
2024-03-01 06:35:00,61470.3,61485.0,61455.1,61479.1,61.633
2024-03-01 06:36:00,61479.0,61479.0,61406.7,61406.8,104.178
2024-03-01 06:37:00,61406.7,61434.0,61394.2,61434.0,190.018
2024-03-01 06:38:00,61434.0,61453.4,61359.5,61370.8,140.2
2024-03-01 06:39:00,61371.6,61406.6,61357.5,61388.1,140.217
2024-03-01 06:40:00,61388.1,61441.8,61376.4,61441.8,88.679
2024-03-01 06:41:00,61441.7,61544.1,61441.7,61509.6,182.604
2024-03-01 06:42:00,61509.6,61555.1,61500.0,61533.9,85.88
2024-03-01 06:43:00,61533.9,61533.9,61451.0,61451.4,68.887
2024-03-01 06:44:00,61451.4,61451.5,61409.5,61422.0,72.824
2024-03-01 06:45:00,61422.0,61422.0,61374.0,61409.7,89.785
2024-03-01 06:46:00,61409.7,61456.4,61386.0,61456.4,150.353
2024-03-01 06:47:00,61456.4,61480.0,61437.0,61440.2,79.484
2024-03-01 06:48:00,61440.1,61468.0,61420.0,61432.9,62.267
2024-03-01 06:49:00,61432.9,61468.4,61418.9,61467.0,68.278
2024-03-01 06:50:00,61467.8,61573.4,61467.8,61562.9,122.159
2024-03-01 06:51:00,61562.8,61600.0,61548.7,61594.4,131.061
2024-03-01 06:52:00,61594.3,61602.3,61561.4,61591.6,150.561
2024-03-01 06:53:00,61591.5,61599.0,61564.4,61582.7,64.513
2024-03-01 06:54:00,61582.6,61606.0,61578.4,61606.0,41.665
2024-03-01 06:55:00,61605.9,61631.4,61583.8,61609.6,77.489
2024-03-01 06:56:00,61609.5,61643.0,61599.9,61639.4,55.814
2024-03-01 06:57:00,61639.4,61644.7,61606.0,61614.8,60.057
2024-03-01 06:58:00,61614.8,61633.0,61614.8,61629.8,35.609
2024-03-01 06:59:00,61629.8,61648.2,61578.0,61578.1,123.106
2024-03-01 07:00:00,61578.0,61578.1,61380.0,61405.4,531.235
2024-03-01 07:01:00,61405.5,61428.6,61330.1,61346.5,322.099
2024-03-01 07:02:00,61346.5,61375.1,61332.6,61332.6,141.937
2024-03-01 07:03:00,61332.6,61353.7,61313.9,61334.4,159.818
2024-03-01 07:04:00,61334.4,61345.1,61320.8,61323.3,61.559
2024-03-01 07:05:00,61323.3,61404.1,61323.3,61404.1,131.792
2024-03-01 07:06:00,61404.1,61441.8,61378.1,61398.4,90.966
2024-03-01 07:07:00,61398.4,61426.2,61395.0,61395.1,41.076
2024-03-01 07:08:00,61395.0,61398.2,61364.5,61370.7,47.821
2024-03-01 07:09:00,61370.7,61457.8,61366.2,61451.4,79.498
2024-03-01 07:10:00,61451.5,61557.1,61451.5,61552.6,187.24
2024-03-01 07:11:00,61552.6,61557.8,61481.8,61503.4,121.754
2024-03-01 07:12:00,61503.5,61544.3,61500.0,61530.0,146.36
2024-03-01 07:13:00,61530.0,61548.9,61510.1,61510.2,67.655
2024-03-01 07:14:00,61510.1,61510.2,61482.0,61489.9,75.809
2024-03-01 07:15:00,61490.0,61490.0,61444.0,61462.5,61.576
2024-03-01 07:16:00,61462.6,61513.5,61438.9,61501.7,65.21
2024-03-01 07:17:00,61501.8,61513.4,61456.4,61459.5,81.462
2024-03-01 07:18:00,61459.5,61459.5,61350.0,61350.0,159.948
2024-03-01 07:19:00,61350.0,61360.0,61319.9,61319.9,182.969
2024-03-01 07:20:00,61320.0,61332.3,61271.0,61271.0,193.755
2024-03-01 07:21:00,61271.1,61300.0,61254.3,61284.5,163.462
2024-03-01 07:22:00,61284.5,61300.0,61263.2,61280.4,82.381
2024-03-01 07:23:00,61280.5,61296.3,61214.6,61234.9,203.862
2024-03-01 07:24:00,61235.0,61260.9,61190.1,61231.3,263.073
2024-03-01 07:25:00,61231.2,61241.4,61204.0,61234.9,67.515
2024-03-01 07:26:00,61234.9,61287.5,61228.7,61280.2,130.22
2024-03-01 07:27:00,61279.7,61282.9,61239.5,61261.0,147.832
2024-03-01 07:28:00,61261.1,61287.5,61243.3,61285.0,49.735
2024-03-01 07:29:00,61284.9,61294.4,61262.9,61294.4,51.895
2024-03-01 07:30:00,61294.4,61294.4,61238.8,61280.0,89.844
2024-03-01 07:31:00,61279.9,61279.9,61209.5,61223.9,242.494
2024-03-01 07:32:00,61223.9,61259.0,61200.0,61224.6,322.386
2024-03-01 07:33:00,61224.6,61227.7,61198.4,61206.3,102.791
2024-03-01 07:34:00,61206.4,61275.3,61206.3,61270.3,116.486
2024-03-01 07:35:00,61270.2,61272.6,61256.3,61266.0,48.765
2024-03-01 07:36:00,61266.0,61266.0,61234.9,61244.5,84.813
2024-03-01 07:37:00,61244.4,61244.4,61207.6,61220.5,89.381
2024-03-01 07:38:00,61220.5,61220.6,61124.3,61128.0,320.765
2024-03-01 07:39:00,61128.0,61149.4,61066.0,61149.4,408.602
2024-03-01 07:40:00,61149.4,61187.3,61140.0,61173.2,185.151
2024-03-01 07:41:00,61173.2,61195.2,61153.0,61153.1,95.194
2024-03-01 07:42:00,61153.0,61153.0,61095.9,61095.9,91.737
2024-03-01 07:43:00,61095.9,61116.7,61074.5,61116.7,135.99
2024-03-01 07:44:00,61116.6,61116.8,61051.2,61051.2,176.613
2024-03-01 07:45:00,61051.2,61052.0,61000.0,61052.0,368.788
2024-03-01 07:46:00,61052.0,61073.0,60983.5,60988.4,246.843
2024-03-01 07:47:00,60988.4,61017.8,60914.7,60938.6,500.731
2024-03-01 07:48:00,60938.5,60958.1,60893.7,60907.4,256.843
2024-03-01 07:49:00,60907.4,60926.7,60860.4,60860.4,387.113
2024-03-01 07:50:00,60860.3,61035.6,60860.2,61035.6,498.186
2024-03-01 07:51:00,61035.6,61100.0,61035.5,61065.8,270.095
2024-03-01 07:52:00,61065.9,61111.6,61050.0,61104.8,177.936
2024-03-01 07:53:00,61104.7,61111.8,61077.9,61109.9,139.2
2024-03-01 07:54:00,61108.8,61111.9,61042.5,61042.5,217.904
2024-03-01 07:55:00,61042.5,61042.6,60916.6,60960.9,297.437
2024-03-01 07:56:00,60960.8,60993.2,60945.5,60977.6,147.876
2024-03-01 07:57:00,60977.6,61046.9,60977.5,61036.6,112.882
2024-03-01 07:58:00,61036.7,61039.4,61003.9,61039.4,54.595
2024-03-01 07:59:00,61039.3,61039.4,61007.1,61014.2,76.232
2024-03-01 08:00:00,61016.7,61061.0,60998.4,61041.0,190.84
2024-03-01 08:01:00,61041.0,61076.0,61026.9,61027.0,154.625
2024-03-01 08:02:00,61026.9,61053.1,60970.4,60970.4,81.875
2024-03-01 08:03:00,60970.5,60972.7,60900.0,60900.0,197.745
2024-03-01 08:04:00,60900.1,60928.4,60860.6,60922.4,284.032
2024-03-01 08:05:00,60922.4,60955.9,60917.9,60955.5,110.851
2024-03-01 08:06:00,60955.6,60955.6,60903.7,60948.5,88.588
2024-03-01 08:07:00,60949.5,60949.5,60877.4,60879.9,151.855
2024-03-01 08:08:00,60879.9,60939.6,60855.0,60939.6,164.73
2024-03-01 08:09:00,60939.5,60961.1,60913.0,60919.1,99.324
2024-03-01 08:10:00,60919.2,60936.1,60908.6,60910.1,57.656
2024-03-01 08:11:00,60910.0,60982.5,60882.4,60982.5,149.919
2024-03-01 08:12:00,60982.4,61068.9,60982.4,61058.1,314.628
2024-03-01 08:13:00,61058.0,61133.6,61058.0,61123.1,264.355
2024-03-01 08:14:00,61123.0,61156.4,61101.0,61117.5,344.179
2024-03-01 08:15:00,61117.5,61117.5,61051.8,61051.8,174.715
2024-03-01 08:16:00,61051.8,61090.7,61000.0,61000.0,91.964
2024-03-01 08:17:00,61000.0,61007.0,60932.8,60940.5,223.396
2024-03-01 08:18:00,60942.2,60980.5,60932.0,60969.0,94.453
2024-03-01 08:19:00,60969.0,61028.2,60950.0,61018.4,99.619
2024-03-01 08:20:00,61018.3,61034.9,60988.7,61022.3,65.876
2024-03-01 08:21:00,61022.2,61022.3,60932.9,60944.1,93.767
2024-03-01 08:22:00,60944.0,60991.0,60935.6,60980.8,78.007
2024-03-01 08:23:00,60980.8,61057.3,60980.8,61050.0,213.168
2024-03-01 08:24:00,61049.9,61076.2,61037.4,61066.4,89.015
2024-03-01 08:25:00,61066.3,61103.1,61066.3,61079.9,136.137
2024-03-01 08:26:00,61078.2,61146.6,61078.2,61101.6,347.655
2024-03-01 08:27:00,61101.6,61101.7,61029.1,61029.1,78.034
2024-03-01 08:28:00,61033.7,61065.9,61030.7,61065.9,36.575
2024-03-01 08:29:00,61065.8,61065.9,61063.9,61063.9,22.923
2024-03-01 08:30:00,61063.9,61064.0,61029.8,61057.5,70.704
2024-03-01 08:31:00,61059.0,61070.0,61030.7,61066.5,88.423
2024-03-01 08:32:00,61066.5,61080.8,61031.6,61064.9,153.538
2024-03-01 08:33:00,61064.9,61095.0,61064.9,61093.6,119.795
2024-03-01 08:34:00,61093.5,61120.0,61080.6,61119.8,74.979
2024-03-01 08:35:00,61119.7,61157.9,61116.8,61148.1,73.515
2024-03-01 08:36:00,61148.0,61159.0,61130.1,61156.1,99.539
2024-03-01 08:37:00,61156.0,61156.0,61115.0,61150.7,86.363
2024-03-01 08:38:00,61150.7,61170.4,61150.6,61158.6,91.089
2024-03-01 08:39:00,61158.6,61158.7,61108.2,61109.8,69.168
2024-03-01 08:40:00,61109.8,61109.9,61080.0,61087.8,71.848
2024-03-01 08:41:00,61087.8,61101.7,60988.4,60999.6,154.626
2024-03-01 08:42:00,60999.6,61019.5,60978.5,60978.5,112.314
2024-03-01 08:43:00,60978.6,61033.7,60978.5,61030.6,44.93
2024-03-01 08:44:00,61030.7,61035.0,61007.2,61033.5,71.097
2024-03-01 08:45:00,61033.5,61042.0,61008.0,61034.8,93.731
2024-03-01 08:46:00,61034.9,61034.9,60977.6,60992.5,111.13
2024-03-01 08:47:00,60992.5,61029.9,60984.2,61029.9,59.605
2024-03-01 08:48:00,61029.8,61029.9,61010.2,61022.8,52.353
2024-03-01 08:49:00,61022.9,61055.7,61006.1,61049.2,73.416
2024-03-01 08:50:00,61049.3,61073.0,61027.9,61041.0,59.257
2024-03-01 08:51:00,61040.9,61056.7,60992.6,60998.1,44.898
2024-03-01 08:52:00,60998.1,61001.2,60968.4,60970.9,76.04
2024-03-01 08:53:00,60970.9,60971.0,60960.2,60970.0,60.632
2024-03-01 08:54:00,60970.0,60970.0,60934.0,60934.0,101.878
2024-03-01 08:55:00,60933.9,60934.0,60872.4,60874.9,216.29
2024-03-01 08:56:00,60875.4,60912.6,60858.9,60861.6,143.609
2024-03-01 08:57:00,60861.6,60911.8,60844.8,60911.8,326.053
2024-03-01 08:58:00,60911.7,60911.8,60856.1,60875.8,153.836
2024-03-01 08:59:00,60875.9,60875.9,60855.7,60867.7,88.461
2024-03-01 09:00:00,60867.7,60950.0,60864.1,60943.9,223.822
2024-03-01 09:01:00,60943.9,60957.9,60901.8,60924.7,199.908
2024-03-01 09:02:00,60924.7,60935.2,60906.9,60914.9,87.943
2024-03-01 09:03:00,60914.9,60914.9,60887.7,60891.8,54.383
2024-03-01 09:04:00,60891.8,60899.5,60867.8,60881.0,86.009
2024-03-01 09:05:00,60881.0,60919.9,60869.1,60918.0,108.922
2024-03-01 09:06:00,60917.9,60960.7,60903.3,60960.7,133.969
2024-03-01 09:07:00,60960.7,60990.0,60948.6,60984.0,142.403
2024-03-01 09:08:00,60984.0,60984.1,60959.3,60983.0,56.353
2024-03-01 09:09:00,60983.0,60992.5,60954.6,60967.9,84.536
2024-03-01 09:10:00,60967.8,60993.1,60957.0,60990.0,42.654
2024-03-01 09:11:00,60990.0,61062.0,60982.0,61062.0,118.012
2024-03-01 09:12:00,61062.0,61075.1,61012.2,61067.6,125.107
2024-03-01 09:13:00,61067.7,61067.7,61041.4,61057.3,51.71
2024-03-01 09:14:00,61058.0,61096.1,61057.9,61085.6,113.522
2024-03-01 09:15:00,61085.5,61103.6,61066.3,61103.6,136.082
2024-03-01 09:16:00,61103.5,61134.1,61083.5,61128.1,162.134
2024-03-01 09:17:00,61128.1,61187.1,61120.5,61187.1,287.146
2024-03-01 09:18:00,61187.0,61200.0,61174.6,61190.3,213.784
2024-03-01 09:19:00,61190.2,61233.9,61170.7,61212.2,147.411
2024-03-01 09:20:00,61212.1,61303.5,61212.1,61259.6,490.809
2024-03-01 09:21:00,61259.7,61289.5,61228.1,61230.3,170.938
2024-03-01 09:22:00,61230.2,61292.9,61228.1,61284.0,126.318
2024-03-01 09:23:00,61284.0,61318.3,61225.1,61230.5,243.904
2024-03-01 09:24:00,61230.5,61264.4,61225.1,61264.4,65.878
2024-03-01 09:25:00,61264.4,61264.4,61236.6,61244.1,74.798
2024-03-01 09:26:00,61244.1,61244.2,61226.9,61243.5,41.704
2024-03-01 09:27:00,61243.5,61262.5,61192.4,61206.4,170.9
2024-03-01 09:28:00,61206.4,61238.4,61192.6,61192.7,169.161
2024-03-01 09:29:00,61192.6,61202.1,61183.3,61183.4,82.685
2024-03-01 09:30:00,61183.4,61185.0,61156.8,61159.4,151.612
2024-03-01 09:31:00,61159.5,61160.0,61138.6,61142.0,73.361
2024-03-01 09:32:00,61142.0,61160.7,61135.0,61160.6,92.705
2024-03-01 09:33:00,61160.7,61213.2,61148.0,61204.9,102.647
2024-03-01 09:34:00,61204.9,61210.5,61157.6,61160.4,66.659
2024-03-01 09:35:00,61160.4,61170.1,61150.0,61152.6,50.832
2024-03-01 09:36:00,61152.7,61207.3,61152.6,61207.3,41.389
2024-03-01 09:37:00,61207.3,61235.0,61200.0,61231.0,142.729
2024-03-01 09:38:00,61230.9,61249.4,61228.4,61236.9,76.021
2024-03-01 09:39:00,61236.9,61246.5,61234.7,61234.7,45.599
2024-03-01 09:40:00,61234.7,61267.8,61234.7,61263.2,70.249
2024-03-01 09:41:00,61263.2,61287.7,61212.4,61214.5,135.626
2024-03-01 09:42:00,61214.5,61253.7,61214.5,61236.1,47.646
2024-03-01 09:43:00,61236.1,61259.9,61236.1,61253.9,65.418
2024-03-01 09:44:00,61254.0,61254.0,61245.5,61253.9,75.852
2024-03-01 09:45:00,61254.0,61254.0,61244.8,61248.3,34.541
2024-03-01 09:46:00,61248.3,61297.2,61248.2,61296.1,100.611
2024-03-01 09:47:00,61296.1,61312.9,61275.5,61309.8,109.903
2024-03-01 09:48:00,61309.8,61396.3,61309.7,61368.9,236.331
2024-03-01 09:49:00,61368.9,61374.2,61337.9,61370.6,131.177
2024-03-01 09:50:00,61370.6,61374.2,61342.8,61369.9,116.141
2024-03-01 09:51:00,61370.0,61396.0,61360.4,61381.2,107.9
2024-03-01 09:52:00,61381.2,61416.2,61360.2,61415.0,145.945
2024-03-01 09:53:00,61415.0,61431.3,61407.9,61417.8,95.836
2024-03-01 09:54:00,61417.7,61426.2,61392.7,61395.7,102.182
2024-03-01 09:55:00,61395.7,61431.9,61395.7,61424.9,77.631
2024-03-01 09:56:00,61425.0,61520.0,61424.9,61495.9,599.344
2024-03-01 09:57:00,61496.0,61496.6,61432.5,61456.4,128.345
2024-03-01 09:58:00,61456.5,61456.5,61410.1,61418.5,102.43
2024-03-01 09:59:00,61418.5,61452.3,61418.5,61425.4,63.32
2024-03-01 10:00:00,61425.0,61438.4,61414.5,61418.3,106.664
2024-03-01 10:01:00,61418.2,61423.4,61393.5,61410.0,96.47
2024-03-01 10:02:00,61411.0,61454.8,61411.0,61440.0,70.024
2024-03-01 10:03:00,61440.1,61470.0,61433.7,61448.4,90.798
2024-03-01 10:04:00,61448.4,61462.8,61430.6,61440.0,46.428
2024-03-01 10:05:00,61440.0,61440.1,61417.3,61421.8,57.936
2024-03-01 10:06:00,61421.9,61426.6,61412.0,61415.0,69.651
2024-03-01 10:07:00,61414.9,61449.0,61410.0,61440.0,72.096
2024-03-01 10:08:00,61440.0,61461.5,61435.2,61449.3,85.267
2024-03-01 10:09:00,61448.2,61470.8,61446.1,61461.3,61.408
2024-03-01 10:10:00,61461.3,61467.0,61367.0,61393.0,325.473
2024-03-01 10:11:00,61393.1,61399.8,61359.2,61359.2,85.47
2024-03-01 10:12:00,61359.3,61372.7,61349.6,61353.8,138.935
2024-03-01 10:13:00,61353.8,61392.7,61342.1,61392.7,104.905
2024-03-01 10:14:00,61392.7,61408.2,61378.7,61378.7,52.329
2024-03-01 10:15:00,61378.7,61378.8,61320.0,61336.5,162.658
2024-03-01 10:16:00,61336.5,61369.5,61336.5,61354.7,62.62
2024-03-01 10:17:00,61354.7,61382.7,61345.0,61351.7,46.813
2024-03-01 10:18:00,61351.7,61410.0,61351.6,61390.1,100.388
2024-03-01 10:19:00,61390.1,61403.8,61388.6,61400.0,58.897
2024-03-01 10:20:00,61400.1,61461.2,61390.4,61457.6,182.633
2024-03-01 10:21:00,61457.6,61502.3,61456.1,61497.9,195.122
2024-03-01 10:22:00,61497.9,61527.7,61488.1,61509.3,273.336
2024-03-01 10:23:00,61509.2,61520.0,61482.0,61482.0,83.498
2024-03-01 10:24:00,61482.0,61513.5,61482.0,61513.5,78.733
2024-03-01 10:25:00,61513.5,61558.0,61501.2,61557.9,257.785
2024-03-01 10:26:00,61558.0,61586.0,61545.3,61561.6,216.28
2024-03-01 10:27:00,61561.7,61567.7,61534.7,61556.0,170.395
2024-03-01 10:28:00,61556.0,61570.4,61552.2,61570.4,71.824
2024-03-01 10:29:00,61570.4,61623.7,61570.3,61613.1,189.789
2024-03-01 10:30:00,61615.2,61634.5,61596.0,61623.1,219.494
2024-03-01 10:31:00,61623.1,61623.2,61581.3,61584.0,117.978
2024-03-01 10:32:00,61584.0,61589.8,61553.8,61559.9,144.561
2024-03-01 10:33:00,61559.9,61595.6,61555.0,61558.6,82.047
2024-03-01 10:34:00,61558.7,61598.0,61532.0,61597.9,102.888
2024-03-01 10:35:00,61598.0,61617.2,61589.2,61605.6,310.31
2024-03-01 10:36:00,61605.6,61622.7,61598.1,61608.2,67.778
2024-03-01 10:37:00,61608.1,61608.2,61571.5,61578.0,86.219
2024-03-01 10:38:00,61578.0,61578.0,61518.3,61518.4,109.93
2024-03-01 10:39:00,61518.3,61556.1,61489.7,61556.0,193.841
2024-03-01 10:40:00,61556.1,61589.9,61556.0,61589.8,63.57
2024-03-01 10:41:00,61589.9,61596.6,61550.0,61550.1,116.354
2024-03-01 10:42:00,61550.0,61553.1,61523.3,61523.3,36.012
2024-03-01 10:43:00,61523.3,61561.4,61520.0,61561.4,86.259
2024-03-01 10:44:00,61562.3,61596.0,61560.7,61570.5,77.142
2024-03-01 10:45:00,61570.6,61576.0,61525.0,61525.0,160.295
2024-03-01 10:46:00,61525.1,61545.6,61511.3,61534.4,91.154
2024-03-01 10:47:00,61534.4,61550.0,61529.4,61539.0,47.624
2024-03-01 10:48:00,61539.0,61565.8,61519.7,61553.7,162.473
2024-03-01 10:49:00,61553.6,61580.0,61545.3,61579.9,31.677
2024-03-01 10:50:00,61580.0,61600.0,61557.4,61580.0,66.778
2024-03-01 10:51:00,61580.0,61600.9,61576.3,61578.1,65.946
2024-03-01 10:52:00,61578.1,61578.2,61534.6,61534.6,84.23
2024-03-01 10:53:00,61534.6,61542.2,61501.5,61501.5,57.722
2024-03-01 10:54:00,61501.6,61507.3,61478.0,61485.4,83.24
2024-03-01 10:55:00,61485.4,61508.9,61467.2,61506.2,120.059
2024-03-01 10:56:00,61506.2,61506.2,61470.9,61475.4,64.682
2024-03-01 10:57:00,61475.4,61490.9,61462.7,61470.5,121.819
2024-03-01 10:58:00,61470.5,61505.0,61470.5,61504.9,49.819
2024-03-01 10:59:00,61505.0,61505.0,61483.9,61497.9,70.223
2024-03-01 11:00:00,61498.0,61504.1,61480.4,61480.4,72.565
2024-03-01 11:01:00,61480.5,61515.4,61480.4,61515.3,61.826
2024-03-01 11:02:00,61515.4,61569.3,61515.4,61544.7,74.454
2024-03-01 11:03:00,61544.8,61550.0,61507.8,61516.8,45.947
2024-03-01 11:04:00,61516.8,61519.5,61479.0,61485.2,155.942
2024-03-01 11:05:00,61485.3,61488.0,61442.2,61459.9,86.352
2024-03-01 11:06:00,61460.0,61477.1,61455.7,61462.5,67.866
2024-03-01 11:07:00,61462.6,61474.3,61452.5,61465.6,44.159
2024-03-01 11:08:00,61465.7,61478.5,61465.7,61478.4,16.679
2024-03-01 11:09:00,61478.5,61478.5,61459.3,61460.9,25.84
2024-03-01 11:10:00,61462.3,61531.6,61462.2,61515.6,67.01
2024-03-01 11:11:00,61515.7,61577.5,61503.5,61577.4,58.965
2024-03-01 11:12:00,61577.5,61581.3,61520.4,61540.9,232.541
2024-03-01 11:13:00,61540.8,61571.0,61540.8,61564.3,49.594
2024-03-01 11:14:00,61564.2,61564.3,61548.7,61554.6,64.097
2024-03-01 11:15:00,61554.7,61567.6,61520.8,61567.6,75.367
2024-03-01 11:16:00,61567.6,61579.6,61557.1,61562.5,51.458
2024-03-01 11:17:00,61562.5,61562.5,61521.9,61527.7,27.751
2024-03-01 11:18:00,61527.8,61548.3,61492.0,61494.8,73.492
2024-03-01 11:19:00,61494.8,61494.8,61461.5,61464.2,58.767
2024-03-01 11:20:00,61464.2,61467.8,61408.1,61408.1,256.264
2024-03-01 11:21:00,61408.2,61440.5,61408.1,61424.4,69.972
2024-03-01 11:22:00,61424.4,61431.9,61390.9,61429.0,175.196
2024-03-01 11:23:00,61429.0,61430.6,61399.0,61399.1,97.512
2024-03-01 11:24:00,61399.1,61420.0,61392.5,61401.8,66.263
2024-03-01 11:25:00,61401.9,61420.0,61397.4,61409.5,54.287
2024-03-01 11:26:00,61409.4,61409.4,61388.6,61388.6,50.402
2024-03-01 11:27:00,61388.6,61395.6,61364.6,61374.8,142.081
2024-03-01 11:28:00,61374.7,61388.1,61367.3,61368.9,62.779
2024-03-01 11:29:00,61368.9,61401.7,61368.9,61385.9,83.992
2024-03-01 11:30:00,61385.9,61400.0,61307.3,61320.2,357.846
2024-03-01 11:31:00,61320.2,61337.9,61275.8,61292.0,268.586
2024-03-01 11:32:00,61292.1,61296.3,61280.0,61280.0,92.061
2024-03-01 11:33:00,61280.1,61305.3,61280.0,61305.2,108.779
2024-03-01 11:34:00,61305.3,61359.6,61305.2,61359.6,80.729
2024-03-01 11:35:00,61359.5,61426.3,61359.5,61398.5,226.435
2024-03-01 11:36:00,61398.6,61433.2,61398.6,61421.9,87.901
2024-03-01 11:37:00,61421.8,61421.8,61375.0,61399.4,153.882
2024-03-01 11:38:00,61399.9,61428.7,61399.8,61428.7,60.552
2024-03-01 11:39:00,61428.7,61437.3,61421.9,61424.6,72.437
2024-03-01 11:40:00,61424.5,61441.8,61408.3,61441.8,39.155
2024-03-01 11:41:00,61441.8,61476.0,61441.7,61476.0,111.19
2024-03-01 11:42:00,61476.0,61519.7,61475.9,61507.0,143.685
2024-03-01 11:43:00,61506.9,61538.3,61506.9,61520.3,128.532
2024-03-01 11:44:00,61520.3,61567.3,61516.3,61558.4,220.601
2024-03-01 11:45:00,61558.5,61616.0,61555.0,61612.9,316.81
2024-03-01 11:46:00,61612.8,61718.9,61612.8,61718.8,371.179
2024-03-01 11:47:00,61718.8,61734.3,61664.4,61680.4,641.699
2024-03-01 11:48:00,61680.4,61750.0,61674.1,61745.0,274.17
2024-03-01 11:49:00,61745.0,61856.7,61744.9,61809.9,715.313
2024-03-01 11:50:00,61810.0,61828.3,61745.9,61746.0,224.202
2024-03-01 11:51:00,61745.9,61760.9,61671.1,61674.4,449.666
2024-03-01 11:52:00,61674.4,61736.3,61674.4,61709.9,160.898
2024-03-01 11:53:00,61709.9,61729.8,61657.3,61666.9,111.313
2024-03-01 11:54:00,61666.9,61714.2,61666.9,61682.8,136.827
2024-03-01 11:55:00,61682.8,61743.3,61682.8,61720.1,114.291
2024-03-01 11:56:00,61720.0,61755.3,61704.7,61711.4,138.025
2024-03-01 11:57:00,61711.4,61729.8,61673.4,61682.9,139.02
2024-03-01 11:58:00,61682.9,61686.3,61626.4,61661.9,137.645
2024-03-01 11:59:00,61661.9,61728.0,61661.9,61728.0,115.11
2024-03-01 12:00:00,61728.0,61743.9,61702.4,61723.1,194.547
2024-03-01 12:01:00,61723.1,61723.1,61700.0,61712.2,88.184
2024-03-01 12:02:00,61712.2,61712.7,61671.1,61671.1,76.667
2024-03-01 12:03:00,61671.1,61690.1,61599.2,61603.9,214.61
2024-03-01 12:04:00,61603.9,61629.5,61598.0,61613.2,80.154
2024-03-01 12:05:00,61613.2,61629.4,61602.2,61602.9,74.178
2024-03-01 12:06:00,61602.9,61602.9,61566.6,61569.9,131.952
2024-03-01 12:07:00,61570.0,61585.2,61556.2,61566.1,126.487
2024-03-01 12:08:00,61566.1,61588.4,61552.6,61582.0,118.537
2024-03-01 12:09:00,61582.8,61637.8,61565.0,61637.8,194.731
2024-03-01 12:10:00,61638.0,61671.1,61629.4,61654.8,101.556
2024-03-01 12:11:00,61654.9,61670.2,61638.9,61641.0,65.672
2024-03-01 12:12:00,61641.1,61666.0,61641.0,61662.8,54.054
2024-03-01 12:13:00,61662.9,61668.4,61630.6,61630.6,65.913
2024-03-01 12:14:00,61630.7,61630.7,61611.0,61611.0,75.931
2024-03-01 12:15:00,61611.1,61667.2,61603.1,61667.2,98.468
2024-03-01 12:16:00,61667.2,61674.0,61641.2,61673.2,91.041
2024-03-01 12:17:00,61673.3,61691.8,61640.3,61648.1,101.166
2024-03-01 12:18:00,61648.0,61649.8,61612.3,61612.3,37.553
2024-03-01 12:19:00,61612.4,61618.8,61584.6,61606.7,63.167
2024-03-01 12:20:00,61606.8,61624.3,61560.3,61579.8,252.307
2024-03-01 12:21:00,61579.9,61619.1,61579.9,61582.8,116.252
2024-03-01 12:22:00,61582.9,61593.0,61570.6,61589.2,43.413
2024-03-01 12:23:00,61589.3,61599.0,61589.2,61597.8,43.755
2024-03-01 12:24:00,61597.9,61619.1,61581.5,61586.1,58.117
2024-03-01 12:25:00,61586.1,61586.1,61567.2,61567.2,23.393
2024-03-01 12:26:00,61567.2,61581.5,61523.0,61555.0,145.373
2024-03-01 12:27:00,61555.1,61586.4,61551.9,61580.0,32.536
2024-03-01 12:28:00,61580.1,61594.4,61578.7,61594.4,35.702
2024-03-01 12:29:00,61594.4,61648.1,61594.4,61625.8,110.059
2024-03-01 12:30:00,61625.8,61649.2,61617.5,61639.6,69.403
2024-03-01 12:31:00,61639.6,61689.8,61639.6,61663.5,171.263
2024-03-01 12:32:00,61663.6,61726.8,61663.6,61725.6,123.253
2024-03-01 12:33:00,61725.6,61765.9,61714.4,61730.8,202.692
2024-03-01 12:34:00,61730.7,61740.0,61680.4,61702.6,165.119
2024-03-01 12:35:00,61702.7,61740.1,61702.6,61720.6,85.625
2024-03-01 12:36:00,61720.6,61770.0,61714.3,61756.3,132.539
2024-03-01 12:37:00,61756.3,61799.1,61756.3,61757.6,255.689
2024-03-01 12:38:00,61757.0,61780.0,61721.9,61729.5,98.542
2024-03-01 12:39:00,61729.6,61732.8,61710.0,61722.6,110.912
2024-03-01 12:40:00,61722.6,61766.1,61721.5,61750.1,61.981
2024-03-01 12:41:00,61750.2,61790.6,61750.1,61787.3,59.838
2024-03-01 12:42:00,61787.4,61787.4,61741.4,61741.5,94.725
2024-03-01 12:43:00,61741.5,61795.7,61741.5,61795.7,96.094
2024-03-01 12:44:00,61795.6,61799.0,61772.6,61772.6,40.839
2024-03-01 12:45:00,61772.7,61819.0,61766.2,61818.9,135.032
2024-03-01 12:46:00,61819.0,61822.1,61798.9,61816.1,90.219
2024-03-01 12:47:00,61816.0,61844.8,61746.7,61746.7,219.611
2024-03-01 12:48:00,61746.8,61762.3,61682.0,61682.1,182.261
2024-03-01 12:49:00,61683.0,61704.6,61680.0,61703.7,107.873
2024-03-01 12:50:00,61703.8,61718.9,61691.1,61691.1,80.476
2024-03-01 12:51:00,61691.1,61691.2,61640.1,61640.1,138.517
2024-03-01 12:52:00,61640.2,61668.0,61638.8,61657.4,64.152
2024-03-01 12:53:00,61657.4,61665.4,61633.6,61633.6,82.797
2024-03-01 12:54:00,61633.7,61644.5,61579.1,61607.9,166.669
2024-03-01 12:55:00,61607.9,61608.1,61562.7,61576.9,139.536
2024-03-01 12:56:00,61576.8,61638.8,61576.8,61627.0,92.601
2024-03-01 12:57:00,61627.0,61640.0,61580.0,61585.9,68.977
2024-03-01 12:58:00,61586.0,61591.0,61538.2,61546.1,215.82
2024-03-01 12:59:00,61546.2,61552.6,61536.2,61536.6,81.457
2024-03-01 13:00:00,61536.7,61539.3,61477.0,61487.7,339.544
2024-03-01 13:01:00,61487.7,61552.2,61483.4,61540.0,347.904
2024-03-01 13:02:00,61540.1,61548.6,61491.6,61506.7,229.272
2024-03-01 13:03:00,61506.8,61514.0,61482.1,61497.2,124.965
2024-03-01 13:04:00,61497.2,61528.2,61497.2,61509.1,118.654
2024-03-01 13:05:00,61509.2,61520.8,61477.0,61482.7,144.628
2024-03-01 13:06:00,61482.8,61509.7,61435.2,61452.2,239.054
2024-03-01 13:07:00,61452.2,61560.0,61444.1,61559.9,191.114
2024-03-01 13:08:00,61560.0,61601.8,61553.1,61553.4,188.463
2024-03-01 13:09:00,61553.4,61558.9,61478.2,61497.0,171.932
2024-03-01 13:10:00,61497.1,61524.7,61485.4,61524.7,91.236
2024-03-01 13:11:00,61525.0,61597.8,61524.9,61561.7,190.842
2024-03-01 13:12:00,61561.7,61575.2,61524.8,61548.3,158.391
2024-03-01 13:13:00,61548.4,61555.2,61509.5,61516.2,144.785
2024-03-01 13:14:00,61514.3,61514.3,61442.4,61476.9,183.067
2024-03-01 13:15:00,61476.8,61566.4,61476.8,61511.7,198.839
2024-03-01 13:16:00,61511.7,61566.0,61472.9,61566.0,115.355
2024-03-01 13:17:00,61566.0,61633.7,61566.0,61630.8,152.992
2024-03-01 13:18:00,61630.8,61632.9,61571.9,61571.9,154.871
2024-03-01 13:19:00,61572.0,61645.2,61554.4,61595.9,123.4
2024-03-01 13:20:00,61596.0,61619.1,61524.4,61524.4,131.318
2024-03-01 13:21:00,61524.5,61536.6,61494.0,61504.2,117.108
2024-03-01 13:22:00,61505.0,61505.0,61454.0,61493.2,193.642
2024-03-01 13:23:00,61494.0,61584.0,61487.7,61574.4,165.433
2024-03-01 13:24:00,61574.4,61600.0,61550.0,61580.0,111.291
2024-03-01 13:25:00,61580.0,61596.6,61505.7,61531.9,122.679
2024-03-01 13:26:00,61532.0,61555.0,61515.0,61535.6,235.884
2024-03-01 13:27:00,61535.6,61535.6,61481.7,61495.1,135.452
2024-03-01 13:28:00,61495.1,61512.7,61470.0,61500.0,301.715
2024-03-01 13:29:00,61500.0,61500.0,61466.8,61485.8,100.302
2024-03-01 13:30:00,61485.9,61500.0,61450.6,61468.8,365.186
2024-03-01 13:31:00,61468.8,61510.3,61468.7,61495.3,187.075
2024-03-01 13:32:00,61495.3,61514.2,61475.5,61487.0,145.593
2024-03-01 13:33:00,61487.1,61505.0,61464.1,61473.3,157.88
2024-03-01 13:34:00,61473.4,61504.6,61460.0,61504.5,106.325
2024-03-01 13:35:00,61504.5,61537.0,61504.5,61534.0,87.773
2024-03-01 13:36:00,61534.0,61561.3,61516.8,61516.8,76.517
2024-03-01 13:37:00,61516.9,61530.7,61449.1,61458.1,225.933
2024-03-01 13:38:00,61458.2,61463.4,61385.5,61413.6,434.244
2024-03-01 13:39:00,61413.6,61467.0,61394.8,61466.9,121.529
2024-03-01 13:40:00,61467.0,61496.2,61452.8,61490.0,92.884
2024-03-01 13:41:00,61490.0,61558.8,61484.7,61545.4,147.755
2024-03-01 13:42:00,61545.4,61601.8,61545.4,61593.0,135.395
2024-03-01 13:43:00,61592.9,61609.4,61582.9,61609.4,134.054
2024-03-01 13:44:00,61609.3,61612.0,61573.5,61577.8,73.176
2024-03-01 13:45:00,61577.8,61674.5,61577.8,61674.4,149.563
2024-03-01 13:46:00,61674.5,61748.2,61667.4,61748.0,332.566
2024-03-01 13:47:00,61748.2,61799.8,61735.6,61777.0,281.475
2024-03-01 13:48:00,61777.0,61830.1,61770.6,61829.7,289.107
2024-03-01 13:49:00,61829.7,61900.0,61820.8,61888.0,682.54
2024-03-01 13:50:00,61887.9,61927.0,61871.8,61880.5,413.319
2024-03-01 13:51:00,61880.4,61942.0,61880.4,61902.6,368.474
2024-03-01 13:52:00,61902.7,61946.7,61899.3,61931.4,324.158
2024-03-01 13:53:00,61931.3,61931.4,61820.0,61872.1,540.597
2024-03-01 13:54:00,61872.1,61899.4,61847.3,61858.6,260.589
2024-03-01 13:55:00,61858.6,61868.6,61804.5,61826.5,188.962
2024-03-01 13:56:00,61826.5,61836.7,61777.1,61821.1,208.966
2024-03-01 13:57:00,61821.0,61890.6,61808.9,61872.0,172.226
2024-03-01 13:58:00,61872.0,61946.6,61871.9,61940.8,239.894
2024-03-01 13:59:00,61940.8,61940.9,61888.1,61918.7,262.851
2024-03-01 14:00:00,61918.7,61925.3,61864.5,61897.1,306.186
2024-03-01 14:01:00,61897.1,61931.2,61865.3,61913.9,273.966
2024-03-01 14:02:00,61913.9,61968.6,61899.9,61953.5,234.708
2024-03-01 14:03:00,61953.5,61980.7,61940.7,61966.4,206.244
2024-03-01 14:04:00,61966.4,62043.3,61947.2,62004.1,683.258
2024-03-01 14:05:00,62004.1,62088.9,62000.1,62062.4,501.401
2024-03-01 14:06:00,62062.3,62160.1,62056.8,62107.5,969.135
2024-03-01 14:07:00,62107.5,62155.7,62069.2,62149.1,311.662
2024-03-01 14:08:00,62149.1,62220.0,62145.9,62185.6,618.708
2024-03-01 14:09:00,62185.6,62202.6,62129.4,62174.0,389.012
2024-03-01 14:10:00,62173.9,62277.0,62173.9,62202.0,645.186
2024-03-01 14:11:00,62202.0,62332.0,62202.0,62300.0,670.755
2024-03-01 14:12:00,62300.1,62300.1,62150.0,62167.1,563.911
2024-03-01 14:13:00,62167.2,62292.2,62167.1,62222.0,360.62
2024-03-01 14:14:00,62221.9,62250.0,62210.0,62214.9,247.137
2024-03-01 14:15:00,62214.9,62242.1,62134.9,62134.9,493.747
2024-03-01 14:16:00,62134.9,62218.0,62131.8,62189.0,265.209
2024-03-01 14:17:00,62189.0,62244.7,62177.9,62244.6,206.517
2024-03-01 14:18:00,62244.6,62244.7,62139.5,62154.3,228.396
2024-03-01 14:19:00,62154.3,62165.4,62075.1,62088.9,761.253
2024-03-01 14:20:00,62089.0,62121.6,62059.9,62099.1,323.582
2024-03-01 14:21:00,62099.2,62127.8,62077.1,62124.0,171.063
2024-03-01 14:22:00,62124.0,62156.9,62112.0,62144.3,133.773
2024-03-01 14:23:00,62144.2,62155.5,62126.6,62128.8,74.502
2024-03-01 14:24:00,62128.7,62169.8,62099.2,62103.0,142.211
2024-03-01 14:25:00,62103.1,62104.5,62067.1,62073.3,150.337
2024-03-01 14:26:00,62073.2,62086.7,62057.6,62057.6,123.191
2024-03-01 14:27:00,62057.6,62057.7,61919.4,61938.2,595.977
2024-03-01 14:28:00,61938.2,62008.3,61925.5,62000.7,246.144
2024-03-01 14:29:00,62000.6,62028.8,61980.0,61980.0,181.711
2024-03-01 14:30:00,61980.0,62038.2,61975.2,62038.1,279.161
2024-03-01 14:31:00,62038.1,62038.2,61945.3,61945.3,171.319
2024-03-01 14:32:00,61945.3,62000.0,61915.0,61999.9,292.487
2024-03-01 14:33:00,61999.8,62067.2,61994.9,62054.4,174.469
2024-03-01 14:34:00,62054.5,62100.6,62054.4,62084.1,264.251
2024-03-01 14:35:00,62084.1,62161.7,62084.1,62143.4,370.514
2024-03-01 14:36:00,62143.3,62181.2,62143.3,62146.0,211.254
2024-03-01 14:37:00,62146.0,62197.2,62144.9,62186.9,210.339
2024-03-01 14:38:00,62186.9,62244.7,62181.4,62211.5,344.819
2024-03-01 14:39:00,62211.5,62215.0,62136.7,62139.0,193.968
2024-03-01 14:40:00,62139.1,62250.0,62139.0,62225.0,253.556
2024-03-01 14:41:00,62225.0,62227.9,62184.9,62198.3,168.909
2024-03-01 14:42:00,62197.2,62197.2,62126.9,62157.5,206.569
2024-03-01 14:43:00,62157.4,62187.5,62154.2,62167.4,221.889
2024-03-01 14:44:00,62167.4,62199.0,62167.3,62185.8,62.243
2024-03-01 14:45:00,62185.8,62223.3,62175.9,62218.3,110.839
2024-03-01 14:46:00,62218.3,62238.0,62163.1,62163.1,95.749
2024-03-01 14:47:00,62163.1,62172.3,62126.7,62128.6,129.811
2024-03-01 14:48:00,62128.6,62135.7,62105.1,62114.5,120.353
2024-03-01 14:49:00,62114.5,62144.4,62114.5,62125.7,99.402
2024-03-01 14:50:00,62125.7,62194.1,62119.0,62193.0,89.377
2024-03-01 14:51:00,62193.0,62270.1,62193.0,62264.9,219.069
2024-03-01 14:52:00,62264.9,62265.0,62203.4,62218.3,210.081
2024-03-01 14:53:00,62218.3,62230.0,62205.1,62214.1,122.073
2024-03-01 14:54:00,62214.2,62230.0,62214.1,62228.5,386.237
2024-03-01 14:55:00,62228.6,62254.0,62200.0,62253.9,165.859
2024-03-01 14:56:00,62253.9,62263.3,62235.5,62240.2,139.323
2024-03-01 14:57:00,62240.3,62262.0,62230.0,62257.7,93.667
2024-03-01 14:58:00,62257.7,62264.9,62245.9,62260.4,69.509
2024-03-01 14:59:00,62260.5,62260.5,62200.0,62200.0,138.97
2024-03-01 15:00:00,62200.0,62264.8,62179.0,62254.4,228.325
2024-03-01 15:01:00,62254.3,62266.7,62201.5,62265.0,194.445
2024-03-01 15:02:00,62264.9,62265.0,62211.6,62218.7,222.233
2024-03-01 15:03:00,62218.7,62236.6,62194.1,62194.1,66.659
2024-03-01 15:04:00,62194.2,62194.2,62124.1,62126.2,273.438
2024-03-01 15:05:00,62126.2,62188.0,62124.6,62132.0,153.35
2024-03-01 15:06:00,62132.0,62179.2,62132.0,62178.7,54.663
2024-03-01 15:07:00,62178.7,62188.9,62140.0,62140.0,54.908
2024-03-01 15:08:00,62140.0,62150.8,62120.0,62131.7,94.157
2024-03-01 15:09:00,62131.7,62149.7,62107.4,62111.2,87.854
2024-03-01 15:10:00,62111.3,62169.8,62111.3,62164.7,68.016
2024-03-01 15:11:00,62164.6,62164.6,62118.6,62118.7,45.106
2024-03-01 15:12:00,62118.6,62148.4,62118.6,62148.3,45.902
2024-03-01 15:13:00,62148.4,62168.6,62120.0,62120.1,81.307
2024-03-01 15:14:00,62120.1,62140.1,62114.7,62128.2,56.147
2024-03-01 15:15:00,62128.2,62135.4,62108.4,62123.5,76.061
2024-03-01 15:16:00,62123.4,62200.0,62117.5,62199.5,129.351
2024-03-01 15:17:00,62199.5,62238.8,62183.0,62238.7,87.562
2024-03-01 15:18:00,62238.8,62238.8,62201.6,62201.7,67.313
2024-03-01 15:19:00,62201.6,62206.0,62151.2,62163.9,123.628
2024-03-01 15:20:00,62164.0,62165.0,62141.7,62164.7,50.626
2024-03-01 15:21:00,62164.7,62178.6,62150.0,62155.4,43.893
2024-03-01 15:22:00,62155.5,62216.7,62155.4,62212.5,62.989
2024-03-01 15:23:00,62212.5,62250.0,62212.4,62250.0,137.495
2024-03-01 15:24:00,62250.0,62250.5,62202.0,62210.7,72.724
2024-03-01 15:25:00,62210.6,62250.5,62210.6,62245.6,46.34
2024-03-01 15:26:00,62245.7,62245.7,62179.0,62193.0,207.421
2024-03-01 15:27:00,62193.1,62216.6,62175.0,62211.9,56.954
2024-03-01 15:28:00,62212.0,62216.7,62199.2,62216.7,45.376
2024-03-01 15:29:00,62216.6,62236.7,62200.0,62200.1,79.687
2024-03-01 15:30:00,62200.1,62200.1,62156.0,62161.4,102.801
2024-03-01 15:31:00,62161.5,62169.3,62145.4,62145.4,37.87
2024-03-01 15:32:00,62145.5,62189.6,62140.0,62189.6,54.094
2024-03-01 15:33:00,62189.6,62190.0,62133.2,62140.1,74.022
2024-03-01 15:34:00,62142.0,62154.2,62119.9,62122.3,109.459
2024-03-01 15:35:00,62122.4,62167.0,62118.8,62151.9,81.009
2024-03-01 15:36:00,62152.0,62152.0,62136.2,62144.6,26.719
2024-03-01 15:37:00,62144.5,62144.5,62108.8,62112.1,63.589
2024-03-01 15:38:00,62112.0,62127.5,62106.2,62109.0,110.057
2024-03-01 15:39:00,62109.0,62158.3,62109.0,62137.6,71.735
2024-03-01 15:40:00,62137.7,62175.3,62115.2,62130.7,217.194
2024-03-01 15:41:00,62130.7,62137.7,62108.4,62111.0,63.48
2024-03-01 15:42:00,62111.0,62128.0,62102.0,62102.0,60.351
2024-03-01 15:43:00,62102.0,62105.6,62052.8,62070.3,238.36
2024-03-01 15:44:00,62070.3,62090.5,62038.2,62058.9,222.258
2024-03-01 15:45:00,62058.9,62060.0,62045.9,62046.0,79.559
2024-03-01 15:46:00,62045.9,62046.0,61986.7,62011.4,280.362
2024-03-01 15:47:00,62011.4,62039.7,61984.9,62039.7,122.252
2024-03-01 15:48:00,62039.6,62039.7,61979.6,62035.2,189.584
2024-03-01 15:49:00,62035.3,62062.9,62003.8,62062.9,207.942
2024-03-01 15:50:00,62063.0,62174.9,62062.9,62174.9,255.801
2024-03-01 15:51:00,62174.9,62233.7,62156.1,62232.9,305.328
2024-03-01 15:52:00,62233.0,62263.6,62214.7,62258.8,204.28
2024-03-01 15:53:00,62258.8,62258.8,62213.8,62215.8,137.254
2024-03-01 15:54:00,62215.8,62235.3,62188.4,62220.0,105.382
2024-03-01 15:55:00,62220.0,62220.1,62172.3,62175.5,93.133
2024-03-01 15:56:00,62175.5,62254.4,62175.5,62254.3,140.085
2024-03-01 15:57:00,62254.4,62263.6,62222.0,62244.9,153.692
2024-03-01 15:58:00,62244.8,62248.0,62205.5,62244.8,141.75
2024-03-01 15:59:00,62244.9,62244.9,62189.9,62189.9,81.015
2024-03-01 16:00:00,62189.9,62233.9,62189.9,62202.3,286.88
2024-03-01 16:01:00,62202.3,62204.8,62165.8,62165.8,79.708
2024-03-01 16:02:00,62165.8,62207.4,62165.8,62175.2,80.421
2024-03-01 16:03:00,62175.2,62187.6,62163.1,62169.3,69.441
2024-03-01 16:04:00,62169.3,62169.4,62102.9,62102.9,94.616
2024-03-01 16:05:00,62102.9,62102.9,62051.6,62062.9,204.765
2024-03-01 16:06:00,62062.8,62100.0,62048.9,62080.0,137.405
2024-03-01 16:07:00,62080.0,62117.8,62067.0,62097.9,82.771
2024-03-01 16:08:00,62097.9,62158.5,62073.5,62152.1,126.197
2024-03-01 16:09:00,62152.2,62169.4,62114.0,62114.1,103.899
2024-03-01 16:10:00,62114.0,62114.0,62039.5,62043.9,265.765
2024-03-01 16:11:00,62044.0,62149.0,62043.9,62141.4,104.965
2024-03-01 16:12:00,62141.4,62148.9,62080.0,62094.1,113.263
2024-03-01 16:13:00,62094.0,62094.1,62043.8,62075.0,106.466
2024-03-01 16:14:00,62074.9,62080.0,62038.7,62038.7,106.466
2024-03-01 16:15:00,62038.8,62076.9,62038.7,62055.7,107.576
2024-03-01 16:16:00,62055.7,62073.9,62000.0,62019.2,231.884
2024-03-01 16:17:00,62019.1,62030.0,61988.1,62011.1,221.698
2024-03-01 16:18:00,62011.2,62017.0,61982.2,62004.1,113.036
2024-03-01 16:19:00,62004.1,62004.1,61923.1,61934.0,363.19
2024-03-01 16:20:00,61934.0,61995.6,61921.3,61977.2,170.147
2024-03-01 16:21:00,61977.3,61998.9,61951.0,61963.9,94.81
2024-03-01 16:22:00,61964.0,61997.9,61964.0,61992.5,91.576
2024-03-01 16:23:00,61993.8,62016.9,61990.0,62015.7,162.403
2024-03-01 16:24:00,62015.8,62016.8,62000.0,62008.0,63.128
2024-03-01 16:25:00,62008.1,62087.7,62008.0,62067.5,325.224
2024-03-01 16:26:00,62067.6,62088.2,62049.1,62053.9,130.998
2024-03-01 16:27:00,62054.0,62075.0,62015.3,62075.0,52.051
2024-03-01 16:28:00,62075.0,62087.7,62052.8,62086.1,81.469
2024-03-01 16:29:00,62086.2,62092.0,62050.0,62055.0,49.89
2024-03-01 16:30:00,62055.1,62086.0,62049.4,62077.5,71.091
2024-03-01 16:31:00,62077.5,62100.0,62077.4,62100.0,98.43
2024-03-01 16:32:00,62100.0,62112.0,62064.9,62071.3,93.262
2024-03-01 16:33:00,62071.3,62093.3,62068.5,62090.0,61.286
2024-03-01 16:34:00,62090.0,62105.4,62073.3,62095.4,64.672
2024-03-01 16:35:00,62095.5,62147.1,62095.5,62118.4,98.164
2024-03-01 16:36:00,62118.5,62145.2,62118.4,62145.1,43.247
2024-03-01 16:37:00,62145.2,62175.3,62145.1,62172.0,92.538
2024-03-01 16:38:00,62172.0,62172.0,62110.8,62137.1,96.018
2024-03-01 16:39:00,62137.1,62151.6,62094.5,62111.4,95.203
2024-03-01 16:40:00,62111.4,62137.2,62071.9,62079.7,108.727
2024-03-01 16:41:00,62079.8,62093.7,62074.1,62093.6,41.798
2024-03-01 16:42:00,62093.6,62140.9,62084.6,62138.7,86.026
2024-03-01 16:43:00,62137.3,62160.8,62136.4,62154.4,64.681
2024-03-01 16:44:00,62154.3,62164.0,62128.3,62164.0,68.681
2024-03-01 16:45:00,62164.2,62171.9,62086.3,62102.5,83.267
2024-03-01 16:46:00,62102.5,62102.5,62088.3,62088.8,35.258
2024-03-01 16:47:00,62088.8,62105.5,62054.2,62069.2,86.356
2024-03-01 16:48:00,62069.2,62131.0,62063.0,62107.1,82.251
2024-03-01 16:49:00,62107.2,62107.2,62069.4,62069.4,48.026
2024-03-01 16:50:00,62069.5,62108.8,62069.5,62095.2,49.015
2024-03-01 16:51:00,62095.1,62142.2,62093.4,62142.2,123.612
2024-03-01 16:52:00,62142.2,62142.2,62120.8,62120.8,63.11
2024-03-01 16:53:00,62120.9,62123.3,62051.4,62060.0,312.073
2024-03-01 16:54:00,62060.0,62060.0,62007.3,62014.1,145.562
2024-03-01 16:55:00,62014.0,62060.7,62010.0,62010.0,145.576
2024-03-01 16:56:00,62010.1,62015.7,61975.5,61981.0,126.123
2024-03-01 16:57:00,61981.1,61986.8,61950.1,61972.7,171.459
2024-03-01 16:58:00,61972.7,61997.6,61956.4,61960.0,128.197
2024-03-01 16:59:00,61960.1,62018.0,61960.0,62004.0,231.881
2024-03-01 17:00:00,62004.0,62014.7,61972.0,61972.0,94.291
2024-03-01 17:01:00,61972.1,61977.1,61913.0,61946.7,368.148
2024-03-01 17:02:00,61946.6,61946.6,61878.2,61895.5,400.642
2024-03-01 17:03:00,61895.6,61938.8,61893.4,61936.3,96.094
2024-03-01 17:04:00,61936.2,61938.8,61910.4,61911.5,69.751
2024-03-01 17:05:00,61911.5,61939.5,61906.4,61919.7,103.687
2024-03-01 17:06:00,61919.7,61953.9,61880.0,61940.0,159.825
2024-03-01 17:07:00,61940.1,61944.1,61879.5,61882.9,95.283
2024-03-01 17:08:00,61882.9,61914.3,61875.0,61912.7,129.871
2024-03-01 17:09:00,61912.6,61944.1,61903.0,61940.9,56.671
2024-03-01 17:10:00,61940.9,62012.1,61940.9,61998.4,186.886
2024-03-01 17:11:00,61998.4,62053.6,61998.3,62039.5,110.266
2024-03-01 17:12:00,62039.6,62039.6,61970.0,61981.2,111.515
2024-03-01 17:13:00,61981.2,62029.1,61970.0,62028.6,64.451
2024-03-01 17:14:00,62028.6,62050.0,62025.4,62040.7,59.469
2024-03-01 17:15:00,62040.8,62060.0,62004.7,62046.2,152.761
2024-03-01 17:16:00,62046.1,62046.2,62001.3,62007.2,98.97
2024-03-01 17:17:00,62007.3,62033.0,61983.9,61997.8,59.318
2024-03-01 17:18:00,61997.9,62031.4,61951.8,61952.0,90.04
2024-03-01 17:19:00,61952.0,61980.0,61950.0,61980.0,75.334
2024-03-01 17:20:00,61980.0,62001.8,61963.9,61982.9,55.56
2024-03-01 17:21:00,61982.9,61988.0,61963.5,61963.6,37.19
2024-03-01 17:22:00,61963.6,61988.0,61920.6,61976.6,132.628
2024-03-01 17:23:00,61976.6,62022.9,61976.6,62022.8,80.186
2024-03-01 17:24:00,62022.9,62030.0,62020.4,62025.9,35.534
2024-03-01 17:25:00,62025.9,62025.9,61973.4,61988.0,46.736
2024-03-01 17:26:00,61988.0,61991.6,61960.9,61960.9,31.044
2024-03-01 17:27:00,61961.0,61975.4,61938.0,61938.0,54.415
2024-03-01 17:28:00,61938.1,61943.3,61900.6,61910.6,215.685
2024-03-01 17:29:00,61910.5,61934.9,61894.1,61927.7,216.683
2024-03-01 17:30:00,61927.7,61957.5,61918.4,61957.4,123.023
2024-03-01 17:31:00,61957.5,61980.0,61940.9,61979.9,55.39
2024-03-01 17:32:00,61980.0,62000.1,61962.5,61998.2,88.865
2024-03-01 17:33:00,61998.2,62005.3,61963.5,61963.5,53.65
2024-03-01 17:34:00,61963.5,62014.6,61958.5,62014.6,89.039
2024-03-01 17:35:00,62014.5,62026.3,62002.1,62003.9,60.966
2024-03-01 17:36:00,62003.9,62052.1,61995.3,62046.4,110.256
2024-03-01 17:37:00,62046.5,62098.1,62043.1,62095.2,322.739
2024-03-01 17:38:00,62095.2,62151.5,62069.1,62144.2,623.019
2024-03-01 17:39:00,62144.2,62152.9,62112.7,62112.7,136.385
2024-03-01 17:40:00,62112.7,62158.9,62108.8,62152.6,160.535
2024-03-01 17:41:00,62152.5,62152.5,62092.6,62096.1,138.771
2024-03-01 17:42:00,62096.1,62114.2,62096.1,62112.9,53.131
2024-03-01 17:43:00,62113.0,62113.0,62083.6,62093.4,173.222
2024-03-01 17:44:00,62093.2,62101.4,62071.0,62076.8,165.912
2024-03-01 17:45:00,62076.8,62189.0,62076.6,62180.4,237.883
2024-03-01 17:46:00,62180.4,62210.4,62179.9,62190.8,259.479
2024-03-01 17:47:00,62190.7,62224.8,62190.7,62203.0,177.946
2024-03-01 17:48:00,62203.0,62223.7,62180.4,62223.3,139.415
2024-03-01 17:49:00,62223.2,62251.8,62200.3,62218.3,228.112
2024-03-01 17:50:00,62218.6,62240.0,62214.0,62225.7,95.47
2024-03-01 17:51:00,62225.8,62225.8,62185.1,62220.0,146.275
2024-03-01 17:52:00,62219.9,62255.0,62219.9,62242.0,197.611
2024-03-01 17:53:00,62241.9,62252.9,62207.3,62208.0,93.859
2024-03-01 17:54:00,62208.1,62226.7,62187.7,62226.7,91.792
2024-03-01 17:55:00,62226.7,62239.9,62213.4,62216.4,71.215
2024-03-01 17:56:00,62216.3,62216.3,62204.5,62204.5,38.116
2024-03-01 17:57:00,62204.5,62214.2,62178.6,62213.2,84.52
2024-03-01 17:58:00,62213.2,62233.6,62206.3,62208.9,50.655
2024-03-01 17:59:00,62208.9,62209.0,62196.8,62196.8,35.463
2024-03-01 18:00:00,62196.8,62196.9,62169.4,62182.9,100.551
2024-03-01 18:01:00,62182.9,62194.3,62171.2,62194.2,127.939
2024-03-01 18:02:00,62194.2,62209.9,62190.0,62203.8,201.174
2024-03-01 18:03:00,62203.7,62210.0,62195.3,62198.0,169.016
2024-03-01 18:04:00,62197.7,62282.0,62197.7,62246.8,281.961
2024-03-01 18:05:00,62246.8,62317.9,62246.8,62294.7,336.084
2024-03-01 18:06:00,62294.7,62327.1,62268.7,62276.0,308.525
2024-03-01 18:07:00,62275.9,62310.5,62244.5,62268.4,172.824
2024-03-01 18:08:00,62268.4,62484.4,62268.4,62434.5,1739.446
2024-03-01 18:09:00,62434.5,62484.8,62400.1,62422.6,790.528
2024-03-01 18:10:00,62422.5,62532.8,62390.9,62519.9,938.643
2024-03-01 18:11:00,62519.9,62650.5,62510.2,62510.2,1414.618
2024-03-01 18:12:00,62510.2,62562.0,62493.4,62511.9,453.539
2024-03-01 18:13:00,62511.9,62540.0,62457.4,62540.0,371.378
2024-03-01 18:14:00,62540.0,62569.7,62505.4,62552.6,321.265
2024-03-01 18:15:00,62552.6,62627.2,62527.7,62596.0,510.37
2024-03-01 18:16:00,62596.0,62643.6,62526.3,62526.6,468.988
2024-03-01 18:17:00,62526.6,62552.9,62422.3,62438.2,604.251
2024-03-01 18:18:00,62438.1,62520.0,62436.5,62511.1,185.046
2024-03-01 18:19:00,62511.1,62534.3,62480.9,62523.0,188.83
2024-03-01 18:20:00,62523.0,62561.5,62501.1,62552.8,196.859
2024-03-01 18:21:00,62552.0,62587.2,62544.0,62587.2,160.427
2024-03-01 18:22:00,62587.2,62637.4,62535.3,62535.5,271.97
2024-03-01 18:23:00,62535.4,62540.1,62451.2,62479.2,285.752
2024-03-01 18:24:00,62479.3,62485.4,62432.4,62438.0,162.018
2024-03-01 18:25:00,62438.1,62499.4,62438.0,62440.7,172.784
2024-03-01 18:26:00,62440.7,62459.1,62338.0,62366.9,451.787
2024-03-01 18:27:00,62366.9,62366.9,62257.4,62284.4,780.956
2024-03-01 18:28:00,62284.4,62304.0,62218.4,62294.6,527.568
2024-03-01 18:29:00,62294.7,62307.7,62276.9,62291.4,137.492
2024-03-01 18:30:00,62291.5,62342.1,62291.5,62334.1,231.532
2024-03-01 18:31:00,62334.2,62346.2,62295.6,62325.0,301.131
2024-03-01 18:32:00,62325.0,62350.0,62269.3,62274.8,236.721
2024-03-01 18:33:00,62274.8,62313.5,62249.1,62313.5,155.208
2024-03-01 18:34:00,62313.4,62409.1,62313.4,62391.9,343.206
2024-03-01 18:35:00,62391.9,62424.0,62374.9,62420.3,232.843
2024-03-01 18:36:00,62420.2,62455.6,62398.0,62398.0,164.409
2024-03-01 18:37:00,62398.1,62428.3,62361.5,62361.5,115.909
2024-03-01 18:38:00,62361.6,62377.7,62332.1,62345.9,87.113
2024-03-01 18:39:00,62346.0,62349.7,62323.4,62349.7,82.692
2024-03-01 18:40:00,62349.7,62421.7,62349.7,62392.6,117.069
2024-03-01 18:41:00,62392.7,62392.7,62316.0,62332.0,105.406
2024-03-01 18:42:00,62334.9,62390.1,62332.1,62390.1,52.073
2024-03-01 18:43:00,62390.1,62451.0,62380.5,62431.7,124.023
2024-03-01 18:44:00,62431.7,62456.6,62405.7,62413.0,133.406
2024-03-01 18:45:00,62413.0,62445.5,62404.3,62442.4,110.243
2024-03-01 18:46:00,62442.4,62442.4,62369.5,62412.6,119.417
2024-03-01 18:47:00,62412.6,62455.3,62404.7,62443.4,144.906
2024-03-01 18:48:00,62443.4,62500.5,62443.3,62489.5,231.46
2024-03-01 18:49:00,62489.5,62560.4,62489.5,62556.0,251.998
2024-03-01 18:50:00,62556.0,62620.0,62551.0,62620.0,300.706
2024-03-01 18:51:00,62620.0,62698.8,62610.2,62698.8,478.733
2024-03-01 18:52:00,62699.0,62750.0,62657.0,62659.9,815.264
2024-03-01 18:53:00,62660.0,62662.4,62583.1,62620.0,508.597
2024-03-01 18:54:00,62620.1,62670.6,62592.9,62595.6,287.023
2024-03-01 18:55:00,62595.7,62669.3,62595.6,62607.2,269.752
2024-03-01 18:56:00,62607.2,62650.7,62577.9,62587.7,230.861
2024-03-01 18:57:00,62587.8,62679.6,62583.1,62662.3,156.031
2024-03-01 18:58:00,62662.4,62681.1,62592.1,62637.4,258.997
2024-03-01 18:59:00,62637.5,62646.1,62560.0,62605.6,378.144
2024-03-01 19:00:00,62605.5,62678.7,62605.5,62636.8,180.066
2024-03-01 19:01:00,62636.8,62649.5,62577.9,62578.0,122.424
2024-03-01 19:02:00,62578.0,62584.3,62516.5,62519.8,234.96
2024-03-01 19:03:00,62519.9,62567.2,62516.0,62550.0,139.504
2024-03-01 19:04:00,62550.0,62556.7,62488.4,62514.1,195.474
2024-03-01 19:05:00,62514.1,62585.9,62514.0,62570.3,142.478
2024-03-01 19:06:00,62570.4,62572.0,62460.0,62460.0,235.191
2024-03-01 19:07:00,62460.1,62500.0,62457.8,62457.9,181.598
2024-03-01 19:08:00,62457.9,62510.0,62456.5,62509.6,109.595
2024-03-01 19:09:00,62508.0,62558.1,62487.1,62556.4,126.622
2024-03-01 19:10:00,62556.5,62618.2,62522.1,62600.3,210.487
2024-03-01 19:11:00,62600.4,62605.3,62568.2,62576.5,118.146
2024-03-01 19:12:00,62575.6,62587.0,62540.5,62578.7,101.463
2024-03-01 19:13:00,62578.7,62612.8,62572.0,62592.5,63.654
2024-03-01 19:14:00,62592.5,62607.1,62571.9,62571.9,86.059
2024-03-01 19:15:00,62572.0,62605.0,62572.0,62605.0,110.006
2024-03-01 19:16:00,62604.9,62614.0,62573.8,62581.8,89.623
2024-03-01 19:17:00,62581.8,62647.0,62571.0,62631.7,198.004
2024-03-01 19:18:00,62631.7,62644.8,62593.4,62621.5,84.338
2024-03-01 19:19:00,62620.7,62640.8,62600.0,62604.5,138.808
2024-03-01 19:20:00,62604.5,62612.0,62509.6,62509.6,133.531
2024-03-01 19:21:00,62509.7,62540.0,62494.7,62531.3,247.781
2024-03-01 19:22:00,62531.3,62590.5,62519.5,62580.6,130.484
2024-03-01 19:23:00,62580.6,62607.2,62554.2,62563.6,165.088
2024-03-01 19:24:00,62563.7,62568.7,62516.2,62516.4,62.805
2024-03-01 19:25:00,62516.4,62536.0,62500.0,62536.0,92.214
2024-03-01 19:26:00,62536.0,62572.0,62525.1,62535.8,181.943
2024-03-01 19:27:00,62535.9,62535.9,62476.3,62483.3,129.563
2024-03-01 19:28:00,62483.4,62515.7,62457.5,62509.3,139.094
2024-03-01 19:29:00,62509.2,62512.4,62476.8,62510.2,112.481
2024-03-01 19:30:00,62510.2,62532.1,62497.7,62529.6,154.993
2024-03-01 19:31:00,62529.6,62539.7,62495.0,62523.7,130.277
2024-03-01 19:32:00,62523.8,62523.8,62480.0,62482.6,65.209
2024-03-01 19:33:00,62482.7,62498.4,62458.4,62460.0,140.245
2024-03-01 19:34:00,62460.1,62469.9,62421.6,62421.9,255.48
2024-03-01 19:35:00,62422.0,62446.9,62396.2,62446.2,314.762
2024-03-01 19:36:00,62446.2,62491.7,62446.1,62464.9,181.197
2024-03-01 19:37:00,62465.0,62482.9,62444.0,62444.0,90.518
2024-03-01 19:38:00,62444.1,62449.5,62426.8,62441.7,55.667
2024-03-01 19:39:00,62441.7,62444.7,62431.4,62444.5,41.253
2024-03-01 19:40:00,62444.5,62478.8,62444.5,62467.1,96.395
2024-03-01 19:41:00,62467.1,62467.2,62426.5,62438.3,110.128
2024-03-01 19:42:00,62438.4,62453.1,62392.6,62392.6,123.721
2024-03-01 19:43:00,62392.7,62428.3,62355.0,62415.0,280.5
2024-03-01 19:44:00,62414.9,62428.3,62407.6,62412.6,67.419
2024-03-01 19:45:00,62412.5,62420.4,62370.0,62386.4,194.47
2024-03-01 19:46:00,62386.4,62404.5,62370.0,62374.9,101.606
2024-03-01 19:47:00,62375.0,62390.2,62359.5,62360.1,157.29
2024-03-01 19:48:00,62360.1,62373.1,62333.1,62333.1,131.113
2024-03-01 19:49:00,62333.2,62343.5,62316.0,62325.9,239.437
2024-03-01 19:50:00,62325.9,62364.8,62325.8,62364.8,133.97
2024-03-01 19:51:00,62364.9,62435.6,62356.2,62435.6,180.613
2024-03-01 19:52:00,62435.6,62435.6,62351.2,62361.4,149.581
2024-03-01 19:53:00,62361.5,62361.5,62308.0,62332.0,165.746
2024-03-01 19:54:00,62331.0,62387.0,62320.7,62387.0,260.642
2024-03-01 19:55:00,62386.9,62479.8,62386.9,62452.1,277.94
2024-03-01 19:56:00,62452.0,62467.3,62419.0,62450.0,86.153
2024-03-01 19:57:00,62449.9,62463.5,62443.7,62460.7,125.889
2024-03-01 19:58:00,62461.7,62495.8,62440.1,62455.3,160.763
2024-03-01 19:59:00,62455.3,62474.0,62388.9,62403.6,257.853
2024-03-01 20:00:00,62402.6,62496.0,62402.6,62446.1,388.686
2024-03-01 20:01:00,62446.1,62465.7,62409.3,62410.7,161.608
2024-03-01 20:02:00,62410.7,62418.2,62241.8,62241.8,516.543
2024-03-01 20:03:00,62241.8,62281.1,62182.1,62182.1,1041.21
2024-03-01 20:04:00,62182.2,62194.6,61990.6,62025.9,2106.453
2024-03-01 20:05:00,62025.8,62115.1,61974.8,62085.6,911.604
2024-03-01 20:06:00,62085.8,62116.5,61918.4,61918.4,780.863
2024-03-01 20:07:00,61918.4,61966.2,61699.8,61807.5,2699.344
2024-03-01 20:08:00,61807.4,61999.9,61804.8,61972.2,927.587
2024-03-01 20:09:00,61972.2,62016.9,61892.5,61959.9,575.531
2024-03-01 20:10:00,61959.9,61959.9,61603.2,61767.8,2171.545
2024-03-01 20:11:00,61767.7,61783.5,61585.1,61695.5,1301.2
2024-03-01 20:12:00,61695.5,61806.9,61679.8,61693.7,889.208
2024-03-01 20:13:00,61693.6,61881.0,61693.6,61813.2,802.706
2024-03-01 20:14:00,61812.8,61951.8,61803.7,61951.6,653.065
2024-03-01 20:15:00,61951.6,61955.0,61775.6,61822.9,695.156
2024-03-01 20:16:00,61822.9,61892.5,61812.9,61892.4,284.957
2024-03-01 20:17:00,61892.9,61935.3,61860.5,61911.8,350.78
2024-03-01 20:18:00,61911.7,61912.7,61718.9,61776.7,571.616
2024-03-01 20:19:00,61777.0,61840.0,61760.6,61820.2,297.805
2024-03-01 20:20:00,61822.2,61909.5,61810.7,61909.4,279.993
2024-03-01 20:21:00,61909.4,62000.0,61896.6,61983.4,689.237
2024-03-01 20:22:00,61983.4,62035.0,61970.2,61971.0,451.815
2024-03-01 20:23:00,61970.9,61970.9,61822.7,61879.5,354.87
2024-03-01 20:24:00,61879.6,61898.3,61855.0,61868.4,141.089
2024-03-01 20:25:00,61868.4,61985.9,61865.9,61980.1,203.574
2024-03-01 20:26:00,61980.1,61985.9,61949.1,61982.2,182.859
2024-03-01 20:27:00,61982.2,62061.9,61964.0,62045.9,650.348
2024-03-01 20:28:00,62046.0,62049.0,61938.0,61965.8,523.315
2024-03-01 20:29:00,61965.9,62029.1,61965.8,62009.7,249.561
2024-03-01 20:30:00,62009.7,62087.1,62009.7,62045.5,578.44
2024-03-01 20:31:00,62045.5,62165.1,62045.4,62140.0,651.27
2024-03-01 20:32:00,62139.9,62163.4,62059.6,62082.5,328.587
2024-03-01 20:33:00,62082.6,62232.9,62082.6,62214.7,541.985
2024-03-01 20:34:00,62214.6,62234.0,62084.9,62084.9,526.4
2024-03-01 20:35:00,62085.0,62127.3,61960.0,61969.5,608.115
2024-03-01 20:36:00,61969.6,61974.0,61884.9,61925.1,789.399
2024-03-01 20:37:00,61925.1,61976.3,61888.0,61945.7,451.571
2024-03-01 20:38:00,61945.7,62000.0,61944.0,61958.3,316.346
2024-03-01 20:39:00,61958.3,61961.9,61892.2,61944.5,260.088
2024-03-01 20:40:00,61944.6,62131.9,61944.6,62089.3,418.267
2024-03-01 20:41:00,62089.3,62089.4,62020.0,62053.3,163.39
2024-03-01 20:42:00,62053.4,62053.4,61981.0,61995.0,150.938
2024-03-01 20:43:00,61995.0,62059.8,61991.6,62028.3,216.039
2024-03-01 20:44:00,62028.2,62065.1,61987.0,61998.0,116.68
2024-03-01 20:45:00,61997.9,62032.4,61963.4,61963.4,155.805
2024-03-01 20:46:00,61963.4,61963.5,61900.8,61929.9,211.353
2024-03-01 20:47:00,61930.0,61948.3,61807.6,61844.9,570.036
2024-03-01 20:48:00,61845.0,61879.6,61820.7,61820.7,281.857
2024-03-01 20:49:00,61820.8,61878.5,61800.0,61876.8,279.109
2024-03-01 20:50:00,61876.7,61941.9,61866.5,61941.8,207.264
2024-03-01 20:51:00,61941.8,61985.7,61916.2,61922.3,207.979
2024-03-01 20:52:00,61922.1,61922.2,61861.1,61902.5,100.044
2024-03-01 20:53:00,61902.4,61938.8,61899.1,61904.2,103.722
2024-03-01 20:54:00,61904.2,61939.8,61861.5,61887.0,102.957
2024-03-01 20:55:00,61886.9,61988.4,61880.1,61978.3,336.402
2024-03-01 20:56:00,61978.3,62041.5,61972.0,62034.1,216.347
2024-03-01 20:57:00,62034.0,62034.1,61940.6,61956.6,128.535
2024-03-01 20:58:00,61956.6,61960.7,61900.0,61900.5,104.831
2024-03-01 20:59:00,61900.5,61945.7,61900.4,61940.1,58.846
2024-03-01 21:00:00,61940.0,61972.5,61882.9,61889.4,332.237
2024-03-01 21:01:00,61889.4,61914.9,61823.2,61888.4,187.767
2024-03-01 21:02:00,61888.4,61888.4,61825.3,61853.3,143.928
2024-03-01 21:03:00,61853.3,61853.3,61750.0,61753.1,461.441
2024-03-01 21:04:00,61753.1,61802.4,61753.1,61787.1,180.65
2024-03-01 21:05:00,61787.0,61813.0,61721.8,61742.3,417.43
2024-03-01 21:06:00,61742.2,61780.0,61690.0,61710.0,289.443
2024-03-01 21:07:00,61710.1,61714.3,61636.7,61663.1,636.952
2024-03-01 21:08:00,61663.2,61669.4,61555.0,61573.7,1006.198
2024-03-01 21:09:00,61573.8,61657.0,61568.4,61645.7,532.201
2024-03-01 21:10:00,61645.7,61687.4,61623.4,61641.1,321.682
2024-03-01 21:11:00,61641.6,61666.8,61577.4,61577.5,304.152
2024-03-01 21:12:00,61577.5,61652.7,61570.0,61652.7,461.065
2024-03-01 21:13:00,61652.6,61689.3,61638.4,61673.1,245.692
2024-03-01 21:14:00,61673.1,61698.0,61658.3,61675.6,147.04
2024-03-01 21:15:00,61675.5,61738.0,61621.1,61630.3,336.519
2024-03-01 21:16:00,61630.3,61636.6,61590.6,61597.3,179.121
2024-03-01 21:17:00,61597.4,61609.9,61422.5,61438.5,1342.951
2024-03-01 21:18:00,61440.3,61518.0,61428.0,61504.4,522.925
2024-03-01 21:19:00,61504.3,61504.4,61350.2,61375.0,1023.896
2024-03-01 21:20:00,61375.0,61479.4,61319.9,61473.3,1038.486
2024-03-01 21:21:00,61473.2,61473.3,61338.1,61357.7,380.714
2024-03-01 21:22:00,61357.7,61360.8,61202.1,61277.5,1328.558
2024-03-01 21:23:00,61277.7,61379.0,61276.0,61353.3,436.973
2024-03-01 21:24:00,61353.3,61371.6,61238.5,61247.1,332.195
2024-03-01 21:25:00,61247.1,61337.8,61200.0,61337.7,402.803
2024-03-01 21:26:00,61337.7,61388.0,61302.2,61350.1,396.518
2024-03-01 21:27:00,61350.1,61353.4,61266.2,61311.7,311.986
2024-03-01 21:28:00,61311.6,61341.8,61294.7,61321.3,356.421
2024-03-01 21:29:00,61321.3,61388.1,61306.3,61335.3,414.676
2024-03-01 21:30:00,61335.4,61449.0,61312.1,61431.5,635.362
2024-03-01 21:31:00,61431.5,61474.2,61429.0,61468.9,467.422
2024-03-01 21:32:00,61468.8,61468.9,61330.8,61366.4,411.75
2024-03-01 21:33:00,61366.4,61461.7,61366.4,61400.1,213.092
2024-03-01 21:34:00,61400.0,61478.2,61400.0,61421.2,356.317
2024-03-01 21:35:00,61421.2,61472.9,61349.3,61443.6,264.275
2024-03-01 21:36:00,61440.5,61535.8,61422.1,61535.8,355.667
2024-03-01 21:37:00,61535.7,61564.9,61527.1,61555.6,329.298
2024-03-01 21:38:00,61555.5,61597.0,61541.2,61566.3,336.554
2024-03-01 21:39:00,61566.3,61566.3,61469.1,61471.9,329.192
2024-03-01 21:40:00,61471.9,61548.7,61467.3,61531.8,163.625
2024-03-01 21:41:00,61531.8,61547.1,61479.5,61479.6,98.345
2024-03-01 21:42:00,61479.5,61530.0,61476.5,61530.0,129.555
2024-03-01 21:43:00,61530.0,61530.0,61467.2,61513.5,271.534
2024-03-01 21:44:00,61513.5,61548.6,61488.1,61510.5,153.762
2024-03-01 21:45:00,61510.6,61549.7,61510.5,61518.8,110.028
2024-03-01 21:46:00,61518.8,61627.1,61518.8,61550.1,463.428
2024-03-01 21:47:00,61551.1,61559.8,61468.3,61468.3,211.92
2024-03-01 21:48:00,61468.0,61468.0,61400.4,61406.2,275.895
2024-03-01 21:49:00,61406.2,61413.1,61332.3,61349.6,631.208
2024-03-01 21:50:00,61349.6,61457.9,61344.1,61450.2,177.171
2024-03-01 21:51:00,61450.2,61464.0,61422.8,61445.0,88.095
2024-03-01 21:52:00,61445.0,61445.0,61312.5,61341.9,199.086
2024-03-01 21:53:00,61342.0,61462.9,61331.4,61459.3,157.079
2024-03-01 21:54:00,61459.3,61555.0,61441.6,61547.5,306.058
2024-03-01 21:55:00,61547.5,61587.0,61544.6,61575.7,231.439
2024-03-01 21:56:00,61575.7,61648.0,61568.1,61634.7,324.547
2024-03-01 21:57:00,61634.6,61700.1,61624.2,61662.5,342.762
2024-03-01 21:58:00,61662.5,61674.4,61595.6,61619.9,378.456
2024-03-01 21:59:00,61619.9,61659.1,61575.4,61589.5,353.222
2024-03-01 22:00:00,61589.6,61627.7,61562.6,61567.1,176.955
2024-03-01 22:01:00,61567.0,61582.5,61484.4,61503.8,304.016
2024-03-01 22:02:00,61503.8,61503.9,61446.0,61451.8,157.105
2024-03-01 22:03:00,61451.8,61463.0,61430.6,61430.7,171.173
2024-03-01 22:04:00,61430.7,61434.1,61340.4,61347.0,341.523
2024-03-01 22:05:00,61347.0,61400.0,61335.7,61389.4,360.428
2024-03-01 22:06:00,61389.3,61433.7,61378.0,61387.8,267.213
2024-03-01 22:07:00,61387.8,61448.1,61373.7,61439.9,153.033
2024-03-01 22:08:00,61439.9,61511.2,61407.9,61506.0,133.505
2024-03-01 22:09:00,61506.1,61511.2,61448.0,61448.1,65.525
2024-03-01 22:10:00,61448.1,61448.1,61402.5,61415.8,113.026
2024-03-01 22:11:00,61415.9,61488.2,61400.0,61482.3,86.563
2024-03-01 22:12:00,61482.4,61506.7,61437.2,61447.7,124.317
2024-03-01 22:13:00,61447.8,61520.0,61447.8,61520.0,121.599
2024-03-01 22:14:00,61520.0,61539.8,61468.8,61479.0,122.374
2024-03-01 22:15:00,61479.1,61513.2,61446.6,61446.6,138.906
2024-03-01 22:16:00,61446.6,61531.9,61446.6,61522.4,139.229
2024-03-01 22:17:00,61522.4,61560.0,61516.3,61544.0,147.308
2024-03-01 22:18:00,61544.0,61591.9,61529.3,61585.0,106.652
2024-03-01 22:19:00,61585.1,61600.0,61539.2,61539.2,108.909
2024-03-01 22:20:00,61539.2,61566.4,61530.9,61543.2,104.623
2024-03-01 22:21:00,61543.2,61557.7,61517.3,61531.8,136.458
2024-03-01 22:22:00,61531.7,61560.1,61501.9,61554.0,264.813
2024-03-01 22:23:00,61554.1,61611.2,61553.4,61600.5,127.877
2024-03-01 22:24:00,61600.6,61600.6,61561.4,61576.9,88.301
2024-03-01 22:25:00,61576.9,61587.9,61552.2,61584.7,397.202
2024-03-01 22:26:00,61584.7,61619.6,61580.8,61619.1,232.35
2024-03-01 22:27:00,61615.0,61615.0,61519.8,61535.0,127.239
2024-03-01 22:28:00,61535.1,61551.3,61451.4,61467.1,287.3
2024-03-01 22:29:00,61467.1,61504.6,61467.0,61490.0,110.38
2024-03-01 22:30:00,61490.0,61534.3,61490.0,61534.3,57.602
2024-03-01 22:31:00,61534.3,61632.7,61534.3,61632.7,149.948
2024-03-01 22:32:00,61632.6,61666.0,61613.8,61615.3,242.283
2024-03-01 22:33:00,61615.2,61623.2,61584.5,61598.0,81.722
2024-03-01 22:34:00,61598.0,61598.0,61552.6,61552.6,81.005
2024-03-01 22:35:00,61552.6,61607.0,61552.6,61566.6,60.618
2024-03-01 22:36:00,61566.6,61615.8,61566.6,61606.9,75.381
2024-03-01 22:37:00,61607.0,61610.3,61546.4,61565.1,87.163
2024-03-01 22:38:00,61563.6,61581.1,61545.0,61580.4,145.671
2024-03-01 22:39:00,61580.4,61623.6,61555.0,61607.3,186.156
2024-03-01 22:40:00,61607.2,61610.3,61543.8,61543.8,214.357
2024-03-01 22:41:00,61543.8,61623.3,61533.4,61621.9,149.039
2024-03-01 22:42:00,61621.9,61682.4,61611.4,61682.3,180.779
2024-03-01 22:43:00,61682.3,61745.1,61663.8,61740.5,412.341
2024-03-01 22:44:00,61740.6,61798.8,61720.0,61744.1,393.203
2024-03-01 22:45:00,61744.1,61820.8,61729.3,61787.3,461.096
2024-03-01 22:46:00,61787.3,61787.4,61709.6,61727.3,214.063
2024-03-01 22:47:00,61727.4,61778.0,61727.4,61754.0,123.699
2024-03-01 22:48:00,61754.0,61857.9,61750.0,61851.1,501.344
2024-03-01 22:49:00,61851.2,61851.8,61760.0,61783.0,316.467
2024-03-01 22:50:00,61783.0,61787.3,61732.0,61769.1,137.673
2024-03-01 22:51:00,61769.2,61827.6,61769.1,61806.8,177.564
2024-03-01 22:52:00,61806.8,61881.3,61803.8,61853.7,622.294
2024-03-01 22:53:00,61853.6,61884.9,61850.4,61850.4,216.257
2024-03-01 22:54:00,61850.5,61961.2,61850.4,61961.1,749.77
2024-03-01 22:55:00,61961.1,61970.8,61901.1,61917.9,383.81
2024-03-01 22:56:00,61917.8,61967.4,61893.2,61958.1,185.208
2024-03-01 22:57:00,61958.1,62056.5,61958.0,61963.3,672.103
2024-03-01 22:58:00,61963.0,61963.0,61866.3,61866.9,506.154
2024-03-01 22:59:00,61866.8,61870.7,61776.2,61809.9,677.255
2024-03-01 23:00:00,61810.0,61881.1,61800.0,61862.1,484.303
2024-03-01 23:01:00,61862.1,62058.9,61862.1,62051.8,1962.803
2024-03-01 23:02:00,62051.8,62076.0,62050.0,62054.1,644.592
2024-03-01 23:03:00,62054.0,62145.0,62050.0,62126.6,722.696
2024-03-01 23:04:00,62126.6,62126.7,62061.0,62101.0,328.487
2024-03-01 23:05:00,62101.0,62113.4,62050.0,62050.0,234.698
2024-03-01 23:06:00,62050.0,62062.3,62050.0,62056.6,194.923
2024-03-01 23:07:00,62056.7,62083.0,62001.0,62001.1,378.808
2024-03-01 23:08:00,62001.0,62045.4,62001.0,62025.9,134.877
2024-03-01 23:09:00,62025.9,62038.6,61947.9,61948.4,264.559
2024-03-01 23:10:00,61948.5,62002.4,61946.4,61989.3,125.08
2024-03-01 23:11:00,61989.4,62020.7,61965.0,61971.6,115.682
2024-03-01 23:12:00,61971.7,61999.6,61960.3,61960.4,72.946
2024-03-01 23:13:00,61960.4,62083.3,61949.4,62050.9,527.276
2024-03-01 23:14:00,62050.9,62143.3,62050.1,62109.3,428.155
2024-03-01 23:15:00,62109.2,62109.3,62050.1,62056.3,478.796
2024-03-01 23:16:00,62056.3,62133.0,62050.1,62108.6,299.465
2024-03-01 23:17:00,62108.0,62134.5,62076.9,62134.5,77.517
2024-03-01 23:18:00,62134.5,62172.2,62076.3,62076.4,217.145
2024-03-01 23:19:00,62076.0,62092.2,62011.6,62011.6,249.616
2024-03-01 23:20:00,62011.6,62040.0,62007.5,62018.7,127.838
2024-03-01 23:21:00,62018.7,62018.8,61971.8,61993.7,122.891
2024-03-01 23:22:00,61993.8,62009.9,61976.8,61977.9,78.442
2024-03-01 23:23:00,61977.9,61998.1,61953.9,61971.7,165.173
2024-03-01 23:24:00,61971.7,61984.9,61970.3,61978.1,68.154
2024-03-01 23:25:00,61978.0,61982.3,61934.5,61934.6,162.336
2024-03-01 23:26:00,61934.6,61965.8,61934.5,61965.7,127.405
2024-03-01 23:27:00,61965.8,61982.2,61954.4,61972.9,106.028
2024-03-01 23:28:00,61972.9,61986.6,61948.1,61948.9,109.008
2024-03-01 23:29:00,61951.2,61977.0,61951.2,61977.0,40.432
2024-03-01 23:30:00,61976.9,61984.1,61955.3,61960.2,119.856
2024-03-01 23:31:00,61960.3,61960.3,61912.0,61912.3,178.428
2024-03-01 23:32:00,61912.2,61923.3,61889.0,61903.5,316.757
2024-03-01 23:33:00,61903.5,61982.2,61890.2,61982.1,107.285
2024-03-01 23:34:00,61982.2,62000.9,61959.1,62000.9,126.289
2024-03-01 23:35:00,62000.9,62049.9,61976.8,62020.0,207.184
2024-03-01 23:36:00,62020.0,62080.0,61992.3,62053.9,375.39
2024-03-01 23:37:00,62053.8,62094.7,62045.8,62053.0,132.07
2024-03-01 23:38:00,62053.0,62064.3,62020.0,62049.9,146.545
2024-03-01 23:39:00,62049.9,62057.6,62027.1,62027.2,64.263
2024-03-01 23:40:00,62027.1,62062.3,62023.2,62046.9,80.814
2024-03-01 23:41:00,62047.0,62050.8,62026.5,62034.8,46.678
2024-03-01 23:42:00,62034.7,62075.8,62033.2,62062.9,68.388
2024-03-01 23:43:00,62062.9,62101.7,62050.9,62097.0,100.592
2024-03-01 23:44:00,62097.1,62097.1,62056.0,62062.1,85.738
2024-03-01 23:45:00,62062.1,62126.0,62042.3,62084.0,183.46
2024-03-01 23:46:00,62083.9,62090.2,62000.0,62000.6,120.234
2024-03-01 23:47:00,62000.5,62001.5,61961.4,61988.1,143.896
2024-03-01 23:48:00,61988.0,62028.8,61980.9,62028.1,49.241
2024-03-01 23:49:00,62028.1,62070.6,62028.1,62069.0,65.769
2024-03-01 23:50:00,62068.9,62069.0,61983.1,61992.7,176.024
2024-03-01 23:51:00,61992.8,62046.5,61980.0,62046.5,83.8
2024-03-01 23:52:00,62046.5,62099.2,62046.4,62085.7,162.569
2024-03-01 23:53:00,62085.8,62166.8,62085.8,62166.7,200.105
2024-03-01 23:54:00,62166.7,62190.8,62141.8,62149.7,207.216
2024-03-01 23:55:00,62149.8,62157.7,62111.6,62125.0,103.537
2024-03-01 23:56:00,62125.1,62173.9,62096.2,62161.9,159.133
2024-03-01 23:57:00,62161.9,62218.4,62161.9,62213.1,306.54
2024-03-01 23:58:00,62213.1,62315.0,62213.0,62272.4,712.758
2024-03-01 23:59:00,62272.4,62330.5,62256.0,62310.0,346.914
2024-03-02 00:00:00,62310.0,62320.0,62243.3,62243.4,525.123
2024-03-02 00:01:00,62243.3,62274.4,62224.5,62246.9,110.646
2024-03-02 00:02:00,62246.9,62286.1,62220.9,62220.9,116.002
2024-03-02 00:03:00,62220.9,62255.4,62213.0,62230.8,139.424
2024-03-02 00:04:00,62230.9,62266.6,62190.9,62196.3,138.752
2024-03-02 00:05:00,62197.6,62319.2,62183.6,62307.4,191.875
2024-03-02 00:06:00,62307.4,62398.8,62302.0,62380.1,394.494
2024-03-02 00:07:00,62380.1,62432.0,62371.6,62400.9,419.561
2024-03-02 00:08:00,62401.0,62450.0,62386.7,62394.0,396.99
2024-03-02 00:09:00,62393.9,62445.2,62377.1,62391.5,278.412
2024-03-02 00:10:00,62391.5,62400.5,62332.1,62370.0,279.488
2024-03-02 00:11:00,62370.0,62467.7,62366.4,62457.2,270.467
2024-03-02 00:12:00,62457.3,62489.8,62432.7,62441.8,300.436
2024-03-02 00:13:00,62441.8,62465.2,62438.1,62440.5,117.231
2024-03-02 00:14:00,62440.5,62510.4,62440.4,62480.0,489.02
2024-03-02 00:15:00,62479.9,62489.0,62418.1,62433.6,181.258
2024-03-02 00:16:00,62433.7,62536.1,62404.7,62501.3,424.391
2024-03-02 00:17:00,62501.2,62556.3,62498.1,62509.2,382.294
2024-03-02 00:18:00,62509.3,62509.3,62385.6,62396.6,171.846
2024-03-02 00:19:00,62396.7,62407.5,62351.2,62363.4,271.293
2024-03-02 00:20:00,62363.4,62364.9,62310.7,62338.2,278.709
2024-03-02 00:21:00,62338.1,62410.0,62330.6,62410.0,172.422
2024-03-02 00:22:00,62409.9,62423.1,62385.6,62422.9,116.104
2024-03-02 00:23:00,62422.9,62457.8,62387.8,62443.5,218.411
2024-03-02 00:24:00,62443.5,62454.8,62411.2,62415.9,84.458
2024-03-02 00:25:00,62415.9,62487.5,62391.7,62449.5,359.53
2024-03-02 00:26:00,62449.6,62476.7,62414.7,62422.4,127.257
2024-03-02 00:27:00,62422.4,62460.1,62422.4,62432.5,91.032
2024-03-02 00:28:00,62432.5,62448.0,62418.8,62418.8,51.485
2024-03-02 00:29:00,62418.9,62418.9,62383.1,62402.8,191.828
2024-03-02 00:30:00,62402.7,62434.3,62378.3,62382.7,119.572
2024-03-02 00:31:00,62382.7,62434.2,62378.1,62423.7,84.848
2024-03-02 00:32:00,62423.6,62423.7,62339.2,62360.9,182.785
2024-03-02 00:33:00,62360.9,62382.7,62320.4,62334.3,152.099
2024-03-02 00:34:00,62334.4,62346.2,62268.1,62277.6,475.572
2024-03-02 00:35:00,62277.7,62295.0,62235.4,62248.9,232.986
2024-03-02 00:36:00,62249.0,62263.6,62185.0,62195.0,615.852
2024-03-02 00:37:00,62195.0,62206.9,62143.1,62150.0,470.396
2024-03-02 00:38:00,62150.0,62210.8,62145.3,62202.4,584.316
2024-03-02 00:39:00,62202.4,62287.5,62189.6,62252.3,362.051
2024-03-02 00:40:00,62252.4,62270.9,62207.2,62216.2,134.034
2024-03-02 00:41:00,62216.2,62223.3,62181.0,62196.5,81.408
2024-03-02 00:42:00,62196.5,62203.8,62159.8,62190.5,116.504
2024-03-02 00:43:00,62190.5,62220.3,62190.4,62220.3,72.225
2024-03-02 00:44:00,62220.3,62227.6,62174.9,62191.4,160.572
2024-03-02 00:45:00,62191.4,62222.9,62155.4,62222.9,113.46
2024-03-02 00:46:00,62222.9,62258.0,62188.1,62255.0,156.506
2024-03-02 00:47:00,62254.9,62259.5,62242.5,62244.9,83.146
2024-03-02 00:48:00,62244.9,62260.0,62238.0,62246.8,55.566
2024-03-02 00:49:00,62246.8,62246.8,62191.5,62213.5,150.587
2024-03-02 00:50:00,62213.6,62213.6,62162.3,62169.1,121.769
2024-03-02 00:51:00,62169.2,62228.6,62158.5,62228.5,87.642
2024-03-02 00:52:00,62228.5,62228.6,62170.8,62170.9,109.915
2024-03-02 00:53:00,62170.9,62170.9,62120.6,62122.5,224.046
2024-03-02 00:54:00,62122.6,62126.8,62078.5,62094.3,388.039
2024-03-02 00:55:00,62094.2,62094.5,62030.2,62059.9,248.373
2024-03-02 00:56:00,62059.9,62066.6,62040.0,62044.0,109.668
2024-03-02 00:57:00,62044.0,62095.7,62043.9,62064.0,127.439
2024-03-02 00:58:00,62064.0,62072.7,62060.1,62069.2,64.867
2024-03-02 00:59:00,62069.2,62110.0,62067.0,62110.0,129.461
2024-03-02 01:00:00,62109.9,62154.6,62105.3,62152.1,186.83
2024-03-02 01:01:00,62152.1,62152.2,62061.1,62061.2,173.896
2024-03-02 01:02:00,62061.1,62097.6,62061.1,62097.5,102.43
2024-03-02 01:03:00,62097.4,62120.5,62072.0,62076.0,83.274
2024-03-02 01:04:00,62076.0,62120.0,62061.1,62120.0,51.653
2024-03-02 01:05:00,62119.9,62164.7,62119.9,62150.5,172.781
2024-03-02 01:06:00,62150.4,62205.0,62147.5,62197.6,116.568
2024-03-02 01:07:00,62197.6,62220.0,62197.6,62200.3,81.616
2024-03-02 01:08:00,62200.2,62200.3,62159.7,62192.4,90.479
2024-03-02 01:09:00,62192.4,62289.5,62192.4,62289.4,401.391
2024-03-02 01:10:00,62289.4,62310.6,62276.3,62307.9,251.865
2024-03-02 01:11:00,62307.8,62311.2,62287.3,62299.8,165.315
2024-03-02 01:12:00,62299.7,62311.2,62286.6,62309.6,233.595
2024-03-02 01:13:00,62309.5,62321.7,62303.4,62303.5,126.829
2024-03-02 01:14:00,62303.4,62384.6,62303.4,62381.2,218.627
2024-03-02 01:15:00,62383.0,62398.6,62332.3,62332.3,227.304
2024-03-02 01:16:00,62332.3,62354.0,62332.2,62333.4,121.617
2024-03-02 01:17:00,62333.3,62333.4,62285.9,62308.5,148.606
2024-03-02 01:18:00,62308.5,62333.8,62308.5,62333.8,72.943
2024-03-02 01:19:00,62333.8,62342.2,62318.3,62325.4,60.889
2024-03-02 01:20:00,62325.5,62325.5,62283.9,62285.4,131.15
2024-03-02 01:21:00,62285.4,62285.5,62199.3,62222.7,286.991
2024-03-02 01:22:00,62222.8,62251.2,62217.2,62249.9,57.639
2024-03-02 01:23:00,62250.0,62258.9,62238.5,62238.6,65.742
2024-03-02 01:24:00,62238.6,62283.1,62222.2,62222.2,80.922
2024-03-02 01:25:00,62222.3,62254.3,62220.0,62220.0,91.485
2024-03-02 01:26:00,62220.0,62237.5,62187.4,62193.4,100.699
2024-03-02 01:27:00,62193.3,62209.9,62180.3,62181.8,108.067
2024-03-02 01:28:00,62181.8,62215.0,62181.8,62215.0,68.199
2024-03-02 01:29:00,62214.9,62270.5,62214.9,62270.5,114.753
2024-03-02 01:30:00,62270.5,62324.3,62270.5,62324.3,151.062
2024-03-02 01:31:00,62324.3,62378.8,62320.9,62376.9,150.736
2024-03-02 01:32:00,62376.9,62408.8,62365.0,62408.7,270.553
2024-03-02 01:33:00,62408.7,62435.0,62318.7,62350.7,550.305
2024-03-02 01:34:00,62350.8,62386.4,62350.8,62384.8,99.972
2024-03-02 01:35:00,62386.3,62435.0,62386.3,62421.7,138.6
2024-03-02 01:36:00,62421.7,62421.8,62361.0,62361.0,112.019
2024-03-02 01:37:00,62361.1,62375.5,62297.7,62306.6,149.482
2024-03-02 01:38:00,62306.6,62318.8,62282.4,62318.7,150.085
2024-03-02 01:39:00,62318.7,62354.2,62318.7,62337.7,95.422
2024-03-02 01:40:00,62337.6,62391.6,62337.6,62369.4,80.101
2024-03-02 01:41:00,62369.4,62378.6,62342.4,62361.9,114.32
2024-03-02 01:42:00,62361.8,62363.9,62321.5,62332.0,66.778
2024-03-02 01:43:00,62332.1,62336.2,62293.8,62296.7,108.626
2024-03-02 01:44:00,62296.7,62366.6,62296.7,62355.0,89.701
2024-03-02 01:45:00,62354.9,62409.4,62354.9,62366.5,155.002
2024-03-02 01:46:00,62366.5,62395.9,62364.5,62384.9,96.927
2024-03-02 01:47:00,62384.8,62419.2,62364.6,62413.6,101.898
2024-03-02 01:48:00,62413.6,62432.7,62402.4,62408.7,132.015
2024-03-02 01:49:00,62408.6,62408.7,62364.3,62370.9,89.624
2024-03-02 01:50:00,62371.0,62431.1,62370.9,62417.0,124.477
2024-03-02 01:51:00,62417.1,62450.0,62397.3,62397.4,166.88
2024-03-02 01:52:00,62397.4,62400.0,62353.3,62377.3,115.595
2024-03-02 01:53:00,62377.3,62450.0,62377.3,62447.6,141.355
2024-03-02 01:54:00,62447.6,62450.0,62436.2,62439.2,52.436
2024-03-02 01:55:00,62439.2,62450.0,62385.6,62449.9,256.612
2024-03-02 01:56:00,62450.0,62477.9,62446.2,62473.8,247.662
2024-03-02 01:57:00,62473.9,62500.0,62455.4,62486.0,222.721
2024-03-02 01:58:00,62485.9,62562.1,62485.9,62542.1,375.249
2024-03-02 01:59:00,62542.2,62554.4,62515.1,62554.4,166.138
2024-03-02 02:00:00,62554.4,62627.0,62537.1,62591.9,651.388
2024-03-02 02:01:00,62591.9,62592.0,62459.0,62504.9,506.603
2024-03-02 02:02:00,62505.0,62536.6,62486.0,62486.0,144.455
2024-03-02 02:03:00,62486.1,62523.0,62467.8,62522.9,98.659
2024-03-02 02:04:00,62523.0,62603.7,62523.0,62580.0,286.439
2024-03-02 02:05:00,62580.1,62608.1,62577.0,62597.4,112.683
2024-03-02 02:06:00,62597.5,62655.7,62594.8,62655.6,322.386
2024-03-02 02:07:00,62655.7,62655.7,62591.3,62605.0,163.592
2024-03-02 02:08:00,62605.0,62643.4,62601.9,62630.0,215.294
2024-03-02 02:09:00,62630.1,62640.0,62590.7,62625.5,180.13
2024-03-02 02:10:00,62625.6,62630.0,62560.0,62587.7,270.329
2024-03-02 02:11:00,62587.8,62637.8,62573.4,62593.5,168.587
2024-03-02 02:12:00,62593.5,62642.0,62593.4,62637.1,305.064
2024-03-02 02:13:00,62637.2,62680.8,62630.7,62668.2,458.564
2024-03-02 02:14:00,62668.2,62680.6,62613.3,62636.5,186.631
2024-03-02 02:15:00,62636.4,62705.8,62618.5,62690.8,295.336
2024-03-02 02:16:00,62693.5,62731.0,62678.0,62724.1,336.127
2024-03-02 02:17:00,62724.1,62734.6,62643.2,62662.6,267.973
2024-03-02 02:18:00,62662.7,62700.0,62603.7,62611.2,160.866
2024-03-02 02:19:00,62611.2,62612.9,62519.3,62519.6,310.243
2024-03-02 02:20:00,62519.7,62559.7,62472.8,62520.0,365.43
2024-03-02 02:21:00,62520.0,62623.1,62520.0,62623.0,216.601
2024-03-02 02:22:00,62623.1,62679.3,62623.0,62674.0,200.584
2024-03-02 02:23:00,62674.1,62718.0,62666.4,62712.8,143.229
2024-03-02 02:24:00,62712.7,62850.0,62678.4,62827.2,1132.679
2024-03-02 02:25:00,62827.3,62943.8,62800.0,62910.4,1364.682
2024-03-02 02:26:00,62910.3,63013.5,62900.3,62993.5,857.014
2024-03-02 02:27:00,62993.5,63106.8,62947.4,63069.9,1310.87
2024-03-02 02:28:00,63070.0,63199.0,63060.0,63179.7,1656.075
2024-03-02 02:29:00,63179.7,63179.8,62935.4,62936.9,1544.044
2024-03-02 02:30:00,62936.9,62961.0,62672.9,62672.9,2174.832
2024-03-02 02:31:00,62672.9,62801.3,62623.2,62796.8,897.733
2024-03-02 02:32:00,62796.8,62809.3,62553.3,62583.4,871.185
2024-03-02 02:33:00,62583.4,62600.0,62458.7,62597.7,814.843
2024-03-02 02:34:00,62597.7,62600.0,62424.1,62445.5,725.886
2024-03-02 02:35:00,62445.5,62623.3,62445.5,62606.8,586.759
2024-03-02 02:36:00,62606.8,62636.9,62445.4,62470.0,346.111
2024-03-02 02:37:00,62470.1,62545.4,62470.0,62483.2,597.811
2024-03-02 02:38:00,62483.1,62513.3,62352.6,62381.4,678.872
2024-03-02 02:39:00,62381.4,62497.8,62379.9,62454.3,593.312
2024-03-02 02:40:00,62454.2,62600.0,62454.2,62600.0,666.445
2024-03-02 02:41:00,62599.9,62647.1,62557.0,62579.1,642.504
2024-03-02 02:42:00,62579.2,62663.7,62565.6,62650.6,225.584
2024-03-02 02:43:00,62650.7,62699.0,62646.3,62694.2,278.191
2024-03-02 02:44:00,62694.1,62793.3,62679.1,62776.1,630.815
2024-03-02 02:45:00,62776.0,62849.0,62758.7,62820.5,444.327
2024-03-02 02:46:00,62820.5,62880.0,62794.0,62843.0,559.021
2024-03-02 02:47:00,62842.7,62928.0,62837.7,62915.5,393.925
2024-03-02 02:48:00,62915.5,62925.0,62697.4,62708.4,1049.262
2024-03-02 02:49:00,62708.5,62730.1,62631.6,62633.7,788.485
2024-03-02 02:50:00,62633.8,62704.8,62601.0,62698.5,299.382
2024-03-02 02:51:00,62698.6,62745.8,62677.1,62703.8,202.71
2024-03-02 02:52:00,62703.8,62798.0,62703.8,62776.0,203.665
2024-03-02 02:53:00,62775.9,62855.3,62770.2,62795.9,270.78
2024-03-02 02:54:00,62795.9,62831.6,62750.0,62754.1,168.346
2024-03-02 02:55:00,62754.1,62850.0,62754.1,62808.1,375.345
2024-03-02 02:56:00,62808.2,62818.1,62769.8,62814.0,102.523
2024-03-02 02:57:00,62814.0,62825.6,62732.6,62758.4,172.73
2024-03-02 02:58:00,62760.0,62822.0,62760.0,62794.0,143.084
2024-03-02 02:59:00,62793.9,62825.6,62784.3,62809.3,108.091
2024-03-02 03:00:00,62809.3,62872.0,62809.3,62853.1,327.512
2024-03-02 03:01:00,62853.2,62853.2,62746.2,62749.8,197.135
2024-03-02 03:02:00,62749.8,62819.5,62745.3,62764.4,164.812
2024-03-02 03:03:00,62764.4,62764.5,62700.7,62723.6,253.506
2024-03-02 03:04:00,62723.6,62752.2,62701.6,62706.9,103.426
2024-03-02 03:05:00,62706.9,62752.2,62681.2,62741.9,123.605
2024-03-02 03:06:00,62742.0,62770.2,62698.0,62744.4,96.402
2024-03-02 03:07:00,62744.4,62774.1,62725.4,62764.4,198.146
2024-03-02 03:08:00,62764.4,62764.5,62682.7,62685.8,94.95
2024-03-02 03:09:00,62685.9,62701.9,62653.8,62689.5,128.286
2024-03-02 03:10:00,62689.5,62689.5,62634.0,62649.2,138.464
2024-03-02 03:11:00,62649.2,62667.1,62622.0,62666.8,109.526
2024-03-02 03:12:00,62666.8,62666.8,62560.4,62605.6,329.978
2024-03-02 03:13:00,62605.7,62684.5,62605.6,62677.0,104.825
2024-03-02 03:14:00,62676.9,62697.4,62668.3,62687.4,117.202
2024-03-02 03:15:00,62687.4,62725.9,62685.1,62700.1,114.378
2024-03-02 03:16:00,62700.0,62700.1,62628.0,62652.0,99.487
2024-03-02 03:17:00,62652.1,62652.1,62600.0,62630.7,116.848
2024-03-02 03:18:00,62630.8,62630.8,62583.8,62583.8,84.914
2024-03-02 03:19:00,62583.9,62649.4,62583.9,62649.4,100.582
2024-03-02 03:20:00,62649.4,62664.7,62591.9,62592.0,89.088
2024-03-02 03:21:00,62591.9,62615.7,62565.0,62593.5,103.852
2024-03-02 03:22:00,62593.5,62645.5,62584.9,62628.2,157.619
2024-03-02 03:23:00,62628.2,62664.7,62624.0,62631.5,77.943
2024-03-02 03:24:00,62631.5,62643.3,62624.0,62624.1,61.425
2024-03-02 03:25:00,62624.1,62624.1,62591.9,62606.4,38.47
2024-03-02 03:26:00,62606.4,62661.7,62606.3,62640.0,105.513
2024-03-02 03:27:00,62640.0,62675.1,62624.0,62666.3,107.232
2024-03-02 03:28:00,62666.4,62673.7,62602.0,62602.1,55.355
2024-03-02 03:29:00,62602.1,62602.1,62538.8,62565.4,357.115
2024-03-02 03:30:00,62565.5,62565.5,62512.1,62522.8,213.987
2024-03-02 03:31:00,62523.8,62579.8,62521.4,62567.8,96.637
2024-03-02 03:32:00,62567.9,62596.9,62545.4,62568.6,85.505
2024-03-02 03:33:00,62568.7,62570.0,62506.6,62508.3,101.372
2024-03-02 03:34:00,62508.4,62529.9,62500.3,62500.8,90.662
2024-03-02 03:35:00,62500.9,62552.3,62500.8,62530.2,88.057
2024-03-02 03:36:00,62530.2,62561.4,62530.2,62561.3,29.189
2024-03-02 03:37:00,62561.3,62585.2,62540.8,62555.9,306.523
2024-03-02 03:38:00,62556.0,62564.6,62514.4,62538.4,84.655
2024-03-02 03:39:00,62538.4,62538.4,62456.9,62493.4,258.366
2024-03-02 03:40:00,62493.5,62575.0,62493.4,62575.0,76.618
2024-03-02 03:41:00,62574.9,62575.0,62520.4,62528.2,105.8
2024-03-02 03:42:00,62528.3,62556.2,62520.0,62556.2,84.038
2024-03-02 03:43:00,62556.1,62556.2,62514.5,62517.0,52.308
2024-03-02 03:44:00,62517.1,62533.0,62514.5,62532.9,32.195
2024-03-02 03:45:00,62532.9,62533.0,62499.4,62528.7,94.667
2024-03-02 03:46:00,62528.7,62546.9,62503.7,62510.4,102.623
2024-03-02 03:47:00,62510.4,62543.3,62510.3,62523.3,39.947
2024-03-02 03:48:00,62523.2,62529.6,62480.4,62500.0,80.622
2024-03-02 03:49:00,62500.0,62505.7,62480.5,62483.0,89.323
2024-03-02 03:50:00,62483.1,62498.6,62462.5,62476.0,105.342
2024-03-02 03:51:00,62477.0,62498.0,62468.5,62498.0,52.068
2024-03-02 03:52:00,62497.9,62572.3,62497.9,62572.3,109.085
2024-03-02 03:53:00,62572.2,62685.0,62569.7,62636.7,593.019
2024-03-02 03:54:00,62636.7,62730.5,62634.8,62722.3,413.05
2024-03-02 03:55:00,62722.2,62722.3,62582.4,62599.0,528.972
2024-03-02 03:56:00,62599.0,62599.0,62563.1,62589.9,99.536
2024-03-02 03:57:00,62589.1,62589.1,62486.0,62486.1,216.791
2024-03-02 03:58:00,62486.1,62523.5,62469.3,62469.3,297.503
2024-03-02 03:59:00,62469.4,62469.4,62407.1,62407.5,258.781
2024-03-02 04:00:00,62407.6,62407.6,62365.6,62380.5,303.855
2024-03-02 04:01:00,62380.5,62451.0,62380.4,62412.7,215.166
2024-03-02 04:02:00,62412.6,62431.2,62398.0,62412.1,171.622
2024-03-02 04:03:00,62412.1,62423.6,62398.9,62402.3,58.669
2024-03-02 04:04:00,62402.4,62402.4,62359.9,62365.1,207.921
2024-03-02 04:05:00,62365.1,62428.6,62365.0,62428.6,123.173
2024-03-02 04:06:00,62428.5,62470.0,62428.5,62470.0,82.513
2024-03-02 04:07:00,62469.9,62485.5,62469.9,62485.5,23.627
2024-03-02 04:08:00,62485.4,62486.0,62443.3,62459.9,253.537
2024-03-02 04:09:00,62459.9,62484.5,62459.8,62478.1,42.393
2024-03-02 04:10:00,62478.1,62478.2,62421.0,62422.8,56.077
2024-03-02 04:11:00,62422.8,62470.0,62422.8,62470.0,105.526
2024-03-02 04:12:00,62469.9,62487.7,62469.9,62487.7,15.384
2024-03-02 04:13:00,62487.6,62512.9,62487.6,62504.1,58.393
2024-03-02 04:14:00,62504.1,62504.1,62461.4,62461.4,25.161
2024-03-02 04:15:00,62461.5,62461.5,62400.0,62400.0,97.33
2024-03-02 04:16:00,62400.1,62400.1,62360.4,62373.0,125.418
2024-03-02 04:17:00,62373.1,62455.4,62373.0,62446.0,63.994
2024-03-02 04:18:00,62446.0,62446.1,62422.0,62422.0,18.563
2024-03-02 04:19:00,62422.1,62422.1,62388.2,62388.3,23.632
2024-03-02 04:20:00,62388.3,62388.3,62366.0,62370.1,87.045
2024-03-02 04:21:00,62370.1,62482.1,62370.0,62474.9,169.25
2024-03-02 04:22:00,62474.8,62481.1,62463.5,62469.8,103.488
2024-03-02 04:23:00,62469.8,62469.9,62430.5,62430.5,38.099
2024-03-02 04:24:00,62430.6,62430.6,62418.0,62420.0,35.253
2024-03-02 04:25:00,62420.0,62420.0,62419.0,62419.1,16.595
2024-03-02 04:26:00,62419.1,62419.1,62418.9,62419.0,13.294
2024-03-02 04:27:00,62419.0,62419.0,62410.8,62410.8,16.451
2024-03-02 04:28:00,62410.9,62668.8,62410.8,62654.1,1381.999
2024-03-02 04:29:00,62654.0,62654.1,62509.9,62534.0,872.392
2024-03-02 04:30:00,62534.1,62665.8,62534.0,62664.6,445.279
2024-03-02 04:31:00,62664.6,62664.6,62537.6,62537.6,223.52
2024-03-02 04:32:00,62537.7,62599.2,62537.6,62570.0,79.578
2024-03-02 04:33:00,62570.0,62576.9,62519.1,62535.0,170.775
2024-03-02 04:34:00,62535.0,62560.4,62515.0,62560.4,91.022
2024-03-02 04:35:00,62559.8,62600.0,62559.8,62590.0,77.018
2024-03-02 04:36:00,62589.9,62606.8,62559.0,62567.4,106.425
2024-03-02 04:37:00,62567.5,62567.5,62529.6,62534.4,204.448
2024-03-02 04:38:00,62534.5,62538.0,62507.2,62511.5,124.807
2024-03-02 04:39:00,62511.6,62536.5,62499.7,62533.9,117.2
2024-03-02 04:40:00,62533.9,62580.2,62533.9,62569.2,130.685
2024-03-02 04:41:00,62569.2,62605.2,62562.2,62587.1,63.984
2024-03-02 04:42:00,62587.1,62660.2,62587.1,62654.8,265.119
2024-03-02 04:43:00,62654.7,62688.8,62643.5,62672.0,308.945
2024-03-02 04:44:00,62671.9,62720.0,62671.9,62711.6,304.586
2024-03-02 04:45:00,62711.6,62796.0,62711.6,62724.9,481.179
2024-03-02 04:46:00,62724.9,62725.0,62648.3,62648.3,270.987
2024-03-02 04:47:00,62648.3,62662.6,62615.6,62634.3,168.236
2024-03-02 04:48:00,62634.3,62634.4,62616.1,62629.6,73.274
2024-03-02 04:49:00,62629.6,62671.5,62629.6,62631.6,107.622
2024-03-02 04:50:00,62631.6,62700.0,62619.5,62699.9,111.405
2024-03-02 04:51:00,62699.9,62749.7,62688.1,62731.4,80.262
2024-03-02 04:52:00,62731.4,62781.0,62691.8,62691.8,150.186
2024-03-02 04:53:00,62691.9,62755.0,62691.9,62744.0,109.185
2024-03-02 04:54:00,62742.0,62748.6,62712.7,62730.2,143.267
2024-03-02 04:55:00,62730.2,62730.3,62576.2,62590.4,737.695
2024-03-02 04:56:00,62590.5,62657.9,62588.0,62656.0,143.529
2024-03-02 04:57:00,62655.9,62656.0,62599.7,62602.7,146.622
2024-03-02 04:58:00,62602.8,62625.9,62582.2,62625.8,358.207
2024-03-02 04:59:00,62625.7,62625.7,62570.5,62599.5,223.039
2024-03-02 05:00:00,62598.3,62599.0,62576.8,62585.8,88.773
2024-03-02 05:01:00,62585.9,62585.9,62525.6,62537.5,211.149
2024-03-02 05:02:00,62537.8,62612.4,62535.3,62588.6,437.771
2024-03-02 05:03:00,62588.4,62662.8,62588.4,62615.6,181.658
2024-03-02 05:04:00,62615.5,62615.6,62584.8,62584.8,69.699
2024-03-02 05:05:00,62584.8,62584.9,62545.4,62549.9,83.249
2024-03-02 05:06:00,62550.0,62556.7,62476.0,62479.6,278.459
2024-03-02 05:07:00,62479.6,62485.5,62426.1,62430.1,199.542
2024-03-02 05:08:00,62430.1,62464.2,62388.0,62405.1,260.856
2024-03-02 05:09:00,62405.2,62478.5,62395.0,62456.5,262.507
2024-03-02 05:10:00,62456.4,62456.4,62420.6,62425.2,65.348
2024-03-02 05:11:00,62425.2,62432.8,62420.5,62432.8,266.677
2024-03-02 05:12:00,62432.8,62436.0,62400.0,62405.9,107.502
2024-03-02 05:13:00,62405.9,62428.4,62389.0,62399.3,86.623
2024-03-02 05:14:00,62399.3,62424.6,62399.3,62420.7,45.315
2024-03-02 05:15:00,62420.7,62514.7,62420.7,62514.6,363.655
2024-03-02 05:16:00,62514.6,62533.0,62482.8,62509.9,137.585
2024-03-02 05:17:00,62510.0,62558.7,62510.0,62548.0,101.879
2024-03-02 05:18:00,62548.0,62568.8,62517.0,62518.3,74.516
2024-03-02 05:19:00,62517.0,62517.0,62442.3,62450.0,122.073
2024-03-02 05:20:00,62450.0,62463.2,62392.0,62406.0,172.769
2024-03-02 05:21:00,62406.1,62425.0,62395.7,62423.3,121.419
2024-03-02 05:22:00,62423.3,62429.6,62405.0,62405.0,77.152
2024-03-02 05:23:00,62405.1,62479.8,62405.0,62473.1,73.58
2024-03-02 05:24:00,62473.0,62550.4,62465.2,62502.0,244.559
2024-03-02 05:25:00,62502.0,62502.1,62467.8,62467.8,53.053
2024-03-02 05:26:00,62467.9,62485.4,62441.6,62464.9,82.783
2024-03-02 05:27:00,62464.8,62471.8,62447.6,62452.9,40.847
2024-03-02 05:28:00,62452.9,62453.0,62426.0,62428.0,43.991
2024-03-02 05:29:00,62428.0,62441.1,62405.3,62430.6,181.476
2024-03-02 05:30:00,62430.6,62485.5,62413.4,62474.2,144.178
2024-03-02 05:31:00,62474.2,62487.4,62411.8,62411.9,66.151
2024-03-02 05:32:00,62411.9,62435.4,62388.0,62405.7,203.879
2024-03-02 05:33:00,62405.7,62431.8,62364.3,62423.9,269.883
2024-03-02 05:34:00,62423.9,62458.0,62405.0,62457.9,236.458
2024-03-02 05:35:00,62458.0,62496.0,62445.6,62460.0,272.581
2024-03-02 05:36:00,62460.1,62460.1,62359.1,62378.1,238.414
2024-03-02 05:37:00,62378.0,62417.4,62363.4,62394.7,152.213
2024-03-02 05:38:00,62394.7,62433.1,62363.6,62394.4,148.724
2024-03-02 05:39:00,62394.4,62423.4,62373.4,62373.5,140.318
2024-03-02 05:40:00,62373.4,62380.0,62318.0,62318.0,239.822
2024-03-02 05:41:00,62318.1,62359.6,62315.4,62333.5,317.73
2024-03-02 05:42:00,62333.5,62398.0,62333.5,62339.1,161.617
2024-03-02 05:43:00,62339.0,62373.0,62319.0,62352.6,88.001
2024-03-02 05:44:00,62352.6,62400.0,62352.6,62375.0,53.871
2024-03-02 05:45:00,62375.1,62375.1,62225.0,62275.9,399.312
2024-03-02 05:46:00,62275.9,62325.2,62272.1,62294.1,179.166
2024-03-02 05:47:00,62294.1,62329.9,62256.0,62325.1,206.335
2024-03-02 05:48:00,62325.1,62329.9,62277.9,62285.7,82.783
2024-03-02 05:49:00,62285.7,62357.4,62285.7,62317.5,76.826
2024-03-02 05:50:00,62317.5,62370.6,62310.5,62370.6,103.218
2024-03-02 05:51:00,62370.5,62389.0,62347.4,62385.7,116.072
2024-03-02 05:52:00,62385.6,62428.8,62374.4,62415.3,163.448
2024-03-02 05:53:00,62415.4,62434.8,62380.6,62388.8,106.767
2024-03-02 05:54:00,62388.9,62400.0,62386.0,62396.3,77.858
2024-03-02 05:55:00,62396.3,62406.5,62357.4,62396.8,59.538
2024-03-02 05:56:00,62396.9,62400.6,62374.9,62390.3,37.759
2024-03-02 05:57:00,62390.3,62394.7,62363.7,62375.6,45.009
2024-03-02 05:58:00,62375.5,62385.8,62350.2,62356.9,82.088
2024-03-02 05:59:00,62357.0,62381.0,62346.2,62362.3,53.11
2024-03-02 06:00:00,62362.4,62362.4,62318.8,62346.2,103.331
2024-03-02 06:01:00,62346.2,62392.8,62326.9,62384.9,136.736
2024-03-02 06:02:00,62384.8,62431.0,62360.3,62370.9,113.07
2024-03-02 06:03:00,62370.8,62394.0,62304.2,62328.3,103.907
2024-03-02 06:04:00,62328.2,62338.1,62277.8,62277.8,119.648
2024-03-02 06:05:00,62278.3,62324.6,62268.0,62303.2,110.106
2024-03-02 06:06:00,62303.1,62312.4,62280.8,62284.0,47.896
2024-03-02 06:07:00,62284.0,62284.8,62243.6,62284.8,154.22
2024-03-02 06:08:00,62284.8,62312.4,62272.5,62312.4,65.472
2024-03-02 06:09:00,62312.4,62314.2,62272.8,62273.0,63.36
2024-03-02 06:10:00,62272.9,62293.2,62248.6,62262.3,100.986
2024-03-02 06:11:00,62262.3,62273.8,62241.3,62248.4,76.493
2024-03-02 06:12:00,62248.4,62256.5,62190.9,62248.4,342.11
2024-03-02 06:13:00,62248.4,62280.2,62236.6,62254.1,97.384
2024-03-02 06:14:00,62254.1,62269.0,62245.2,62250.0,116.417
2024-03-02 06:15:00,62250.0,62265.7,62230.0,62241.7,171.682
2024-03-02 06:16:00,62241.6,62241.6,62167.3,62230.5,268.682
2024-03-02 06:17:00,62230.4,62299.7,62206.4,62289.3,126.445
2024-03-02 06:18:00,62289.3,62319.2,62286.3,62304.0,167.4
2024-03-02 06:19:00,62304.0,62327.8,62275.5,62275.5,76.031
2024-03-02 06:20:00,62275.6,62291.3,62256.0,62265.0,62.947
2024-03-02 06:21:00,62265.0,62286.2,62210.0,62221.1,91.811
2024-03-02 06:22:00,62221.2,62287.7,62221.1,62287.7,55.319
2024-03-02 06:23:00,62287.6,62313.4,62264.2,62310.4,55.848
2024-03-02 06:24:00,62310.3,62326.9,62304.8,62326.6,60.669
2024-03-02 06:25:00,62326.5,62347.3,62307.5,62344.1,63.077
2024-03-02 06:26:00,62344.0,62374.7,62340.0,62374.6,117.469
2024-03-02 06:27:00,62374.6,62400.0,62367.3,62385.2,108.515
2024-03-02 06:28:00,62385.1,62397.7,62368.4,62392.2,59.266
2024-03-02 06:29:00,62392.2,62392.3,62371.1,62371.1,44.509
2024-03-02 06:30:00,62371.1,62379.6,62321.3,62337.3,154.226
2024-03-02 06:31:00,62337.3,62348.1,62313.1,62313.2,62.816
2024-03-02 06:32:00,62313.1,62327.3,62303.2,62314.2,100.896
2024-03-02 06:33:00,62314.2,62337.0,62299.5,62313.1,91.082
2024-03-02 06:34:00,62313.0,62313.1,62284.6,62288.2,48.744
2024-03-02 06:35:00,62288.1,62326.3,62266.3,62322.0,63.525
2024-03-02 06:36:00,62322.0,62352.0,62305.0,62338.4,51.701
2024-03-02 06:37:00,62338.3,62351.1,62256.9,62256.9,90.404
2024-03-02 06:38:00,62256.9,62256.9,62182.7,62201.4,224.386
2024-03-02 06:39:00,62201.4,62230.0,62184.7,62204.1,122.762
2024-03-02 06:40:00,62204.0,62206.4,62163.6,62186.5,148.262
2024-03-02 06:41:00,62186.4,62188.3,62123.0,62134.3,262.652
2024-03-02 06:42:00,62134.2,62167.2,62118.0,62121.3,170.218
2024-03-02 06:43:00,62121.2,62163.0,62121.2,62142.2,141.746
2024-03-02 06:44:00,62142.1,62142.2,62101.6,62101.6,162.363
2024-03-02 06:45:00,62101.6,62160.0,62101.6,62141.5,122.781
2024-03-02 06:46:00,62141.4,62180.9,62122.3,62180.9,91.702
2024-03-02 06:47:00,62180.8,62240.0,62180.8,62196.7,130.304
2024-03-02 06:48:00,62196.7,62196.7,62130.0,62136.7,89.849
2024-03-02 06:49:00,62136.6,62149.6,62078.5,62087.7,219.686
2024-03-02 06:50:00,62087.7,62109.4,62076.9,62105.4,135.328
2024-03-02 06:51:00,62105.3,62105.4,62044.0,62066.3,219.371
2024-03-02 06:52:00,62066.3,62079.7,62030.4,62067.0,159.638
2024-03-02 06:53:00,62066.9,62071.3,62035.9,62055.2,136.501
2024-03-02 06:54:00,62055.2,62069.6,62004.0,62004.0,270.929
2024-03-02 06:55:00,62004.1,62137.8,62004.1,62117.2,268.462
2024-03-02 06:56:00,62117.1,62185.3,62110.9,62178.5,136.598
2024-03-02 06:57:00,62178.4,62197.0,62164.6,62174.2,104.643
2024-03-02 06:58:00,62174.2,62216.7,62167.9,62216.7,134.546
2024-03-02 06:59:00,62216.6,62220.0,62189.2,62194.9,93.346
2024-03-02 07:00:00,62194.8,62222.2,62189.3,62222.2,52.836
2024-03-02 07:01:00,62222.1,62246.1,62222.1,62244.2,89.135
2024-03-02 07:02:00,62244.2,62288.0,62225.7,62282.2,193.537
2024-03-02 07:03:00,62282.1,62296.0,62232.8,62241.8,87.588
2024-03-02 07:04:00,62241.7,62241.7,62174.8,62179.7,65.776
2024-03-02 07:05:00,62179.7,62200.8,62173.7,62173.7,67.28
2024-03-02 07:06:00,62173.8,62179.8,62158.9,62158.9,30.084
2024-03-02 07:07:00,62158.9,62191.6,62158.9,62191.6,31.873
2024-03-02 07:08:00,62191.5,62221.4,62191.5,62216.0,39.188
2024-03-02 07:09:00,62215.9,62216.0,62170.0,62170.0,29.705
2024-03-02 07:10:00,62170.1,62209.1,62150.7,62205.0,67.106
2024-03-02 07:11:00,62205.0,62253.0,62202.2,62244.6,65.565
2024-03-02 07:12:00,62244.9,62277.8,62242.1,62242.1,85.852
2024-03-02 07:13:00,62242.1,62242.2,62187.4,62187.5,74.999
2024-03-02 07:14:00,62187.4,62206.0,62187.4,62204.5,44.758
2024-03-02 07:15:00,62204.5,62219.4,62204.5,62218.1,31.559
2024-03-02 07:16:00,62218.0,62218.0,62187.7,62194.3,52.833
2024-03-02 07:17:00,62194.3,62256.3,62190.7,62256.3,57.578
2024-03-02 07:18:00,62256.2,62260.8,62220.5,62220.5,39.229
2024-03-02 07:19:00,62220.5,62220.5,62171.0,62171.0,37.088
2024-03-02 07:20:00,62171.0,62171.0,62092.0,62099.4,125.373
2024-03-02 07:21:00,62099.4,62129.6,62095.5,62106.7,74.338
2024-03-02 07:22:00,62106.7,62150.0,62106.7,62140.6,68.761
2024-03-02 07:23:00,62140.5,62140.6,62100.0,62116.2,60.804
2024-03-02 07:24:00,62116.1,62141.0,62111.2,62111.2,51.7
2024-03-02 07:25:00,62111.2,62132.7,62092.7,62092.7,59.02
2024-03-02 07:26:00,62092.7,62115.0,62076.9,62101.4,70.397
2024-03-02 07:27:00,62101.4,62114.3,62060.0,62091.4,63.572
2024-03-02 07:28:00,62091.4,62101.0,62075.2,62093.0,52.744
2024-03-02 07:29:00,62092.9,62109.6,62088.9,62089.0,51.679
2024-03-02 07:30:00,62088.9,62250.0,62082.2,62239.5,685.898
2024-03-02 07:31:00,62239.5,62248.8,62125.0,62125.0,159.511
2024-03-02 07:32:00,62125.0,62143.7,62100.0,62137.9,162.977
2024-03-02 07:33:00,62137.9,62141.9,62121.0,62121.1,63.186
2024-03-02 07:34:00,62121.0,62130.1,62045.7,62050.0,184.296
2024-03-02 07:35:00,62050.0,62050.0,62004.6,62037.8,222.217
2024-03-02 07:36:00,62037.7,62054.2,62014.1,62014.6,204.628
2024-03-02 07:37:00,62014.6,62061.2,62014.6,62053.0,63.416
2024-03-02 07:38:00,62052.9,62116.5,62052.9,62089.9,102.59
2024-03-02 07:39:00,62089.9,62102.7,62055.6,62055.7,89.827
2024-03-02 07:40:00,62055.6,62066.5,62013.0,62013.4,100.028
2024-03-02 07:41:00,62013.4,62059.1,62013.4,62059.1,65.875
2024-03-02 07:42:00,62059.0,62074.7,62049.3,62056.2,56.714
2024-03-02 07:43:00,62056.1,62056.2,62030.0,62045.6,65.454
2024-03-02 07:44:00,62045.6,62094.0,62045.5,62079.9,80.697
2024-03-02 07:45:00,62079.8,62079.8,62014.8,62022.0,131.075
2024-03-02 07:46:00,62022.0,62036.0,62012.8,62017.8,41.024
2024-03-02 07:47:00,62017.7,62073.1,62017.7,62073.0,147.806
2024-03-02 07:48:00,62073.0,62135.0,62062.0,62135.0,84.697
2024-03-02 07:49:00,62134.9,62135.0,62091.7,62094.9,62.057
2024-03-02 07:50:00,62094.8,62094.9,62059.4,62059.4,32.984
2024-03-02 07:51:00,62059.4,62165.0,62050.0,62142.4,176.962
2024-03-02 07:52:00,62142.4,62154.7,62105.5,62107.9,75.498
2024-03-02 07:53:00,62107.9,62118.6,62072.3,62118.6,80.929
2024-03-02 07:54:00,62118.6,62167.8,62118.6,62155.9,74.844
2024-03-02 07:55:00,62155.9,62212.5,62150.0,62193.1,90.422
2024-03-02 07:56:00,62193.1,62202.7,62165.3,62201.8,81.974
2024-03-02 07:57:00,62201.7,62201.8,62149.0,62149.0,58.1
2024-03-02 07:58:00,62149.0,62149.1,62107.7,62120.0,40.421
2024-03-02 07:59:00,62120.0,62148.2,62113.3,62142.6,56.413
2024-03-02 08:00:00,62142.6,62211.6,62142.6,62183.3,69.632
2024-03-02 08:01:00,62183.2,62236.6,62167.1,62236.6,84.467
2024-03-02 08:02:00,62236.5,62286.0,62219.5,62266.2,269.136
2024-03-02 08:03:00,62266.1,62271.2,62189.5,62189.6,101.013
2024-03-02 08:04:00,62189.5,62216.4,62189.5,62211.7,67.877
2024-03-02 08:05:00,62211.6,62233.2,62191.4,62207.4,32.344
2024-03-02 08:06:00,62207.4,62207.4,62180.2,62186.3,60.151
2024-03-02 08:07:00,62186.2,62186.2,62149.4,62149.5,50.69
2024-03-02 08:08:00,62149.4,62168.2,62123.1,62134.0,53.779
2024-03-02 08:09:00,62134.0,62134.0,62120.0,62123.0,24.932
2024-03-02 08:10:00,62123.0,62123.1,62105.0,62110.0,40.643
2024-03-02 08:11:00,62110.0,62110.0,62085.5,62085.5,28.261
2024-03-02 08:12:00,62085.5,62085.6,62067.2,62067.7,85.152
2024-03-02 08:13:00,62067.6,62097.7,62038.4,62090.2,131.858
2024-03-02 08:14:00,62090.2,62122.9,62088.7,62093.8,46.232
2024-03-02 08:15:00,62093.8,62154.1,62093.3,62140.7,78.079
2024-03-02 08:16:00,62140.6,62140.6,62062.1,62071.8,51.433
2024-03-02 08:17:00,62071.8,62104.0,62069.0,62088.7,21.676
2024-03-02 08:18:00,62088.6,62124.6,62086.8,62115.9,41.398
2024-03-02 08:19:00,62115.8,62165.4,62115.8,62151.2,101.42
2024-03-02 08:20:00,62151.2,62161.1,62092.3,62100.0,140.465
2024-03-02 08:21:00,62100.0,62100.1,62071.6,62081.4,43.012
2024-03-02 08:22:00,62081.4,62099.5,62081.4,62083.7,55.094
2024-03-02 08:23:00,62083.7,62128.0,62083.7,62128.0,82.841
2024-03-02 08:24:00,62127.9,62210.0,62127.9,62186.9,226.533
2024-03-02 08:25:00,62186.8,62198.1,62175.1,62184.5,77.151
2024-03-02 08:26:00,62184.6,62202.5,62180.1,62187.4,36.924
2024-03-02 08:27:00,62187.3,62200.0,62152.2,62195.0,84.43
2024-03-02 08:28:00,62195.0,62242.4,62169.7,62213.4,152.057
2024-03-02 08:29:00,62213.4,62230.0,62179.2,62180.0,89.597
2024-03-02 08:30:00,62180.1,62216.4,62180.0,62187.8,59.065
2024-03-02 08:31:00,62187.8,62193.1,62170.0,62170.0,34.969
2024-03-02 08:32:00,62170.0,62170.1,62138.7,62155.1,69.036
2024-03-02 08:33:00,62155.0,62330.0,62155.0,62324.4,501.899
2024-03-02 08:34:00,62324.3,62330.0,62254.6,62254.7,153.552
2024-03-02 08:35:00,62254.6,62254.7,62215.3,62215.3,78.246
2024-03-02 08:36:00,62215.4,62227.6,62200.8,62227.5,51.002
2024-03-02 08:37:00,62227.5,62227.5,62152.2,62159.3,104.53
2024-03-02 08:38:00,62159.3,62166.5,62134.4,62163.1,111.681
2024-03-02 08:39:00,62163.3,62180.2,62130.0,62137.2,64.078
2024-03-02 08:40:00,62137.1,62152.7,62090.0,62094.1,163.285
2024-03-02 08:41:00,62094.0,62125.0,62090.0,62122.1,101.425
2024-03-02 08:42:00,62122.1,62180.2,62122.1,62173.4,83.277
2024-03-02 08:43:00,62173.4,62173.5,62137.7,62150.0,40.922
2024-03-02 08:44:00,62150.0,62160.0,62136.2,62158.4,51.009
2024-03-02 08:45:00,62156.6,62166.2,62111.5,62111.6,70.611
2024-03-02 08:46:00,62111.5,62128.0,62092.8,62099.1,147.254
2024-03-02 08:47:00,62099.1,62129.6,62088.0,62129.6,43.977
2024-03-02 08:48:00,62129.5,62191.8,62129.5,62191.8,61.561
2024-03-02 08:49:00,62191.9,62196.6,62136.9,62136.9,41.795
2024-03-02 08:50:00,62136.9,62150.1,62114.5,62114.5,67.523
2024-03-02 08:51:00,62114.5,62139.0,62114.5,62136.9,23.65
2024-03-02 08:52:00,62136.9,62150.1,62124.2,62150.0,98.361
2024-03-02 08:53:00,62150.0,62195.0,62150.0,62182.3,213.962
2024-03-02 08:54:00,62182.3,62220.0,62182.3,62220.0,89.63
2024-03-02 08:55:00,62219.9,62242.4,62219.9,62227.9,96.15
2024-03-02 08:56:00,62227.9,62227.9,62191.8,62216.1,58.758
2024-03-02 08:57:00,62216.0,62225.7,62202.0,62202.6,35.366
2024-03-02 08:58:00,62202.6,62213.0,62200.0,62200.1,41.001
2024-03-02 08:59:00,62200.0,62219.3,62200.0,62207.4,37.917
2024-03-02 09:00:00,62207.4,62236.5,62202.0,62233.2,69.773
2024-03-02 09:01:00,62233.2,62255.4,62229.1,62252.4,67.302
2024-03-02 09:02:00,62252.4,62301.7,62246.9,62301.6,139.548
2024-03-02 09:03:00,62301.7,62443.6,62290.0,62400.8,901.113
2024-03-02 09:04:00,62400.7,62440.4,62393.1,62410.1,320.442
2024-03-02 09:05:00,62410.1,62513.1,62410.1,62483.7,628.716
2024-03-02 09:06:00,62483.6,62489.7,62368.5,62374.8,472.994
2024-03-02 09:07:00,62374.8,62404.9,62374.8,62382.7,117.134
2024-03-02 09:08:00,62382.6,62393.7,62350.0,62372.4,135.815
2024-03-02 09:09:00,62372.4,62380.0,62358.9,62379.9,105.657
2024-03-02 09:10:00,62379.9,62410.0,62344.1,62344.1,72.333
2024-03-02 09:11:00,62344.1,62478.4,62342.2,62468.6,309.699
2024-03-02 09:12:00,62468.6,62468.6,62400.0,62426.4,144.91
2024-03-02 09:13:00,62426.4,62429.4,62397.3,62418.3,80.56
2024-03-02 09:14:00,62418.3,62418.3,62379.1,62407.9,82.247
2024-03-02 09:15:00,62408.0,62420.0,62369.3,62408.3,62.277
2024-03-02 09:16:00,62408.3,62413.1,62271.1,62297.3,659.986
2024-03-02 09:17:00,62297.2,62350.0,62291.9,62350.0,146.384
2024-03-02 09:18:00,62350.0,62381.4,62349.9,62377.8,91.978
2024-03-02 09:19:00,62377.8,62377.9,62306.2,62334.2,216.574
2024-03-02 09:20:00,62334.1,62334.2,62290.9,62291.1,165.755
2024-03-02 09:21:00,62291.0,62291.1,62257.0,62272.8,183.179
2024-03-02 09:22:00,62272.8,62334.1,62263.2,62334.0,130.003
2024-03-02 09:23:00,62334.1,62334.2,62300.6,62300.6,85.31
2024-03-02 09:24:00,62300.6,62300.7,62266.1,62266.1,66.545
2024-03-02 09:25:00,62266.1,62315.8,62266.1,62300.8,56.417
2024-03-02 09:26:00,62300.9,62332.6,62297.6,62332.6,80.817
2024-03-02 09:27:00,62332.9,62354.1,62320.8,62354.1,51.56
2024-03-02 09:28:00,62354.0,62378.9,62351.7,62378.9,45.382
2024-03-02 09:29:00,62378.8,62378.9,62366.9,62374.3,50.496
2024-03-02 09:30:00,62374.4,62380.0,62312.2,62312.2,191.977
2024-03-02 09:31:00,62312.2,62344.8,62305.7,62305.7,99.778
2024-03-02 09:32:00,62305.7,62327.1,62293.0,62293.1,71.466
2024-03-02 09:33:00,62293.0,62299.9,62280.4,62292.8,62.453
2024-03-02 09:34:00,62293.8,62293.8,62255.4,62258.0,79.866
2024-03-02 09:35:00,62258.1,62286.2,62255.4,62268.6,269.415
2024-03-02 09:36:00,62268.6,62326.1,62268.5,62311.2,84.085
2024-03-02 09:37:00,62311.1,62316.0,62274.5,62274.5,64.518
2024-03-02 09:38:00,62274.6,62288.0,62255.4,62288.0,52.076
2024-03-02 09:39:00,62288.0,62290.7,62261.5,62271.9,36.639
2024-03-02 09:40:00,62271.9,62271.9,62243.7,62244.5,94.602
2024-03-02 09:41:00,62244.6,62252.7,62214.4,62216.3,105.684
2024-03-02 09:42:00,62216.3,62263.6,62204.6,62238.1,118.292
2024-03-02 09:43:00,62238.1,62238.1,62200.0,62204.8,69.671
2024-03-02 09:44:00,62204.9,62327.1,62200.8,62270.0,567.317
2024-03-02 09:45:00,62269.9,62331.8,62268.9,62289.3,158.51
2024-03-02 09:46:00,62289.3,62301.0,62275.0,62283.9,75.489
2024-03-02 09:47:00,62283.9,62284.0,62225.3,62246.7,155.348
2024-03-02 09:48:00,62246.7,62260.1,62208.6,62210.9,194.02
2024-03-02 09:49:00,62210.8,62227.9,62189.6,62205.5,96.818
2024-03-02 09:50:00,62205.5,62205.6,62147.0,62179.7,178.226
2024-03-02 09:51:00,62179.6,62179.7,62146.8,62166.1,84.346
2024-03-02 09:52:00,62166.2,62235.8,62166.2,62212.4,67.738
2024-03-02 09:53:00,62212.4,62212.5,62158.7,62158.7,85.504
2024-03-02 09:54:00,62158.8,62168.1,62138.0,62141.1,104.875
2024-03-02 09:55:00,62141.2,62171.9,62137.0,62163.8,96.161
2024-03-02 09:56:00,62163.7,62221.6,62150.0,62221.6,73.383
2024-03-02 09:57:00,62221.5,62233.1,62179.7,62184.1,112.311
2024-03-02 09:58:00,62184.0,62226.0,62184.0,62224.0,41.843
2024-03-02 09:59:00,62224.0,62224.0,62188.0,62206.5,81.57
2024-03-02 10:00:00,62206.5,62206.8,62170.6,62190.9,66.131
2024-03-02 10:01:00,62190.9,62205.0,62182.6,62197.3,48.658
2024-03-02 10:02:00,62197.3,62222.7,62197.2,62222.7,59.592
2024-03-02 10:03:00,62222.6,62230.0,62212.4,62214.8,67.119
2024-03-02 10:04:00,62214.8,62240.0,62207.4,62240.0,36.999
2024-03-02 10:05:00,62240.0,62263.6,62225.8,62261.2,100.504
2024-03-02 10:06:00,62261.2,62267.4,62230.3,62230.3,99.001
2024-03-02 10:07:00,62230.3,62270.0,62230.3,62270.0,46.124
2024-03-02 10:08:00,62269.9,62294.7,62256.4,62294.7,96.947
2024-03-02 10:09:00,62294.6,62334.6,62294.6,62334.0,173.186
2024-03-02 10:10:00,62334.0,62341.6,62320.3,62341.6,92.32
2024-03-02 10:11:00,62341.6,62366.2,62331.6,62332.0,189.56
2024-03-02 10:12:00,62331.9,62331.9,62265.0,62265.3,159.977
2024-03-02 10:13:00,62265.8,62274.0,62250.0,62260.2,62.648
2024-03-02 10:14:00,62260.2,62269.1,62232.6,62236.4,67.763
2024-03-02 10:15:00,62236.5,62238.9,62207.0,62210.4,76.601
2024-03-02 10:16:00,62210.4,62251.3,62207.1,62251.3,42.076
2024-03-02 10:17:00,62251.3,62279.3,62240.9,62256.7,116.797
2024-03-02 10:18:00,62256.6,62270.3,62256.6,62265.1,20.864
2024-03-02 10:19:00,62265.1,62291.9,62265.1,62290.3,52.972
2024-03-02 10:20:00,62290.3,62290.4,62204.4,62206.0,233.594
2024-03-02 10:21:00,62206.0,62218.1,62165.5,62189.1,217.146
2024-03-02 10:22:00,62189.0,62206.1,62188.2,62199.9,52.546
2024-03-02 10:23:00,62199.9,62200.0,62181.9,62187.2,50.451
2024-03-02 10:24:00,62187.2,62187.2,62153.3,62159.8,68.239
2024-03-02 10:25:00,62159.8,62170.2,62150.1,62154.7,52.759
2024-03-02 10:26:00,62154.6,62167.0,62143.3,62167.0,59.571
2024-03-02 10:27:00,62167.0,62167.0,62119.3,62119.4,100.816
2024-03-02 10:28:00,62119.3,62130.9,62105.9,62105.9,99.614
2024-03-02 10:29:00,62106.0,62106.0,62100.0,62100.0,46.329
2024-03-02 10:30:00,62100.0,62100.1,62076.5,62090.0,155.737
2024-03-02 10:31:00,62090.0,62143.0,62090.0,62138.4,149.493
2024-03-02 10:32:00,62138.4,62150.0,62135.0,62142.2,210.197
2024-03-02 10:33:00,62142.2,62142.3,62080.1,62099.9,271.51
2024-03-02 10:34:00,62099.9,62099.9,62069.0,62069.0,73.246
2024-03-02 10:35:00,62069.0,62104.8,62068.0,62097.6,84.823
2024-03-02 10:36:00,62097.6,62097.6,62059.7,62064.4,107.001
2024-03-02 10:37:00,62064.3,62064.3,62025.8,62055.8,395.197
2024-03-02 10:38:00,62055.8,62099.6,62055.6,62096.2,104.712
2024-03-02 10:39:00,62096.2,62110.3,62083.0,62092.7,118.934
2024-03-02 10:40:00,62092.7,62095.9,62085.0,62092.7,38.699
2024-03-02 10:41:00,62094.6,62094.6,62067.5,62067.6,72.524
2024-03-02 10:42:00,62067.6,62071.2,62057.1,62069.9,49.513
2024-03-02 10:43:00,62070.0,62070.0,62035.0,62035.0,45.34
2024-03-02 10:44:00,62035.0,62049.5,62001.0,62012.0,251.447
2024-03-02 10:45:00,62012.6,62013.2,61835.3,61884.6,1904.317
2024-03-02 10:46:00,61884.7,61954.4,61864.9,61903.1,579.655
2024-03-02 10:47:00,61903.1,61960.0,61890.5,61907.1,577.193
2024-03-02 10:48:00,61907.1,61910.1,61820.0,61834.0,473.28
2024-03-02 10:49:00,61834.0,61900.0,61832.8,61869.5,487.055
2024-03-02 10:50:00,61869.4,61929.9,61869.4,61919.5,128.079
2024-03-02 10:51:00,61919.4,61943.0,61888.4,61908.1,163.863
2024-03-02 10:52:00,61908.1,61933.6,61901.1,61927.2,135.931
2024-03-02 10:53:00,61927.2,61978.8,61927.2,61937.9,330.669
2024-03-02 10:54:00,61938.0,61978.8,61930.2,61969.5,103.133
2024-03-02 10:55:00,61969.4,62032.2,61969.4,62000.1,221.988
2024-03-02 10:56:00,62000.0,62071.4,61996.2,62071.3,286.602
2024-03-02 10:57:00,62071.3,62099.9,62062.1,62097.3,224.292
2024-03-02 10:58:00,62097.3,62097.3,62037.2,62037.2,196.309
2024-03-02 10:59:00,62037.3,62037.3,61988.6,61990.9,204.224
2024-03-02 11:00:00,61990.0,61998.0,61977.0,61986.7,109.081
2024-03-02 11:01:00,61986.7,61996.6,61954.1,61954.1,131.325
2024-03-02 11:02:00,61954.1,61974.9,61950.0,61974.8,231.088
2024-03-02 11:03:00,61974.9,61974.9,61919.9,61925.0,151.511
2024-03-02 11:04:00,61925.0,61925.1,61900.8,61900.8,92.938
2024-03-02 11:05:00,61900.9,61948.9,61900.0,61940.7,252.86
2024-03-02 11:06:00,61940.7,61973.3,61938.8,61973.3,90.34
2024-03-02 11:07:00,61973.5,61999.7,61958.7,61958.8,110.266
2024-03-02 11:08:00,61958.7,61958.8,61940.0,61947.4,55.296
2024-03-02 11:09:00,61947.4,61997.2,61947.4,61997.2,36.854
2024-03-02 11:10:00,61997.2,62040.0,61997.2,62030.7,84.384
2024-03-02 11:11:00,62030.7,62040.0,62015.7,62023.1,213.654
2024-03-02 11:12:00,62023.2,62031.8,62007.0,62022.7,40.613
2024-03-02 11:13:00,62022.7,62022.7,62000.0,62013.4,71.251
2024-03-02 11:14:00,62013.4,62013.4,61977.0,61983.3,55.696
2024-03-02 11:15:00,61983.4,62010.6,61974.7,61979.4,54.098
2024-03-02 11:16:00,61979.4,61986.9,61947.4,61972.0,75.982
2024-03-02 11:17:00,61971.9,62029.0,61963.6,62023.1,81.063
2024-03-02 11:18:00,62023.1,62040.0,62018.3,62037.9,62.117
2024-03-02 11:19:00,62038.0,62038.0,62015.9,62020.4,54.61
2024-03-02 11:20:00,62020.4,62054.0,62020.4,62046.1,83.96
2024-03-02 11:21:00,62046.1,62066.3,62046.1,62062.2,70.645
2024-03-02 11:22:00,62062.3,62062.3,61991.0,62023.7,390.704
2024-03-02 11:23:00,62023.8,62028.9,61994.5,61994.6,51.696
2024-03-02 11:24:00,61994.6,62002.9,61992.3,62000.1,50.29
2024-03-02 11:25:00,62000.1,62009.8,61993.9,62001.6,39.418
2024-03-02 11:26:00,62001.1,62011.2,61990.1,62011.2,51.023
2024-03-02 11:27:00,62011.2,62016.4,61993.6,62016.4,46.711
2024-03-02 11:28:00,62016.4,62079.3,62016.3,62072.5,96.167
2024-03-02 11:29:00,62072.5,62094.2,62063.0,62072.4,163.08
2024-03-02 11:30:00,62072.4,62083.2,62055.0,62060.9,97.948
2024-03-02 11:31:00,62061.0,62061.0,62024.4,62036.5,87.302
2024-03-02 11:32:00,62036.5,62087.0,62036.5,62086.1,72.995
2024-03-02 11:33:00,62086.1,62090.0,62067.8,62090.0,94.193
2024-03-02 11:34:00,62090.0,62097.0,62089.0,62094.4,64.436
2024-03-02 11:35:00,62094.3,62118.9,62051.9,62052.0,152.425
2024-03-02 11:36:00,62052.0,62063.4,62051.0,62052.9,37.525
2024-03-02 11:37:00,62052.9,62061.8,62052.9,62060.0,26.553
2024-03-02 11:38:00,62060.0,62060.0,62031.7,62038.1,39.425
2024-03-02 11:39:00,62038.1,62054.5,62038.0,62054.5,43.314
2024-03-02 11:40:00,62054.4,62095.9,62054.4,62095.9,93.511
2024-03-02 11:41:00,62095.9,62095.9,62052.1,62077.4,96.842
2024-03-02 11:42:00,62077.4,62099.0,62077.4,62093.9,37.123
2024-03-02 11:43:00,62093.9,62128.8,62093.8,62116.9,188.707
2024-03-02 11:44:00,62116.8,62116.9,62095.1,62104.7,88.317
2024-03-02 11:45:00,62104.7,62158.2,62104.6,62146.8,222.22
2024-03-02 11:46:00,62146.9,62174.0,62136.0,62172.0,154.665
2024-03-02 11:47:00,62172.0,62325.6,62166.9,62313.6,1500.447
2024-03-02 11:48:00,62313.5,62328.0,62250.9,62302.0,342.002
2024-03-02 11:49:00,62302.1,62306.8,62263.9,62263.9,145.789
2024-03-02 11:50:00,62263.9,62277.1,62230.7,62277.1,358.723
2024-03-02 11:51:00,62277.0,62325.5,62269.2,62323.9,98.902
2024-03-02 11:52:00,62324.0,62324.0,62248.0,62248.1,106.33
2024-03-02 11:53:00,62248.0,62252.7,62214.0,62214.1,68.099
2024-03-02 11:54:00,62214.0,62244.6,62214.0,62243.5,60.2
2024-03-02 11:55:00,62243.6,62267.4,62240.0,62250.0,70.104
2024-03-02 11:56:00,62249.9,62270.4,62190.8,62269.9,120.719
2024-03-02 11:57:00,62269.8,62335.8,62266.9,62307.0,314.81
2024-03-02 11:58:00,62306.9,62306.9,62268.0,62298.9,99.316
2024-03-02 11:59:00,62298.9,62337.1,62270.0,62327.0,144.124
2024-03-02 12:00:00,62327.0,62327.0,62252.5,62270.5,134.353
2024-03-02 12:01:00,62270.4,62270.5,62207.4,62207.4,113.054
2024-03-02 12:02:00,62207.4,62209.0,62179.4,62205.2,153.626
2024-03-02 12:03:00,62205.1,62219.0,62182.3,62190.8,52.88
2024-03-02 12:04:00,62190.7,62233.8,62185.8,62219.9,45.004
2024-03-02 12:05:00,62219.9,62253.9,62208.8,62240.4,48.641
2024-03-02 12:06:00,62240.3,62246.0,62193.9,62210.3,51.793
2024-03-02 12:07:00,62210.3,62210.4,62158.3,62173.8,137.171
2024-03-02 12:08:00,62173.7,62203.7,62173.7,62187.0,99.536
2024-03-02 12:09:00,62186.9,62235.7,62182.8,62230.7,51.739
2024-03-02 12:10:00,62230.7,62232.1,62187.0,62193.9,71.635
2024-03-02 12:11:00,62194.0,62194.0,62139.0,62139.0,113.969
2024-03-02 12:12:00,62138.8,62140.4,62137.8,62138.1,31.904
2024-03-02 12:13:00,62138.0,62145.8,62131.9,62139.5,104.641
2024-03-02 12:14:00,62139.4,62181.6,62138.9,62177.2,101.337
2024-03-02 12:15:00,62177.2,62211.4,62151.8,62211.3,93.214
2024-03-02 12:16:00,62211.3,62238.9,62202.1,62216.3,89.559
2024-03-02 12:17:00,62216.3,62220.1,62185.0,62185.0,74.673
2024-03-02 12:18:00,62185.1,62185.1,62133.3,62139.1,52.881
2024-03-02 12:19:00,62139.1,62142.1,62137.3,62142.1,27.043
2024-03-02 12:20:00,62142.0,62158.4,62131.8,62145.9,165.992
2024-03-02 12:21:00,62145.8,62172.9,62142.7,62155.5,25.296
2024-03-02 12:22:00,62155.5,62161.9,62119.7,62122.0,177.218
2024-03-02 12:23:00,62121.9,62122.0,62085.9,62085.9,145.087
2024-03-02 12:24:00,62085.9,62122.9,62068.0,62122.9,68.439
2024-03-02 12:25:00,62122.9,62131.2,62112.5,62112.6,23.112
2024-03-02 12:26:00,62112.6,62112.6,62093.0,62103.2,71.474
2024-03-02 12:27:00,62103.2,62105.5,62088.8,62088.8,27.902
2024-03-02 12:28:00,62088.8,62088.9,62040.0,62040.0,92.871
2024-03-02 12:29:00,62040.0,62040.1,62000.0,62020.0,261.149
2024-03-02 12:30:00,62019.9,62069.5,62009.9,62036.9,148.679
2024-03-02 12:31:00,62036.9,62042.7,61976.1,61991.3,95.089
2024-03-02 12:32:00,61991.3,62007.2,61985.0,61985.0,75.827
2024-03-02 12:33:00,61985.0,62036.2,61985.0,61986.3,94.65
2024-03-02 12:34:00,61986.4,61986.4,61961.0,61967.9,94.021
2024-03-02 12:35:00,61967.9,61970.0,61903.4,61915.7,261.8
2024-03-02 12:36:00,61915.7,61940.0,61915.6,61939.9,88.743
2024-03-02 12:37:00,61940.0,62029.9,61939.9,62002.1,418.974
2024-03-02 12:38:00,62002.0,62029.1,61988.0,61988.1,91.068
2024-03-02 12:39:00,61988.0,62017.5,61984.0,61984.0,60.657
2024-03-02 12:40:00,61984.1,61984.1,61870.0,61872.4,301.949
2024-03-02 12:41:00,61872.5,61950.0,61872.4,61937.3,75.126
2024-03-02 12:42:00,61937.4,61974.4,61937.3,61967.3,146.131
2024-03-02 12:43:00,61967.3,61992.8,61967.3,61975.4,68.416
2024-03-02 12:44:00,61975.5,61975.5,61946.0,61946.0,38.685
2024-03-02 12:45:00,61946.0,61967.9,61935.3,61964.7,101.272
2024-03-02 12:46:00,61964.7,61964.7,61926.6,61926.7,65.77
2024-03-02 12:47:00,61926.6,61943.6,61897.5,61917.8,214.005
2024-03-02 12:48:00,61917.8,61998.8,61913.5,61995.7,75.141
2024-03-02 12:49:00,61995.7,62028.0,61985.5,62024.6,105.806
2024-03-02 12:50:00,62024.5,62027.0,61954.2,61968.8,179.239
2024-03-02 12:51:00,61968.8,61989.3,61960.0,61989.3,43.205
2024-03-02 12:52:00,61989.3,62022.4,61977.4,62019.3,60.293
2024-03-02 12:53:00,62019.3,62054.1,61982.9,62051.5,134.626
2024-03-02 12:54:00,62051.5,62051.5,62004.5,62008.9,71.954
2024-03-02 12:55:00,62008.8,62008.9,61970.8,61982.9,63.888
2024-03-02 12:56:00,61983.0,61985.7,61969.9,61969.9,30.117
2024-03-02 12:57:00,61969.9,62003.0,61960.0,62002.9,46.448
2024-03-02 12:58:00,62003.0,62003.0,61951.6,61971.2,67.838
2024-03-02 12:59:00,61971.3,61971.3,61940.0,61945.5,67.588
2024-03-02 13:00:00,61945.5,61965.4,61920.0,61929.7,122.685
2024-03-02 13:01:00,61929.7,61951.5,61929.7,61938.1,70.105
2024-03-02 13:02:00,61938.1,61939.1,61906.7,61920.4,72.699
2024-03-02 13:03:00,61920.3,61964.1,61902.9,61964.1,97.041
2024-03-02 13:04:00,61964.0,61964.1,61920.2,61944.4,108.368
2024-03-02 13:05:00,61944.4,61980.2,61944.4,61967.7,54.569
2024-03-02 13:06:00,61967.8,61967.8,61918.9,61919.0,37.998
2024-03-02 13:07:00,61919.0,61970.5,61919.0,61964.5,43.674
2024-03-02 13:08:00,61964.4,61991.3,61964.4,61991.2,58.695
2024-03-02 13:09:00,61991.1,61991.2,61958.3,61972.3,77.415
2024-03-02 13:10:00,61972.3,61984.4,61939.2,61950.6,83.505
2024-03-02 13:11:00,61950.6,62009.9,61950.5,62009.8,46.843
2024-03-02 13:12:00,62009.8,62021.8,62000.2,62003.3,68.716
2024-03-02 13:13:00,62003.4,62017.1,62003.3,62017.1,23.315
2024-03-02 13:14:00,62017.0,62028.0,62002.4,62025.3,72.71
2024-03-02 13:15:00,62025.3,62028.0,61986.8,62028.0,64.081
2024-03-02 13:16:00,62027.9,62028.0,61996.0,61998.4,75.427
2024-03-02 13:17:00,61998.4,62008.1,61964.3,61964.3,61.015
2024-03-02 13:18:00,61964.3,61990.0,61942.4,61981.8,121.256
2024-03-02 13:19:00,61981.8,61993.1,61978.6,61980.2,59.34
2024-03-02 13:20:00,61980.3,61998.0,61980.2,61997.9,21.121
2024-03-02 13:21:00,61997.9,62035.3,61997.9,62035.3,83.036
2024-03-02 13:22:00,62035.3,62051.5,62024.5,62051.4,84.325
2024-03-02 13:23:00,62051.5,62077.8,62051.4,62077.7,107.442
2024-03-02 13:24:00,62077.6,62095.9,62068.7,62089.8,119.419
2024-03-02 13:25:00,62089.8,62102.0,62078.1,62102.0,99.85
2024-03-02 13:26:00,62102.0,62102.0,62073.6,62075.6,86.898
2024-03-02 13:27:00,62075.6,62077.7,62045.3,62063.6,79.361
2024-03-02 13:28:00,62063.5,62087.9,62051.7,62086.9,60.515
2024-03-02 13:29:00,62086.9,62086.9,62071.8,62071.9,25.981
2024-03-02 13:30:00,62071.9,62089.3,62061.5,62089.3,169.077
2024-03-02 13:31:00,62089.3,62138.6,62089.2,62133.1,149.356
2024-03-02 13:32:00,62133.0,62133.1,62079.8,62081.0,95.422
2024-03-02 13:33:00,62081.1,62090.4,62070.9,62075.4,36.111
2024-03-02 13:34:00,62075.5,62112.6,62070.8,62105.8,54.923
2024-03-02 13:35:00,62105.7,62109.4,62071.1,62086.6,80.299
2024-03-02 13:36:00,62086.6,62086.6,62017.6,62017.7,131.754
2024-03-02 13:37:00,62017.6,62028.4,62000.0,62012.4,122.405
2024-03-02 13:38:00,62012.4,62041.9,62000.0,62022.3,62.479
2024-03-02 13:39:00,62022.2,62022.3,61996.2,62005.4,68.306
2024-03-02 13:40:00,62005.5,62013.4,61993.2,61993.2,24.185
2024-03-02 13:41:00,61993.3,62007.4,61975.9,61975.9,76.56
2024-03-02 13:42:00,61976.0,62001.1,61970.0,62001.1,138.651
2024-03-02 13:43:00,62001.1,62001.9,61988.0,62001.7,70.309
2024-03-02 13:44:00,62001.8,62011.5,61988.0,62002.0,171.261
2024-03-02 13:45:00,62002.1,62046.6,62002.0,62010.6,77.502
2024-03-02 13:46:00,62010.7,62035.7,62010.6,62014.0,36.436
2024-03-02 13:47:00,62014.1,62029.2,62002.0,62029.2,65.159
2024-03-02 13:48:00,62029.2,62043.0,62010.0,62022.0,75.474
2024-03-02 13:49:00,62022.0,62022.0,61988.0,61990.0,190.929
2024-03-02 13:50:00,61989.9,62015.0,61988.0,62014.9,182.966
2024-03-02 13:51:00,62014.9,62015.0,61966.3,61966.3,143.51
2024-03-02 13:52:00,61966.3,61966.3,61908.6,61912.0,212.957
2024-03-02 13:53:00,61912.0,61913.1,61888.8,61889.5,282.883
2024-03-02 13:54:00,61889.1,61905.8,61855.0,61905.8,289.139
2024-03-02 13:55:00,61905.8,61933.0,61905.7,61909.4,90.111
2024-03-02 13:56:00,61909.1,61909.1,61850.0,61855.2,163.394
2024-03-02 13:57:00,61855.2,61926.3,61855.2,61920.0,97.203
2024-03-02 13:58:00,61920.0,61966.8,61920.0,61961.8,75.549
2024-03-02 13:59:00,61961.7,61986.6,61961.7,61986.5,60.26
2024-03-02 14:00:00,61986.5,61986.6,61885.8,61911.4,270.387
2024-03-02 14:01:00,61911.4,61968.6,61911.3,61964.7,56.387
2024-03-02 14:02:00,61964.7,61992.0,61949.9,61992.0,77.071
2024-03-02 14:03:00,61991.9,62019.6,61973.9,62019.6,85.687
2024-03-02 14:04:00,62019.5,62038.9,62019.5,62035.3,88.314
2024-03-02 14:05:00,62035.3,62039.9,62020.7,62039.8,38.369
2024-03-02 14:06:00,62039.8,62092.0,62039.8,62068.7,192.712
2024-03-02 14:07:00,62068.6,62099.3,62057.3,62096.1,89.153
2024-03-02 14:08:00,62096.0,62096.0,62022.3,62029.9,194.986
2024-03-02 14:09:00,62030.0,62063.9,62030.0,62063.8,29.911
2024-03-02 14:10:00,62063.9,62072.2,62055.0,62066.4,58.252
2024-03-02 14:11:00,62066.4,62072.6,62040.9,62069.4,46.209
2024-03-02 14:12:00,62069.3,62119.0,62069.3,62118.9,130.145
2024-03-02 14:13:00,62119.0,62136.0,62109.9,62135.9,104.657
2024-03-02 14:14:00,62136.0,62150.9,62125.6,62150.3,117.816
2024-03-02 14:15:00,62150.2,62158.9,62134.9,62150.0,150.322
2024-03-02 14:16:00,62149.9,62217.7,62147.5,62188.2,559.277
2024-03-02 14:17:00,62188.3,62189.1,62116.4,62150.5,189.711
2024-03-02 14:18:00,62150.5,62152.0,62110.0,62115.9,84.185
2024-03-02 14:19:00,62115.8,62137.1,62113.4,62128.4,59.179
2024-03-02 14:20:00,62128.3,62137.6,62067.2,62070.8,83.401
2024-03-02 14:21:00,62072.0,62140.0,62071.9,62104.6,110.546
2024-03-02 14:22:00,62104.7,62108.8,62090.1,62091.0,28.977
2024-03-02 14:23:00,62091.0,62091.1,62067.2,62070.3,21.639
2024-03-02 14:24:00,62070.3,62070.4,62040.0,62063.4,95.799
2024-03-02 14:25:00,62063.4,62094.6,62058.7,62084.0,53.409
2024-03-02 14:26:00,62084.1,62084.1,62033.8,62047.6,66.505
2024-03-02 14:27:00,62047.5,62047.5,62014.8,62027.4,42.302
2024-03-02 14:28:00,62027.4,62047.0,62025.4,62041.2,25.932
2024-03-02 14:29:00,62041.3,62041.3,62020.0,62026.8,24.973
2024-03-02 14:30:00,62026.8,62073.2,62019.4,62066.6,68.54
2024-03-02 14:31:00,62066.6,62066.6,62034.0,62035.1,37.64
2024-03-02 14:32:00,62035.0,62041.0,61975.1,61976.5,247.017
2024-03-02 14:33:00,61976.6,61993.0,61962.4,61990.7,118.021
2024-03-02 14:34:00,61990.7,62022.4,61990.7,62022.4,44.072
2024-03-02 14:35:00,62023.0,62029.1,61994.5,62008.6,36.024
2024-03-02 14:36:00,62008.5,62008.5,61984.1,61992.7,52.079
2024-03-02 14:37:00,61992.6,62010.1,61982.6,61988.4,49.56
2024-03-02 14:38:00,61988.4,62007.3,61988.4,62002.0,16.232
2024-03-02 14:39:00,62001.2,62007.1,61996.0,62000.0,22.007
2024-03-02 14:40:00,62000.0,62000.0,61970.2,61992.0,67.491
2024-03-02 14:41:00,61992.7,61998.9,61973.3,61987.1,30.551
2024-03-02 14:42:00,61987.1,62022.0,61980.0,62016.3,51.832
2024-03-02 14:43:00,62016.3,62041.3,62008.9,62041.3,31.134
2024-03-02 14:44:00,62041.3,62050.0,62028.7,62039.6,68.444
2024-03-02 14:45:00,62039.5,62041.2,61989.1,61989.1,140.126
2024-03-02 14:46:00,61989.1,61989.2,61929.4,61929.4,174.706
2024-03-02 14:47:00,61929.4,61956.5,61918.2,61918.2,142.143
2024-03-02 14:48:00,61918.2,61943.7,61899.1,61909.9,227.401
2024-03-02 14:49:00,61910.0,61967.6,61893.3,61920.7,201.851
2024-03-02 14:50:00,61920.8,61968.3,61911.3,61920.6,170.918
2024-03-02 14:51:00,61919.3,61938.6,61894.1,61905.1,184.54
2024-03-02 14:52:00,61905.2,61925.4,61895.7,61895.7,90.021
2024-03-02 14:53:00,61895.7,61904.9,61884.2,61890.1,112.823
2024-03-02 14:54:00,61890.1,61901.9,61886.8,61901.8,199.103
2024-03-02 14:55:00,61901.9,61945.0,61870.0,61933.7,256.695
2024-03-02 14:56:00,61933.6,61950.1,61900.5,61950.0,90.226
2024-03-02 14:57:00,61950.1,61982.2,61950.0,61977.2,101.484
2024-03-02 14:58:00,61977.2,61977.2,61920.0,61922.9,100.586
2024-03-02 14:59:00,61922.8,61925.2,61920.3,61920.3,94.562
2024-03-02 15:00:00,61920.4,61926.1,61875.0,61875.0,250.568
2024-03-02 15:01:00,61875.0,61880.6,61730.0,61769.0,1388.031
2024-03-02 15:02:00,61769.1,61783.9,61711.5,61763.7,728.515
2024-03-02 15:03:00,61763.8,61870.1,61747.1,61854.7,507.175
2024-03-02 15:04:00,61854.8,61854.8,61787.4,61839.1,202.642
2024-03-02 15:05:00,61839.1,61845.0,61795.2,61830.6,154.099
2024-03-02 15:06:00,61830.5,61845.0,61799.9,61820.9,149.064
2024-03-02 15:07:00,61820.9,61821.0,61760.9,61764.3,167.527
2024-03-02 15:08:00,61764.3,61768.2,61733.4,61743.2,234.356
2024-03-02 15:09:00,61743.2,61832.9,61743.2,61809.1,144.695
2024-03-02 15:10:00,61808.1,61850.0,61799.7,61837.9,115.156
2024-03-02 15:11:00,61837.8,61837.9,61744.7,61786.4,359.985
2024-03-02 15:12:00,61786.4,61843.6,61786.4,61798.0,103.009
2024-03-02 15:13:00,61798.0,61828.4,61798.0,61825.5,82.938
2024-03-02 15:14:00,61825.6,61836.9,61811.4,61832.7,114.604
2024-03-02 15:15:00,61832.7,61837.8,61803.0,61814.3,104.708
2024-03-02 15:16:00,61814.2,61823.8,61773.1,61806.3,97.357
2024-03-02 15:17:00,61806.3,61953.7,61806.3,61933.5,456.428
2024-03-02 15:18:00,61933.6,62014.1,61926.4,62000.0,618.461
2024-03-02 15:19:00,61999.9,62000.0,61955.0,61963.3,131.142
2024-03-02 15:20:00,61963.2,61983.4,61871.1,61871.1,340.902
2024-03-02 15:21:00,61871.2,61887.1,61791.7,61806.0,588.458
2024-03-02 15:22:00,61806.0,61831.6,61789.9,61803.7,225.493
2024-03-02 15:23:00,61803.7,61894.2,61803.7,61872.7,276.667
2024-03-02 15:24:00,61872.7,61914.4,61861.5,61903.1,75.992
2024-03-02 15:25:00,61903.1,61903.2,61862.2,61862.3,65.217
2024-03-02 15:26:00,61862.3,61885.2,61843.9,61874.0,52.746
2024-03-02 15:27:00,61874.1,61927.9,61872.0,61920.5,62.14
2024-03-02 15:28:00,61920.5,61920.5,61902.9,61913.0,31.736
2024-03-02 15:29:00,61912.9,61924.0,61890.9,61914.1,46.86
2024-03-02 15:30:00,61914.2,61925.6,61890.5,61894.7,71.0
2024-03-02 15:31:00,61894.7,61982.7,61890.6,61982.6,286.444
2024-03-02 15:32:00,61982.7,61997.6,61966.7,61996.9,356.706
2024-03-02 15:33:00,61996.9,62052.7,61996.9,62014.1,321.528
2024-03-02 15:34:00,62014.1,62031.4,62012.2,62023.7,76.54
2024-03-02 15:35:00,62023.7,62077.0,62014.8,62076.0,151.019
2024-03-02 15:36:00,62075.9,62097.4,62049.0,62052.9,421.416
2024-03-02 15:37:00,62051.7,62051.8,61989.1,62004.3,123.21
2024-03-02 15:38:00,62004.3,62048.3,62004.3,62039.1,67.003
2024-03-02 15:39:00,62039.0,62041.1,62025.2,62025.3,45.35
2024-03-02 15:40:00,62025.3,62040.0,62025.3,62039.8,35.156
2024-03-02 15:41:00,62039.8,62039.9,61975.2,62028.8,214.647
2024-03-02 15:42:00,62028.8,62028.8,62016.1,62025.6,48.08
2024-03-02 15:43:00,62025.6,62057.6,62025.5,62048.1,89.445
2024-03-02 15:44:00,62048.0,62048.1,62035.1,62036.1,66.088
2024-03-02 15:45:00,62036.0,62036.0,61981.4,61981.4,103.822
2024-03-02 15:46:00,61981.4,62016.9,61981.4,61990.7,52.392
2024-03-02 15:47:00,61990.6,62020.9,61990.6,62015.4,29.715
2024-03-02 15:48:00,62015.5,62044.0,62015.4,62044.0,40.397
2024-03-02 15:49:00,62044.0,62096.5,62043.9,62067.3,161.193
2024-03-02 15:50:00,62067.2,62070.9,62039.9,62056.2,86.929
2024-03-02 15:51:00,62056.2,62080.0,62046.9,62075.9,55.964
2024-03-02 15:52:00,62075.9,62088.0,62058.7,62088.0,43.7
2024-03-02 15:53:00,62087.9,62090.5,62061.0,62089.2,58.69
2024-03-02 15:54:00,62089.1,62089.2,62066.8,62069.9,49.028
2024-03-02 15:55:00,62069.9,62070.8,62039.1,62054.7,53.283
2024-03-02 15:56:00,62054.6,62069.3,62040.4,62044.3,43.602
2024-03-02 15:57:00,62044.3,62046.5,61970.0,62020.0,172.579
2024-03-02 15:58:00,62020.0,62020.0,61993.7,62010.5,62.081
2024-03-02 15:59:00,62010.6,62038.6,62010.5,62035.1,41.318
2024-03-02 16:00:00,62035.0,62060.2,62035.0,62059.7,52.581
2024-03-02 16:01:00,62059.6,62069.5,62037.6,62058.5,71.352
2024-03-02 16:02:00,62058.4,62078.5,62040.4,62078.5,128.926
2024-03-02 16:03:00,62078.4,62092.7,62053.3,62092.6,75.319
2024-03-02 16:04:00,62092.6,62107.1,62062.7,62071.6,123.546
2024-03-02 16:05:00,62071.5,62095.0,62070.7,62075.1,62.913
2024-03-02 16:06:00,62075.2,62088.4,62040.5,62070.4,67.646
2024-03-02 16:07:00,62070.4,62070.4,62041.7,62059.9,51.447
2024-03-02 16:08:00,62059.8,62059.9,62010.1,62019.7,119.465
2024-03-02 16:09:00,62019.6,62022.4,62003.8,62022.3,58.385
2024-03-02 16:10:00,62022.3,62029.7,62005.0,62029.7,42.206
2024-03-02 16:11:00,62029.7,62055.1,62029.6,62042.9,46.528
2024-03-02 16:12:00,62042.9,62063.8,62036.8,62043.7,34.958
2024-03-02 16:13:00,62043.6,62065.2,62043.6,62065.1,28.899
2024-03-02 16:14:00,62065.2,62075.0,62065.1,62075.0,20.364
2024-03-02 16:15:00,62075.0,62075.0,62014.6,62021.0,67.996
2024-03-02 16:16:00,62020.9,62020.9,62003.0,62003.1,27.39
2024-03-02 16:17:00,62003.0,62003.1,61989.1,61989.1,66.22
2024-03-02 16:18:00,61989.1,62002.0,61977.2,61980.8,100.203
2024-03-02 16:19:00,61980.8,61982.5,61937.8,61945.4,114.404
2024-03-02 16:20:00,61945.4,61957.8,61940.5,61951.0,70.354
2024-03-02 16:21:00,61950.2,61950.3,61925.0,61948.6,106.868
2024-03-02 16:22:00,61948.6,61972.9,61942.6,61972.9,83.329
2024-03-02 16:23:00,61972.8,61993.5,61966.0,61975.3,116.768
2024-03-02 16:24:00,61975.2,61975.2,61918.5,61932.8,83.769
2024-03-02 16:25:00,61932.7,61935.0,61900.0,61900.1,88.51
2024-03-02 16:26:00,61900.0,61944.8,61889.0,61936.7,183.261
2024-03-02 16:27:00,61936.6,61987.9,61923.6,61975.5,101.852
2024-03-02 16:28:00,61975.5,61987.5,61961.9,61962.5,81.39
2024-03-02 16:29:00,61962.4,61989.0,61962.4,61988.9,52.04
2024-03-02 16:30:00,61989.0,62064.5,61981.2,62044.9,288.787
2024-03-02 16:31:00,62044.8,62085.2,62044.8,62078.5,253.517
2024-03-02 16:32:00,62078.4,62100.0,62078.4,62096.4,188.748
2024-03-02 16:33:00,62096.3,62109.6,62087.5,62103.0,182.742
2024-03-02 16:34:00,62102.9,62106.1,62085.5,62090.1,188.448
2024-03-02 16:35:00,62090.1,62098.1,62083.8,62091.8,52.522
2024-03-02 16:36:00,62091.7,62095.0,62067.2,62087.5,97.058
2024-03-02 16:37:00,62087.5,62116.0,62082.0,62100.6,166.785
2024-03-02 16:38:00,62100.6,62107.0,62098.8,62106.9,47.91
2024-03-02 16:39:00,62106.9,62130.0,62102.8,62105.5,183.808
2024-03-02 16:40:00,62105.6,62105.6,62082.9,62082.9,95.2
2024-03-02 16:41:00,62082.9,62083.0,62052.4,62065.7,133.559
2024-03-02 16:42:00,62065.8,62072.0,62050.9,62051.0,53.715
2024-03-02 16:43:00,62050.9,62051.0,62027.8,62042.7,65.78
2024-03-02 16:44:00,62042.7,62069.5,62041.2,62044.6,55.841
2024-03-02 16:45:00,62044.5,62076.0,62044.5,62075.9,32.941
2024-03-02 16:46:00,62075.8,62102.6,62075.8,62102.6,50.952
2024-03-02 16:47:00,62102.6,62114.7,62067.5,62078.5,161.024
2024-03-02 16:48:00,62078.5,62078.5,62030.0,62030.0,65.545
2024-03-02 16:49:00,62030.0,62030.1,62017.4,62022.2,38.365
2024-03-02 16:50:00,62022.2,62022.3,61994.3,62000.0,41.72
2024-03-02 16:51:00,62000.0,62000.0,61985.0,61985.0,50.616
2024-03-02 16:52:00,61985.0,61994.7,61961.0,61971.0,110.292
2024-03-02 16:53:00,61971.0,61971.5,61952.7,61952.9,42.905
2024-03-02 16:54:00,61952.8,61961.4,61934.8,61943.3,149.429
2024-03-02 16:55:00,61943.4,61943.4,61904.2,61922.4,197.299
2024-03-02 16:56:00,61922.3,61941.0,61922.3,61941.0,106.15
2024-03-02 16:57:00,61940.9,61941.0,61924.0,61933.7,49.505
2024-03-02 16:58:00,61933.7,61978.9,61933.6,61976.9,81.461
2024-03-02 16:59:00,61977.0,62006.8,61976.9,62006.7,53.812
2024-03-02 17:00:00,62006.8,62033.9,61975.7,61975.7,136.604
2024-03-02 17:01:00,61975.8,61975.8,61923.6,61923.6,54.17
2024-03-02 17:02:00,61923.7,61929.7,61910.4,61924.6,91.521
2024-03-02 17:03:00,61924.5,61945.5,61912.2,61943.3,89.267
2024-03-02 17:04:00,61943.4,61954.5,61939.2,61954.5,82.716
2024-03-02 17:05:00,61954.5,61992.0,61948.8,61958.9,161.384
2024-03-02 17:06:00,61958.6,61958.6,61939.3,61939.3,31.93
2024-03-02 17:07:00,61939.3,61945.7,61925.5,61932.4,46.717
2024-03-02 17:08:00,61932.5,61953.2,61932.4,61953.2,41.793
2024-03-02 17:09:00,61953.2,61959.7,61953.1,61959.6,21.25
2024-03-02 17:10:00,61959.7,61959.7,61937.6,61947.7,32.111
2024-03-02 17:11:00,61947.7,61991.3,61947.6,61991.3,37.166
2024-03-02 17:12:00,61991.3,62015.0,61991.3,62015.0,51.833
2024-03-02 17:13:00,62015.0,62018.9,62002.9,62018.9,30.608
2024-03-02 17:14:00,62018.9,62040.7,62018.8,62040.7,49.242
2024-03-02 17:15:00,62040.7,62040.7,62019.0,62019.1,47.856
2024-03-02 17:16:00,62019.1,62031.0,61996.3,62023.3,61.876
2024-03-02 17:17:00,62023.2,62028.0,62001.6,62028.0,29.197
2024-03-02 17:18:00,62028.0,62034.0,61991.3,61991.3,52.752
2024-03-02 17:19:00,61991.3,62017.5,61988.9,62001.9,105.801
2024-03-02 17:20:00,62001.9,62017.1,61990.2,61992.1,102.32
2024-03-02 17:21:00,61992.0,61992.1,61942.3,61971.1,73.919
2024-03-02 17:22:00,61971.1,61971.1,61941.0,61953.1,40.216
2024-03-02 17:23:00,61953.0,61996.3,61953.0,61985.8,56.388
2024-03-02 17:24:00,61985.8,61988.9,61972.2,61972.3,23.669
2024-03-02 17:25:00,61972.3,61972.3,61924.1,61941.6,68.025
2024-03-02 17:26:00,61941.7,61941.7,61907.8,61929.1,133.244
2024-03-02 17:27:00,61929.0,61943.0,61919.7,61919.7,47.51
2024-03-02 17:28:00,61919.7,61925.2,61916.8,61919.2,45.389
2024-03-02 17:29:00,61919.1,61919.1,61900.0,61900.0,109.304
2024-03-02 17:30:00,61900.0,61914.9,61894.2,61907.8,238.281
2024-03-02 17:31:00,61907.8,61930.0,61907.8,61924.5,105.539
2024-03-02 17:32:00,61924.5,61947.9,61924.5,61943.0,53.269
2024-03-02 17:33:00,61943.1,61943.1,61926.2,61929.3,54.823
2024-03-02 17:34:00,61929.3,61929.3,61920.1,61920.1,26.935
2024-03-02 17:35:00,61920.1,61960.6,61920.1,61954.5,72.876
2024-03-02 17:36:00,61954.6,61977.1,61947.0,61977.1,46.411
2024-03-02 17:37:00,61977.1,61990.0,61977.1,61989.9,53.319
2024-03-02 17:38:00,61990.0,61993.7,61979.9,61993.7,91.43
2024-03-02 17:39:00,61993.7,62010.1,61993.6,62006.1,93.25
2024-03-02 17:40:00,62006.1,62029.4,61979.5,61990.7,112.373
2024-03-02 17:41:00,61990.7,61990.7,61978.0,61984.5,40.07
2024-03-02 17:42:00,61984.6,62000.0,61978.1,61999.9,39.677
2024-03-02 17:43:00,61999.9,62015.7,61999.8,62015.7,30.654
2024-03-02 17:44:00,62015.7,62015.7,61996.2,61997.9,82.913
2024-03-02 17:45:00,61998.0,62007.5,61987.8,62007.5,43.007
2024-03-02 17:46:00,62007.5,62007.5,61980.0,61998.7,64.237
2024-03-02 17:47:00,61998.7,62007.0,61979.4,62007.0,42.511
2024-03-02 17:48:00,62007.0,62010.3,61991.0,62004.1,50.025
2024-03-02 17:49:00,62004.1,62007.5,61992.6,62007.5,56.488
2024-03-02 17:50:00,62007.5,62014.2,62007.5,62014.2,26.755
2024-03-02 17:51:00,62014.2,62022.5,62002.8,62022.5,58.627
2024-03-02 17:52:00,62022.5,62038.6,62022.4,62038.6,53.015
2024-03-02 17:53:00,62038.6,62056.0,62038.5,62056.0,81.431
2024-03-02 17:54:00,62056.0,62065.0,62055.9,62065.0,59.373
2024-03-02 17:55:00,62065.0,62076.9,62064.9,62066.7,110.779
2024-03-02 17:56:00,62066.7,62095.5,62066.7,62092.3,103.014
2024-03-02 17:57:00,62092.3,62092.3,62073.0,62073.1,86.464
2024-03-02 17:58:00,62073.1,62088.4,62073.0,62084.4,45.165
2024-03-02 17:59:00,62084.4,62086.1,62075.6,62086.1,69.781
2024-03-02 18:00:00,62086.1,62086.1,62063.5,62071.3,80.749
2024-03-02 18:01:00,62071.4,62071.4,62028.6,62028.6,96.864
2024-03-02 18:02:00,62028.7,62060.7,62002.0,62060.6,174.259
2024-03-02 18:03:00,62060.7,62060.7,62040.0,62040.1,20.486
2024-03-02 18:04:00,62040.1,62096.3,62040.0,62093.3,227.226
2024-03-02 18:05:00,62093.3,62169.8,62090.5,62163.1,590.409
2024-03-02 18:06:00,62163.2,62178.7,62146.0,62178.0,216.564
2024-03-02 18:07:00,62178.0,62208.0,62177.9,62180.8,298.369
2024-03-02 18:08:00,62180.9,62189.3,62161.6,62188.7,132.662
2024-03-02 18:09:00,62188.8,62205.0,62151.1,62165.1,281.087
2024-03-02 18:10:00,62165.1,62179.0,62156.0,62176.0,99.319
2024-03-02 18:11:00,62176.0,62184.0,62175.9,62183.9,88.08
2024-03-02 18:12:00,62184.0,62184.0,62151.1,62151.4,75.147
2024-03-02 18:13:00,62151.5,62151.5,62100.7,62147.9,344.052
2024-03-02 18:14:00,62147.9,62179.7,62144.3,62150.3,106.488
2024-03-02 18:15:00,62150.3,62160.0,62150.3,62159.9,24.08
2024-03-02 18:16:00,62160.0,62199.0,62159.9,62198.9,148.607
2024-03-02 18:17:00,62199.0,62221.8,62198.9,62221.8,253.219
2024-03-02 18:18:00,62221.8,62243.2,62193.7,62243.2,218.913
2024-03-02 18:19:00,62243.2,62248.2,62169.3,62169.4,181.396
2024-03-02 18:20:00,62169.4,62205.6,62169.4,62196.8,92.189
2024-03-02 18:21:00,62196.8,62199.9,62165.0,62165.0,75.878
2024-03-02 18:22:00,62165.1,62165.1,62135.4,62135.5,103.17
2024-03-02 18:23:00,62135.4,62135.4,62084.6,62113.4,298.532
2024-03-02 18:24:00,62113.4,62143.8,62113.3,62137.9,89.386
2024-03-02 18:25:00,62137.9,62168.6,62137.8,62164.0,50.048
2024-03-02 18:26:00,62164.0,62193.4,62150.3,62188.5,68.141
2024-03-02 18:27:00,62188.5,62188.5,62171.8,62171.8,33.201
2024-03-02 18:28:00,62171.9,62179.3,62166.8,62173.6,63.903
2024-03-02 18:29:00,62173.5,62173.6,62149.9,62156.0,53.44
2024-03-02 18:30:00,62156.0,62156.0,62145.5,62148.2,39.075
2024-03-02 18:31:00,62148.2,62148.3,62116.0,62116.1,108.281
2024-03-02 18:32:00,62116.0,62118.3,62105.0,62105.1,61.956
2024-03-02 18:33:00,62105.1,62112.0,62095.1,62097.6,122.396
2024-03-02 18:34:00,62097.6,62112.0,62091.4,62106.9,115.437
2024-03-02 18:35:00,62106.8,62106.9,62092.5,62092.6,28.034
2024-03-02 18:36:00,62092.6,62092.6,62014.0,62022.4,319.632
2024-03-02 18:37:00,62022.5,62048.2,62011.3,62039.2,163.505
2024-03-02 18:38:00,62039.2,62067.5,62039.2,62060.6,60.493
2024-03-02 18:39:00,62060.6,62067.0,62021.7,62021.8,148.263
2024-03-02 18:40:00,62021.8,62021.8,61997.4,62009.4,261.618
2024-03-02 18:41:00,62009.4,62019.2,61999.6,62019.1,114.295
2024-03-02 18:42:00,62019.1,62046.0,62019.0,62046.0,55.369
2024-03-02 18:43:00,62046.0,62046.0,62015.7,62027.7,69.356
2024-03-02 18:44:00,62027.7,62027.7,62000.0,62022.1,156.259
2024-03-02 18:45:00,62022.1,62023.1,62003.9,62008.6,63.429
2024-03-02 18:46:00,62008.7,62018.9,62004.0,62013.1,79.597
2024-03-02 18:47:00,62013.1,62057.9,62013.1,62057.8,106.983
2024-03-02 18:48:00,62057.9,62081.6,62050.1,62052.9,153.47
2024-03-02 18:49:00,62053.0,62057.2,62038.0,62045.9,84.57
2024-03-02 18:50:00,62046.0,62046.0,62005.3,62014.7,61.317
2024-03-02 18:51:00,62014.8,62027.5,62001.1,62023.7,62.925
2024-03-02 18:52:00,62023.8,62039.3,62023.7,62039.3,33.643
2024-03-02 18:53:00,62039.3,62040.9,62016.7,62023.4,60.324
2024-03-02 18:54:00,62023.5,62027.4,61999.9,61999.9,67.415
2024-03-02 18:55:00,62000.0,62012.4,61992.5,61997.4,77.403
2024-03-02 18:56:00,61997.4,62035.7,61997.3,62017.6,72.461
2024-03-02 18:57:00,62017.5,62031.7,62015.5,62015.5,34.941
2024-03-02 18:58:00,62015.5,62015.6,61971.1,61976.6,160.124
2024-03-02 18:59:00,61976.6,61976.6,61930.6,61941.4,193.542
2024-03-02 19:00:00,61941.4,61948.9,61903.7,61926.9,228.64
2024-03-02 19:01:00,61927.0,61940.1,61903.3,61940.1,119.172
2024-03-02 19:02:00,61940.0,61967.6,61928.2,61960.9,132.209
2024-03-02 19:03:00,61960.8,61968.7,61941.0,61968.6,121.686
2024-03-02 19:04:00,61968.7,61997.0,61968.7,61977.8,92.629
2024-03-02 19:05:00,61977.8,62014.3,61977.8,61995.1,132.333
2024-03-02 19:06:00,61995.0,62012.0,61982.8,62008.5,60.673
2024-03-02 19:07:00,62008.4,62008.5,61957.4,61957.4,51.595
2024-03-02 19:08:00,61957.5,61990.9,61950.8,61988.8,50.489
2024-03-02 19:09:00,61988.8,62009.7,61988.8,62009.7,38.572
2024-03-02 19:10:00,62009.7,62031.0,62009.6,62030.9,40.36
2024-03-02 19:11:00,62030.9,62031.0,62012.2,62018.9,80.1
2024-03-02 19:12:00,62018.9,62019.0,62004.9,62005.0,58.083
2024-03-02 19:13:00,62004.9,62012.5,62004.9,62006.5,29.33
2024-03-02 19:14:00,62006.6,62034.9,62006.5,62034.8,40.335
2024-03-02 19:15:00,62034.9,62062.1,62025.5,62039.0,177.273
2024-03-02 19:16:00,62039.0,62060.1,62035.0,62052.9,29.316
2024-03-02 19:17:00,62052.9,62053.9,62044.5,62052.5,44.551
2024-03-02 19:18:00,62052.5,62052.5,62010.3,62012.9,124.615
2024-03-02 19:19:00,62012.9,62019.4,62008.9,62019.4,51.466
2024-03-02 19:20:00,62019.3,62024.9,62015.3,62020.6,43.849
2024-03-02 19:21:00,62020.6,62020.6,62014.6,62015.7,12.253
2024-03-02 19:22:00,62015.7,62027.0,62015.6,62021.4,12.384
2024-03-02 19:23:00,62021.4,62023.2,62004.3,62004.4,28.316
2024-03-02 19:24:00,62004.4,62027.0,62004.3,62011.1,54.123
2024-03-02 19:25:00,62011.2,62014.2,61940.0,61940.0,143.963
2024-03-02 19:26:00,61940.1,61940.1,61889.0,61916.9,309.446
2024-03-02 19:27:00,61916.9,61919.6,61883.0,61891.9,268.892
2024-03-02 19:28:00,61891.9,61910.0,61891.9,61902.5,220.899
2024-03-02 19:29:00,61902.5,61902.6,61863.9,61864.0,199.933
2024-03-02 19:30:00,61864.0,61868.1,61820.0,61842.3,668.959
2024-03-02 19:31:00,61842.3,61842.3,61768.8,61793.3,748.096
2024-03-02 19:32:00,61793.3,61799.8,61726.1,61733.2,689.19
2024-03-02 19:33:00,61733.3,61733.3,61605.0,61654.3,1529.131
2024-03-02 19:34:00,61654.3,61778.0,61651.1,61680.3,714.934
2024-03-02 19:35:00,61680.3,61700.0,61665.4,61678.0,444.496
2024-03-02 19:36:00,61678.1,61690.0,61627.2,61637.7,308.885
2024-03-02 19:37:00,61637.6,61756.6,61637.6,61742.7,352.527
2024-03-02 19:38:00,61742.7,61807.7,61738.1,61775.9,317.187
2024-03-02 19:39:00,61775.9,61796.7,61736.0,61756.4,191.731
2024-03-02 19:40:00,61756.4,61799.0,61752.5,61774.3,175.916
2024-03-02 19:41:00,61774.2,61803.0,61755.9,61770.2,121.514
2024-03-02 19:42:00,61770.2,61787.3,61753.0,61753.0,96.347
2024-03-02 19:43:00,61753.0,61762.7,61702.9,61762.6,158.564
2024-03-02 19:44:00,61762.7,61799.1,61757.2,61794.6,80.437
2024-03-02 19:45:00,61794.6,61856.0,61792.4,61834.8,183.579
2024-03-02 19:46:00,61834.9,61900.0,61816.7,61900.0,318.141
2024-03-02 19:47:00,61900.0,61918.0,61871.6,61873.6,211.343
2024-03-02 19:48:00,61874.3,61940.0,61868.8,61923.9,206.876
2024-03-02 19:49:00,61923.9,61953.3,61917.9,61951.7,147.587
2024-03-02 19:50:00,61952.4,61968.6,61894.8,61911.3,315.917
2024-03-02 19:51:00,61911.4,61963.3,61897.4,61963.3,109.252
2024-03-02 19:52:00,61963.3,61963.3,61876.3,61892.8,83.949
2024-03-02 19:53:00,61892.9,61901.4,61850.0,61878.4,135.576
2024-03-02 19:54:00,61878.5,61944.1,61878.4,61915.3,78.101
2024-03-02 19:55:00,61915.4,61915.4,61794.6,61794.7,128.019
2024-03-02 19:56:00,61794.7,61817.8,61752.0,61761.0,209.006
2024-03-02 19:57:00,61761.1,61799.9,61728.0,61752.9,174.637
2024-03-02 19:58:00,61753.0,61753.7,61690.0,61746.3,238.244
2024-03-02 19:59:00,61746.3,61799.8,61737.8,61779.4,161.487
2024-03-02 20:00:00,61779.5,61849.0,61764.5,61845.9,225.563
2024-03-02 20:01:00,61845.8,61861.6,61820.6,61850.5,95.92
2024-03-02 20:02:00,61850.5,61861.1,61800.0,61800.1,143.677
2024-03-02 20:03:00,61800.1,61830.4,61756.3,61830.3,80.276
2024-03-02 20:04:00,61830.3,61843.9,61813.3,61840.0,48.177
2024-03-02 20:05:00,61840.0,61891.9,61840.0,61849.0,126.033
2024-03-02 20:06:00,61849.0,61874.2,61795.1,61804.0,75.598
2024-03-02 20:07:00,61802.3,61812.6,61778.4,61778.4,60.564
2024-03-02 20:08:00,61778.5,61792.9,61752.1,61752.1,101.331
2024-03-02 20:09:00,61752.2,61793.9,61737.0,61781.8,105.395
2024-03-02 20:10:00,61781.8,61800.0,61730.0,61737.6,108.738
2024-03-02 20:11:00,61737.6,61750.0,61710.6,61710.6,129.457
2024-03-02 20:12:00,61710.7,61768.5,61710.6,61749.5,171.725
2024-03-02 20:13:00,61749.6,61749.6,61725.9,61731.5,64.791
2024-03-02 20:14:00,61731.5,61773.8,61731.4,61773.8,59.605
2024-03-02 20:15:00,61773.7,61818.4,61766.6,61791.4,232.558
2024-03-02 20:16:00,61791.4,61848.0,61791.4,61847.9,98.403
2024-03-02 20:17:00,61847.9,61895.0,61839.6,61839.6,208.222
2024-03-02 20:18:00,61839.7,61839.7,61791.1,61820.0,92.299
2024-03-02 20:19:00,61820.0,61877.9,61820.0,61860.0,65.444
2024-03-02 20:20:00,61861.4,61884.4,61845.0,61877.5,135.088
2024-03-02 20:21:00,61877.5,61918.1,61877.4,61918.0,114.988
2024-03-02 20:22:00,61918.0,61973.2,61913.3,61964.4,400.58
2024-03-02 20:23:00,61964.4,61968.0,61930.0,61955.5,155.409
2024-03-02 20:24:00,61955.5,61970.0,61945.9,61962.9,98.44
2024-03-02 20:25:00,61962.8,61976.6,61934.3,61934.4,88.404
2024-03-02 20:26:00,61934.4,61956.1,61918.0,61927.5,66.209
2024-03-02 20:27:00,61927.5,61943.9,61825.3,61827.5,574.738
2024-03-02 20:28:00,61827.5,61850.0,61827.5,61850.0,177.265
2024-03-02 20:29:00,61849.9,61890.0,61849.9,61889.9,232.469
2024-03-02 20:30:00,61889.9,61890.0,61889.9,61890.0,76.331
2024-03-02 20:31:00,61890.0,61924.8,61889.9,61924.8,369.796
2024-03-02 20:32:00,61924.8,61950.0,61924.8,61950.0,65.674
2024-03-02 20:33:00,61950.0,61968.0,61931.1,61954.7,162.259
2024-03-02 20:34:00,61954.8,61954.9,61924.8,61935.0,58.604
2024-03-02 20:35:00,61935.0,61950.0,61935.0,61950.0,64.473
2024-03-02 20:36:00,61950.0,61954.9,61949.9,61954.8,75.146
2024-03-02 20:37:00,61954.9,61978.0,61954.8,61972.7,84.728
2024-03-02 20:38:00,61972.7,61977.0,61949.2,61949.3,88.399
2024-03-02 20:39:00,61949.3,61956.3,61907.3,61924.4,90.178
2024-03-02 20:40:00,61924.5,61975.0,61924.4,61975.0,61.411
2024-03-02 20:41:00,61975.0,61976.9,61946.1,61953.7,86.853
2024-03-02 20:42:00,61953.8,61977.1,61950.8,61977.1,48.121
2024-03-02 20:43:00,61977.1,62044.3,61977.1,62002.4,447.579
2024-03-02 20:44:00,62002.4,62023.6,62000.0,62022.2,154.563
2024-03-02 20:45:00,62022.3,62024.2,61982.2,61996.5,122.498
2024-03-02 20:46:00,61996.6,62049.8,61996.5,62000.1,247.459
2024-03-02 20:47:00,62000.1,62019.7,61996.6,62007.1,45.288
2024-03-02 20:48:00,62007.1,62007.1,61980.9,61999.9,67.398
2024-03-02 20:49:00,62000.0,62016.9,61994.1,61994.1,47.947
2024-03-02 20:50:00,61994.2,62024.0,61918.4,61918.4,196.454
2024-03-02 20:51:00,61918.5,61964.1,61873.0,61875.7,193.208
2024-03-02 20:52:00,61875.7,61900.3,61853.5,61872.3,169.342
2024-03-02 20:53:00,61872.4,61927.0,61872.4,61906.3,262.225
2024-03-02 20:54:00,61906.4,61921.8,61876.9,61890.3,92.266
2024-03-02 20:55:00,61890.3,61947.8,61890.3,61944.6,77.529
2024-03-02 20:56:00,61944.7,61944.7,61939.4,61944.6,31.095
2024-03-02 20:57:00,61944.6,61950.0,61937.6,61949.8,22.857
2024-03-02 20:58:00,61949.8,61970.7,61949.7,61970.7,43.98
2024-03-02 20:59:00,61970.7,61991.9,61970.6,61991.8,43.305
2024-03-02 21:00:00,61991.9,62043.7,61991.8,62020.0,396.146
2024-03-02 21:01:00,62020.0,62038.8,62005.2,62005.3,214.344
2024-03-02 21:02:00,62005.3,62005.3,61950.0,61950.0,143.061
2024-03-02 21:03:00,61950.1,61950.1,61902.8,61911.1,147.275
2024-03-02 21:04:00,61911.1,61947.3,61911.0,61939.4,92.092
2024-03-02 21:05:00,61939.4,61947.0,61911.1,61929.2,33.163
2024-03-02 21:06:00,61929.2,61929.2,61899.1,61899.1,104.677
2024-03-02 21:07:00,61899.2,61899.2,61856.0,61881.6,239.762
2024-03-02 21:08:00,61881.6,61932.9,61877.1,61932.8,100.411
2024-03-02 21:09:00,61932.8,61957.0,61918.3,61950.3,63.515
2024-03-02 21:10:00,61950.2,61968.0,61910.1,61941.4,102.15
2024-03-02 21:11:00,61941.3,61950.2,61936.0,61950.1,147.021
2024-03-02 21:12:00,61950.1,61954.8,61943.5,61954.3,78.722
2024-03-02 21:13:00,61954.2,61982.2,61954.2,61982.2,52.409
2024-03-02 21:14:00,61982.1,61982.2,61906.3,61919.9,307.121
2024-03-02 21:15:00,61919.9,61947.3,61913.9,61945.1,67.233
2024-03-02 21:16:00,61945.0,61961.7,61892.0,61918.7,179.89
2024-03-02 21:17:00,61918.7,61926.4,61904.0,61909.4,34.756
2024-03-02 21:18:00,61909.3,61909.3,61884.5,61908.9,64.45
2024-03-02 21:19:00,61909.0,61918.2,61888.2,61888.3,38.862
2024-03-02 21:20:00,61888.2,61918.0,61885.6,61916.4,121.03
2024-03-02 21:21:00,61916.9,61921.4,61869.8,61878.4,326.96
2024-03-02 21:22:00,61878.4,61888.9,61830.0,61850.2,420.898
2024-03-02 21:23:00,61850.1,61884.4,61809.0,61809.1,199.592
2024-03-02 21:24:00,61809.0,61821.2,61807.0,61820.0,204.935
2024-03-02 21:25:00,61820.0,61820.0,61791.9,61806.6,147.056
2024-03-02 21:26:00,61806.5,61824.2,61802.0,61824.2,81.386
2024-03-02 21:27:00,61824.1,61838.7,61824.1,61831.5,61.184
2024-03-02 21:28:00,61831.4,61847.4,61826.6,61844.6,103.899
2024-03-02 21:29:00,61844.5,61844.6,61830.0,61834.5,41.249
2024-03-02 21:30:00,61834.5,61853.0,61820.8,61820.8,148.478
2024-03-02 21:31:00,61820.8,61864.2,61820.8,61857.9,132.238
2024-03-02 21:32:00,61857.9,61921.5,61857.8,61913.6,133.602
2024-03-02 21:33:00,61913.7,61913.7,61864.6,61864.7,81.864
2024-03-02 21:34:00,61864.6,61877.4,61864.6,61877.4,31.918
2024-03-02 21:35:00,61877.4,61931.2,61877.3,61928.7,83.252
2024-03-02 21:36:00,61928.7,61928.7,61914.9,61917.2,48.09
2024-03-02 21:37:00,61916.1,61943.6,61914.9,61935.6,84.108
2024-03-02 21:38:00,61935.7,61935.7,61870.0,61872.9,68.884
2024-03-02 21:39:00,61872.9,61896.1,61872.8,61896.1,28.674
2024-03-02 21:40:00,61896.0,61920.8,61896.0,61914.1,32.683
2024-03-02 21:41:00,61914.1,61914.2,61908.0,61908.0,18.645
2024-03-02 21:42:00,61908.0,61918.3,61896.2,61918.3,39.625
2024-03-02 21:43:00,61918.3,61923.7,61885.0,61901.8,104.757
2024-03-02 21:44:00,61901.9,61918.2,61901.8,61918.1,48.651
2024-03-02 21:45:00,61918.1,61918.2,61883.7,61883.7,63.304
2024-03-02 21:46:00,61883.7,61894.0,61875.1,61887.6,56.513
2024-03-02 21:47:00,61887.6,61916.3,61887.6,61910.3,69.205
2024-03-02 21:48:00,61910.3,61921.7,61887.0,61887.0,39.084
2024-03-02 21:49:00,61887.0,61887.0,61862.3,61862.4,74.82
2024-03-02 21:50:00,61862.3,61862.4,61825.1,61825.1,100.048
2024-03-02 21:51:00,61825.1,61842.2,61774.6,61791.9,279.496
2024-03-02 21:52:00,61791.9,61813.0,61790.8,61804.1,177.298
2024-03-02 21:53:00,61804.1,61826.1,61804.1,61810.6,61.582
2024-03-02 21:54:00,61810.6,61829.9,61810.6,61822.3,60.567
2024-03-02 21:55:00,61822.3,61822.4,61800.3,61808.3,58.032
2024-03-02 21:56:00,61808.3,61810.8,61802.8,61802.8,29.824
2024-03-02 21:57:00,61802.8,61807.6,61800.0,61807.5,44.205
2024-03-02 21:58:00,61807.5,61824.7,61807.5,61819.5,36.033
2024-03-02 21:59:00,61819.6,61855.4,61819.5,61827.3,146.968
2024-03-02 22:00:00,61827.4,61846.5,61827.3,61841.5,50.786
2024-03-02 22:01:00,61841.6,61841.6,61806.6,61807.9,51.258
2024-03-02 22:02:00,61807.9,61808.0,61777.3,61796.2,80.519
2024-03-02 22:03:00,61796.1,61796.2,61764.6,61779.5,93.891
2024-03-02 22:04:00,61779.6,61780.9,61765.4,61780.8,70.999
2024-03-02 22:05:00,61780.8,61807.9,61767.3,61805.1,60.172
2024-03-02 22:06:00,61805.1,61805.1,61770.6,61771.9,45.051
2024-03-02 22:07:00,61771.9,61779.2,61746.2,61754.9,164.145
2024-03-02 22:08:00,61755.0,61767.4,61753.3,61756.0,77.595
2024-03-02 22:09:00,61756.0,61758.1,61741.1,61742.3,73.134
2024-03-02 22:10:00,61742.4,61745.8,61734.1,61734.2,86.444
2024-03-02 22:11:00,61734.1,61744.7,61717.9,61717.9,58.154
2024-03-02 22:12:00,61717.9,61782.5,61713.5,61778.1,102.941
2024-03-02 22:13:00,61778.0,61778.1,61747.0,61747.0,52.435
2024-03-02 22:14:00,61746.0,61749.6,61730.2,61748.1,47.388
2024-03-02 22:15:00,61748.1,61748.1,61715.0,61715.0,65.197
2024-03-02 22:16:00,61715.0,61748.3,61712.0,61718.8,86.001
2024-03-02 22:17:00,61718.8,61743.2,61718.7,61743.2,45.663
2024-03-02 22:18:00,61743.2,61744.7,61700.0,61730.1,133.381
2024-03-02 22:19:00,61730.2,61767.5,61722.6,61767.5,90.415
2024-03-02 22:20:00,61767.5,61806.4,61767.4,61806.3,120.737
2024-03-02 22:21:00,61806.3,61810.1,61787.5,61787.9,64.829
2024-03-02 22:22:00,61787.8,61833.7,61787.8,61833.7,132.986
2024-03-02 22:23:00,61833.7,61840.7,61823.1,61840.6,68.519
2024-03-02 22:24:00,61840.6,61886.6,61840.6,61880.3,149.01
2024-03-02 22:25:00,61880.3,61895.4,61872.2,61875.3,103.721
2024-03-02 22:26:00,61875.3,61906.4,61871.9,61906.3,67.895
2024-03-02 22:27:00,61906.4,61948.0,61906.3,61941.5,190.663
2024-03-02 22:28:00,61941.4,61941.4,61909.6,61914.0,96.679
2024-03-02 22:29:00,61913.9,61950.0,61913.9,61932.9,114.666
2024-03-02 22:30:00,61932.8,61932.9,61901.7,61903.0,73.587
2024-03-02 22:31:00,61903.0,61907.1,61883.7,61900.5,70.949
2024-03-02 22:32:00,61900.5,61938.9,61900.4,61934.9,90.874
2024-03-02 22:33:00,61935.0,61974.2,61935.0,61960.3,326.07
2024-03-02 22:34:00,61960.4,61960.4,61930.5,61930.6,84.844
2024-03-02 22:35:00,61930.5,61960.0,61930.5,61956.7,60.938
2024-03-02 22:36:00,61956.7,61970.0,61950.0,61969.9,65.0
2024-03-02 22:37:00,61970.0,61970.0,61925.4,61939.3,99.396
2024-03-02 22:38:00,61939.9,61959.0,61933.7,61959.0,39.001
2024-03-02 22:39:00,61959.0,61959.5,61936.7,61949.1,33.833
2024-03-02 22:40:00,61949.1,61979.1,61949.0,61975.6,85.514
2024-03-02 22:41:00,61975.7,61992.9,61970.4,61976.1,147.232
2024-03-02 22:42:00,61976.1,61976.1,61950.2,61967.2,53.94
2024-03-02 22:43:00,61967.1,61969.8,61896.5,61896.6,95.962
2024-03-02 22:44:00,61896.6,61915.1,61895.5,61915.1,40.87
2024-03-02 22:45:00,61915.0,61926.4,61841.9,61844.1,212.987
2024-03-02 22:46:00,61844.1,61852.1,61814.5,61847.4,140.95
2024-03-02 22:47:00,61847.4,61877.0,61838.0,61877.0,33.526
2024-03-02 22:48:00,61876.9,61897.9,61874.5,61897.9,41.545
2024-03-02 22:49:00,61897.8,61934.9,61897.8,61928.0,90.838
2024-03-02 22:50:00,61928.0,61933.7,61887.7,61892.2,38.785
2024-03-02 22:51:00,61892.2,61899.9,61880.2,61886.3,29.071
2024-03-02 22:52:00,61886.3,61886.3,61867.0,61878.0,29.975
2024-03-02 22:53:00,61878.1,61909.5,61878.0,61900.0,26.269
2024-03-02 22:54:00,61899.9,61920.4,61885.1,61885.2,72.622
2024-03-02 22:55:00,61885.1,61905.2,61878.9,61905.2,39.925
2024-03-02 22:56:00,61905.1,61936.3,61905.1,61936.3,33.344
2024-03-02 22:57:00,61936.2,61960.0,61936.2,61960.0,78.189
2024-03-02 22:58:00,61959.9,61960.0,61945.0,61960.0,52.604
2024-03-02 22:59:00,61959.9,61959.9,61926.0,61933.4,50.941
2024-03-02 23:00:00,61933.4,61956.5,61922.8,61956.5,45.084
2024-03-02 23:01:00,61956.4,61974.7,61937.8,61964.5,87.5
2024-03-02 23:02:00,61964.5,61985.4,61958.7,61979.9,157.522
2024-03-02 23:03:00,61979.9,61992.6,61979.9,61987.6,151.245
2024-03-02 23:04:00,61987.5,61993.5,61967.0,61984.9,88.233
2024-03-02 23:05:00,61984.8,61984.9,61942.9,61955.2,54.298
2024-03-02 23:06:00,61955.2,61986.5,61944.1,61986.5,52.806
2024-03-02 23:07:00,61986.4,62010.3,61986.4,62010.2,105.012
2024-03-02 23:08:00,62010.2,62010.3,61953.1,61953.2,90.51
2024-03-02 23:09:00,61953.2,61963.6,61941.5,61956.9,48.794
2024-03-02 23:10:00,61956.8,62000.0,61956.8,62000.0,16.102
2024-03-02 23:11:00,61999.9,62007.7,61994.0,62007.6,46.478
2024-03-02 23:12:00,62007.6,62020.0,62007.6,62020.0,32.296
2024-03-02 23:13:00,62019.9,62020.0,61988.5,62016.5,64.446
2024-03-02 23:14:00,62016.5,62016.5,61995.3,62002.1,32.631
2024-03-02 23:15:00,62002.1,62006.8,61976.9,61987.0,48.443
2024-03-02 23:16:00,61987.1,61997.6,61940.8,61949.4,62.745
2024-03-02 23:17:00,61949.5,61970.7,61949.5,61955.6,47.435
2024-03-02 23:18:00,61955.6,61981.8,61955.5,61981.7,24.615
2024-03-02 23:19:00,61981.7,61981.8,61955.0,61961.1,32.985
2024-03-02 23:20:00,61961.2,61962.2,61950.5,61959.6,15.051
2024-03-02 23:21:00,61959.6,61959.6,61911.0,61911.0,68.471
2024-03-02 23:22:00,61911.0,61911.0,61892.0,61892.0,84.005
2024-03-02 23:23:00,61892.0,61910.7,61881.0,61893.1,58.236
2024-03-02 23:24:00,61893.1,61893.2,61853.0,61853.1,71.402
2024-03-02 23:25:00,61853.0,61872.2,61840.0,61872.2,100.588
2024-03-02 23:26:00,61872.2,61879.9,61853.0,61859.4,77.978
2024-03-02 23:27:00,61859.4,61866.1,61837.0,61841.1,76.825
2024-03-02 23:28:00,61841.1,61855.5,61841.0,61855.5,35.283
2024-03-02 23:29:00,61855.5,61855.5,61836.6,61836.7,67.963
2024-03-02 23:30:00,61836.6,61853.5,61816.0,61839.7,100.656
2024-03-02 23:31:00,61839.7,61883.0,61839.7,61876.2,53.998
2024-03-02 23:32:00,61876.3,61887.8,61875.1,61875.1,29.421
2024-03-02 23:33:00,61875.0,61875.1,61854.3,61860.8,44.718
2024-03-02 23:34:00,61860.9,61882.3,61860.8,61879.9,31.715
2024-03-02 23:35:00,61879.8,61909.7,61878.7,61909.6,43.205
2024-03-02 23:36:00,61909.7,61917.1,61902.3,61908.5,39.655
2024-03-02 23:37:00,61908.5,61913.8,61904.1,61906.8,24.087
2024-03-02 23:38:00,61906.8,61906.9,61881.4,61886.3,33.979
2024-03-02 23:39:00,61886.4,61912.5,61886.3,61900.8,27.147
2024-03-02 23:40:00,61900.8,61933.6,61900.8,61933.6,42.514
2024-03-02 23:41:00,61933.6,61935.8,61919.2,61925.5,28.046
2024-03-02 23:42:00,61925.5,61931.4,61920.0,61931.4,9.054
2024-03-02 23:43:00,61931.4,61944.0,61931.3,61942.6,27.02
2024-03-02 23:44:00,61942.6,61950.0,61940.0,61949.9,61.774
2024-03-02 23:45:00,61950.0,61954.3,61928.9,61945.3,89.961
2024-03-02 23:46:00,61945.3,61957.1,61945.3,61954.5,44.997
2024-03-02 23:47:00,61954.5,61963.1,61954.5,61960.0,65.418
2024-03-02 23:48:00,61959.9,61975.2,61959.9,61975.2,25.801
2024-03-02 23:49:00,61975.1,62005.7,61969.2,62001.3,107.251
2024-03-02 23:50:00,62001.2,62028.0,61991.4,62005.4,324.06
2024-03-02 23:51:00,62005.3,62005.4,61978.7,61981.1,56.29
2024-03-02 23:52:00,61981.1,61981.2,61964.1,61964.1,43.662
2024-03-02 23:53:00,61963.9,61963.9,61950.7,61963.1,74.412
2024-03-02 23:54:00,61963.0,61985.5,61963.0,61985.5,44.507
2024-03-02 23:55:00,61985.4,61999.9,61985.4,61999.9,59.177
2024-03-02 23:56:00,61999.8,62000.0,61991.4,62000.0,43.394
2024-03-02 23:57:00,61999.9,62000.0,61976.0,61983.6,58.224
2024-03-02 23:58:00,61983.5,61993.0,61983.5,61988.5,39.826
2024-03-02 23:59:00,61988.5,61988.5,61965.3,61975.4,55.708
2024-03-03 00:00:00,61975.4,61975.8,61935.3,61935.3,58.708
2024-03-03 00:01:00,61935.3,61963.7,61935.2,61963.6,30.902
2024-03-03 00:02:00,61963.6,61963.7,61934.4,61934.4,27.393
2024-03-03 00:03:00,61934.4,61934.5,61911.4,61918.3,43.35
2024-03-03 00:04:00,61918.2,61942.6,61918.2,61942.5,40.96
2024-03-03 00:05:00,61942.5,61979.2,61942.5,61973.9,107.514
2024-03-03 00:06:00,61973.9,61974.0,61958.0,61958.0,18.716
2024-03-03 00:07:00,61958.0,61961.6,61958.0,61961.5,7.687
2024-03-03 00:08:00,61961.5,62004.0,61961.5,62003.9,58.656
2024-03-03 00:09:00,62004.0,62028.1,62003.9,62028.1,98.243
2024-03-03 00:10:00,62028.0,62028.1,62021.0,62028.0,88.183
2024-03-03 00:11:00,62028.0,62028.0,62018.4,62018.5,28.47
2024-03-03 00:12:00,62018.4,62027.7,62012.0,62024.3,86.556
2024-03-03 00:13:00,62024.2,62024.2,62007.0,62010.0,49.278
2024-03-03 00:14:00,62010.1,62027.3,62010.0,62023.9,34.857
2024-03-03 00:15:00,62023.8,62023.9,62000.8,62005.0,87.256
2024-03-03 00:16:00,62004.9,62028.6,62004.9,62028.6,80.431
2024-03-03 00:17:00,62028.6,62030.9,62016.3,62026.2,40.569
2024-03-03 00:18:00,62026.2,62050.0,62020.3,62050.0,87.895
2024-03-03 00:19:00,62049.9,62050.0,62033.8,62049.9,112.042
2024-03-03 00:20:00,62050.0,62087.4,62045.3,62073.9,329.131
2024-03-03 00:21:00,62073.9,62074.0,62041.4,62047.1,86.24
2024-03-03 00:22:00,62047.1,62054.7,62043.6,62054.7,51.062
2024-03-03 00:23:00,62054.7,62080.0,62054.7,62077.3,33.148
2024-03-03 00:24:00,62077.3,62085.9,62050.0,62050.0,77.889
2024-03-03 00:25:00,62050.0,62077.0,62050.0,62070.5,54.516
2024-03-03 00:26:00,62070.4,62070.5,62034.7,62070.0,66.618
2024-03-03 00:27:00,62070.0,62082.3,62062.0,62082.3,33.029
2024-03-03 00:28:00,62082.3,62110.6,62069.3,62074.1,194.415
2024-03-03 00:29:00,62074.0,62100.0,62069.3,62099.9,37.866
2024-03-03 00:30:00,62099.9,62134.4,62093.5,62121.6,226.182
2024-03-03 00:31:00,62121.5,62127.2,62082.0,62082.1,77.778
2024-03-03 00:32:00,62082.0,62132.7,62082.0,62110.8,173.302
2024-03-03 00:33:00,62110.9,62120.8,62086.9,62099.9,57.223
2024-03-03 00:34:00,62098.1,62098.1,62045.7,62065.2,112.285
2024-03-03 00:35:00,62065.3,62093.2,62046.5,62093.2,81.78
2024-03-03 00:36:00,62093.2,62093.3,62068.3,62074.8,57.031
2024-03-03 00:37:00,62074.8,62079.5,62057.5,62068.2,64.015
2024-03-03 00:38:00,62068.2,62086.3,62068.2,62086.3,19.617
2024-03-03 00:39:00,62086.3,62087.1,62081.4,62087.1,41.549
2024-03-03 00:40:00,62087.2,62105.0,62087.2,62104.9,59.328
2024-03-03 00:41:00,62104.9,62119.3,62104.8,62119.3,45.809
2024-03-03 00:42:00,62119.3,62119.3,62084.9,62085.0,57.496
2024-03-03 00:43:00,62084.9,62085.0,62054.1,62054.1,60.399
2024-03-03 00:44:00,62054.2,62056.5,62043.5,62047.7,47.661
2024-03-03 00:45:00,62047.7,62066.6,62045.8,62066.5,58.378
2024-03-03 00:46:00,62066.5,62120.8,62066.5,62114.0,60.563
2024-03-03 00:47:00,62113.0,62113.1,62083.9,62094.7,56.996
2024-03-03 00:48:00,62094.7,62109.0,62087.7,62108.9,38.736
2024-03-03 00:49:00,62108.9,62129.6,62089.3,62117.6,59.553
2024-03-03 00:50:00,62117.5,62122.3,62094.5,62094.6,47.446
2024-03-03 00:51:00,62094.5,62094.6,62075.3,62075.3,24.528
2024-03-03 00:52:00,62075.4,62096.2,62075.3,62090.8,25.95
2024-03-03 00:53:00,62090.8,62090.9,62078.4,62082.0,20.168
2024-03-03 00:54:00,62082.0,62108.0,62075.3,62108.0,37.783
2024-03-03 00:55:00,62108.0,62129.2,62103.1,62126.1,35.38
2024-03-03 00:56:00,62126.0,62142.9,62099.3,62142.9,56.556
2024-03-03 00:57:00,62142.8,62142.9,62115.5,62115.5,65.767
2024-03-03 00:58:00,62115.4,62119.0,62107.8,62115.9,26.923
2024-03-03 00:59:00,62116.0,62121.2,62111.1,62111.1,22.912
2024-03-03 01:00:00,62111.2,62118.2,62111.2,62118.2,21.855
2024-03-03 01:01:00,62118.2,62130.0,62118.1,62125.6,47.525
2024-03-03 01:02:00,62125.6,62125.6,62084.3,62090.8,103.411
2024-03-03 01:03:00,62090.9,62100.9,62077.3,62077.3,58.837
2024-03-03 01:04:00,62077.2,62077.3,62056.3,62056.3,41.103
2024-03-03 01:05:00,62056.3,62060.9,62012.4,62021.6,256.183
2024-03-03 01:06:00,62021.7,62066.8,62016.5,62066.7,64.552
2024-03-03 01:07:00,62066.7,62082.1,62066.7,62082.0,38.358
2024-03-03 01:08:00,62082.0,62100.7,62075.3,62100.6,24.983
2024-03-03 01:09:00,62100.6,62113.6,62084.6,62095.4,40.326
2024-03-03 01:10:00,62095.3,62115.0,62095.3,62115.0,17.702
2024-03-03 01:11:00,62115.0,62116.0,62094.7,62094.7,40.73
2024-03-03 01:12:00,62094.8,62094.8,62075.3,62078.3,13.944
2024-03-03 01:13:00,62078.4,62083.9,62078.3,62083.8,13.049
2024-03-03 01:14:00,62083.9,62083.9,62077.1,62077.2,19.85
2024-03-03 01:15:00,62077.1,62080.2,62063.5,62063.5,30.042
2024-03-03 01:16:00,62063.5,62091.4,62058.3,62076.0,61.023
2024-03-03 01:17:00,62076.0,62113.0,62076.0,62112.9,38.596
2024-03-03 01:18:00,62112.9,62128.7,62103.5,62103.5,45.094
2024-03-03 01:19:00,62103.5,62116.1,62099.3,62113.0,16.95
2024-03-03 01:20:00,62112.9,62130.0,62112.9,62130.0,57.874
2024-03-03 01:21:00,62130.0,62130.0,62129.8,62130.0,107.068
2024-03-03 01:22:00,62130.0,62160.3,62129.9,62143.8,162.073
2024-03-03 01:23:00,62143.8,62147.9,62115.7,62133.7,219.04
2024-03-03 01:24:00,62133.7,62156.4,62133.6,62156.3,37.755
2024-03-03 01:25:00,62156.4,62163.1,62137.4,62137.4,85.075
2024-03-03 01:26:00,62137.4,62175.8,62132.7,62171.8,120.812
2024-03-03 01:27:00,62171.8,62175.9,62170.3,62170.3,37.881
2024-03-03 01:28:00,62170.4,62179.8,62170.3,62174.9,58.235
2024-03-03 01:29:00,62174.9,62189.6,62174.8,62185.3,60.885
2024-03-03 01:30:00,62185.3,62192.6,62177.0,62192.6,63.963
2024-03-03 01:31:00,62192.6,62225.0,62192.5,62222.9,233.597
2024-03-03 01:32:00,62222.8,62276.6,62222.8,62237.9,278.885
2024-03-03 01:33:00,62237.9,62255.9,62200.0,62200.1,157.733
2024-03-03 01:34:00,62200.1,62219.4,62164.9,62165.3,158.499
2024-03-03 01:35:00,62165.4,62194.6,62161.5,62194.6,68.731
2024-03-03 01:36:00,62194.6,62198.1,62164.9,62164.9,66.436
2024-03-03 01:37:00,62164.9,62165.0,62115.1,62127.9,77.745
2024-03-03 01:38:00,62128.0,62128.1,62095.1,62095.1,79.67
2024-03-03 01:39:00,62095.1,62095.2,61992.0,62052.2,682.279
2024-03-03 01:40:00,62052.1,62060.6,61926.8,61933.7,666.473
2024-03-03 01:41:00,61933.7,61985.0,61918.0,61968.4,253.241
2024-03-03 01:42:00,61968.5,61987.8,61947.9,61976.7,147.276
2024-03-03 01:43:00,61976.7,62062.3,61913.7,61976.0,910.328
2024-03-03 01:44:00,61976.0,61980.0,61870.0,61871.9,546.548
2024-03-03 01:45:00,61871.9,61936.3,61861.2,61930.3,255.854
2024-03-03 01:46:00,61930.3,61930.3,61856.7,61869.7,134.659
2024-03-03 01:47:00,61869.6,61900.3,61832.7,61832.8,251.647
2024-03-03 01:48:00,61832.7,61857.8,61810.3,61857.8,363.908
2024-03-03 01:49:00,61858.2,61924.8,61858.2,61917.3,403.27
2024-03-03 01:50:00,61917.2,61929.5,61892.0,61892.0,76.537
2024-03-03 01:51:00,61892.1,61909.4,61885.7,61900.0,86.131
2024-03-03 01:52:00,61900.0,61900.1,61855.8,61855.8,239.273
2024-03-03 01:53:00,61855.9,61898.6,61855.9,61898.3,109.511
2024-03-03 01:54:00,61898.3,61898.3,61880.0,61891.2,40.332
2024-03-03 01:55:00,61891.2,61891.3,61865.5,61865.5,32.54
2024-03-03 01:56:00,61865.6,61910.0,61861.7,61910.0,74.061
2024-03-03 01:57:00,61910.0,61911.8,61884.2,61884.3,30.52
2024-03-03 01:58:00,61884.3,61918.0,61884.3,61918.0,43.094
2024-03-03 01:59:00,61918.0,61930.7,61907.9,61908.0,54.587
2024-03-03 02:00:00,61908.0,61942.0,61907.9,61915.8,87.848
2024-03-03 02:01:00,61915.8,61918.9,61892.3,61893.8,42.245
2024-03-03 02:02:00,61893.8,61900.8,61886.5,61886.5,40.114
2024-03-03 02:03:00,61886.6,61890.4,61851.3,61862.5,78.376
2024-03-03 02:04:00,61862.5,61880.1,61840.6,61844.1,88.931
2024-03-03 02:05:00,61844.1,61891.3,61844.1,61876.9,73.302
2024-03-03 02:06:00,61877.0,61889.8,61876.9,61884.1,32.924
2024-03-03 02:07:00,61884.1,61905.6,61873.2,61873.2,42.259
2024-03-03 02:08:00,61873.3,61884.8,61866.1,61879.8,41.977
2024-03-03 02:09:00,61879.9,61898.8,61879.8,61894.5,48.292
2024-03-03 02:10:00,61894.5,61950.0,61894.5,61950.0,88.051
2024-03-03 02:11:00,61949.9,61960.0,61938.1,61939.8,106.316
2024-03-03 02:12:00,61939.8,61949.5,61939.8,61942.1,39.745
2024-03-03 02:13:00,61942.1,61949.7,61919.9,61926.3,110.266
2024-03-03 02:14:00,61926.3,61931.7,61920.0,61920.2,41.836
2024-03-03 02:15:00,61920.3,61931.4,61900.0,61901.2,74.154
2024-03-03 02:16:00,61901.2,61948.8,61901.2,61945.2,31.788
2024-03-03 02:17:00,61945.3,61950.0,61931.6,61932.0,146.294
2024-03-03 02:18:00,61932.1,61960.0,61930.5,61954.0,247.53
2024-03-03 02:19:00,61952.1,61953.8,61933.3,61947.9,60.803
2024-03-03 02:20:00,61948.0,61948.0,61923.7,61923.7,33.803
2024-03-03 02:21:00,61923.8,61945.1,61923.8,61932.8,20.917
2024-03-03 02:22:00,61932.9,61943.0,61928.1,61942.9,40.448
2024-03-03 02:23:00,61942.9,61942.9,61914.5,61923.4,42.84
2024-03-03 02:24:00,61923.4,61924.2,61920.4,61924.1,20.215
2024-03-03 02:25:00,61924.1,61929.5,61905.1,61929.4,121.776
2024-03-03 02:26:00,61929.5,61929.5,61918.0,61923.1,53.546
2024-03-03 02:27:00,61923.2,61929.5,61923.1,61929.5,21.402
2024-03-03 02:28:00,61929.5,61929.5,61929.4,61929.4,40.878
2024-03-03 02:29:00,61929.5,61929.5,61929.4,61929.4,10.878
2024-03-03 02:30:00,61929.5,61975.0,61929.4,61966.3,169.496
2024-03-03 02:31:00,61966.3,61975.0,61952.0,61959.6,77.331
2024-03-03 02:32:00,61959.7,61974.0,61925.4,61973.9,178.117
2024-03-03 02:33:00,61973.9,61974.0,61965.1,61965.1,36.223
2024-03-03 02:34:00,61965.1,61971.6,61965.1,61971.6,26.349
2024-03-03 02:35:00,61971.5,61972.8,61955.5,61955.5,47.968
2024-03-03 02:36:00,61955.5,61955.6,61950.8,61950.8,25.877
2024-03-03 02:37:00,61950.8,61950.9,61950.0,61950.0,13.808
2024-03-03 02:38:00,61950.1,61950.1,61936.0,61936.0,23.701
2024-03-03 02:39:00,61936.1,61948.9,61936.0,61948.8,28.153
2024-03-03 02:40:00,61948.8,61965.0,61948.8,61957.6,33.478
2024-03-03 02:41:00,61957.7,61983.1,61953.4,61973.5,36.902
2024-03-03 02:42:00,61973.5,61990.0,61973.5,61989.9,30.41
2024-03-03 02:43:00,61989.9,61990.0,61983.6,61983.6,16.935
2024-03-03 02:44:00,61983.6,61990.0,61983.6,61989.9,20.338
2024-03-03 02:45:00,61990.0,62000.0,61989.9,62000.0,52.58
2024-03-03 02:46:00,62000.0,62030.8,61999.9,62030.8,162.221
2024-03-03 02:47:00,62030.8,62040.0,62030.7,62040.0,27.082
2024-03-03 02:48:00,62039.9,62086.0,62039.9,62056.3,252.093
2024-03-03 02:49:00,62056.0,62056.0,62028.7,62053.7,101.214
2024-03-03 02:50:00,62053.8,62066.8,62044.7,62045.1,59.451
2024-03-03 02:51:00,62045.1,62045.2,62032.7,62032.7,24.072
2024-03-03 02:52:00,62032.7,62032.7,61994.4,61996.1,135.716
2024-03-03 02:53:00,61996.0,61996.1,61989.0,61994.3,29.877
2024-03-03 02:54:00,61994.2,62003.0,61994.0,62002.9,30.876
2024-03-03 02:55:00,62003.0,62003.0,61995.1,62002.6,18.386
2024-03-03 02:56:00,62002.6,62002.7,62002.6,62002.6,9.96
2024-03-03 02:57:00,62002.6,62002.7,61923.8,61937.4,161.14
2024-03-03 02:58:00,61937.5,61940.6,61932.0,61938.3,29.466
2024-03-03 02:59:00,61938.2,61938.3,61927.3,61927.3,12.537
2024-03-03 03:00:00,61927.3,61927.4,61922.6,61926.7,23.004
2024-03-03 03:01:00,61926.8,61992.8,61926.7,61979.5,112.954
2024-03-03 03:02:00,61979.5,61979.5,61971.8,61975.8,7.113
2024-03-03 03:03:00,61975.7,61988.2,61972.3,61985.1,17.797
2024-03-03 03:04:00,61985.0,61985.0,61971.9,61983.5,28.226
2024-03-03 03:05:00,61983.6,61983.6,61940.4,61940.4,28.744
2024-03-03 03:06:00,61940.4,61945.1,61936.2,61936.2,13.514
2024-03-03 03:07:00,61936.2,61939.4,61918.2,61924.4,45.607
2024-03-03 03:08:00,61924.4,61945.7,61916.0,61945.7,50.945
2024-03-03 03:09:00,61945.7,61945.7,61927.6,61929.8,24.693
2024-03-03 03:10:00,61929.9,61945.8,61916.3,61916.3,40.276
2024-03-03 03:11:00,61916.3,61926.4,61910.0,61910.0,23.193
2024-03-03 03:12:00,61910.0,61914.1,61900.5,61910.3,61.989
2024-03-03 03:13:00,61910.3,61930.2,61910.2,61930.1,38.578
2024-03-03 03:14:00,61930.2,61934.2,61930.2,61934.1,20.564
2024-03-03 03:15:00,61934.1,61939.6,61934.1,61939.5,23.103
2024-03-03 03:16:00,61939.5,61939.6,61888.4,61888.4,90.915
2024-03-03 03:17:00,61888.4,61909.6,61882.5,61903.9,51.512
2024-03-03 03:18:00,61904.0,61923.6,61903.9,61921.3,32.267
2024-03-03 03:19:00,61921.3,61930.7,61921.2,61930.6,13.747
2024-03-03 03:20:00,61930.7,61930.7,61900.0,61904.7,39.148
2024-03-03 03:21:00,61904.7,61914.0,61904.7,61913.9,18.491
2024-03-03 03:22:00,61913.9,61914.6,61903.8,61914.6,11.091
2024-03-03 03:23:00,61914.5,61918.2,61914.5,61918.2,13.185
2024-03-03 03:24:00,61918.2,61920.9,61908.9,61915.0,23.05
2024-03-03 03:25:00,61915.0,61919.6,61914.9,61919.5,19.416
2024-03-03 03:26:00,61919.6,61930.6,61893.8,61907.6,120.111
2024-03-03 03:27:00,61907.6,61922.2,61907.6,61922.1,12.21
2024-03-03 03:28:00,61922.1,61954.4,61922.1,61954.3,43.697
2024-03-03 03:29:00,61954.3,61967.4,61954.3,61967.3,36.727
2024-03-03 03:30:00,61967.4,61997.7,61961.1,61983.4,78.551
2024-03-03 03:31:00,61983.4,61983.5,61950.8,61950.8,34.385
2024-03-03 03:32:00,61950.8,61950.9,61941.4,61941.4,19.153
2024-03-03 03:33:00,61941.4,61948.9,61931.1,61931.1,31.26
2024-03-03 03:34:00,61931.1,61940.6,61931.1,61940.5,10.606
2024-03-03 03:35:00,61940.5,61940.5,61914.6,61926.8,59.906
2024-03-03 03:36:00,61926.7,61926.8,61910.0,61921.7,26.882
2024-03-03 03:37:00,61921.7,61948.7,61921.6,61948.2,33.942
2024-03-03 03:38:00,61948.2,61967.2,61939.5,61967.1,29.527
2024-03-03 03:39:00,61967.2,61967.2,61960.9,61960.9,12.376
2024-03-03 03:40:00,61960.9,61961.0,61938.4,61947.3,36.439
2024-03-03 03:41:00,61947.3,61947.4,61931.5,61935.3,15.6
2024-03-03 03:42:00,61935.4,61972.1,61935.3,61965.6,69.008
2024-03-03 03:43:00,61965.6,61965.7,61959.3,61963.4,20.242
2024-03-03 03:44:00,61963.3,61998.9,61963.3,61985.3,69.008
2024-03-03 03:45:00,61985.4,62009.9,61974.9,62000.1,105.446
2024-03-03 03:46:00,62000.0,62006.8,61998.1,62002.8,38.386
2024-03-03 03:47:00,62002.7,62002.8,61982.6,61982.6,22.728
2024-03-03 03:48:00,61982.6,61982.7,61950.0,61950.0,35.545
2024-03-03 03:49:00,61950.0,61950.1,61932.9,61942.7,74.947
2024-03-03 03:50:00,61942.7,61942.8,61935.9,61935.9,10.2
2024-03-03 03:51:00,61935.9,61942.7,61935.0,61941.5,27.758
2024-03-03 03:52:00,61941.4,61941.5,61938.0,61938.0,14.785
2024-03-03 03:53:00,61938.0,61938.1,61918.6,61929.7,62.941
2024-03-03 03:54:00,61929.7,61929.8,61860.1,61871.3,367.781
2024-03-03 03:55:00,61871.3,61893.9,61871.3,61893.8,69.752
2024-03-03 03:56:00,61893.9,61893.9,61884.9,61884.9,16.921
2024-03-03 03:57:00,61884.9,61893.0,61874.4,61890.9,43.802
2024-03-03 03:58:00,61890.9,61923.4,61890.9,61919.4,76.451
2024-03-03 03:59:00,61919.4,61939.7,61919.4,61938.1,63.123
2024-03-03 04:00:00,61938.1,61939.1,61938.0,61939.0,15.567
2024-03-03 04:01:00,61939.0,61939.1,61936.3,61936.4,15.852
2024-03-03 04:02:00,61936.3,61940.7,61929.3,61934.9,31.057
2024-03-03 04:03:00,61935.0,61935.2,61934.9,61935.1,9.006
2024-03-03 04:04:00,61935.2,61935.3,61935.1,61935.2,5.342
2024-03-03 04:05:00,61935.3,61938.0,61911.6,61911.6,24.085
2024-03-03 04:06:00,61911.7,61911.7,61890.8,61890.8,59.416
2024-03-03 04:07:00,61890.9,61890.9,61884.7,61884.7,24.024
2024-03-03 04:08:00,61884.8,61884.8,61884.7,61884.7,8.958
2024-03-03 04:09:00,61884.8,61887.9,61884.7,61887.8,20.124
2024-03-03 04:10:00,61887.9,61899.6,61887.8,61899.5,29.165
2024-03-03 04:11:00,61899.6,61899.6,61888.0,61888.1,14.487
2024-03-03 04:12:00,61888.1,61892.7,61888.0,61892.6,16.24
2024-03-03 04:13:00,61892.7,61892.7,61880.0,61880.0,20.853
2024-03-03 04:14:00,61880.1,61880.1,61852.0,61867.7,103.701
2024-03-03 04:15:00,61867.7,61867.8,61862.4,61862.9,21.952
2024-03-03 04:16:00,61863.0,61869.7,61862.9,61869.7,15.364
2024-03-03 04:17:00,61869.7,61869.7,61864.6,61864.6,10.383
2024-03-03 04:18:00,61864.7,61868.7,61863.9,61865.1,34.361
2024-03-03 04:19:00,61865.2,61865.2,61863.9,61863.9,14.011
2024-03-03 04:20:00,61864.0,61864.0,61861.0,61861.0,21.947
2024-03-03 04:21:00,61861.0,61861.1,61851.8,61851.8,33.304
2024-03-03 04:22:00,61851.9,61851.9,61841.3,61841.3,106.3
2024-03-03 04:23:00,61841.4,61845.9,61839.2,61845.8,82.625
2024-03-03 04:24:00,61845.9,61848.0,61845.9,61848.0,17.67
2024-03-03 04:25:00,61848.0,61848.0,61835.0,61835.0,27.865
2024-03-03 04:26:00,61835.1,61835.1,61817.0,61821.6,70.117
2024-03-03 04:27:00,61821.6,61821.6,61778.4,61792.8,368.302
2024-03-03 04:28:00,61792.9,61792.9,61752.0,61752.0,232.785
2024-03-03 04:29:00,61752.1,61752.1,61720.0,61724.3,291.306
2024-03-03 04:30:00,61724.2,61751.0,61724.2,61733.3,215.06
2024-03-03 04:31:00,61733.4,61863.2,61733.3,61863.2,165.997
2024-03-03 04:32:00,61863.2,61877.4,61852.4,61854.3,95.293
2024-03-03 04:33:00,61854.4,61859.4,61854.3,61859.4,20.688
2024-03-03 04:34:00,61859.4,61870.0,61828.2,61869.9,111.194
2024-03-03 04:35:00,61870.0,61920.0,61870.0,61908.2,187.453
2024-03-03 04:36:00,61908.2,61926.1,61904.2,61912.6,125.823
2024-03-03 04:37:00,61912.5,61919.4,61887.8,61919.3,58.778
2024-03-03 04:38:00,61919.4,61919.4,61899.4,61899.4,61.535
2024-03-03 04:39:00,61899.5,61933.0,61899.5,61932.9,43.122
2024-03-03 04:40:00,61933.0,61934.4,61910.7,61928.7,71.922
2024-03-03 04:41:00,61928.7,61933.0,61903.4,61926.2,29.12
2024-03-03 04:42:00,61926.2,61926.2,61896.5,61920.5,45.375
2024-03-03 04:43:00,61920.5,61926.6,61918.1,61918.1,26.889
2024-03-03 04:44:00,61918.2,61962.7,61918.2,61957.5,120.548
2024-03-03 04:45:00,61957.6,61995.4,61957.5,61987.7,115.976
2024-03-03 04:46:00,61987.7,61994.0,61984.1,61987.5,83.089
2024-03-03 04:47:00,61987.6,61999.2,61987.5,61988.1,47.994
2024-03-03 04:48:00,61988.2,62030.0,61988.1,62029.9,533.69
2024-03-03 04:49:00,62030.0,62058.8,62029.9,62058.8,296.328
2024-03-03 04:50:00,62058.8,62058.9,62037.2,62058.8,85.396
2024-03-03 04:51:00,62058.9,62076.0,62055.8,62075.9,70.019
2024-03-03 04:52:00,62076.0,62076.0,62050.5,62055.2,85.342
2024-03-03 04:53:00,62055.2,62079.4,62055.2,62079.4,66.123
2024-03-03 04:54:00,62079.4,62099.0,62079.3,62098.9,72.15
2024-03-03 04:55:00,62098.9,62105.2,62098.9,62105.1,78.133
2024-03-03 04:56:00,62105.2,62107.7,62084.2,62085.0,88.806
2024-03-03 04:57:00,62085.0,62085.0,62017.0,62076.0,177.665
2024-03-03 04:58:00,62076.0,62076.0,62047.6,62051.5,63.332
2024-03-03 04:59:00,62051.5,62067.6,62051.4,62067.6,38.292
2024-03-03 05:00:00,62067.6,62128.0,62067.5,62127.9,101.443
2024-03-03 05:01:00,62128.0,62128.0,62104.1,62109.3,71.487
2024-03-03 05:02:00,62109.4,62109.4,62026.0,62046.0,151.094
2024-03-03 05:03:00,62046.0,62046.0,62012.6,62031.5,81.881
2024-03-03 05:04:00,62031.5,62041.7,62031.4,62041.7,26.471
2024-03-03 05:05:00,62041.6,62041.7,62017.0,62029.7,153.978
2024-03-03 05:06:00,62029.8,62076.0,62029.7,62076.0,56.252
2024-03-03 05:07:00,62076.0,62109.4,62075.9,62109.4,47.206
2024-03-03 05:08:00,62109.4,62109.4,62086.9,62090.0,63.78
2024-03-03 05:09:00,62090.0,62090.1,62070.7,62070.8,35.634
2024-03-03 05:10:00,62070.7,62091.0,62055.6,62091.0,50.014
2024-03-03 05:11:00,62091.0,62120.0,62090.9,62120.0,33.36
2024-03-03 05:12:00,62120.0,62120.0,62089.0,62091.7,51.776
2024-03-03 05:13:00,62091.8,62100.0,62084.9,62084.9,78.523
2024-03-03 05:14:00,62085.0,62085.0,62084.9,62085.0,5.33
2024-03-03 05:15:00,62084.9,62085.1,62047.3,62057.5,59.7
2024-03-03 05:16:00,62055.7,62055.7,62035.0,62053.7,33.118
2024-03-03 05:17:00,62053.8,62060.0,62053.7,62060.0,20.4
2024-03-03 05:18:00,62060.0,62060.0,62043.5,62043.5,23.062
2024-03-03 05:19:00,62043.6,62082.7,62035.5,62082.6,32.229
2024-03-03 05:20:00,62082.7,62087.4,62078.8,62079.7,59.375
2024-03-03 05:21:00,62079.8,62079.8,62073.0,62073.9,19.093
2024-03-03 05:22:00,62074.0,62077.1,62073.9,62077.1,25.238
2024-03-03 05:23:00,62077.1,62077.1,62066.2,62066.3,48.419
2024-03-03 05:24:00,62066.3,62067.6,62045.2,62067.6,68.574
2024-03-03 05:25:00,62067.6,62068.0,62007.5,62026.7,307.198
2024-03-03 05:26:00,62026.7,62038.9,62026.6,62038.9,42.778
2024-03-03 05:27:00,62038.9,62038.9,62031.5,62031.6,29.227
2024-03-03 05:28:00,62031.6,62040.0,62031.5,62040.0,24.534
2024-03-03 05:29:00,62039.9,62040.0,62035.6,62039.9,87.884
2024-03-03 05:30:00,62039.9,62040.0,61992.8,62036.6,243.818
2024-03-03 05:31:00,62036.6,62055.6,61993.1,61997.8,150.207
2024-03-03 05:32:00,61997.8,62003.5,61942.3,61954.1,179.473
2024-03-03 05:33:00,61954.2,61995.7,61954.2,61975.4,81.955
2024-03-03 05:34:00,61975.3,62010.0,61972.5,61999.6,83.774
2024-03-03 05:35:00,61999.6,61999.6,61960.1,61989.8,52.854
2024-03-03 05:36:00,61989.9,61995.4,61980.8,61980.8,21.801
2024-03-03 05:37:00,61980.8,61996.0,61953.0,61980.6,67.769
2024-03-03 05:38:00,61980.6,61980.6,61962.0,61966.6,29.029
2024-03-03 05:39:00,61966.6,61966.7,61933.4,61933.4,34.952
2024-03-03 05:40:00,61933.4,61944.6,61924.0,61933.3,105.573
2024-03-03 05:41:00,61933.3,61941.2,61924.0,61931.6,48.887
2024-03-03 05:42:00,61931.6,61931.6,61919.0,61923.4,45.262
2024-03-03 05:43:00,61923.4,61923.5,61908.0,61908.0,50.314
2024-03-03 05:44:00,61908.0,61908.1,61880.1,61887.9,104.841
2024-03-03 05:45:00,61887.9,61946.8,61887.9,61929.7,111.96
2024-03-03 05:46:00,61929.8,61973.8,61920.0,61965.2,319.194
2024-03-03 05:47:00,61965.2,62015.3,61954.2,62015.2,138.43
2024-03-03 05:48:00,62015.2,62015.3,61960.0,61960.0,68.725
2024-03-03 05:49:00,61960.0,61963.3,61901.3,61903.5,55.307
2024-03-03 05:50:00,61903.4,61917.8,61900.0,61900.0,119.923
2024-03-03 05:51:00,61900.0,61902.5,61876.4,61876.5,71.9
2024-03-03 05:52:00,61876.5,61899.4,61872.5,61872.5,54.834
2024-03-03 05:53:00,61872.5,61910.3,61872.5,61886.3,64.17
2024-03-03 05:54:00,61886.2,61886.3,61859.1,61883.2,77.018
2024-03-03 05:55:00,61883.3,61886.1,61860.2,61860.2,23.857
2024-03-03 05:56:00,61860.2,61865.3,61850.0,61850.0,67.745
2024-03-03 05:57:00,61850.0,61850.2,61827.5,61844.8,118.906
2024-03-03 05:58:00,61844.7,61850.1,61811.6,61850.0,152.621
2024-03-03 05:59:00,61850.0,61862.1,61846.9,61846.9,82.634
2024-03-03 06:00:00,61847.0,61885.2,61846.9,61871.4,87.047
2024-03-03 06:01:00,61871.5,61877.6,61856.9,61866.1,28.423
2024-03-03 06:02:00,61865.3,61865.3,61840.1,61840.1,38.604
2024-03-03 06:03:00,61840.0,61846.9,61835.4,61839.4,59.254
2024-03-03 06:04:00,61839.4,61917.8,61839.4,61917.7,127.78
2024-03-03 06:05:00,61917.7,61947.0,61915.6,61915.6,111.841
2024-03-03 06:06:00,61915.7,61969.4,61915.7,61957.4,109.805
2024-03-03 06:07:00,61957.4,61957.5,61926.5,61926.6,52.538
2024-03-03 06:08:00,61926.6,61926.6,61887.8,61887.8,52.391
2024-03-03 06:09:00,61887.9,61943.4,61875.5,61933.2,79.219
2024-03-03 06:10:00,61933.2,61943.2,61915.9,61940.7,41.97
2024-03-03 06:11:00,61940.7,61943.9,61882.2,61887.5,61.138
2024-03-03 06:12:00,61887.4,61922.9,61887.4,61913.1,51.785
2024-03-03 06:13:00,61913.0,61931.4,61901.3,61901.3,35.162
2024-03-03 06:14:00,61901.4,61901.4,61889.4,61889.4,33.983
2024-03-03 06:15:00,61889.4,61889.5,61826.9,61841.8,142.738
2024-03-03 06:16:00,61841.8,61859.6,61820.0,61826.4,64.407
2024-03-03 06:17:00,61826.4,61833.0,61810.2,61810.2,54.329
2024-03-03 06:18:00,61810.3,61830.0,61807.4,61816.2,110.324
2024-03-03 06:19:00,61816.2,61834.7,61812.4,61830.7,71.372
2024-03-03 06:20:00,61830.6,61830.6,61807.6,61807.7,36.697
2024-03-03 06:21:00,61807.6,61816.6,61800.0,61813.1,109.701
2024-03-03 06:22:00,61813.1,61813.1,61794.2,61800.0,98.061
2024-03-03 06:23:00,61799.9,61812.5,61796.6,61796.8,60.404
2024-03-03 06:24:00,61796.7,61805.7,61792.7,61805.7,58.075
2024-03-03 06:25:00,61805.6,61805.7,61792.0,61792.0,52.385
2024-03-03 06:26:00,61792.0,61812.5,61792.0,61812.5,62.009
2024-03-03 06:27:00,61812.5,61845.2,61812.4,61826.2,105.599
2024-03-03 06:28:00,61826.2,61832.2,61811.4,61811.4,34.596
2024-03-03 06:29:00,61811.5,61811.5,61791.8,61799.0,116.676
2024-03-03 06:30:00,61799.0,61849.0,61798.9,61849.0,84.305
2024-03-03 06:31:00,61849.0,61849.0,61805.6,61811.6,66.698
2024-03-03 06:32:00,61811.6,61841.5,61794.6,61819.5,99.226
2024-03-03 06:33:00,61819.5,61829.0,61819.4,61821.8,27.951
2024-03-03 06:34:00,61821.8,61826.9,61805.2,61819.8,83.246
2024-03-03 06:35:00,61819.9,61906.2,61819.8,61897.1,259.976
2024-03-03 06:36:00,61897.0,61927.5,61895.6,61908.0,96.159
2024-03-03 06:37:00,61908.0,61908.0,61890.3,61890.3,32.336
2024-03-03 06:38:00,61890.3,61890.4,61882.4,61884.6,47.144
2024-03-03 06:39:00,61884.6,61884.7,61881.3,61881.3,25.687
2024-03-03 06:40:00,61881.3,61927.4,61881.3,61927.4,66.059
2024-03-03 06:41:00,61927.4,61935.3,61927.3,61932.6,79.348
2024-03-03 06:42:00,61932.6,61938.2,61922.6,61938.2,51.005
2024-03-03 06:43:00,61938.2,61948.5,61933.5,61945.5,40.177
2024-03-03 06:44:00,61945.5,61945.5,61934.1,61940.8,24.075
2024-03-03 06:45:00,61940.8,61974.5,61940.7,61950.1,97.963
2024-03-03 06:46:00,61950.0,61950.0,61901.8,61914.2,59.913
2024-03-03 06:47:00,61914.3,61914.3,61875.4,61895.4,43.197
2024-03-03 06:48:00,61895.3,61895.3,61875.4,61875.5,11.985
2024-03-03 06:49:00,61875.5,61883.4,61875.4,61875.4,21.19
2024-03-03 06:50:00,61875.4,61875.4,61831.0,61838.0,85.465
2024-03-03 06:51:00,61838.1,61850.0,61838.0,61847.3,28.853
2024-03-03 06:52:00,61847.3,61876.7,61847.2,61875.7,85.073
2024-03-03 06:53:00,61875.6,61885.9,61865.9,61885.9,19.624
2024-03-03 06:54:00,61885.8,61895.1,61885.8,61895.1,25.779
2024-03-03 06:55:00,61895.0,61896.6,61851.4,61851.4,32.069
2024-03-03 06:56:00,61851.4,61851.5,61833.3,61833.4,24.738
2024-03-03 06:57:00,61833.4,61839.1,61831.5,61833.5,31.958
2024-03-03 06:58:00,61833.4,61843.9,61830.0,61843.9,41.856
2024-03-03 06:59:00,61843.9,61870.7,61843.8,61870.7,33.179
2024-03-03 07:00:00,61870.6,61888.4,61850.0,61850.0,33.129
2024-03-03 07:01:00,61850.0,61906.6,61850.0,61903.2,28.46
2024-03-03 07:02:00,61903.2,61909.9,61892.1,61909.9,37.133
2024-03-03 07:03:00,61909.8,61915.2,61909.1,61909.1,27.509
2024-03-03 07:04:00,61909.2,61909.2,61865.5,61867.5,21.472
2024-03-03 07:05:00,61867.5,61882.4,61867.4,61882.3,26.781
2024-03-03 07:06:00,61882.3,61895.7,61882.3,61895.6,16.853
2024-03-03 07:07:00,61895.6,61895.7,61884.7,61884.8,17.037
2024-03-03 07:08:00,61884.7,61893.3,61871.0,61875.3,18.7
2024-03-03 07:09:00,61875.3,61894.9,61875.3,61894.9,23.43
2024-03-03 07:10:00,61894.8,61894.8,61877.2,61885.8,19.246
2024-03-03 07:11:00,61885.8,61886.0,61874.8,61880.3,21.734
2024-03-03 07:12:00,61880.4,61880.4,61868.0,61874.1,16.2
2024-03-03 07:13:00,61874.1,61874.1,61855.8,61855.8,13.49
2024-03-03 07:14:00,61855.9,61855.9,61846.1,61846.1,23.939
2024-03-03 07:15:00,61846.2,61846.2,61817.6,61817.6,67.651
2024-03-03 07:16:00,61817.6,61833.0,61817.5,61833.0,40.647
2024-03-03 07:17:00,61833.0,61848.8,61832.9,61845.9,65.832
2024-03-03 07:18:00,61845.9,61846.0,61835.5,61835.5,24.329
2024-03-03 07:19:00,61835.5,61852.2,61835.5,61851.3,28.481
2024-03-03 07:20:00,61851.4,61856.0,61848.9,61856.0,24.941
2024-03-03 07:21:00,61855.9,61861.2,61838.6,61842.7,37.181
2024-03-03 07:22:00,61842.7,61849.8,61842.4,61849.7,18.899
2024-03-03 07:23:00,61849.7,61860.0,61849.7,61860.0,11.716
2024-03-03 07:24:00,61859.9,61859.9,61837.2,61847.3,86.395
2024-03-03 07:25:00,61847.2,61849.1,61841.4,61843.5,21.865
2024-03-03 07:26:00,61843.5,61850.0,61840.2,61850.0,14.621
2024-03-03 07:27:00,61850.0,61850.0,61844.1,61844.1,8.318
2024-03-03 07:28:00,61844.1,61860.0,61844.1,61858.8,28.645
2024-03-03 07:29:00,61858.8,61860.9,61856.8,61856.9,16.617
2024-03-03 07:30:00,61856.8,61859.0,61848.1,61848.2,29.349
2024-03-03 07:31:00,61848.2,61848.2,61841.1,61841.1,14.141
2024-03-03 07:32:00,61841.1,61841.2,61840.7,61840.8,16.229
2024-03-03 07:33:00,61840.7,61858.4,61833.3,61858.3,60.497
2024-03-03 07:34:00,61858.4,61858.4,61837.7,61837.7,16.285
2024-03-03 07:35:00,61837.7,61843.3,61837.7,61843.3,17.123
2024-03-03 07:36:00,61843.2,61843.3,61836.5,61843.3,14.351
2024-03-03 07:37:00,61843.2,61844.0,61843.2,61844.0,10.524
2024-03-03 07:38:00,61843.9,61844.0,61837.8,61837.8,14.088
2024-03-03 07:39:00,61837.8,61837.9,61837.8,61837.8,7.694
2024-03-03 07:40:00,61837.8,61837.9,61820.0,61822.5,65.538
2024-03-03 07:41:00,61822.5,61822.6,61819.0,61820.0,14.515
2024-03-03 07:42:00,61820.0,61820.1,61820.0,61820.1,9.099
2024-03-03 07:43:00,61820.0,61820.1,61813.8,61813.8,21.014
2024-03-03 07:44:00,61813.8,61813.8,61809.9,61809.9,18.839
2024-03-03 07:45:00,61809.9,61855.4,61801.0,61801.1,202.082
2024-03-03 07:46:00,61801.0,61801.0,61777.0,61785.0,253.353
2024-03-03 07:47:00,61785.0,61785.1,61778.3,61785.0,61.789
2024-03-03 07:48:00,61785.0,61792.1,61780.3,61780.3,48.073
2024-03-03 07:49:00,61780.3,61784.9,61778.1,61778.3,68.665
2024-03-03 07:50:00,61778.2,61778.3,61762.1,61766.5,103.475
2024-03-03 07:51:00,61766.4,61766.4,61753.0,61753.0,98.581
2024-03-03 07:52:00,61753.0,61756.6,61750.0,61750.0,46.988
2024-03-03 07:53:00,61750.0,61774.9,61750.0,61768.0,92.126
2024-03-03 07:54:00,61768.0,61768.1,61750.1,61750.3,60.225
2024-03-03 07:55:00,61750.2,61832.6,61750.2,61824.4,151.471
2024-03-03 07:56:00,61824.3,61824.4,61775.5,61775.5,46.118
2024-03-03 07:57:00,61775.5,61787.5,61775.5,61787.5,46.529
2024-03-03 07:58:00,61787.4,61795.4,61753.0,61764.4,112.237
2024-03-03 07:59:00,61764.3,61764.4,61750.0,61750.0,181.772
2024-03-03 08:00:00,61750.0,61765.1,61738.4,61738.4,89.557
2024-03-03 08:01:00,61738.3,61738.3,61717.2,61717.2,251.354
2024-03-03 08:02:00,61717.2,61731.6,61700.0,61728.7,211.87
2024-03-03 08:03:00,61728.8,61770.4,61728.7,61770.0,73.382
2024-03-03 08:04:00,61770.0,61770.4,61756.2,61756.2,46.027
2024-03-03 08:05:00,61756.2,61756.3,61733.7,61735.7,27.872
2024-03-03 08:06:00,61735.6,61784.1,61735.6,61780.2,44.942
2024-03-03 08:07:00,61780.1,61796.7,61780.0,61796.7,34.636
2024-03-03 08:08:00,61796.6,61822.9,61796.6,61822.9,72.046
2024-03-03 08:09:00,61822.8,61852.7,61817.3,61849.5,65.504
2024-03-03 08:10:00,61849.5,61863.0,61842.8,61855.4,60.739
2024-03-03 08:11:00,61855.4,61855.4,61824.0,61824.0,97.975
2024-03-03 08:12:00,61824.0,61831.5,61820.9,61831.5,22.924
2024-03-03 08:13:00,61831.4,61840.1,61831.4,61840.0,17.324
2024-03-03 08:14:00,61840.0,61849.6,61840.0,61849.6,16.913
2024-03-03 08:15:00,61849.6,61865.4,61849.5,61865.4,53.372
2024-03-03 08:16:00,61865.3,61865.4,61846.2,61859.2,61.684
2024-03-03 08:17:00,61859.2,61866.9,61857.3,61857.3,55.439
2024-03-03 08:18:00,61857.3,61857.4,61839.4,61839.4,26.393
2024-03-03 08:19:00,61839.4,61844.3,61835.7,61844.2,33.487
2024-03-03 08:20:00,61844.2,61863.4,61844.2,61854.1,55.159
2024-03-03 08:21:00,61854.0,61858.1,61852.5,61858.0,15.568
2024-03-03 08:22:00,61858.0,61858.1,61833.2,61833.2,34.808
2024-03-03 08:23:00,61833.2,61850.0,61831.9,61849.9,23.145
2024-03-03 08:24:00,61849.9,61853.0,61849.9,61852.9,13.718
2024-03-03 08:25:00,61852.9,61853.0,61848.1,61851.3,18.044
2024-03-03 08:26:00,61851.3,61864.7,61851.3,61853.1,50.761
2024-03-03 08:27:00,61853.1,61864.7,61853.1,61863.0,45.724
2024-03-03 08:28:00,61862.9,61867.9,61862.9,61867.8,26.336
2024-03-03 08:29:00,61867.7,61867.9,61867.7,61867.9,9.431
2024-03-03 08:30:00,61867.8,61880.0,61863.2,61863.2,84.745
2024-03-03 08:31:00,61863.2,61863.3,61850.1,61850.2,39.642
2024-03-03 08:32:00,61850.1,61850.2,61841.7,61845.1,42.486
2024-03-03 08:33:00,61845.1,61873.9,61845.1,61871.6,90.667
2024-03-03 08:34:00,61871.5,61871.5,61862.5,61862.5,21.309
2024-03-03 08:35:00,61862.5,61879.4,61862.5,61879.4,16.871
2024-03-03 08:36:00,61879.3,61887.2,61872.4,61887.2,29.547
2024-03-03 08:37:00,61887.1,61905.5,61887.1,61905.5,112.22
2024-03-03 08:38:00,61905.4,61905.5,61905.4,61905.5,38.902
2024-03-03 08:39:00,61905.4,61905.5,61879.0,61881.5,77.511
2024-03-03 08:40:00,61881.6,61933.8,61881.5,61925.4,99.345
2024-03-03 08:41:00,61925.4,61946.4,61925.4,61928.9,169.871
2024-03-03 08:42:00,61928.9,61937.3,61926.5,61936.6,57.982
2024-03-03 08:43:00,61936.5,61936.5,61926.5,61928.1,60.191
2024-03-03 08:44:00,61928.2,61945.0,61914.5,61945.0,105.276
2024-03-03 08:45:00,61944.9,61946.8,61935.2,61935.2,103.849
2024-03-03 08:46:00,61935.2,61955.4,61935.2,61955.4,74.052
2024-03-03 08:47:00,61955.3,61985.9,61955.3,61981.2,175.578
2024-03-03 08:48:00,61981.2,62000.0,61981.2,62000.0,262.78
2024-03-03 08:49:00,61999.9,62066.0,61998.4,62065.8,403.158
2024-03-03 08:50:00,62065.8,62072.4,61989.9,62007.5,221.899
2024-03-03 08:51:00,62007.5,62033.9,62007.5,62026.9,54.001
2024-03-03 08:52:00,62026.8,62026.9,62008.7,62020.0,54.916
2024-03-03 08:53:00,62019.9,62020.0,62012.5,62012.6,46.602
2024-03-03 08:54:00,62012.5,62012.6,61991.4,61991.4,30.275
2024-03-03 08:55:00,61991.4,62004.9,61981.6,62000.0,83.956
2024-03-03 08:56:00,62000.0,62000.1,61990.0,61990.1,25.969
2024-03-03 08:57:00,61990.1,62010.7,61990.1,62010.7,41.727
2024-03-03 08:58:00,62010.6,62040.0,62010.6,62039.9,39.106
2024-03-03 08:59:00,62039.9,62040.0,62023.7,62023.7,47.831
2024-03-03 09:00:00,62023.7,62050.0,62023.7,62050.0,49.569
2024-03-03 09:01:00,62050.0,62050.0,62008.9,62008.9,60.835
2024-03-03 09:02:00,62008.9,62009.0,61997.0,62003.3,34.651
2024-03-03 09:03:00,62003.3,62015.2,62003.2,62010.2,66.523
2024-03-03 09:04:00,62010.1,62010.2,62010.1,62010.1,17.956
2024-03-03 09:05:00,62010.1,62058.7,62010.1,62053.9,70.881
2024-03-03 09:06:00,62053.9,62053.9,62017.6,62025.9,145.835
2024-03-03 09:07:00,62025.9,62027.9,62025.9,62027.9,15.639
2024-03-03 09:08:00,62027.8,62027.9,62011.5,62019.9,34.867
2024-03-03 09:09:00,62019.9,62021.1,62011.5,62015.2,22.485
2024-03-03 09:10:00,62015.2,62042.3,62015.1,62042.2,124.807
2024-03-03 09:11:00,62042.3,62045.4,62022.9,62035.3,53.495
2024-03-03 09:12:00,62035.3,62049.8,62035.2,62045.4,26.271
2024-03-03 09:13:00,62045.5,62045.5,62045.4,62045.5,21.436
2024-03-03 09:14:00,62045.5,62048.5,62045.4,62048.5,16.971
2024-03-03 09:15:00,62048.4,62065.5,62048.4,62056.3,145.115
2024-03-03 09:16:00,62056.2,62065.5,62056.2,62063.6,35.354
2024-03-03 09:17:00,62063.5,62065.4,62056.5,62065.4,21.679
2024-03-03 09:18:00,62065.4,62065.4,62052.6,62054.7,32.148
2024-03-03 09:19:00,62054.7,62054.8,62019.4,62026.6,125.6
2024-03-03 09:20:00,62027.5,62059.6,62027.4,62059.5,43.758
2024-03-03 09:21:00,62059.6,62059.6,62015.1,62015.1,45.953
2024-03-03 09:22:00,62015.1,62037.0,62000.0,62037.0,132.685
2024-03-03 09:23:00,62037.0,62048.7,61997.1,61997.1,75.66
2024-03-03 09:24:00,61997.2,61997.2,61942.9,61944.6,292.407
2024-03-03 09:25:00,61944.7,61984.9,61944.6,61984.8,45.222
2024-03-03 09:26:00,61984.8,61987.0,61984.8,61986.9,16.383
2024-03-03 09:27:00,61986.9,61988.0,61986.9,61987.9,18.915
2024-03-03 09:28:00,61988.0,61995.1,61987.9,61995.0,29.245
2024-03-03 09:29:00,61995.1,61997.1,61995.0,61997.1,14.093
2024-03-03 09:30:00,61997.1,62001.9,61997.0,62001.9,20.08
2024-03-03 09:31:00,62001.8,62005.1,62001.8,62005.0,13.448
2024-03-03 09:32:00,62005.1,62005.1,61958.3,61971.3,120.445
2024-03-03 09:33:00,61971.3,62000.0,61971.3,61999.9,30.879
2024-03-03 09:34:00,62000.0,62026.0,62000.0,62026.0,26.066
2024-03-03 09:35:00,62026.0,62040.0,62025.9,62040.0,34.664
2024-03-03 09:36:00,62040.0,62060.7,62039.9,62060.6,42.331
2024-03-03 09:37:00,62060.7,62076.9,62048.4,62069.2,113.94
2024-03-03 09:38:00,62069.2,62069.2,62030.3,62051.5,50.863
2024-03-03 09:39:00,62051.6,62072.7,62049.4,62072.6,56.908
2024-03-03 09:40:00,62072.6,62076.8,62059.1,62063.0,48.903
2024-03-03 09:41:00,62063.0,62065.3,62051.0,62051.0,52.636
2024-03-03 09:42:00,62051.0,62063.6,62043.2,62059.6,61.938
2024-03-03 09:43:00,62059.6,62067.4,62059.6,62067.3,20.265
2024-03-03 09:44:00,62067.4,62070.0,62067.1,62067.1,40.471
2024-03-03 09:45:00,62067.1,62079.4,62067.1,62079.3,87.995
2024-03-03 09:46:00,62079.4,62121.0,62079.3,62110.4,296.503
2024-03-03 09:47:00,62110.5,62120.4,62094.8,62115.0,173.351
2024-03-03 09:48:00,62115.0,62127.6,62114.9,62127.5,69.162
2024-03-03 09:49:00,62127.6,62128.0,62112.2,62118.8,57.157
2024-03-03 09:50:00,62118.8,62127.8,62110.9,62127.8,46.774
2024-03-03 09:51:00,62127.7,62181.2,62127.7,62130.9,432.592
2024-03-03 09:52:00,62130.9,62159.9,62130.9,62139.9,65.485
2024-03-03 09:53:00,62139.9,62172.0,62139.9,62171.9,52.847
2024-03-03 09:54:00,62171.9,62174.4,62123.9,62131.7,98.682
2024-03-03 09:55:00,62131.8,62160.0,62131.7,62158.1,58.527
2024-03-03 09:56:00,62158.1,62165.4,62155.9,62165.4,70.082
2024-03-03 09:57:00,62165.4,62171.8,62138.3,62154.0,105.883
2024-03-03 09:58:00,62154.1,62161.1,62144.1,62154.3,66.564
2024-03-03 09:59:00,62154.2,62159.9,62148.0,62159.8,24.89
2024-03-03 10:00:00,62159.8,62159.9,62129.7,62129.7,68.082
2024-03-03 10:01:00,62129.4,62129.5,62102.9,62102.9,124.946
2024-03-03 10:02:00,62102.9,62103.0,62078.4,62083.6,49.664
2024-03-03 10:03:00,62083.6,62083.7,62079.6,62079.6,21.265
2024-03-03 10:04:00,62079.6,62079.7,62045.4,62051.4,60.406
2024-03-03 10:05:00,62051.4,62113.9,62051.4,62113.9,66.618
2024-03-03 10:06:00,62113.9,62114.0,62074.9,62082.0,49.234
2024-03-03 10:07:00,62082.0,62087.7,62058.7,62066.0,40.742
2024-03-03 10:08:00,62065.9,62088.8,62065.9,62088.8,37.427
2024-03-03 10:09:00,62088.7,62116.9,62082.4,62116.9,38.125
2024-03-03 10:10:00,62116.9,62145.6,62112.1,62145.6,52.404
2024-03-03 10:11:00,62145.8,62150.0,62097.0,62098.6,58.432
2024-03-03 10:12:00,62098.6,62119.2,62098.6,62109.2,45.694
2024-03-03 10:13:00,62108.6,62122.6,62105.2,62107.8,30.612
2024-03-03 10:14:00,62107.8,62120.6,62105.7,62111.7,31.147
2024-03-03 10:15:00,62111.7,62111.7,62073.9,62073.9,55.943
2024-03-03 10:16:00,62073.9,62089.7,62062.8,62066.6,48.25
2024-03-03 10:17:00,62066.6,62082.0,62063.8,62082.0,46.554
2024-03-03 10:18:00,62082.0,62100.0,62064.1,62065.5,43.046
2024-03-03 10:19:00,62065.5,62068.7,62061.1,62066.6,21.08
2024-03-03 10:20:00,62066.6,62080.6,62066.5,62080.6,24.141
2024-03-03 10:21:00,62080.6,62096.7,62080.5,62087.8,21.536
2024-03-03 10:22:00,62087.8,62091.5,62077.6,62091.5,36.558
2024-03-03 10:23:00,62091.5,62091.6,62074.7,62074.7,36.667
2024-03-03 10:24:00,62074.8,62075.6,62065.6,62067.2,35.437
2024-03-03 10:25:00,62067.1,62068.9,62067.0,62068.8,18.357
2024-03-03 10:26:00,62068.8,62068.9,62065.7,62068.9,13.011
2024-03-03 10:27:00,62068.8,62082.5,62068.8,62082.4,29.557
2024-03-03 10:28:00,62082.5,62083.0,62082.4,62083.0,18.062
2024-03-03 10:29:00,62082.9,62085.0,62064.2,62085.0,30.921
2024-03-03 10:30:00,62085.0,62100.0,62084.9,62100.0,23.239
2024-03-03 10:31:00,62100.0,62112.3,62092.2,62097.1,102.833
2024-03-03 10:32:00,62097.1,62099.7,62072.9,62073.0,35.06
2024-03-03 10:33:00,62073.0,62073.0,62065.8,62068.4,23.84
2024-03-03 10:34:00,62068.4,62068.4,62050.0,62050.1,65.487
2024-03-03 10:35:00,62050.1,62058.3,62042.3,62057.6,47.204
2024-03-03 10:36:00,62057.6,62067.4,62050.1,62061.8,30.721
2024-03-03 10:37:00,62061.7,62075.6,62055.6,62056.7,123.39
2024-03-03 10:38:00,62056.8,62065.6,62056.7,62059.6,23.61
2024-03-03 10:39:00,62059.7,62059.7,62029.5,62029.5,62.005
2024-03-03 10:40:00,62029.6,62029.6,62022.0,62022.1,28.611
2024-03-03 10:41:00,62022.1,62038.0,62015.5,62038.0,90.267
2024-03-03 10:42:00,62038.0,62038.0,62011.9,62011.9,21.99
2024-03-03 10:43:00,62012.0,62012.0,61990.0,61999.9,156.981
2024-03-03 10:44:00,62000.0,62023.0,61999.9,62019.4,110.844
2024-03-03 10:45:00,62019.4,62035.9,62006.6,62006.6,119.009
2024-03-03 10:46:00,62006.7,62006.7,61995.4,61995.4,38.363
2024-03-03 10:47:00,61995.5,61997.0,61990.1,61992.3,27.362
2024-03-03 10:48:00,61992.4,61992.4,61982.2,61985.3,42.511
2024-03-03 10:49:00,61985.3,61985.4,61981.4,61981.5,17.639
2024-03-03 10:50:00,61981.4,61997.7,61981.4,61997.6,43.046
2024-03-03 10:51:00,61997.6,62004.8,61972.2,61972.2,66.348
2024-03-03 10:52:00,61972.3,61977.4,61960.0,61960.0,40.527
2024-03-03 10:53:00,61960.1,61987.4,61960.0,61986.6,48.567
2024-03-03 10:54:00,61986.5,61986.6,61963.4,61963.4,35.83
2024-03-03 10:55:00,61963.4,61985.3,61963.4,61976.4,28.369
2024-03-03 10:56:00,61976.5,61976.5,61964.0,61969.0,28.239
2024-03-03 10:57:00,61969.0,61998.1,61969.0,61983.7,57.116
2024-03-03 10:58:00,61983.8,61990.3,61971.0,61971.0,22.309
2024-03-03 10:59:00,61971.1,61986.1,61971.0,61986.0,20.077
2024-03-03 11:00:00,61986.0,62003.1,61983.0,62003.1,46.03
2024-03-03 11:01:00,62003.1,62003.1,61983.0,61983.0,37.049
2024-03-03 11:02:00,61983.1,61983.1,61964.6,61964.7,27.297
2024-03-03 11:03:00,61964.7,62009.3,61964.6,62000.2,46.015
2024-03-03 11:04:00,62000.3,62000.3,61979.4,61979.4,19.536
2024-03-03 11:05:00,61979.4,61990.6,61967.4,61990.4,20.068
2024-03-03 11:06:00,61990.3,61990.7,61990.3,61990.6,13.108
2024-03-03 11:07:00,61990.7,62003.9,61979.7,62003.9,44.829
2024-03-03 11:08:00,62003.8,62005.0,61986.4,61995.5,53.889
2024-03-03 11:09:00,61995.5,61995.6,61965.1,61975.4,43.091
2024-03-03 11:10:00,61975.4,62010.0,61975.4,62002.2,22.05
2024-03-03 11:11:00,62002.1,62007.5,61983.5,61983.5,24.785
2024-03-03 11:12:00,61983.5,62009.9,61983.5,62009.7,27.342
2024-03-03 11:13:00,62009.6,62017.9,62009.6,62015.4,32.586
2024-03-03 11:14:00,62015.4,62015.5,61987.2,61987.2,22.108
2024-03-03 11:15:00,61987.2,62006.5,61987.2,62003.1,41.993
2024-03-03 11:16:00,62002.6,62002.6,61983.3,61983.4,29.291
2024-03-03 11:17:00,61983.4,62024.7,61983.3,61998.7,129.394
2024-03-03 11:18:00,61998.7,62010.0,61991.9,62009.0,38.572
2024-03-03 11:19:00,62009.1,62019.5,62009.0,62019.4,19.641
2024-03-03 11:20:00,62019.4,62019.5,62003.2,62003.4,34.519
2024-03-03 11:21:00,62003.4,62008.6,61980.1,61980.1,15.157
2024-03-03 11:22:00,61980.1,61980.2,61971.3,61974.7,33.626
2024-03-03 11:23:00,61974.6,61979.4,61964.7,61964.7,29.105
2024-03-03 11:24:00,61964.8,61964.8,61953.9,61953.9,68.976
2024-03-03 11:25:00,61953.9,61977.2,61953.9,61956.4,35.315
2024-03-03 11:26:00,61956.5,61972.9,61956.4,61961.6,37.3
2024-03-03 11:27:00,61961.7,61979.3,61960.0,61960.0,45.448
2024-03-03 11:28:00,61960.0,61970.4,61944.8,61948.3,134.094
2024-03-03 11:29:00,61948.3,61957.9,61948.2,61954.8,27.782
2024-03-03 11:30:00,61954.8,61969.0,61954.8,61962.9,27.418
2024-03-03 11:31:00,61963.0,61963.0,61948.1,61948.1,43.737
2024-03-03 11:32:00,61948.1,61948.2,61939.1,61940.1,47.422
2024-03-03 11:33:00,61940.1,61940.2,61913.7,61914.7,114.136
2024-03-03 11:34:00,61914.7,61914.7,61896.5,61899.9,132.044
2024-03-03 11:35:00,61899.9,61932.4,61898.0,61905.6,117.272
2024-03-03 11:36:00,61905.6,61925.2,61895.7,61895.8,59.638
2024-03-03 11:37:00,61895.7,61906.9,61850.6,61850.7,308.173
2024-03-03 11:38:00,61850.7,61857.5,61820.2,61847.6,430.25
2024-03-03 11:39:00,61847.5,61921.4,61847.5,61859.6,251.343
2024-03-03 11:40:00,61859.6,61859.6,61847.1,61847.2,83.19
2024-03-03 11:41:00,61847.2,61854.2,61835.0,61835.1,103.539
2024-03-03 11:42:00,61835.1,61836.7,61811.3,61826.4,297.694
2024-03-03 11:43:00,61826.5,61884.1,61826.5,61864.3,166.119
2024-03-03 11:44:00,61864.4,61887.9,61864.4,61881.2,61.204
2024-03-03 11:45:00,61881.2,61918.2,61881.1,61914.8,73.256
2024-03-03 11:46:00,61914.9,61918.9,61870.0,61870.1,71.805
2024-03-03 11:47:00,61870.1,61885.5,61855.4,61885.5,55.746
2024-03-03 11:48:00,61885.9,61900.0,61885.9,61900.0,34.398
2024-03-03 11:49:00,61899.9,61924.9,61899.9,61924.8,68.993
2024-03-03 11:50:00,61924.8,61934.6,61906.0,61934.5,61.981
2024-03-03 11:51:00,61934.5,61957.4,61934.5,61946.7,120.812
2024-03-03 11:52:00,61946.8,61958.1,61928.0,61958.1,83.609
2024-03-03 11:53:00,61958.1,62000.0,61958.1,62000.0,236.898
2024-03-03 11:54:00,61999.9,62067.2,61999.9,62060.6,335.425
2024-03-03 11:55:00,62060.5,62064.9,62028.9,62064.9,149.13
2024-03-03 11:56:00,62064.9,62076.7,62051.6,62060.2,134.907
2024-03-03 11:57:00,62060.2,62109.0,62060.2,62103.1,388.057
2024-03-03 11:58:00,62103.1,62103.2,62060.1,62060.1,123.227
2024-03-03 11:59:00,62060.1,62074.4,62058.3,62074.3,50.391
2024-03-03 12:00:00,62074.4,62112.8,62074.3,62083.9,146.304
2024-03-03 12:01:00,62083.9,62084.0,62045.4,62049.9,79.277
2024-03-03 12:02:00,62049.9,62057.0,62042.0,62042.1,61.863
2024-03-03 12:03:00,62042.0,62047.2,62041.9,62042.0,25.086
2024-03-03 12:04:00,62042.0,62049.6,62037.3,62048.2,54.39
2024-03-03 12:05:00,62048.2,62048.2,62030.3,62030.3,42.198
2024-03-03 12:06:00,62030.4,62039.4,62026.0,62026.3,53.929
2024-03-03 12:07:00,62026.3,62034.7,61987.0,61994.7,130.984
2024-03-03 12:08:00,61994.7,62023.7,61991.3,62015.7,45.664
2024-03-03 12:09:00,62015.6,62024.4,62007.5,62010.0,31.064
2024-03-03 12:10:00,62010.0,62010.1,61965.0,61965.0,111.119
2024-03-03 12:11:00,61965.1,61975.2,61953.9,61968.4,80.714
2024-03-03 12:12:00,61968.4,61990.0,61955.9,61955.9,54.448
2024-03-03 12:13:00,61955.9,61976.6,61955.9,61964.0,35.465
2024-03-03 12:14:00,61964.0,61977.4,61964.0,61969.1,19.935
2024-03-03 12:15:00,61969.0,61981.0,61969.0,61981.0,18.177
2024-03-03 12:16:00,61980.9,61981.0,61975.4,61975.5,12.936
2024-03-03 12:17:00,61975.4,61975.4,61942.7,61945.8,43.104
2024-03-03 12:18:00,61945.8,61998.4,61945.8,61995.9,39.873
2024-03-03 12:19:00,61995.8,61995.8,61971.4,61971.4,19.963
2024-03-03 12:20:00,61971.4,61991.4,61966.9,61988.0,25.126
2024-03-03 12:21:00,61988.1,61988.1,61971.5,61971.5,11.01
2024-03-03 12:22:00,61971.5,61971.6,61935.3,61935.3,19.685
2024-03-03 12:23:00,61935.4,61945.1,61918.3,61932.2,65.154
2024-03-03 12:24:00,61932.1,61936.1,61920.6,61934.1,33.048
2024-03-03 12:25:00,61934.0,61941.6,61924.5,61924.6,45.129
2024-03-03 12:26:00,61924.5,61941.6,61920.2,61941.6,26.932
2024-03-03 12:27:00,61941.6,61941.6,61920.2,61920.3,24.294
2024-03-03 12:28:00,61920.2,61934.0,61920.2,61924.5,41.446
2024-03-03 12:29:00,61924.4,61932.4,61920.2,61927.2,25.947
2024-03-03 12:30:00,61927.4,61927.4,61915.0,61915.5,30.052
2024-03-03 12:31:00,61915.4,61930.7,61913.3,61926.7,53.65
2024-03-03 12:32:00,61923.4,61923.5,61892.0,61899.9,233.226
2024-03-03 12:33:00,61900.0,61941.5,61899.9,61937.0,47.355
2024-03-03 12:34:00,61937.1,61949.7,61931.4,61931.5,42.272
2024-03-03 12:35:00,61931.5,61939.4,61918.8,61920.1,32.594
2024-03-03 12:36:00,61920.0,61924.4,61913.6,61924.4,25.858
2024-03-03 12:37:00,61924.4,61924.4,61911.6,61913.4,26.639
2024-03-03 12:38:00,61913.4,61913.5,61891.2,61891.2,55.246
2024-03-03 12:39:00,61891.2,61904.2,61877.1,61904.2,131.74
2024-03-03 12:40:00,61904.2,61927.4,61904.2,61920.2,66.903
2024-03-03 12:41:00,61920.3,61937.8,61920.2,61925.2,48.761
2024-03-03 12:42:00,61925.2,61950.0,61925.2,61947.7,57.589
2024-03-03 12:43:00,61947.7,61950.0,61931.2,61949.9,34.351
2024-03-03 12:44:00,61949.9,61950.0,61938.7,61949.6,31.325
2024-03-03 12:45:00,61949.6,61949.6,61913.4,61913.4,41.867
2024-03-03 12:46:00,61913.4,61925.3,61895.4,61895.4,68.681
2024-03-03 12:47:00,61895.4,61897.8,61877.0,61897.7,84.745
2024-03-03 12:48:00,61897.8,61900.0,61875.0,61875.0,90.354
2024-03-03 12:49:00,61875.0,61908.8,61871.1,61879.0,230.623
2024-03-03 12:50:00,61879.1,61910.6,61879.1,61910.5,87.405
2024-03-03 12:51:00,61910.5,61945.6,61910.5,61918.0,166.933
2024-03-03 12:52:00,61918.0,61918.0,61872.1,61879.1,58.413
2024-03-03 12:53:00,61879.1,61879.2,61820.1,61824.2,375.503
2024-03-03 12:54:00,61824.1,61838.4,61814.7,61814.7,323.177
2024-03-03 12:55:00,61814.7,61833.8,61765.0,61778.0,883.329
2024-03-03 12:56:00,61778.0,61791.8,61733.7,61745.0,712.685
2024-03-03 12:57:00,61744.0,61752.8,61505.0,61541.1,2764.068
2024-03-03 12:58:00,61541.1,61572.5,61444.0,61444.1,1911.653
2024-03-03 12:59:00,61444.0,61659.0,61407.2,61635.2,1267.615
2024-03-03 13:00:00,61635.1,61742.4,61626.9,61700.0,816.236
2024-03-03 13:01:00,61700.0,61787.1,61696.0,61699.1,549.968
2024-03-03 13:02:00,61699.0,61699.0,61400.0,61406.8,1316.228
2024-03-03 13:03:00,61406.8,61549.3,61339.5,61522.6,1483.244
2024-03-03 13:04:00,61522.6,61635.7,61510.4,61603.4,658.586
2024-03-03 13:05:00,61603.3,61713.6,61598.1,61690.5,522.471
2024-03-03 13:06:00,61690.5,61692.3,61490.3,61553.6,627.235
2024-03-03 13:07:00,61553.5,61684.6,61550.5,61652.7,776.557
2024-03-03 13:08:00,61652.7,61668.2,61580.5,61591.3,399.841
2024-03-03 13:09:00,61591.3,61649.7,61543.6,61625.1,403.644
2024-03-03 13:10:00,61625.0,61649.3,61624.0,61633.1,293.094
2024-03-03 13:11:00,61633.1,61633.1,61550.0,61571.4,472.174
2024-03-03 13:12:00,61571.4,61596.9,61479.4,61485.8,389.428
2024-03-03 13:13:00,61485.8,61528.6,61472.0,61509.1,327.996
2024-03-03 13:14:00,61509.1,61597.3,61509.1,61581.9,248.684
2024-03-03 13:15:00,61581.9,61665.3,61581.8,61664.9,287.994
2024-03-03 13:16:00,61664.9,61677.7,61561.7,61572.9,261.259
2024-03-03 13:17:00,61572.9,61655.0,61572.9,61621.3,163.142
2024-03-03 13:18:00,61622.0,61700.0,61622.0,61696.5,210.282
2024-03-03 13:19:00,61696.4,61745.0,61696.4,61732.0,359.042
2024-03-03 13:20:00,61732.0,61732.0,61665.3,61716.5,278.8
2024-03-03 13:21:00,61716.4,61752.0,61670.1,61739.8,177.982
2024-03-03 13:22:00,61739.8,61745.0,61674.0,61707.3,179.165
2024-03-03 13:23:00,61707.3,61741.3,61700.0,61741.3,183.595
2024-03-03 13:24:00,61741.2,61748.6,61721.1,61740.3,89.805
2024-03-03 13:25:00,61740.2,61752.8,61740.2,61744.2,117.161
2024-03-03 13:26:00,61744.1,61760.0,61736.7,61759.9,145.425
2024-03-03 13:27:00,61759.9,61765.0,61740.1,61740.1,132.607
2024-03-03 13:28:00,61740.1,61740.2,61680.0,61680.0,143.922
2024-03-03 13:29:00,61680.0,61689.7,61636.5,61641.0,199.911
2024-03-03 13:30:00,61641.0,61745.1,61619.6,61738.2,372.892
2024-03-03 13:31:00,61738.2,61755.7,61709.0,61740.7,228.776
2024-03-03 13:32:00,61740.7,61744.4,61697.3,61704.1,159.352
2024-03-03 13:33:00,61704.1,61716.2,61636.7,61646.2,158.799
2024-03-03 13:34:00,61646.2,61650.0,61633.5,61633.6,222.412
2024-03-03 13:35:00,61633.5,61637.7,61513.2,61555.4,722.425
2024-03-03 13:36:00,61555.3,61650.0,61521.5,61612.6,418.481
2024-03-03 13:37:00,61612.5,61612.6,61548.2,61563.2,211.855
2024-03-03 13:38:00,61563.1,61582.8,61522.0,61526.9,246.628
2024-03-03 13:39:00,61526.8,61546.9,61470.6,61481.3,321.519
2024-03-03 13:40:00,61481.3,61492.7,61452.3,61457.5,397.854
2024-03-03 13:41:00,61457.4,61598.0,61452.3,61597.8,269.876
2024-03-03 13:42:00,61597.8,61597.9,61508.0,61540.9,188.258
2024-03-03 13:43:00,61540.9,61563.3,61521.6,61550.4,102.414
2024-03-03 13:44:00,61550.4,61563.3,61516.8,61518.7,184.409
2024-03-03 13:45:00,61518.7,61627.1,61508.5,61617.9,202.294
2024-03-03 13:46:00,61617.8,61667.0,61611.3,61662.4,245.699
2024-03-03 13:47:00,61662.4,61665.5,61632.4,61633.0,168.119
2024-03-03 13:48:00,61633.0,61633.1,61567.3,61577.6,159.52
2024-03-03 13:49:00,61577.6,61577.6,61552.1,61556.5,64.753
2024-03-03 13:50:00,61556.5,61578.2,61530.9,61539.8,121.03
2024-03-03 13:51:00,61539.8,61573.5,61513.2,61545.4,183.172
2024-03-03 13:52:00,61545.3,61592.2,61540.1,61584.6,78.91
2024-03-03 13:53:00,61584.6,61584.6,61533.2,61559.5,92.685
2024-03-03 13:54:00,61559.5,61583.1,61540.0,61563.5,89.59
2024-03-03 13:55:00,61563.5,61598.0,61563.5,61598.0,79.843
2024-03-03 13:56:00,61597.9,61642.0,61587.4,61635.2,155.845
2024-03-03 13:57:00,61635.2,61642.3,61596.8,61596.8,103.146
2024-03-03 13:58:00,61596.8,61601.6,61590.2,61601.6,73.106
2024-03-03 13:59:00,61601.6,61601.7,61552.7,61597.1,93.285
2024-03-03 14:00:00,61597.1,61667.0,61587.2,61660.0,262.632
2024-03-03 14:01:00,61659.9,61677.0,61650.4,61677.0,183.267
2024-03-03 14:02:00,61676.9,61699.9,61671.6,61671.6,213.804
2024-03-03 14:03:00,61671.7,61727.2,61662.4,61715.0,199.015
2024-03-03 14:04:00,61715.0,61733.7,61704.2,61720.5,94.67
2024-03-03 14:05:00,61720.5,61725.3,61714.0,61725.1,85.566
2024-03-03 14:06:00,61725.1,61725.1,61681.0,61681.0,106.813
2024-03-03 14:07:00,61681.0,61729.0,61673.5,61729.0,100.163
2024-03-03 14:08:00,61728.9,61736.0,61674.3,61674.4,142.359
2024-03-03 14:09:00,61674.4,61711.6,61660.0,61711.5,219.195
2024-03-03 14:10:00,61711.5,61711.5,61631.4,61632.1,213.155
2024-03-03 14:11:00,61632.0,61675.6,61632.0,61675.5,136.971
2024-03-03 14:12:00,61675.5,61701.9,61660.0,61701.9,52.876
2024-03-03 14:13:00,61701.8,61701.9,61676.3,61681.6,56.804
2024-03-03 14:14:00,61681.6,61725.9,61677.0,61719.1,120.624
2024-03-03 14:15:00,61719.1,61776.9,61708.5,61756.5,464.547
2024-03-03 14:16:00,61756.5,61775.7,61741.8,61746.0,212.734
2024-03-03 14:17:00,61745.9,61764.6,61741.0,61764.6,69.757
2024-03-03 14:18:00,61764.5,61770.0,61747.8,61754.8,96.475
2024-03-03 14:19:00,61754.8,61773.7,61733.0,61763.0,150.505
2024-03-03 14:20:00,61763.0,61763.0,61741.9,61749.0,51.108
2024-03-03 14:21:00,61748.9,61749.0,61660.0,61662.7,184.45
2024-03-03 14:22:00,61662.7,61701.9,61662.2,61701.8,100.298
2024-03-03 14:23:00,61701.8,61738.4,61701.8,61703.9,83.901
2024-03-03 14:24:00,61703.8,61723.5,61696.2,61700.1,44.666
2024-03-03 14:25:00,61700.1,61721.2,61655.1,61674.3,91.725
2024-03-03 14:26:00,61674.3,61674.3,61650.0,61652.3,90.923
2024-03-03 14:27:00,61652.2,61652.3,61601.6,61650.0,270.818
2024-03-03 14:28:00,61649.9,61672.6,61649.7,61664.8,31.743
2024-03-03 14:29:00,61664.7,61668.7,61654.6,61662.3,27.963
2024-03-03 14:30:00,61662.3,61662.4,61620.0,61623.8,138.79
2024-03-03 14:31:00,61623.8,61713.6,61615.9,61707.6,195.392
2024-03-03 14:32:00,61707.5,61760.0,61707.5,61760.0,250.442
2024-03-03 14:33:00,61759.9,61764.6,61744.7,61752.1,64.76
2024-03-03 14:34:00,61752.1,61835.8,61747.3,61793.1,531.396
2024-03-03 14:35:00,61793.0,61834.8,61788.3,61834.7,96.648
2024-03-03 14:36:00,61834.8,61871.1,61834.7,61864.0,438.255
2024-03-03 14:37:00,61863.9,61866.4,61835.7,61857.6,163.488
2024-03-03 14:38:00,61857.6,61857.7,61790.4,61823.5,203.262
2024-03-03 14:39:00,61823.6,61836.5,61822.5,61832.1,53.988
2024-03-03 14:40:00,61832.1,61854.2,61832.1,61838.3,73.347
2024-03-03 14:41:00,61838.4,61862.2,61773.0,61784.0,262.559
2024-03-03 14:42:00,61784.0,61872.9,61778.4,61852.8,210.33
2024-03-03 14:43:00,61852.8,61888.0,61846.2,61868.5,212.43
2024-03-03 14:44:00,61868.5,61889.0,61868.4,61889.0,251.968
2024-03-03 14:45:00,61888.9,61899.0,61853.1,61853.3,224.164
2024-03-03 14:46:00,61853.2,61876.1,61826.6,61863.1,97.901
2024-03-03 14:47:00,61863.1,61874.5,61843.3,61854.6,106.568
2024-03-03 14:48:00,61854.5,61900.0,61854.0,61897.7,278.846
2024-03-03 14:49:00,61897.7,61900.0,61877.7,61899.9,138.704
2024-03-03 14:50:00,61899.9,61900.0,61884.4,61884.4,195.408
2024-03-03 14:51:00,61884.5,61884.5,61806.1,61835.2,253.377
2024-03-03 14:52:00,61835.2,61849.6,61818.1,61848.5,81.934
2024-03-03 14:53:00,61848.6,61848.7,61827.3,61843.4,40.814
2024-03-03 14:54:00,61843.3,61843.4,61832.8,61843.4,30.368
2024-03-03 14:55:00,61843.4,61848.7,61825.1,61825.1,71.517
2024-03-03 14:56:00,61825.0,61829.8,61808.8,61813.9,61.287
2024-03-03 14:57:00,61813.9,61822.7,61803.1,61819.9,29.588
2024-03-03 14:58:00,61819.9,61819.9,61800.0,61800.0,80.048
2024-03-03 14:59:00,61800.1,61854.0,61800.0,61843.9,61.676
2024-03-03 15:00:00,61843.9,61844.7,61822.8,61822.9,48.784
2024-03-03 15:01:00,61822.8,61837.5,61812.4,61812.4,65.593
2024-03-03 15:02:00,61812.5,61865.8,61812.4,61865.7,77.294
2024-03-03 15:03:00,61865.8,61885.0,61865.7,61885.0,60.272
2024-03-03 15:04:00,61885.0,61900.0,61871.9,61900.0,188.85
2024-03-03 15:05:00,61900.0,61938.1,61899.9,61938.1,303.051
2024-03-03 15:06:00,61938.1,61963.0,61935.3,61952.2,233.77
2024-03-03 15:07:00,61952.3,61952.3,61871.3,61873.7,127.602
2024-03-03 15:08:00,61873.7,61888.5,61871.5,61875.1,89.744
2024-03-03 15:09:00,61875.1,61880.0,61867.5,61867.5,78.56
2024-03-03 15:10:00,61867.5,61877.8,61850.0,61856.0,104.364
2024-03-03 15:11:00,61856.0,61862.3,61810.4,61820.1,117.84
2024-03-03 15:12:00,61820.0,61825.7,61809.3,61809.4,48.561
2024-03-03 15:13:00,61809.3,61809.3,61800.0,61800.0,34.047
2024-03-03 15:14:00,61800.0,61823.6,61785.0,61823.6,107.09
2024-03-03 15:15:00,61823.5,61851.4,61790.0,61791.9,55.659
2024-03-03 15:16:00,61791.9,61799.7,61783.3,61785.0,65.945
2024-03-03 15:17:00,61785.0,61785.1,61774.0,61774.0,47.955
2024-03-03 15:18:00,61774.1,61786.0,61760.0,61771.6,90.6
2024-03-03 15:19:00,61771.6,61774.2,61762.3,61774.2,27.169
2024-03-03 15:20:00,61774.1,61815.8,61774.1,61797.7,77.861
2024-03-03 15:21:00,61797.7,61808.9,61783.7,61801.8,50.29
2024-03-03 15:22:00,61801.7,61813.6,61800.5,61807.2,45.279
2024-03-03 15:23:00,61807.2,61833.3,61807.2,61810.1,43.261
2024-03-03 15:24:00,61810.0,61810.1,61805.3,61805.3,25.512
2024-03-03 15:25:00,61805.4,61820.0,61802.6,61802.6,64.418
2024-03-03 15:26:00,61802.6,61812.8,61802.3,61809.1,29.389
2024-03-03 15:27:00,61809.0,61809.1,61800.6,61800.7,25.644
2024-03-03 15:28:00,61800.7,61800.7,61780.0,61784.1,65.605
2024-03-03 15:29:00,61784.2,61784.2,61768.0,61782.2,82.08
2024-03-03 15:30:00,61782.2,61782.3,61768.0,61774.1,61.792
2024-03-03 15:31:00,61774.1,61782.3,61760.0,61760.0,67.116
2024-03-03 15:32:00,61760.0,61782.6,61750.0,61766.5,103.946
2024-03-03 15:33:00,61766.5,61766.5,61740.3,61742.4,59.241
2024-03-03 15:34:00,61742.4,61742.5,61711.9,61720.0,128.365
2024-03-03 15:35:00,61720.0,61730.9,61709.8,61713.2,99.447
2024-03-03 15:36:00,61713.1,61761.1,61713.1,61715.9,124.435
2024-03-03 15:37:00,61715.9,61716.0,61700.9,61709.4,68.921
2024-03-03 15:38:00,61709.4,61709.5,61688.5,61694.0,173.268
2024-03-03 15:39:00,61694.0,61707.1,61687.0,61707.0,91.502
2024-03-03 15:40:00,61707.0,61707.1,61683.6,61683.6,80.105
2024-03-03 15:41:00,61683.7,61703.6,61683.6,61691.1,41.557
2024-03-03 15:42:00,61691.0,61694.2,61676.5,61690.1,50.534
2024-03-03 15:43:00,61690.1,61702.6,61682.0,61696.1,72.107
2024-03-03 15:44:00,61696.1,61699.6,61681.9,61681.9,59.174
2024-03-03 15:45:00,61681.9,61705.1,61667.5,61701.3,117.64
2024-03-03 15:46:00,61701.3,61706.4,61690.6,61706.0,58.668
2024-03-03 15:47:00,61706.0,61746.3,61706.0,61746.1,82.777
2024-03-03 15:48:00,61746.2,61773.5,61738.2,61738.2,77.769
2024-03-03 15:49:00,61738.2,61764.8,61738.2,61749.2,53.461
2024-03-03 15:50:00,61749.2,61749.2,61731.3,61744.0,47.209
2024-03-03 15:51:00,61744.1,61769.4,61744.0,61751.5,55.92
2024-03-03 15:52:00,61751.6,61777.0,61751.5,61776.9,41.373
2024-03-03 15:53:00,61777.0,61777.3,61749.5,61777.3,52.231
2024-03-03 15:54:00,61777.3,61798.1,61765.6,61798.1,48.742
2024-03-03 15:55:00,61798.1,61852.7,61798.0,61829.6,175.222
2024-03-03 15:56:00,61829.5,61833.3,61798.1,61798.1,59.947
2024-03-03 15:57:00,61798.1,61803.4,61787.4,61797.9,24.215
2024-03-03 15:58:00,61797.9,61825.7,61791.5,61825.7,26.465
2024-03-03 15:59:00,61825.6,61842.6,61825.6,61834.9,54.261
2024-03-03 16:00:00,61834.9,61861.0,61808.1,61860.9,145.155
2024-03-03 16:01:00,61861.0,61876.2,61860.0,61868.9,127.168
2024-03-03 16:02:00,61868.9,61871.6,61860.0,61860.0,130.739
2024-03-03 16:03:00,61860.0,61860.1,61826.4,61826.4,123.016
2024-03-03 16:04:00,61826.4,61835.7,61826.4,61835.6,46.058
2024-03-03 16:05:00,61835.7,61835.7,61808.4,61808.5,33.576
2024-03-03 16:06:00,61808.6,61844.3,61807.9,61829.4,87.561
2024-03-03 16:07:00,61829.3,61859.9,61813.7,61854.6,74.362
2024-03-03 16:08:00,61854.5,61861.8,61854.5,61859.1,21.103
2024-03-03 16:09:00,61859.1,61862.8,61851.6,61855.4,31.631
2024-03-03 16:10:00,61855.4,61865.7,61853.5,61864.0,33.377
2024-03-03 16:11:00,61864.0,61864.0,61851.2,61851.2,30.063
2024-03-03 16:12:00,61851.2,61851.2,61841.6,61841.6,25.311
2024-03-03 16:13:00,61841.6,61849.4,61841.6,61843.2,22.218
2024-03-03 16:14:00,61843.3,61843.3,61828.2,61829.3,33.545
2024-03-03 16:15:00,61829.3,61829.4,61800.0,61803.5,48.156
2024-03-03 16:16:00,61803.5,61816.9,61791.1,61808.3,61.634
2024-03-03 16:17:00,61808.3,61810.7,61783.9,61784.5,44.687
2024-03-03 16:18:00,61784.5,61784.5,61771.2,61771.3,30.534
2024-03-03 16:19:00,61771.2,61773.8,61762.5,61762.5,54.349
2024-03-03 16:20:00,61762.5,61770.2,61750.0,61755.6,62.226
2024-03-03 16:21:00,61755.6,61755.6,61746.4,61746.5,26.314
2024-03-03 16:22:00,61746.4,61746.5,61739.6,61739.6,38.211
2024-03-03 16:23:00,61739.7,61749.9,61739.6,61749.8,80.516
2024-03-03 16:24:00,61749.7,61765.0,61749.7,61755.7,46.549
2024-03-03 16:25:00,61755.7,61755.8,61740.0,61746.8,29.815
2024-03-03 16:26:00,61746.8,61749.9,61737.3,61743.5,16.019
2024-03-03 16:27:00,61743.5,61743.6,61734.2,61734.2,11.613
2024-03-03 16:28:00,61734.3,61737.5,61720.0,61720.0,36.679
2024-03-03 16:29:00,61720.0,61724.0,61711.2,61724.0,58.995
2024-03-03 16:30:00,61724.0,61729.5,61693.9,61719.3,176.393
2024-03-03 16:31:00,61719.2,61722.1,61691.8,61691.9,117.288
2024-03-03 16:32:00,61691.9,61706.5,61690.0,61699.3,75.776
2024-03-03 16:33:00,61699.3,61720.2,61699.3,61715.0,42.813
2024-03-03 16:34:00,61715.0,61719.5,61715.0,61718.1,41.125
2024-03-03 16:35:00,61718.0,61746.5,61718.0,61746.5,48.995
2024-03-03 16:36:00,61746.4,61753.1,61735.2,61735.2,57.413
2024-03-03 16:37:00,61735.2,61735.3,61720.0,61720.1,23.101
2024-03-03 16:38:00,61720.1,61751.4,61720.0,61751.4,66.02
2024-03-03 16:39:00,61751.3,61772.4,61751.3,61763.0,47.056
2024-03-03 16:40:00,61763.0,61763.1,61740.1,61740.2,23.185
2024-03-03 16:41:00,61740.2,61740.2,61728.8,61731.9,27.209
2024-03-03 16:42:00,61731.9,61767.4,61731.8,61767.4,24.585
2024-03-03 16:43:00,61767.3,61771.2,61760.0,61771.1,14.948
2024-03-03 16:44:00,61771.2,61771.2,61750.0,61755.8,41.141
2024-03-03 16:45:00,61755.8,61774.2,61743.7,61774.1,41.55
2024-03-03 16:46:00,61774.1,61794.6,61761.7,61794.5,49.063
2024-03-03 16:47:00,61794.5,61834.6,61794.5,61834.6,99.734
2024-03-03 16:48:00,61834.5,61843.5,61833.9,61837.3,65.02
2024-03-03 16:49:00,61837.9,61845.4,61833.9,61845.4,93.414
2024-03-03 16:50:00,61845.3,61850.0,61840.0,61849.7,79.954
2024-03-03 16:51:00,61849.6,61849.7,61820.1,61829.6,98.577
2024-03-03 16:52:00,61829.6,61837.5,61808.4,61811.5,30.07
2024-03-03 16:53:00,61811.5,61830.1,61811.5,61826.9,24.828
2024-03-03 16:54:00,61827.0,61827.0,61802.1,61803.1,27.982
2024-03-03 16:55:00,61803.2,61807.6,61803.1,61807.6,29.352
2024-03-03 16:56:00,61807.6,61812.6,61807.6,61812.6,15.748
2024-03-03 16:57:00,61812.5,61812.6,61800.0,61800.0,48.35
2024-03-03 16:58:00,61800.0,61800.1,61778.3,61778.4,44.113
2024-03-03 16:59:00,61778.3,61787.9,61778.3,61778.4,29.948
2024-03-03 17:00:00,61778.3,61802.4,61778.3,61797.7,36.336
2024-03-03 17:01:00,61797.6,61797.6,61777.0,61777.0,24.042
2024-03-03 17:02:00,61777.0,61799.5,61775.0,61799.5,25.513
2024-03-03 17:03:00,61799.5,61807.5,61799.5,61807.4,23.544
2024-03-03 17:04:00,61807.5,61807.5,61807.4,61807.5,12.512
2024-03-03 17:05:00,61807.5,61844.4,61807.4,61844.4,52.919
2024-03-03 17:06:00,61844.3,61849.9,61820.7,61822.5,64.928
2024-03-03 17:07:00,61822.5,61835.4,61822.5,61834.2,22.847
2024-03-03 17:08:00,61834.2,61857.9,61834.2,61857.8,49.117
2024-03-03 17:09:00,61857.8,61862.9,61841.6,61850.0,65.008
2024-03-03 17:10:00,61850.0,61871.7,61837.6,61871.6,52.358
2024-03-03 17:11:00,61871.7,61879.9,61856.4,61879.8,83.981
2024-03-03 17:12:00,61879.9,61879.9,61840.0,61840.1,37.702
2024-03-03 17:13:00,61840.1,61849.7,61834.2,61836.4,31.614
2024-03-03 17:14:00,61836.3,61836.4,61835.0,61836.2,29.02
2024-03-03 17:15:00,61836.2,61860.0,61821.6,61850.1,46.038
2024-03-03 17:16:00,61850.1,61852.9,61844.2,61844.4,21.172
2024-03-03 17:17:00,61844.4,61860.0,61840.0,61859.9,27.549
2024-03-03 17:18:00,61860.0,61860.0,61837.5,61837.5,14.061
2024-03-03 17:19:00,61837.6,61847.6,61837.5,61847.3,17.337
2024-03-03 17:20:00,61847.4,61860.0,61847.3,61851.7,32.272
2024-03-03 17:21:00,61851.7,61852.9,61825.7,61852.9,51.885
2024-03-03 17:22:00,61852.9,61876.8,61852.8,61870.7,44.148
2024-03-03 17:23:00,61870.7,61883.1,61864.8,61883.1,74.358
2024-03-03 17:24:00,61883.1,61885.0,61877.6,61885.0,35.875
2024-03-03 17:25:00,61884.9,61885.1,61863.1,61870.7,40.006
2024-03-03 17:26:00,61870.8,61881.2,61867.9,61881.2,53.507
2024-03-03 17:27:00,61881.1,61881.7,61875.1,61881.7,36.446
2024-03-03 17:28:00,61881.7,61888.8,61872.2,61888.8,47.749
2024-03-03 17:29:00,61888.8,61900.0,61888.7,61900.0,109.333
2024-03-03 17:30:00,61900.0,61900.0,61885.6,61892.0,116.213
2024-03-03 17:31:00,61892.0,61900.0,61892.0,61900.0,139.692
2024-03-03 17:32:00,61900.0,61943.3,61899.9,61929.4,382.815
2024-03-03 17:33:00,61929.4,61930.3,61920.6,61930.3,209.504
2024-03-03 17:34:00,61930.3,61975.0,61930.3,61974.8,404.596
2024-03-03 17:35:00,61974.8,61985.0,61968.3,61970.0,264.135
2024-03-03 17:36:00,61969.9,62000.0,61967.3,62000.0,386.132
2024-03-03 17:37:00,61999.9,62050.0,61999.9,62049.9,704.541
2024-03-03 17:38:00,62050.0,62079.4,62042.3,62079.4,422.726
2024-03-03 17:39:00,62079.4,62239.3,62079.3,62235.0,1730.459
2024-03-03 17:40:00,62235.0,62300.0,62220.5,62269.9,1444.252
2024-03-03 17:41:00,62269.9,62269.9,62173.8,62244.0,662.823
2024-03-03 17:42:00,62243.9,62349.7,62242.6,62284.5,1119.552
2024-03-03 17:43:00,62284.6,62350.0,62273.8,62299.7,588.863
2024-03-03 17:44:00,62299.7,62345.0,62295.1,62307.8,335.949
2024-03-03 17:45:00,62307.8,62420.0,62277.2,62397.4,771.754
2024-03-03 17:46:00,62397.3,62432.9,62320.1,62326.7,581.366
2024-03-03 17:47:00,62326.8,62400.0,62326.8,62351.0,440.959
2024-03-03 17:48:00,62351.0,62428.9,62351.0,62391.4,541.03
2024-03-03 17:49:00,62391.4,62429.5,62385.0,62429.5,291.432
2024-03-03 17:50:00,62429.4,62462.6,62429.4,62450.0,399.097
2024-03-03 17:51:00,62450.0,62450.0,62260.2,62288.4,911.56
2024-03-03 17:52:00,62288.4,62459.9,62287.1,62453.7,564.327
2024-03-03 17:53:00,62453.8,62499.3,62420.3,62441.3,636.339
2024-03-03 17:54:00,62441.4,62500.0,62441.3,62500.0,579.28
2024-03-03 17:55:00,62500.0,62579.2,62434.8,62579.1,988.206
2024-03-03 17:56:00,62579.1,62653.7,62562.1,62614.7,1044.984
2024-03-03 17:57:00,62614.8,62655.0,62575.2,62654.9,354.842
2024-03-03 17:58:00,62654.9,62714.0,62573.4,62577.0,752.351
2024-03-03 17:59:00,62577.0,62670.0,62567.9,62643.3,594.895
2024-03-03 18:00:00,62643.3,62718.7,62631.7,62712.0,582.231
2024-03-03 18:01:00,62712.1,62720.0,62628.3,62644.7,705.849
2024-03-03 18:02:00,62643.0,62646.8,62477.7,62572.8,1278.639
2024-03-03 18:03:00,62572.8,62574.2,62382.3,62408.9,1212.482
2024-03-03 18:04:00,62408.9,62584.5,62399.4,62541.7,543.46
2024-03-03 18:05:00,62541.6,62599.0,62470.3,62484.2,430.729
2024-03-03 18:06:00,62484.2,62509.2,62398.0,62503.3,304.218
2024-03-03 18:07:00,62503.4,62596.3,62488.4,62578.5,349.711
2024-03-03 18:08:00,62578.5,62616.8,62550.4,62564.8,465.647
2024-03-03 18:09:00,62564.9,62599.3,62488.3,62495.6,213.077
2024-03-03 18:10:00,62495.7,62564.4,62487.8,62546.9,191.089
2024-03-03 18:11:00,62546.9,62546.9,62467.4,62499.4,209.244
2024-03-03 18:12:00,62499.2,62508.3,62414.2,62431.0,328.299
2024-03-03 18:13:00,62430.9,62430.9,62400.0,62423.2,304.36
2024-03-03 18:14:00,62423.2,62476.2,62421.0,62436.0,177.705
2024-03-03 18:15:00,62435.9,62441.3,62272.8,62330.3,1062.092
2024-03-03 18:16:00,62330.3,62354.5,62241.3,62261.9,641.602
2024-03-03 18:17:00,62259.8,62338.7,62223.4,62300.0,530.785
2024-03-03 18:18:00,62300.0,62300.0,62203.3,62235.6,544.167
2024-03-03 18:19:00,62235.5,62329.0,62219.8,62328.9,287.868
2024-03-03 18:20:00,62329.0,62354.2,62201.0,62229.9,342.629
2024-03-03 18:21:00,62230.0,62280.0,62185.6,62277.2,338.494
2024-03-03 18:22:00,62277.1,62360.4,62273.8,62360.4,169.418
2024-03-03 18:23:00,62360.4,62360.4,62237.2,62306.2,248.404
2024-03-03 18:24:00,62306.1,62335.3,62290.1,62294.0,183.658
2024-03-03 18:25:00,62294.1,62314.2,62244.0,62244.0,123.466
2024-03-03 18:26:00,62244.1,62297.8,62244.0,62284.4,95.998
2024-03-03 18:27:00,62284.4,62297.3,62240.0,62266.8,131.32
2024-03-03 18:28:00,62266.8,62281.9,62238.2,62281.8,114.627
2024-03-03 18:29:00,62281.8,62281.8,62241.8,62244.1,131.607
2024-03-03 18:30:00,62244.2,62327.0,62226.0,62321.2,303.899
2024-03-03 18:31:00,62320.8,62342.5,62289.4,62330.4,171.483
2024-03-03 18:32:00,62330.4,62337.9,62269.2,62277.0,197.76
2024-03-03 18:33:00,62277.0,62350.0,62277.0,62350.0,112.931
2024-03-03 18:34:00,62350.0,62376.2,62336.0,62354.7,207.678
2024-03-03 18:35:00,62354.8,62450.9,62347.8,62447.1,423.795
2024-03-03 18:36:00,62447.1,62480.7,62400.0,62402.9,460.793
2024-03-03 18:37:00,62403.0,62407.7,62336.6,62367.8,132.564
2024-03-03 18:38:00,62367.9,62432.8,62367.8,62432.8,115.746
2024-03-03 18:39:00,62432.8,62440.9,62405.5,62440.9,191.795
2024-03-03 18:40:00,62440.9,62440.9,62386.0,62416.8,121.786
2024-03-03 18:41:00,62416.8,62417.3,62380.0,62380.0,123.724
2024-03-03 18:42:00,62380.0,62420.0,62366.4,62419.9,107.162
2024-03-03 18:43:00,62419.9,62431.7,62402.8,62410.7,122.069
2024-03-03 18:44:00,62410.7,62428.0,62379.8,62393.9,141.528
2024-03-03 18:45:00,62393.8,62398.8,62333.2,62333.3,121.837
2024-03-03 18:46:00,62333.3,62344.6,62284.6,62293.2,126.75
2024-03-03 18:47:00,62293.3,62323.4,62291.9,62303.0,113.904
2024-03-03 18:48:00,62303.0,62316.6,62250.0,62250.1,247.981
2024-03-03 18:49:00,62250.1,62265.3,62063.0,62073.5,1306.157
2024-03-03 18:50:00,62073.9,62162.9,62000.4,62137.0,1373.01
2024-03-03 18:51:00,62137.7,62168.2,62029.3,62073.0,485.506
2024-03-03 18:52:00,62073.0,62137.4,62073.0,62096.5,289.024
2024-03-03 18:53:00,62096.6,62124.5,62060.0,62072.0,298.113
2024-03-03 18:54:00,62072.0,62145.7,62072.0,62123.5,245.159
2024-03-03 18:55:00,62123.5,62180.0,62120.0,62161.2,157.769
2024-03-03 18:56:00,62161.2,62190.0,62134.0,62183.8,132.201
2024-03-03 18:57:00,62183.8,62183.8,62122.9,62135.2,137.251
2024-03-03 18:58:00,62135.2,62185.0,62135.1,62173.6,71.132
2024-03-03 18:59:00,62173.6,62198.4,62157.6,62187.1,99.679
2024-03-03 19:00:00,62187.1,62209.6,62180.7,62209.6,138.401
2024-03-03 19:01:00,62209.6,62249.9,62150.0,62153.1,311.042
2024-03-03 19:02:00,62153.0,62168.7,62120.0,62121.1,133.617
2024-03-03 19:03:00,62120.3,62162.5,62120.3,62162.5,82.144
2024-03-03 19:04:00,62162.5,62162.5,62128.9,62136.7,144.327
2024-03-03 19:05:00,62136.7,62156.0,62085.0,62085.1,125.011
2024-03-03 19:06:00,62085.1,62161.3,62085.0,62154.8,123.285
2024-03-03 19:07:00,62154.8,62185.8,62152.0,62178.1,65.69
2024-03-03 19:08:00,62178.2,62229.2,62153.7,62200.1,109.894
2024-03-03 19:09:00,62200.2,62246.8,62200.1,62242.4,153.885
2024-03-03 19:10:00,62242.3,62275.0,62235.6,62265.7,134.548
2024-03-03 19:11:00,62265.8,62280.9,62251.6,62280.9,186.641
2024-03-03 19:12:00,62280.9,62324.4,62263.6,62263.7,178.061
2024-03-03 19:13:00,62263.7,62289.5,62258.5,62284.9,70.984
2024-03-03 19:14:00,62284.9,62294.8,62266.6,62294.7,37.646
2024-03-03 19:15:00,62294.7,62347.1,62294.7,62339.5,166.326
2024-03-03 19:16:00,62339.4,62349.7,62319.9,62319.9,158.994
2024-03-03 19:17:00,62320.0,62340.9,62293.0,62293.0,146.332
2024-03-03 19:18:00,62293.1,62332.0,62271.0,62312.0,139.31
2024-03-03 19:19:00,62312.0,62346.6,62312.0,62346.5,64.651
2024-03-03 19:20:00,62346.6,62346.6,62312.6,62316.7,67.428
2024-03-03 19:21:00,62316.8,62339.6,62313.0,62316.0,53.215
2024-03-03 19:22:00,62316.1,62335.5,62316.0,62323.0,34.821
2024-03-03 19:23:00,62322.9,62339.0,62312.7,62332.2,50.744
2024-03-03 19:24:00,62332.2,62374.0,62332.2,62360.4,120.317
2024-03-03 19:25:00,62362.0,62397.3,62362.0,62396.8,219.203
2024-03-03 19:26:00,62396.7,62398.0,62363.9,62388.0,155.568
2024-03-03 19:27:00,62387.9,62423.4,62382.7,62411.4,244.747
2024-03-03 19:28:00,62411.3,62432.1,62406.7,62432.0,99.778
2024-03-03 19:29:00,62432.1,62450.0,62422.9,62450.0,127.952
2024-03-03 19:30:00,62449.9,62493.9,62383.1,62394.4,500.862
2024-03-03 19:31:00,62394.5,62406.0,62348.4,62368.6,288.165
2024-03-03 19:32:00,62368.7,62396.6,62360.5,62386.9,109.915
2024-03-03 19:33:00,62386.9,62393.0,62333.7,62340.4,209.098
2024-03-03 19:34:00,62340.3,62354.8,62295.4,62299.6,136.933
2024-03-03 19:35:00,62299.6,62328.6,62299.6,62326.0,80.522
2024-03-03 19:36:00,62326.0,62339.0,62284.1,62291.9,261.847
2024-03-03 19:37:00,62291.9,62330.0,62291.8,62319.0,65.24
2024-03-03 19:38:00,62319.1,62357.4,62319.0,62348.8,48.614
2024-03-03 19:39:00,62348.8,62355.0,62332.9,62352.0,47.973
2024-03-03 19:40:00,62352.0,62359.8,62334.2,62344.3,36.094
2024-03-03 19:41:00,62344.3,62380.4,62344.3,62372.6,86.527
2024-03-03 19:42:00,62372.7,62378.5,62350.0,62360.1,47.009
2024-03-03 19:43:00,62360.1,62389.2,62360.0,62383.5,62.156
2024-03-03 19:44:00,62383.5,62385.2,62360.0,62360.0,59.658
2024-03-03 19:45:00,62360.0,62383.9,62338.3,62374.6,78.559
2024-03-03 19:46:00,62374.6,62391.6,62371.4,62386.7,48.94
2024-03-03 19:47:00,62386.8,62424.2,62380.0,62417.3,121.698
2024-03-03 19:48:00,62417.2,62423.9,62388.8,62393.9,141.272
2024-03-03 19:49:00,62393.9,62394.0,62300.0,62318.3,101.717
2024-03-03 19:50:00,62318.5,62343.2,62292.0,62331.1,216.424
2024-03-03 19:51:00,62331.0,62400.0,62331.0,62386.6,129.823
2024-03-03 19:52:00,62386.5,62397.7,62358.3,62358.4,130.401
2024-03-03 19:53:00,62358.3,62358.4,62312.7,62342.4,55.001
2024-03-03 19:54:00,62342.5,62379.9,62342.5,62379.9,149.9
2024-03-03 19:55:00,62380.0,62400.0,62377.9,62394.4,131.094
2024-03-03 19:56:00,62394.4,62399.9,62355.4,62356.6,73.266
2024-03-03 19:57:00,62356.7,62408.2,62356.7,62402.2,61.81
2024-03-03 19:58:00,62402.2,62413.7,62396.4,62411.6,56.548
2024-03-03 19:59:00,62411.7,62430.7,62393.2,62410.4,152.486
2024-03-03 20:00:00,62410.5,62438.1,62400.4,62432.1,158.538
2024-03-03 20:01:00,62432.3,62434.7,62385.6,62403.7,115.456
2024-03-03 20:02:00,62403.3,62403.3,62357.4,62360.6,53.419
2024-03-03 20:03:00,62360.5,62385.9,62250.0,62258.4,393.026
2024-03-03 20:04:00,62258.5,62306.3,62236.4,62236.4,305.959
2024-03-03 20:05:00,62236.4,62290.7,62212.5,62220.8,267.655
2024-03-03 20:06:00,62220.8,62230.0,62155.8,62182.0,430.027
2024-03-03 20:07:00,62182.0,62255.9,62181.9,62255.9,177.363
2024-03-03 20:08:00,62255.8,62276.8,62242.6,62262.3,74.919
2024-03-03 20:09:00,62262.3,62292.6,62260.0,62289.9,83.609
2024-03-03 20:10:00,62288.9,62311.9,62265.1,62309.0,79.841
2024-03-03 20:11:00,62309.1,62320.0,62276.2,62310.2,65.765
2024-03-03 20:12:00,62310.3,62321.9,62287.9,62312.9,105.764
2024-03-03 20:13:00,62312.9,62338.2,62306.2,62313.1,76.477
2024-03-03 20:14:00,62313.0,62321.1,62294.1,62302.9,54.118
2024-03-03 20:15:00,62303.0,62329.5,62288.3,62314.5,74.77
2024-03-03 20:16:00,62314.5,62330.2,62314.5,62324.9,67.323
2024-03-03 20:17:00,62324.9,62325.0,62253.5,62258.1,187.126
2024-03-03 20:18:00,62258.2,62276.3,62231.3,62247.2,230.603
2024-03-03 20:19:00,62247.2,62274.8,62225.4,62270.0,114.633
2024-03-03 20:20:00,62270.0,62290.1,62243.5,62243.5,73.958
2024-03-03 20:21:00,62243.5,62259.0,62225.6,62255.4,104.232
2024-03-03 20:22:00,62255.3,62255.3,62225.4,62232.6,62.407
2024-03-03 20:23:00,62232.6,62243.0,62204.4,62205.7,133.938
2024-03-03 20:24:00,62206.8,62210.3,62175.0,62203.3,183.427
2024-03-03 20:25:00,62203.3,62206.0,62180.1,62189.7,152.763
2024-03-03 20:26:00,62189.7,62207.2,62169.0,62173.8,114.114
2024-03-03 20:27:00,62173.8,62212.5,62173.7,62211.1,87.03
2024-03-03 20:28:00,62211.1,62261.7,62211.0,62257.8,113.765
2024-03-03 20:29:00,62257.9,62257.9,62145.4,62145.4,201.897
2024-03-03 20:30:00,62145.5,62203.0,62140.7,62196.4,147.559
2024-03-03 20:31:00,62196.5,62218.6,62175.0,62190.3,139.287
2024-03-03 20:32:00,62190.4,62214.3,62190.3,62202.4,81.285
2024-03-03 20:33:00,62202.4,62241.6,62202.4,62230.1,87.53
2024-03-03 20:34:00,62230.1,62250.0,62230.1,62246.6,42.465
2024-03-03 20:35:00,62246.5,62267.7,62238.5,62238.6,106.743
2024-03-03 20:36:00,62238.5,62246.9,62213.6,62215.9,120.923
2024-03-03 20:37:00,62215.9,62250.7,62215.9,62219.4,72.007
2024-03-03 20:38:00,62219.3,62222.0,62197.8,62211.4,71.059
2024-03-03 20:39:00,62211.5,62217.8,62202.7,62210.1,42.236
2024-03-03 20:40:00,62210.0,62210.1,62160.0,62184.7,137.869
2024-03-03 20:41:00,62184.7,62200.0,62175.9,62199.9,47.612
2024-03-03 20:42:00,62200.0,62200.0,62172.8,62175.0,49.08
2024-03-03 20:43:00,62175.0,62175.0,62155.4,62158.6,56.71
2024-03-03 20:44:00,62158.5,62172.0,62150.4,62158.9,97.076
2024-03-03 20:45:00,62159.0,62188.1,62158.9,62178.1,51.518
2024-03-03 20:46:00,62178.0,62219.2,62178.0,62197.6,85.589
2024-03-03 20:47:00,62197.6,62216.5,62197.6,62216.5,39.525
2024-03-03 20:48:00,62216.4,62271.8,62208.0,62271.8,138.473
2024-03-03 20:49:00,62271.7,62309.4,62256.6,62294.8,425.629
2024-03-03 20:50:00,62294.7,62295.1,62266.3,62266.3,75.23
2024-03-03 20:51:00,62266.3,62266.3,62250.0,62250.0,48.712
2024-03-03 20:52:00,62250.0,62312.8,62250.0,62312.7,90.123
2024-03-03 20:53:00,62312.7,62312.8,62286.2,62286.2,55.173
2024-03-03 20:54:00,62285.9,62320.0,62271.4,62271.4,239.899
2024-03-03 20:55:00,62271.5,62271.5,62250.3,62262.1,48.332
2024-03-03 20:56:00,62262.1,62293.6,62245.2,62245.2,70.789
2024-03-03 20:57:00,62245.2,62245.2,62204.4,62204.4,143.766
2024-03-03 20:58:00,62204.5,62206.9,62173.2,62196.1,85.418
2024-03-03 20:59:00,62196.1,62208.5,62190.5,62208.4,23.322
2024-03-03 21:00:00,62208.5,62211.8,62191.8,62191.8,36.171
2024-03-03 21:01:00,62191.9,62202.2,62167.7,62167.8,54.638
2024-03-03 21:02:00,62167.8,62187.6,62158.5,62187.6,54.791
2024-03-03 21:03:00,62187.5,62209.8,62187.5,62207.8,56.368
2024-03-03 21:04:00,62207.8,62212.7,62192.5,62192.5,27.254
2024-03-03 21:05:00,62192.5,62208.6,62181.0,62208.5,40.008
2024-03-03 21:06:00,62208.6,62263.5,62208.6,62255.6,142.854
2024-03-03 21:07:00,62255.6,62263.5,62245.2,62245.3,39.545
2024-03-03 21:08:00,62245.2,62264.7,62245.2,62264.7,54.494
2024-03-03 21:09:00,62264.8,62291.7,62238.9,62244.7,89.466
2024-03-03 21:10:00,62244.8,62260.0,62239.0,62254.9,33.823
2024-03-03 21:11:00,62254.8,62283.9,62254.8,62282.3,53.628
2024-03-03 21:12:00,62282.4,62294.0,62279.9,62294.0,43.609
2024-03-03 21:13:00,62294.1,62296.0,62263.9,62281.7,44.384
2024-03-03 21:14:00,62281.8,62290.3,62278.0,62286.7,27.774
2024-03-03 21:15:00,62286.8,62294.1,62250.0,62255.9,35.931
2024-03-03 21:16:00,62255.9,62281.4,62247.3,62250.3,25.806
2024-03-03 21:17:00,62250.3,62255.9,62218.0,62221.1,29.638
2024-03-03 21:18:00,62221.1,62246.0,62221.1,62246.0,23.623
2024-03-03 21:19:00,62246.0,62263.3,62245.9,62255.4,22.579
2024-03-03 21:20:00,62255.5,62276.0,62255.4,62275.0,17.744
2024-03-03 21:21:00,62275.0,62279.1,62255.9,62267.2,49.679
2024-03-03 21:22:00,62267.2,62280.0,62258.9,62280.0,36.782
2024-03-03 21:23:00,62279.9,62280.0,62230.9,62238.6,26.848
2024-03-03 21:24:00,62238.6,62256.9,62235.4,62256.8,25.44
2024-03-03 21:25:00,62256.8,62256.9,62231.9,62231.9,32.166
2024-03-03 21:26:00,62232.0,62256.7,62216.8,62216.8,53.447
2024-03-03 21:27:00,62216.9,62229.5,62216.9,62223.4,28.427
2024-03-03 21:28:00,62223.5,62232.6,62222.0,62222.0,25.568
2024-03-03 21:29:00,62222.0,62224.3,62210.7,62210.7,48.75
2024-03-03 21:30:00,62210.8,62242.0,62160.9,62227.3,556.321
2024-03-03 21:31:00,62227.4,62255.5,62227.4,62255.4,68.136
2024-03-03 21:32:00,62255.4,62255.4,62167.8,62167.8,109.645
2024-03-03 21:33:00,62167.8,62180.0,62162.2,62165.5,69.169
2024-03-03 21:34:00,62165.4,62187.7,62165.4,62187.7,90.225
2024-03-03 21:35:00,62187.7,62188.2,62150.0,62154.7,109.327
2024-03-03 21:36:00,62154.6,62169.8,62154.6,62159.0,46.423
2024-03-03 21:37:00,62159.1,62215.9,62141.0,62199.4,256.668
2024-03-03 21:38:00,62199.3,62212.9,62188.0,62212.1,64.125
2024-03-03 21:39:00,62210.5,62242.7,62210.4,62242.7,68.725
2024-03-03 21:40:00,62242.7,62310.0,62242.6,62264.1,269.486
2024-03-03 21:41:00,62264.1,62324.4,62264.0,62315.0,211.348
2024-03-03 21:42:00,62315.0,62350.0,62305.6,62350.0,235.333
2024-03-03 21:43:00,62350.0,62371.4,62337.6,62371.4,189.807
2024-03-03 21:44:00,62371.7,62375.0,62339.5,62339.6,141.994
2024-03-03 21:45:00,62339.6,62352.0,62312.5,62323.2,124.084
2024-03-03 21:46:00,62323.2,62353.6,62323.2,62333.4,113.398
2024-03-03 21:47:00,62333.3,62352.0,62307.9,62352.0,68.973
2024-03-03 21:48:00,62351.9,62385.8,62343.7,62382.9,112.352
2024-03-03 21:49:00,62382.8,62387.1,62360.1,62366.2,82.567
2024-03-03 21:50:00,62366.2,62374.3,62326.3,62326.3,87.432
2024-03-03 21:51:00,62326.4,62346.1,62318.0,62327.6,66.955
2024-03-03 21:52:00,62327.5,62344.9,62323.5,62334.7,147.528
2024-03-03 21:53:00,62334.7,62338.0,62320.5,62334.0,49.714
2024-03-03 21:54:00,62334.0,62350.1,62326.3,62349.4,124.213
2024-03-03 21:55:00,62349.4,62430.0,62349.3,62429.9,207.341
2024-03-03 21:56:00,62429.9,62433.0,62409.7,62429.9,123.506
2024-03-03 21:57:00,62429.9,62465.0,62422.0,62465.0,212.419
2024-03-03 21:58:00,62464.9,62464.9,62423.2,62423.2,146.157
2024-03-03 21:59:00,62423.2,62465.6,62423.2,62459.6,116.214
2024-03-03 22:00:00,62459.5,62481.0,62456.1,62481.0,234.655
2024-03-03 22:01:00,62481.0,62514.7,62459.6,62485.7,526.403
2024-03-03 22:02:00,62485.8,62508.7,62468.4,62489.0,190.439
2024-03-03 22:03:00,62488.9,62501.4,62463.2,62498.1,215.441
2024-03-03 22:04:00,62498.0,62517.0,62493.3,62502.7,229.018
2024-03-03 22:05:00,62502.6,62507.3,62480.1,62504.8,165.614
2024-03-03 22:06:00,62504.7,62599.9,62504.7,62579.9,555.178
2024-03-03 22:07:00,62579.9,62650.0,62577.3,62603.4,745.609
2024-03-03 22:08:00,62603.4,62625.1,62551.3,62620.5,305.466
2024-03-03 22:09:00,62620.4,62620.4,62583.4,62616.9,162.487
2024-03-03 22:10:00,62616.8,62650.0,62611.7,62638.7,146.78
2024-03-03 22:11:00,62638.7,62785.9,62634.7,62666.3,1136.438
2024-03-03 22:12:00,62666.3,62779.4,62615.0,62758.7,652.209
2024-03-03 22:13:00,62758.6,62762.8,62657.9,62747.1,353.791
2024-03-03 22:14:00,62747.2,62758.9,62668.0,62709.6,227.788
2024-03-03 22:15:00,62709.6,62751.9,62622.0,62639.3,436.302
2024-03-03 22:16:00,62639.3,62698.7,62570.4,62670.9,454.254
2024-03-03 22:17:00,62671.0,62687.7,62616.9,62676.4,542.146
2024-03-03 22:18:00,62676.3,62799.9,62666.6,62791.2,434.289
2024-03-03 22:19:00,62791.2,62874.1,62779.7,62856.5,896.186
2024-03-03 22:20:00,62856.5,62862.0,62733.8,62733.9,394.916
2024-03-03 22:21:00,62733.9,62816.2,62733.7,62799.9,211.143
2024-03-03 22:22:00,62799.9,62812.6,62780.0,62803.2,258.027
2024-03-03 22:23:00,62803.1,62880.2,62802.9,62878.2,401.004
2024-03-03 22:24:00,62878.2,62913.0,62853.8,62912.9,495.936
2024-03-03 22:25:00,62913.0,62929.9,62845.0,62886.3,575.863
2024-03-03 22:26:00,62885.1,62900.0,62852.2,62900.0,175.122
2024-03-03 22:27:00,62900.0,62900.0,62851.3,62878.8,231.244
2024-03-03 22:28:00,62878.9,62879.9,62830.0,62878.7,288.208
2024-03-03 22:29:00,62878.7,62909.0,62835.7,62901.8,175.521
2024-03-03 22:30:00,62901.8,62950.4,62870.9,62876.2,429.998
2024-03-03 22:31:00,62876.3,62917.1,62806.1,62902.7,776.763
2024-03-03 22:32:00,62902.8,62950.6,62843.9,62950.5,273.614
2024-03-03 22:33:00,62950.6,62962.1,62924.7,62950.7,342.178
2024-03-03 22:34:00,62950.7,62962.8,62910.3,62958.8,328.94
2024-03-03 22:35:00,62958.8,63025.7,62923.9,63025.6,919.017
2024-03-03 22:36:00,63025.7,63032.7,62926.5,63013.9,633.814
2024-03-03 22:37:00,63014.0,63079.0,63007.5,63024.4,408.583
2024-03-03 22:38:00,63024.4,63031.4,62903.8,62920.0,468.2
2024-03-03 22:39:00,62920.1,62920.1,62831.8,62863.3,422.747
2024-03-03 22:40:00,62863.3,62926.0,62863.2,62925.6,214.948
2024-03-03 22:41:00,62925.6,62976.3,62902.7,62950.1,336.454
2024-03-03 22:42:00,62950.2,62962.2,62908.0,62923.2,180.3
2024-03-03 22:43:00,62923.3,62923.3,62864.9,62869.2,244.404
2024-03-03 22:44:00,62872.5,62880.1,62702.7,62762.2,1014.232
2024-03-03 22:45:00,62762.2,62858.2,62750.0,62827.9,269.488
2024-03-03 22:46:00,62827.8,62827.9,62758.5,62790.1,181.381
2024-03-03 22:47:00,62790.1,62835.3,62731.5,62819.8,188.892
2024-03-03 22:48:00,62819.8,62881.3,62808.5,62876.1,296.662
2024-03-03 22:49:00,62876.2,62908.5,62866.9,62897.1,125.167
2024-03-03 22:50:00,62897.2,62905.1,62864.0,62866.3,93.605
2024-03-03 22:51:00,62866.3,62878.8,62794.8,62878.8,230.368
2024-03-03 22:52:00,62878.8,62891.9,62821.6,62821.7,97.562
2024-03-03 22:53:00,62821.7,62877.0,62812.2,62870.0,107.581
2024-03-03 22:54:00,62870.0,62878.1,62854.0,62854.6,55.758
2024-03-03 22:55:00,62854.6,62854.6,62830.0,62848.3,95.958
2024-03-03 22:56:00,62848.3,62885.0,62830.2,62843.2,117.724
2024-03-03 22:57:00,62843.2,62847.2,62781.6,62808.1,164.178
2024-03-03 22:58:00,62808.1,62862.5,62802.8,62814.9,76.919
2024-03-03 22:59:00,62815.0,62815.0,62785.8,62785.8,55.275
2024-03-03 23:00:00,62785.5,62793.3,62725.0,62735.9,207.924
2024-03-03 23:01:00,62735.8,62826.1,62733.4,62802.1,142.81
2024-03-03 23:02:00,62802.0,62802.0,62718.5,62724.5,168.225
2024-03-03 23:03:00,62724.5,62730.9,62673.2,62684.6,324.183
2024-03-03 23:04:00,62684.6,62688.1,62523.3,62617.4,1422.019
2024-03-03 23:05:00,62617.5,62677.0,62584.6,62664.1,456.417
2024-03-03 23:06:00,62664.1,62678.0,62626.2,62660.1,138.5
2024-03-03 23:07:00,62660.1,62697.1,62650.9,62689.2,125.666
2024-03-03 23:08:00,62689.2,62727.9,62670.0,62727.7,125.033
2024-03-03 23:09:00,62727.7,62727.8,62666.9,62673.5,107.715
2024-03-03 23:10:00,62673.5,62741.4,62665.0,62731.3,88.88
2024-03-03 23:11:00,62731.4,62739.0,62714.2,62721.9,53.987
2024-03-03 23:12:00,62722.0,62750.0,62717.4,62717.4,73.771
2024-03-03 23:13:00,62716.8,62760.0,62696.7,62756.9,61.377
2024-03-03 23:14:00,62757.0,62759.4,62720.1,62720.1,80.966
2024-03-03 23:15:00,62720.2,62763.0,62705.0,62736.0,69.504
2024-03-03 23:16:00,62735.9,62764.8,62722.6,62760.0,81.466
2024-03-03 23:17:00,62759.4,62759.4,62689.0,62690.1,101.929
2024-03-03 23:18:00,62690.1,62717.9,62680.3,62717.4,83.892
2024-03-03 23:19:00,62717.5,62729.9,62683.6,62683.7,58.085
2024-03-03 23:20:00,62683.7,62754.6,62644.7,62649.9,324.244
2024-03-03 23:21:00,62650.0,62675.8,62650.0,62652.2,56.068
2024-03-03 23:22:00,62652.2,62664.0,62605.0,62621.3,207.963
2024-03-03 23:23:00,62621.3,62650.0,62588.0,62643.5,156.569
2024-03-03 23:24:00,62643.6,62685.7,62643.5,62660.3,70.684
2024-03-03 23:25:00,62660.3,62690.8,62650.0,62660.0,55.67
2024-03-03 23:26:00,62660.1,62688.4,62627.0,62627.0,66.509
2024-03-03 23:27:00,62627.1,62681.2,62627.1,62673.2,42.968
2024-03-03 23:28:00,62673.3,62673.3,62642.5,62645.8,78.232
2024-03-03 23:29:00,62645.8,62657.0,62632.1,62635.8,42.503
2024-03-03 23:30:00,62635.9,62677.6,62635.8,62677.6,56.459
2024-03-03 23:31:00,62677.6,62687.6,62677.5,62685.7,32.485
2024-03-03 23:32:00,62685.7,62697.6,62659.0,62697.6,54.955
2024-03-03 23:33:00,62697.5,62727.7,62692.9,62727.6,98.433
2024-03-03 23:34:00,62727.6,62754.4,62713.0,62737.0,104.959
2024-03-03 23:35:00,62737.0,62737.1,62708.6,62729.6,57.281
2024-03-03 23:36:00,62729.5,62740.1,62720.5,62738.1,72.215
2024-03-03 23:37:00,62738.1,62738.1,62708.5,62708.5,22.528
2024-03-03 23:38:00,62708.5,62720.5,62701.0,62701.0,104.111
2024-03-03 23:39:00,62701.0,62730.0,62687.5,62730.0,53.551
2024-03-03 23:40:00,62730.0,62745.2,62722.0,62744.7,65.034
2024-03-03 23:41:00,62744.7,62806.8,62743.0,62798.5,327.168
2024-03-03 23:42:00,62798.5,62860.0,62794.0,62813.1,180.757
2024-03-03 23:43:00,62813.2,62837.6,62795.5,62821.1,162.905
2024-03-03 23:44:00,62821.2,62847.7,62818.2,62834.7,66.562
2024-03-03 23:45:00,62834.8,62866.1,62817.6,62860.4,92.567
2024-03-03 23:46:00,62860.4,62877.0,62830.7,62839.9,118.057
2024-03-03 23:47:00,62840.0,62849.4,62833.7,62836.1,45.128
2024-03-03 23:48:00,62836.1,62842.4,62822.8,62835.9,49.426
2024-03-03 23:49:00,62835.9,62847.7,62824.1,62824.1,49.249
2024-03-03 23:50:00,62824.2,62824.2,62780.8,62792.3,124.569
2024-03-03 23:51:00,62792.2,62792.3,62784.0,62784.1,27.232
2024-03-03 23:52:00,62784.0,62814.1,62777.7,62814.0,116.055
2024-03-03 23:53:00,62814.0,62814.1,62781.9,62786.3,37.861
2024-03-03 23:54:00,62786.3,62818.3,62771.6,62812.3,81.205
2024-03-03 23:55:00,62812.4,62812.4,62758.6,62769.9,49.413
2024-03-03 23:56:00,62769.8,62784.5,62759.1,62759.1,38.506
2024-03-03 23:57:00,62759.1,62768.3,62754.2,62754.2,43.93
2024-03-03 23:58:00,62754.2,62769.9,62693.5,62693.5,121.049
2024-03-03 23:59:00,62693.5,62767.9,62693.5,62761.4,105.215
2024-03-04 00:00:00,62761.3,62788.6,62725.3,62729.3,74.363
2024-03-04 00:01:00,62729.2,62740.0,62668.0,62695.5,101.3
2024-03-04 00:02:00,62695.4,62695.4,62658.0,62662.2,57.074
2024-03-04 00:03:00,62662.2,62693.3,62652.4,62660.0,82.366
2024-03-04 00:04:00,62660.0,62698.4,62655.7,62688.9,75.29
2024-03-04 00:05:00,62689.0,62689.0,62650.0,62672.0,91.88
2024-03-04 00:06:00,62672.1,62746.5,62672.1,62746.5,52.944
2024-03-04 00:07:00,62746.5,62779.1,62743.4,62769.9,55.468
2024-03-04 00:08:00,62770.0,62831.7,62769.9,62815.0,130.767
2024-03-04 00:09:00,62815.1,62860.1,62810.2,62841.9,128.713
2024-03-04 00:10:00,62841.9,62890.0,62841.9,62887.5,123.592
2024-03-04 00:11:00,62887.6,62936.8,62872.9,62921.2,264.678
2024-03-04 00:12:00,62921.2,62921.2,62859.6,62876.1,133.119
2024-03-04 00:13:00,62876.2,62881.9,62833.3,62833.3,89.797
2024-03-04 00:14:00,62833.4,62881.9,62817.4,62876.0,107.322
2024-03-04 00:15:00,62876.1,62891.1,62809.6,62823.8,80.607
2024-03-04 00:16:00,62823.8,62856.2,62809.6,62809.6,47.356
2024-03-04 00:17:00,62809.7,62820.0,62778.6,62809.6,60.961
2024-03-04 00:18:00,62809.6,62837.1,62778.1,62778.2,204.296
2024-03-04 00:19:00,62778.2,62804.0,62759.2,62786.1,81.414
2024-03-04 00:20:00,62786.2,62857.9,62779.4,62857.9,64.973
2024-03-04 00:21:00,62857.9,62890.0,62840.7,62840.7,85.38
2024-03-04 00:22:00,62840.8,62890.0,62840.7,62869.7,55.854
2024-03-04 00:23:00,62869.8,62897.3,62863.0,62897.2,151.11
2024-03-04 00:24:00,62897.3,62936.5,62897.2,62932.1,109.821
2024-03-04 00:25:00,62932.1,62932.1,62893.2,62896.4,73.898
2024-03-04 00:26:00,62896.4,62919.2,62896.4,62919.2,40.852
2024-03-04 00:27:00,62919.1,62919.1,62897.5,62906.6,52.921
2024-03-04 00:28:00,62906.7,62918.9,62887.0,62887.0,67.875
2024-03-04 00:29:00,62887.1,62898.0,62873.3,62873.3,47.899
2024-03-04 00:30:00,62873.4,62915.5,62871.6,62881.5,72.172
2024-03-04 00:31:00,62883.5,62925.4,62883.5,62894.6,97.077
2024-03-04 00:32:00,62894.7,62925.0,62894.7,62920.9,46.776
2024-03-04 00:33:00,62921.0,62921.0,62834.7,62840.0,97.758
2024-03-04 00:34:00,62840.1,62850.0,62816.5,62823.9,74.704
2024-03-04 00:35:00,62824.0,62847.1,62807.8,62841.8,72.128
2024-03-04 00:36:00,62841.8,62841.8,62796.7,62812.2,154.364
2024-03-04 00:37:00,62812.2,62812.2,62779.3,62779.3,101.881
2024-03-04 00:38:00,62779.4,62803.9,62773.4,62803.9,66.786
2024-03-04 00:39:00,62803.8,62840.0,62799.6,62815.6,72.517
2024-03-04 00:40:00,62815.7,62819.5,62789.7,62789.8,55.39
2024-03-04 00:41:00,62789.8,62853.7,62789.8,62853.6,65.969
2024-03-04 00:42:00,62853.7,62889.6,62846.9,62889.6,39.616
2024-03-04 00:43:00,62889.6,62895.8,62860.0,62860.1,71.545
2024-03-04 00:44:00,62860.1,62864.3,62841.2,62841.2,24.648
2024-03-04 00:45:00,62841.2,62889.9,62838.8,62889.8,29.771
2024-03-04 00:46:00,62889.8,62889.9,62854.1,62867.8,34.33
2024-03-04 00:47:00,62867.8,62875.6,62849.0,62849.0,25.489
2024-03-04 00:48:00,62849.0,62854.6,62829.4,62829.4,42.156
2024-03-04 00:49:00,62829.5,62829.5,62797.5,62804.3,154.093
2024-03-04 00:50:00,62804.3,62816.6,62780.1,62780.1,67.419
2024-03-04 00:51:00,62780.2,62780.2,62754.0,62759.2,113.659
2024-03-04 00:52:00,62759.1,62764.2,62733.3,62733.4,186.332
2024-03-04 00:53:00,62733.4,62796.4,62711.9,62796.4,153.437
2024-03-04 00:54:00,62796.4,62822.4,62785.6,62798.9,40.373
2024-03-04 00:55:00,62798.8,62798.9,62760.9,62772.4,42.05
2024-03-04 00:56:00,62772.4,62780.0,62760.0,62763.0,24.879
2024-03-04 00:57:00,62763.1,62807.0,62763.0,62800.7,40.018
2024-03-04 00:58:00,62800.7,62833.6,62800.6,62822.5,112.704
2024-03-04 00:59:00,62822.6,62833.7,62798.9,62802.3,30.249
2024-03-04 01:00:00,62802.3,62833.7,62802.2,62832.7,47.114
2024-03-04 01:01:00,62832.7,62845.2,62793.2,62793.2,60.748
2024-03-04 01:02:00,62793.3,62798.0,62753.5,62753.6,45.037
2024-03-04 01:03:00,62753.6,62775.5,62733.7,62772.0,75.927
2024-03-04 01:04:00,62772.0,62772.6,62744.4,62747.0,54.495
2024-03-04 01:05:00,62747.0,62749.2,62723.2,62733.5,65.629
2024-03-04 01:06:00,62733.6,62773.0,62733.5,62773.0,34.901
2024-03-04 01:07:00,62773.0,62803.1,62772.9,62792.1,41.796
2024-03-04 01:08:00,62792.0,62809.2,62775.4,62796.3,29.499
2024-03-04 01:09:00,62796.2,62803.7,62778.4,62781.9,17.107
2024-03-04 01:10:00,62782.0,62798.9,62750.0,62750.1,47.321
2024-03-04 01:11:00,62750.1,62766.4,62750.0,62752.4,36.111
2024-03-04 01:12:00,62752.4,62767.8,62740.1,62744.0,50.492
2024-03-04 01:13:00,62744.1,62746.2,62711.1,62716.0,67.884
2024-03-04 01:14:00,62716.0,62754.1,62716.0,62754.0,82.732
2024-03-04 01:15:00,62754.1,62792.8,62750.6,62792.8,135.914
2024-03-04 01:16:00,62792.8,62792.8,62761.0,62780.7,27.162
2024-03-04 01:17:00,62780.7,62809.0,62769.9,62771.6,96.306
2024-03-04 01:18:00,62771.6,62824.4,62771.6,62824.4,56.569
2024-03-04 01:19:00,62824.3,62825.1,62809.8,62825.1,69.312
2024-03-04 01:20:00,62825.1,62825.1,62767.8,62772.7,61.837
2024-03-04 01:21:00,62772.6,62793.8,62767.2,62767.3,30.549
2024-03-04 01:22:00,62767.2,62767.3,62759.2,62766.4,12.005
2024-03-04 01:23:00,62766.4,62766.4,62742.4,62745.0,49.906
2024-03-04 01:24:00,62744.9,62756.0,62737.9,62738.0,21.57
2024-03-04 01:25:00,62737.9,62738.0,62729.8,62731.9,30.045
2024-03-04 01:26:00,62731.9,62798.3,62731.8,62792.1,34.159
2024-03-04 01:27:00,62792.2,62805.3,62774.9,62804.7,40.31
2024-03-04 01:28:00,62804.8,62804.8,62782.9,62793.8,25.639
2024-03-04 01:29:00,62793.8,62797.3,62779.8,62797.1,35.537
2024-03-04 01:30:00,62797.1,62830.4,62789.2,62830.3,64.375
2024-03-04 01:31:00,62830.3,62830.4,62793.4,62793.5,51.112
2024-03-04 01:32:00,62793.5,62802.3,62753.0,62757.2,39.825
2024-03-04 01:33:00,62757.3,62768.5,62742.2,62754.4,50.581
2024-03-04 01:34:00,62754.4,62754.4,62720.0,62720.1,162.778
2024-03-04 01:35:00,62720.2,62720.2,62686.6,62699.9,199.205
2024-03-04 01:36:00,62699.8,62700.0,62674.2,62674.2,92.053
2024-03-04 01:37:00,62674.3,62678.2,62640.0,62640.0,132.106
2024-03-04 01:38:00,62640.1,62655.6,62640.0,62654.8,107.927
2024-03-04 01:39:00,62654.9,62713.9,62652.9,62703.3,197.206
2024-03-04 01:40:00,62703.2,62710.9,62672.7,62672.7,53.051
2024-03-04 01:41:00,62672.7,62672.7,62639.0,62640.0,93.63
2024-03-04 01:42:00,62640.1,62660.5,62640.0,62648.3,44.277
2024-03-04 01:43:00,62648.3,62676.0,62648.2,62675.9,32.395
2024-03-04 01:44:00,62676.0,62676.0,62675.9,62676.0,9.608
2024-03-04 01:45:00,62675.9,62695.4,62656.7,62686.2,63.665
2024-03-04 01:46:00,62686.7,62731.7,62686.7,62724.8,145.168
2024-03-04 01:47:00,62724.7,62740.0,62721.7,62739.9,39.406
2024-03-04 01:48:00,62739.9,62751.8,62731.7,62751.8,25.619
2024-03-04 01:49:00,62751.7,62761.2,62751.7,62754.8,29.455
2024-03-04 01:50:00,62754.8,62770.0,62735.0,62742.5,45.125
2024-03-04 01:51:00,62742.4,62742.5,62713.0,62713.0,35.278
2024-03-04 01:52:00,62713.0,62718.5,62709.6,62717.0,36.723
2024-03-04 01:53:00,62717.0,62746.3,62717.0,62746.3,40.548
2024-03-04 01:54:00,62746.3,62761.6,62746.2,62761.5,21.17
2024-03-04 01:55:00,62761.5,62774.4,62761.5,62774.4,38.236
2024-03-04 01:56:00,62774.4,62789.5,62774.4,62782.1,37.978
2024-03-04 01:57:00,62782.1,62867.5,62764.6,62866.0,682.276
2024-03-04 01:58:00,62866.1,62870.0,62851.5,62851.5,94.731
2024-03-04 01:59:00,62851.5,62874.0,62850.0,62874.0,130.487
2024-03-04 02:00:00,62874.0,62878.6,62840.2,62841.3,147.498
2024-03-04 02:01:00,62841.3,62879.1,62827.0,62876.9,98.713
2024-03-04 02:02:00,62877.0,62920.1,62876.9,62920.1,169.559
2024-03-04 02:03:00,62920.1,62933.5,62920.0,62923.4,101.15
2024-03-04 02:04:00,62923.4,62923.5,62893.5,62896.4,96.715
2024-03-04 02:05:00,62896.4,62912.4,62894.2,62897.9,57.553
2024-03-04 02:06:00,62897.9,62916.2,62892.2,62892.3,38.487
2024-03-04 02:07:00,62892.2,62892.3,62857.4,62857.4,86.518
2024-03-04 02:08:00,62857.4,62877.3,62843.9,62877.3,71.935
2024-03-04 02:09:00,62877.3,62877.3,62851.4,62851.5,66.604
2024-03-04 02:10:00,62851.4,62862.7,62827.0,62855.3,92.637
2024-03-04 02:11:00,62855.3,62883.0,62851.2,62880.1,45.794
2024-03-04 02:12:00,62880.0,62880.0,62866.1,62866.1,25.298
2024-03-04 02:13:00,62866.1,62879.9,62866.1,62879.8,30.702
2024-03-04 02:14:00,62879.9,62912.8,62879.8,62912.7,61.286
2024-03-04 02:15:00,62912.7,62920.1,62900.0,62920.0,65.392
2024-03-04 02:16:00,62920.0,62920.0,62881.7,62881.7,76.771
2024-03-04 02:17:00,62881.7,62881.8,62836.4,62852.0,77.231
2024-03-04 02:18:00,62851.9,62852.0,62810.2,62831.7,96.396
2024-03-04 02:19:00,62831.7,62846.3,62831.7,62840.0,21.2
2024-03-04 02:20:00,62839.9,62858.9,62839.9,62858.8,27.988
2024-03-04 02:21:00,62858.8,62880.0,62858.8,62870.8,32.784
2024-03-04 02:22:00,62870.8,62875.1,62842.2,62842.2,42.497
2024-03-04 02:23:00,62842.2,62842.3,62826.4,62826.4,19.73
2024-03-04 02:24:00,62826.4,62830.0,62807.0,62826.7,56.289
2024-03-04 02:25:00,62826.6,62837.5,62826.6,62837.4,46.782
2024-03-04 02:26:00,62837.4,62837.5,62808.6,62808.6,55.041
2024-03-04 02:27:00,62808.7,62820.8,62803.7,62803.8,50.439
2024-03-04 02:28:00,62803.8,62812.8,62803.7,62812.8,12.925
2024-03-04 02:29:00,62812.7,62828.8,62812.7,62828.8,31.906
2024-03-04 02:30:00,62828.8,62843.8,62822.3,62835.6,56.122
2024-03-04 02:31:00,62835.6,62844.0,62807.5,62844.0,55.993
2024-03-04 02:32:00,62843.9,62868.0,62803.1,62803.1,75.772
2024-03-04 02:33:00,62803.1,62832.3,62803.1,62832.2,20.767
2024-03-04 02:34:00,62832.3,62857.4,62829.3,62857.4,41.405
2024-03-04 02:35:00,62857.3,62864.8,62857.3,62864.8,26.794
2024-03-04 02:36:00,62864.7,62864.7,62851.8,62855.4,25.165
2024-03-04 02:37:00,62855.3,62859.2,62855.0,62855.0,13.442
2024-03-04 02:38:00,62855.1,62862.6,62813.9,62814.0,86.179
2024-03-04 02:39:00,62813.9,62814.0,62805.9,62805.9,13.283
2024-03-04 02:40:00,62805.9,62805.9,62687.6,62708.1,429.855
2024-03-04 02:41:00,62708.2,62750.4,62708.1,62747.2,97.102
2024-03-04 02:42:00,62747.3,62748.1,62712.9,62713.6,75.335
2024-03-04 02:43:00,62713.6,62735.7,62713.6,62724.8,51.705
2024-03-04 02:44:00,62724.7,62724.8,62707.5,62707.5,37.306
2024-03-04 02:45:00,62707.5,62748.3,62700.0,62740.6,66.874
2024-03-04 02:46:00,62740.6,62760.1,62725.9,62731.4,67.181
2024-03-04 02:47:00,62731.4,62747.7,62716.1,62716.1,35.495
2024-03-04 02:48:00,62716.0,62732.5,62707.8,62729.0,51.185
2024-03-04 02:49:00,62729.1,62729.1,62695.7,62695.9,43.819
2024-03-04 02:50:00,62695.8,62715.9,62685.0,62685.1,98.132
2024-03-04 02:51:00,62685.1,62722.2,62685.0,62720.0,49.965
2024-03-04 02:52:00,62720.0,62720.1,62713.8,62715.7,32.08
2024-03-04 02:53:00,62715.8,62715.8,62689.9,62712.3,32.279
2024-03-04 02:54:00,62712.3,62712.3,62689.9,62703.9,41.307
2024-03-04 02:55:00,62703.9,62711.2,62694.7,62711.1,15.447
2024-03-04 02:56:00,62711.1,62711.2,62690.0,62695.5,46.383
2024-03-04 02:57:00,62695.4,62705.7,62690.1,62690.2,35.194
2024-03-04 02:58:00,62690.2,62711.8,62690.1,62711.8,29.096
2024-03-04 02:59:00,62711.8,62731.7,62711.7,62731.7,32.319
2024-03-04 03:00:00,62731.7,62747.9,62731.7,62747.9,46.545
2024-03-04 03:01:00,62747.9,62787.7,62747.8,62761.0,104.201
2024-03-04 03:02:00,62761.0,62761.1,62745.1,62745.1,31.174
2024-03-04 03:03:00,62745.1,62751.7,62732.6,62747.5,30.779
2024-03-04 03:04:00,62747.5,62747.6,62747.5,62747.6,7.634
2024-03-04 03:05:00,62747.6,62771.6,62747.5,62771.6,34.116
2024-03-04 03:06:00,62771.6,62858.3,62753.1,62839.5,519.041
2024-03-04 03:07:00,62839.5,62845.6,62829.9,62834.2,43.808
2024-03-04 03:08:00,62834.3,62834.3,62825.1,62833.2,28.511
2024-03-04 03:09:00,62833.2,62842.5,62814.0,62839.6,49.108
2024-03-04 03:10:00,62839.7,62885.5,62839.6,62874.1,139.754
2024-03-04 03:11:00,62874.1,62874.2,62861.7,62866.2,43.25
2024-03-04 03:12:00,62866.3,62866.3,62838.4,62838.4,46.919
2024-03-04 03:13:00,62838.4,62838.5,62823.4,62823.4,42.566
2024-03-04 03:14:00,62823.5,62845.2,62821.9,62839.4,46.828
2024-03-04 03:15:00,62839.4,62856.2,62833.7,62833.7,36.255
2024-03-04 03:16:00,62833.7,62884.2,62833.7,62854.7,72.567
2024-03-04 03:17:00,62854.8,62862.9,62837.8,62837.8,23.023
2024-03-04 03:18:00,62837.9,62837.9,62801.6,62822.4,37.384
2024-03-04 03:19:00,62822.3,62901.7,62822.3,62898.2,252.528
2024-03-04 03:20:00,62898.1,62898.2,62874.7,62882.3,114.975
2024-03-04 03:21:00,62882.2,62882.7,62855.0,62855.0,88.687
2024-03-04 03:22:00,62855.0,62870.0,62855.0,62869.9,28.713
2024-03-04 03:23:00,62870.0,62870.0,62836.2,62844.5,29.53
2024-03-04 03:24:00,62844.5,62845.8,62824.4,62845.8,70.204
2024-03-04 03:25:00,62845.9,62850.0,62834.3,62836.7,23.217
2024-03-04 03:26:00,62836.7,62862.4,62836.7,62862.4,29.128
2024-03-04 03:27:00,62862.3,62862.7,62854.1,62862.7,26.56
2024-03-04 03:28:00,62862.6,62888.0,62862.6,62888.0,26.65
2024-03-04 03:29:00,62888.0,62895.5,62888.0,62895.5,25.141
2024-03-04 03:30:00,62895.5,62896.5,62867.7,62867.7,56.804
2024-03-04 03:31:00,62867.7,62879.9,62862.7,62879.9,34.617
2024-03-04 03:32:00,62879.9,62884.8,62870.6,62882.3,32.029
2024-03-04 03:33:00,62882.2,62908.8,62882.2,62907.6,73.791
2024-03-04 03:34:00,62907.5,62910.0,62905.0,62910.0,29.562
2024-03-04 03:35:00,62909.9,62920.0,62850.7,62850.7,225.68
2024-03-04 03:36:00,62850.7,62861.7,62849.4,62858.0,55.071
2024-03-04 03:37:00,62858.1,62916.0,62858.0,62913.6,72.051
2024-03-04 03:38:00,62913.6,62935.6,62906.0,62914.6,284.209
2024-03-04 03:39:00,62914.5,62935.3,62914.5,62935.3,48.244
2024-03-04 03:40:00,62935.3,62942.4,62917.1,62917.1,85.402
2024-03-04 03:41:00,62917.2,62997.7,62917.1,62988.3,431.778
2024-03-04 03:42:00,62988.2,63042.1,62984.6,63017.9,352.745
2024-03-04 03:43:00,63017.8,63035.8,63010.0,63032.6,80.156
2024-03-04 03:44:00,63032.5,63084.3,63032.5,63081.7,363.417
2024-03-04 03:45:00,63081.7,63096.6,63041.2,63091.5,273.192
2024-03-04 03:46:00,63091.4,63091.5,62884.9,62894.3,537.158
2024-03-04 03:47:00,62894.2,63037.2,62894.2,63033.9,181.751
2024-03-04 03:48:00,63033.9,63086.8,63015.0,63055.3,270.082
2024-03-04 03:49:00,63055.3,63107.8,63055.2,63107.8,340.312
2024-03-04 03:50:00,63107.7,63317.2,63107.7,63270.6,2254.181
2024-03-04 03:51:00,63270.5,63270.5,63092.8,63093.0,508.818
2024-03-04 03:52:00,63093.0,63185.2,63083.0,63084.5,245.21
2024-03-04 03:53:00,63084.5,63165.4,63070.8,63126.6,287.302
2024-03-04 03:54:00,63126.6,63260.8,63126.0,63245.9,326.567
2024-03-04 03:55:00,63245.9,63246.0,63182.9,63198.0,370.511
2024-03-04 03:56:00,63198.1,63280.0,63195.7,63240.5,193.123
2024-03-04 03:57:00,63240.6,63286.9,63207.0,63279.5,165.263
2024-03-04 03:58:00,63279.6,63330.9,63259.2,63320.1,275.695
2024-03-04 03:59:00,63320.0,63320.0,63218.4,63236.0,385.431
2024-03-04 04:00:00,63236.0,63282.1,63157.1,63247.7,281.139
2024-03-04 04:01:00,63247.7,63300.0,63242.8,63279.2,213.04
2024-03-04 04:02:00,63279.1,63289.0,63246.3,63289.0,74.4
2024-03-04 04:03:00,63289.0,63294.0,63243.2,63255.9,318.153
2024-03-04 04:04:00,63255.9,63256.0,63207.5,63212.5,115.02
2024-03-04 04:05:00,63212.4,63294.0,63212.4,63289.9,113.909
2024-03-04 04:06:00,63289.9,63310.6,63289.9,63308.0,80.733
2024-03-04 04:07:00,63308.0,63308.0,63260.2,63300.0,107.181
2024-03-04 04:08:00,63300.0,63301.5,63238.6,63269.8,269.29
2024-03-04 04:09:00,63269.9,63269.9,63260.0,63268.4,42.801
2024-03-04 04:10:00,63268.4,63268.4,63251.1,63251.1,58.683
2024-03-04 04:11:00,63251.2,63251.2,63200.0,63200.0,139.856
2024-03-04 04:12:00,63200.1,63200.1,63079.5,63079.6,327.068
2024-03-04 04:13:00,63079.6,63163.3,63079.5,63134.5,129.255
2024-03-04 04:14:00,63134.5,63161.8,63131.2,63159.8,59.643
2024-03-04 04:15:00,63159.8,63162.8,63130.0,63130.0,84.931
2024-03-04 04:16:00,63130.1,63130.1,63051.0,63051.0,227.284
2024-03-04 04:17:00,63051.1,63051.1,62969.4,63020.1,467.858
2024-03-04 04:18:00,63020.2,63020.2,62983.9,62983.9,61.315
2024-03-04 04:19:00,62984.0,62998.0,62981.7,62990.1,93.767
2024-03-04 04:20:00,62990.1,62996.0,62954.4,62954.5,100.304
2024-03-04 04:21:00,62954.5,62964.6,62950.3,62953.7,86.755
2024-03-04 04:22:00,62953.7,62953.7,62818.6,62823.7,660.48
2024-03-04 04:23:00,62823.7,62905.4,62797.2,62805.0,684.486
2024-03-04 04:24:00,62805.1,62891.6,62775.0,62890.1,619.108
2024-03-04 04:25:00,62890.1,62890.1,62750.1,62750.1,317.999
2024-03-04 04:26:00,62750.0,62806.7,62750.0,62806.7,133.721
2024-03-04 04:27:00,62806.6,62818.8,62766.7,62774.0,142.092
2024-03-04 04:28:00,62774.0,62775.6,62767.3,62774.0,62.541
2024-03-04 04:29:00,62774.1,62920.2,62774.0,62897.9,383.447
2024-03-04 04:30:00,62897.9,62948.7,62843.7,62845.8,378.692
2024-03-04 04:31:00,62845.9,62892.3,62760.6,62820.6,320.2
2024-03-04 04:32:00,62818.0,62870.1,62777.0,62795.4,201.683
2024-03-04 04:33:00,62795.5,62848.2,62773.3,62815.5,113.701
2024-03-04 04:34:00,62815.7,62850.0,62808.2,62831.0,106.677
2024-03-04 04:35:00,62831.0,62863.6,62811.0,62840.0,128.031
2024-03-04 04:36:00,62840.1,62881.5,62822.5,62831.9,128.875
2024-03-04 04:37:00,62831.9,62850.0,62808.6,62816.0,71.061
2024-03-04 04:38:00,62816.0,62873.2,62816.0,62852.3,63.473
2024-03-04 04:39:00,62852.3,62900.0,62826.4,62855.0,217.149
2024-03-04 04:40:00,62855.0,62855.1,62807.3,62822.0,80.959
2024-03-04 04:41:00,62822.1,62866.6,62795.6,62860.3,97.522
2024-03-04 04:42:00,62860.3,62925.9,62856.3,62919.0,177.88
2024-03-04 04:43:00,62919.1,62943.4,62919.0,62930.1,161.754
2024-03-04 04:44:00,62930.0,62950.0,62920.0,62922.9,88.448
2024-03-04 04:45:00,62923.0,63000.0,62921.5,62993.6,178.002
2024-03-04 04:46:00,62993.6,62994.8,62954.2,62961.9,88.952
2024-03-04 04:47:00,62962.0,62966.5,62920.7,62942.9,101.813
2024-03-04 04:48:00,62942.9,62945.0,62888.8,62904.3,104.111
2024-03-04 04:49:00,62904.3,62936.9,62904.3,62920.0,36.411
2024-03-04 04:50:00,62920.1,62972.5,62912.7,62968.7,51.279
2024-03-04 04:51:00,62968.7,62978.6,62944.2,62976.3,52.989
2024-03-04 04:52:00,62976.6,63016.8,62976.6,62996.5,173.571
2024-03-04 04:53:00,62996.6,63028.6,62996.5,63016.3,105.901
2024-03-04 04:54:00,63016.3,63016.3,62970.2,62983.3,94.975
2024-03-04 04:55:00,62983.2,62983.3,62936.3,62938.3,59.36
2024-03-04 04:56:00,62938.4,63004.8,62938.3,63004.8,99.935
2024-03-04 04:57:00,63004.8,63004.8,62960.3,62989.7,96.369
2024-03-04 04:58:00,62989.7,63010.0,62986.9,63010.0,33.195
2024-03-04 04:59:00,63010.0,63016.3,62980.9,62980.9,143.127
2024-03-04 05:00:00,62980.9,63000.0,62957.7,62999.9,100.746
2024-03-04 05:01:00,63000.0,63000.0,62962.9,62962.9,52.152
2024-03-04 05:02:00,62963.0,63007.0,62927.2,63007.0,87.998
2024-03-04 05:03:00,63006.9,63007.0,62963.3,62977.8,57.848
2024-03-04 05:04:00,62977.8,62985.8,62950.0,62950.0,65.99
2024-03-04 05:05:00,62950.1,62953.7,62912.4,62918.4,103.133
2024-03-04 05:06:00,62918.5,62943.0,62906.2,62906.2,45.112
2024-03-04 05:07:00,62906.3,62935.7,62906.2,62908.1,70.136
2024-03-04 05:08:00,62908.1,62913.6,62874.0,62889.5,180.607
2024-03-04 05:09:00,62889.6,62913.6,62881.0,62892.9,65.379
2024-03-04 05:10:00,62893.0,62902.4,62874.0,62889.3,63.152
2024-03-04 05:11:00,62889.3,62912.1,62858.8,62912.1,60.469
2024-03-04 05:12:00,62910.9,62972.2,62910.9,62970.7,89.095
2024-03-04 05:13:00,62970.8,62978.2,62961.6,62972.6,53.1
2024-03-04 05:14:00,62972.5,62985.3,62964.8,62977.9,72.752
2024-03-04 05:15:00,62977.9,63038.8,62965.6,62995.7,508.014
2024-03-04 05:16:00,62995.8,63006.3,62967.1,62983.2,83.724
2024-03-04 05:17:00,62983.2,62983.3,62943.3,62976.0,86.432
2024-03-04 05:18:00,62976.0,63029.3,62972.7,63014.6,139.687
2024-03-04 05:19:00,63014.6,63050.0,63006.1,63040.6,120.668
2024-03-04 05:20:00,63040.6,63050.0,63012.4,63036.7,94.106
2024-03-04 05:21:00,63036.8,63066.4,63033.2,63066.4,83.639
2024-03-04 05:22:00,63066.4,63087.2,63054.9,63087.2,124.937
2024-03-04 05:23:00,63087.2,63171.3,63080.2,63145.8,658.9
2024-03-04 05:24:00,63145.7,63173.0,63103.2,63135.7,213.109
2024-03-04 05:25:00,63135.8,63189.3,63128.9,63189.1,179.79
2024-03-04 05:26:00,63189.1,63190.1,63148.5,63161.3,100.8
2024-03-04 05:27:00,63161.3,63218.4,63161.3,63197.1,237.006
2024-03-04 05:28:00,63197.0,63222.1,63188.5,63209.8,189.617
2024-03-04 05:29:00,63209.9,63220.0,63170.7,63178.5,126.894
2024-03-04 05:30:00,63178.5,63240.9,63143.1,63240.8,218.0
2024-03-04 05:31:00,63240.9,63250.9,63157.2,63214.2,243.705
2024-03-04 05:32:00,63214.1,63214.2,63099.8,63133.3,352.066
2024-03-04 05:33:00,63133.3,63133.3,63094.5,63098.1,253.888
2024-03-04 05:34:00,63098.1,63173.0,63088.1,63173.0,239.923
2024-03-04 05:35:00,63173.0,63184.8,63120.3,63162.0,119.823
2024-03-04 05:36:00,63162.1,63187.9,63127.2,63127.3,184.661
2024-03-04 05:37:00,63127.2,63184.4,63093.9,63184.4,143.616
2024-03-04 05:38:00,63184.9,63221.0,63169.9,63221.0,108.683
2024-03-04 05:39:00,63221.0,63277.5,63220.9,63258.4,199.451
2024-03-04 05:40:00,63258.5,63288.5,63239.4,63281.9,188.801
2024-03-04 05:41:00,63281.9,63346.1,63265.4,63339.6,507.88
2024-03-04 05:42:00,63339.6,63355.6,63166.0,63283.6,612.522
2024-03-04 05:43:00,63283.6,63304.1,63224.0,63286.6,311.731
2024-03-04 05:44:00,63286.6,63369.4,63281.5,63364.5,371.15
2024-03-04 05:45:00,63364.6,63472.4,63336.8,63402.7,1192.54
2024-03-04 05:46:00,63402.7,63481.1,63378.0,63390.5,566.565
2024-03-04 05:47:00,63390.5,63472.5,63390.5,63450.2,233.011
2024-03-04 05:48:00,63450.1,63514.3,63422.0,63506.3,699.517
2024-03-04 05:49:00,63506.3,63514.3,63430.0,63506.6,558.452
2024-03-04 05:50:00,63506.5,63506.6,63403.2,63500.6,400.876
2024-03-04 05:51:00,63500.6,63567.2,63489.3,63540.0,747.933
2024-03-04 05:52:00,63538.6,63564.3,63507.7,63564.3,408.854
2024-03-04 05:53:00,63564.3,63564.3,63463.9,63516.6,434.806
2024-03-04 05:54:00,63516.5,63516.5,63441.4,63498.1,240.384
2024-03-04 05:55:00,63498.2,63550.0,63451.4,63549.9,296.242
2024-03-04 05:56:00,63549.9,63564.6,63545.9,63564.2,242.928
2024-03-04 05:57:00,63564.1,63689.5,63510.9,63689.5,1743.91
2024-03-04 05:58:00,63689.5,63805.8,63671.0,63800.8,1724.471
2024-03-04 05:59:00,63800.1,63903.0,63717.5,63861.0,1500.821
2024-03-04 06:00:00,63861.1,63958.2,63848.3,63930.6,1101.586
2024-03-04 06:01:00,63930.6,63973.8,63744.8,63915.7,1336.503
2024-03-04 06:02:00,63915.7,63981.0,63897.7,63968.4,523.971
2024-03-04 06:03:00,63968.0,64093.0,63905.5,63999.9,1830.096
2024-03-04 06:04:00,63999.8,64031.9,63852.6,63913.9,1028.258
2024-03-04 06:05:00,63913.9,64061.0,63850.0,64042.4,768.165
2024-03-04 06:06:00,64042.4,64089.6,63996.6,64081.1,736.615
2024-03-04 06:07:00,64081.0,64157.7,64022.3,64110.7,911.593
2024-03-04 06:08:00,64110.8,64170.4,64069.3,64147.5,580.276
2024-03-04 06:09:00,64147.5,64214.7,64020.3,64060.1,1036.468
2024-03-04 06:10:00,64060.1,64198.7,64037.1,64161.0,651.172
2024-03-04 06:11:00,64161.1,64200.0,64137.2,64199.9,595.952
2024-03-04 06:12:00,64199.9,64270.9,64108.6,64236.2,1057.89
2024-03-04 06:13:00,64236.3,64429.3,64226.0,64415.0,2707.009
2024-03-04 06:14:00,64417.3,64424.9,64235.0,64302.8,1664.694
2024-03-04 06:15:00,64302.8,64302.9,63757.2,63858.7,3071.503
2024-03-04 06:16:00,63858.6,63991.1,63767.8,63971.5,1446.55
2024-03-04 06:17:00,63971.5,63971.6,63363.0,63471.2,3207.603
2024-03-04 06:18:00,63471.6,63614.6,63436.1,63540.8,1188.112
2024-03-04 06:19:00,63540.7,63556.7,62299.0,62492.7,7650.848
2024-03-04 06:20:00,62492.7,62957.9,62406.5,62945.4,3187.751
2024-03-04 06:21:00,62945.4,63400.0,62945.4,63391.9,3228.452
2024-03-04 06:22:00,63391.9,63415.8,63108.6,63176.4,1596.405
2024-03-04 06:23:00,63176.3,63300.0,63060.5,63218.0,928.668
2024-03-04 06:24:00,63217.9,63360.4,63141.1,63344.5,691.736
2024-03-04 06:25:00,63344.4,63629.1,63293.7,63504.8,1414.545
2024-03-04 06:26:00,63504.8,63586.5,63467.9,63518.0,810.645
2024-03-04 06:27:00,63518.0,63538.8,63398.6,63461.5,530.422
2024-03-04 06:28:00,63461.4,63523.7,63362.6,63428.8,627.845
2024-03-04 06:29:00,63428.9,63550.0,63428.9,63544.5,432.672
2024-03-04 06:30:00,63544.5,63621.0,63379.1,63617.7,694.174
2024-03-04 06:31:00,63617.7,63762.5,63490.0,63724.4,1837.726
2024-03-04 06:32:00,63724.5,63813.7,63700.9,63789.8,878.458
2024-03-04 06:33:00,63789.7,63789.8,63658.0,63696.8,484.49
2024-03-04 06:34:00,63696.8,63696.9,63444.6,63444.6,844.948
2024-03-04 06:35:00,63444.6,63554.1,63442.7,63493.9,689.535
2024-03-04 06:36:00,63494.0,63569.0,63442.7,63442.7,293.256
2024-03-04 06:37:00,63442.7,63524.6,63379.2,63452.1,528.982
2024-03-04 06:38:00,63452.1,63500.0,63383.5,63386.1,298.448
2024-03-04 06:39:00,63386.1,63421.0,63335.4,63363.5,376.018
2024-03-04 06:40:00,63363.5,63452.0,63336.2,63420.2,521.307
2024-03-04 06:41:00,63420.3,63478.3,63360.9,63478.3,262.027
2024-03-04 06:42:00,63478.3,63548.8,63448.3,63506.7,527.317
2024-03-04 06:43:00,63506.7,63568.6,63461.7,63478.4,270.894
2024-03-04 06:44:00,63478.4,63529.9,63464.0,63528.7,184.035
2024-03-04 06:45:00,63528.7,63578.5,63471.3,63572.1,144.439
2024-03-04 06:46:00,63572.1,63680.0,63562.4,63654.7,350.479
2024-03-04 06:47:00,63654.8,63654.8,63550.0,63573.4,196.418
2024-03-04 06:48:00,63573.4,63573.4,63475.0,63496.9,146.417
2024-03-04 06:49:00,63497.0,63597.5,63483.1,63583.2,136.888
2024-03-04 06:50:00,63583.1,63710.0,63564.2,63709.8,220.38
2024-03-04 06:51:00,63709.9,63709.9,63591.4,63676.6,206.499
2024-03-04 06:52:00,63676.6,63691.3,63633.3,63651.6,148.75
2024-03-04 06:53:00,63651.6,63651.6,63513.8,63593.3,295.859
2024-03-04 06:54:00,63593.2,63631.9,63562.7,63576.7,110.143
2024-03-04 06:55:00,63576.7,63681.4,63543.0,63681.3,343.253
2024-03-04 06:56:00,63681.4,63787.6,63675.1,63764.8,342.205
2024-03-04 06:57:00,63765.5,63767.0,63682.8,63747.1,191.983
2024-03-04 06:58:00,63747.2,63867.0,63747.1,63838.1,409.289
2024-03-04 06:59:00,63838.1,63931.2,63831.8,63909.3,633.719
2024-03-04 07:00:00,63909.3,63909.3,63776.0,63865.0,419.739
2024-03-04 07:01:00,63865.1,63891.6,63695.9,63744.2,273.332
2024-03-04 07:02:00,63744.3,63755.4,63689.1,63690.7,225.534
2024-03-04 07:03:00,63690.7,63835.2,63670.6,63817.7,218.331
2024-03-04 07:04:00,63817.6,63848.7,63808.0,63831.5,147.601
2024-03-04 07:05:00,63831.4,63848.7,63800.0,63835.0,167.531
2024-03-04 07:06:00,63835.0,63884.2,63819.4,63864.8,207.402
2024-03-04 07:07:00,63864.9,63870.9,63742.1,63760.3,280.829
2024-03-04 07:08:00,63760.3,63855.4,63760.3,63827.9,148.833
2024-03-04 07:09:00,63827.8,63839.0,63812.8,63817.6,114.411
2024-03-04 07:10:00,63817.5,63817.6,63716.0,63738.6,124.658
2024-03-04 07:11:00,63738.6,63770.0,63726.6,63751.7,68.295
2024-03-04 07:12:00,63751.7,63819.4,63726.6,63814.4,95.956
2024-03-04 07:13:00,63813.4,63834.9,63795.9,63796.0,88.052
2024-03-04 07:14:00,63795.9,63795.9,63722.8,63790.9,112.649
2024-03-04 07:15:00,63790.8,63840.0,63768.5,63824.5,146.984
2024-03-04 07:16:00,63824.6,63854.7,63740.5,63746.3,186.584
2024-03-04 07:17:00,63746.4,63749.9,63630.6,63635.0,436.891
2024-03-04 07:18:00,63635.0,63707.1,63633.1,63665.2,273.399
2024-03-04 07:19:00,63665.0,63697.0,63619.5,63632.8,185.615
2024-03-04 07:20:00,63632.8,63686.4,63602.5,63646.3,154.835
2024-03-04 07:21:00,63646.3,63683.0,63630.6,63638.4,89.761
2024-03-04 07:22:00,63638.4,63679.7,63633.0,63660.5,82.837
2024-03-04 07:23:00,63660.6,63671.8,63603.4,63636.5,117.237
2024-03-04 07:24:00,63636.6,63663.8,63533.2,63569.9,222.866
2024-03-04 07:25:00,63569.9,63637.3,63562.9,63591.1,133.559
2024-03-04 07:26:00,63591.2,63604.3,63561.7,63578.1,109.216
2024-03-04 07:27:00,63578.1,63674.0,63578.1,63674.0,109.944
2024-03-04 07:28:00,63673.9,63683.0,63596.8,63610.5,152.148
2024-03-04 07:29:00,63610.5,63612.9,63576.8,63587.6,48.75
2024-03-04 07:30:00,63589.1,63608.5,63527.3,63568.6,150.856
2024-03-04 07:31:00,63568.7,63575.0,63442.7,63475.8,567.759
2024-03-04 07:32:00,63475.9,63565.6,63475.8,63512.3,208.977
2024-03-04 07:33:00,63512.3,63563.0,63458.5,63476.2,353.694
2024-03-04 07:34:00,63476.2,63550.0,63476.1,63542.4,126.148
2024-03-04 07:35:00,63543.6,63612.0,63528.4,63605.0,221.458
2024-03-04 07:36:00,63605.0,63611.9,63554.7,63563.4,80.019
2024-03-04 07:37:00,63563.5,63567.9,63470.1,63479.2,165.952
2024-03-04 07:38:00,63479.3,63500.0,63429.0,63460.6,277.684
2024-03-04 07:39:00,63460.7,63470.5,63377.0,63389.1,337.492
2024-03-04 07:40:00,63389.2,63396.2,63153.4,63172.0,1358.911
2024-03-04 07:41:00,63172.0,63390.9,63172.0,63305.9,747.196
2024-03-04 07:42:00,63306.0,63310.0,63269.7,63273.8,407.483
2024-03-04 07:43:00,63273.8,63300.0,63267.6,63277.3,268.691
2024-03-04 07:44:00,63277.3,63377.3,63261.6,63353.5,343.661
2024-03-04 07:45:00,63353.4,63371.2,63286.4,63294.2,237.598
2024-03-04 07:46:00,63294.3,63400.0,63280.0,63386.3,274.38
2024-03-04 07:47:00,63386.3,63397.9,63304.6,63313.9,210.969
2024-03-04 07:48:00,63313.9,63318.6,63250.0,63255.2,333.322
2024-03-04 07:49:00,63255.3,63316.9,63230.0,63308.0,220.608
2024-03-04 07:50:00,63308.0,63372.6,63276.6,63364.6,142.955
2024-03-04 07:51:00,63364.7,63364.7,63301.7,63333.0,89.794
2024-03-04 07:52:00,63333.0,63376.2,63292.5,63360.0,142.268
2024-03-04 07:53:00,63359.9,63400.0,63329.6,63400.0,704.55
2024-03-04 07:54:00,63400.0,63528.2,63399.9,63499.0,536.705
2024-03-04 07:55:00,63498.9,63600.0,63498.9,63560.3,592.0
2024-03-04 07:56:00,63560.3,63612.0,63542.3,63604.5,219.156
2024-03-04 07:57:00,63604.4,63611.1,63550.7,63597.5,141.127
2024-03-04 07:58:00,63597.5,63647.8,63592.2,63642.2,319.243
2024-03-04 07:59:00,63642.2,63670.6,63600.5,63615.3,187.278
2024-03-04 08:00:00,63615.3,63686.4,63614.3,63626.8,288.365
2024-03-04 08:01:00,63626.8,63806.9,63626.8,63800.8,742.412
2024-03-04 08:02:00,63800.8,63842.1,63800.0,63825.8,516.806
2024-03-04 08:03:00,63825.8,63866.6,63800.0,63858.7,334.92
2024-03-04 08:04:00,63858.7,63858.7,63737.1,63803.9,458.703
2024-03-04 08:05:00,63803.9,63888.0,63803.9,63871.2,185.81
2024-03-04 08:06:00,63871.1,63888.0,63817.2,63865.8,150.13
2024-03-04 08:07:00,63865.8,63885.3,63842.4,63883.6,180.556
2024-03-04 08:08:00,63883.7,63925.0,63815.9,63847.6,405.916
2024-03-04 08:09:00,63848.0,63960.0,63848.0,63960.0,357.421
2024-03-04 08:10:00,63959.9,63960.0,63659.3,63813.7,947.173
2024-03-04 08:11:00,63813.7,63890.0,63813.6,63890.0,253.273
2024-03-04 08:12:00,63889.9,63988.2,63869.9,63904.2,645.596
2024-03-04 08:13:00,63904.2,63943.0,63884.7,63935.0,171.189
2024-03-04 08:14:00,63935.0,63950.0,63927.1,63927.7,144.993
2024-03-04 08:15:00,63927.6,63935.4,63836.9,63841.2,229.695
2024-03-04 08:16:00,63841.3,63900.0,63826.4,63826.4,258.824
2024-03-04 08:17:00,63826.5,63914.3,63800.0,63909.0,150.145
2024-03-04 08:18:00,63908.9,63930.0,63847.3,63870.0,118.15
2024-03-04 08:19:00,63870.0,63894.0,63831.8,63894.0,89.856
2024-03-04 08:20:00,63894.0,63897.0,63844.7,63879.5,115.524
2024-03-04 08:21:00,63879.5,63879.5,63674.0,63714.6,731.933
2024-03-04 08:22:00,63714.5,63819.1,63701.0,63819.0,185.131
2024-03-04 08:23:00,63818.9,63819.0,63750.0,63750.0,69.268
2024-03-04 08:24:00,63750.0,63809.2,63740.0,63808.2,69.313
2024-03-04 08:25:00,63808.2,63840.0,63800.0,63820.9,60.458
2024-03-04 08:26:00,63820.9,63850.0,63820.9,63829.5,111.748
2024-03-04 08:27:00,63829.5,63829.6,63757.3,63795.6,142.251
2024-03-04 08:28:00,63795.5,63795.6,63667.1,63674.7,280.816
2024-03-04 08:29:00,63674.8,63758.7,63666.9,63744.8,239.747
2024-03-04 08:30:00,63744.9,63769.1,63656.1,63680.7,248.52
2024-03-04 08:31:00,63680.7,63693.2,63637.2,63641.5,180.525
2024-03-04 08:32:00,63641.5,63680.0,63587.3,63622.9,233.948
2024-03-04 08:33:00,63622.8,63680.7,63584.5,63664.3,154.169
2024-03-04 08:34:00,63664.3,63690.0,63612.1,63627.6,86.963
2024-03-04 08:35:00,63627.7,63691.7,63601.7,63691.7,98.096
2024-03-04 08:36:00,63691.7,63710.1,63650.0,63679.5,153.022
2024-03-04 08:37:00,63679.5,63709.3,63644.9,63646.3,85.042
2024-03-04 08:38:00,63646.4,63650.6,63566.7,63599.6,244.065
2024-03-04 08:39:00,63597.3,63621.9,63572.1,63591.8,193.582
2024-03-04 08:40:00,63591.9,63598.8,63554.5,63578.7,143.933
2024-03-04 08:41:00,63578.8,63614.9,63576.0,63602.8,118.631
2024-03-04 08:42:00,63602.8,63635.0,63602.7,63625.2,136.782
2024-03-04 08:43:00,63625.3,63636.5,63579.8,63590.2,265.431
2024-03-04 08:44:00,63590.3,63644.0,63579.8,63644.0,115.759
2024-03-04 08:45:00,63644.0,63731.6,63632.4,63717.5,185.652
2024-03-04 08:46:00,63717.5,63755.0,63680.1,63687.2,163.651
2024-03-04 08:47:00,63687.2,63691.1,63600.8,63610.6,118.638
2024-03-04 08:48:00,63610.6,63670.6,63605.1,63669.0,80.038
2024-03-04 08:49:00,63669.0,63735.3,63660.2,63705.1,107.272
2024-03-04 08:50:00,63705.2,63705.2,63618.0,63642.8,82.945
2024-03-04 08:51:00,63642.8,63717.2,63642.8,63698.3,121.323
2024-03-04 08:52:00,63698.4,63752.1,63692.9,63699.1,76.091
2024-03-04 08:53:00,63699.1,63753.0,63696.1,63748.1,52.291
2024-03-04 08:54:00,63748.1,63766.0,63727.2,63753.7,140.046
2024-03-04 08:55:00,63753.6,63753.6,63708.0,63716.4,62.272
2024-03-04 08:56:00,63716.4,63747.8,63708.0,63747.7,33.722
2024-03-04 08:57:00,63747.8,63748.1,63667.7,63717.5,82.33
2024-03-04 08:58:00,63717.5,63758.1,63670.7,63748.8,92.609
2024-03-04 08:59:00,63751.5,63800.6,63750.8,63800.6,134.952
2024-03-04 09:00:00,63800.6,63816.2,63733.4,63739.6,159.527
2024-03-04 09:01:00,63739.6,63786.7,63725.6,63743.9,69.339
2024-03-04 09:02:00,63743.9,63767.9,63687.8,63711.4,73.056
2024-03-04 09:03:00,63711.4,63719.6,63672.6,63679.3,50.814
2024-03-04 09:04:00,63679.2,63696.0,63627.6,63639.9,122.144
2024-03-04 09:05:00,63636.2,63655.6,63512.0,63555.6,492.841
2024-03-04 09:06:00,63555.5,63591.6,63541.0,63541.0,134.592
2024-03-04 09:07:00,63541.0,63585.0,63541.0,63541.0,265.977
2024-03-04 09:08:00,63541.0,63572.7,63520.0,63539.6,279.291
2024-03-04 09:09:00,63539.6,63539.7,63507.0,63512.2,170.327
2024-03-04 09:10:00,63512.2,63582.0,63512.2,63581.9,139.678
2024-03-04 09:11:00,63582.0,63587.5,63540.0,63546.0,106.612
2024-03-04 09:12:00,63546.0,63611.0,63546.0,63602.7,197.433
2024-03-04 09:13:00,63602.4,63602.4,63541.8,63549.8,80.853
2024-03-04 09:14:00,63548.2,63624.7,63548.1,63624.6,92.649
2024-03-04 09:15:00,63624.7,63624.7,63558.3,63563.5,112.064
2024-03-04 09:16:00,63563.5,63616.7,63551.0,63551.0,72.177
2024-03-04 09:17:00,63551.0,63602.5,63551.0,63577.0,42.481
2024-03-04 09:18:00,63577.0,63583.8,63554.4,63574.1,45.256
2024-03-04 09:19:00,63574.1,63593.8,63565.9,63571.9,74.21
2024-03-04 09:20:00,63571.8,63608.9,63563.4,63576.2,95.901
2024-03-04 09:21:00,63576.2,63607.3,63569.5,63569.5,56.863
2024-03-04 09:22:00,63569.5,63592.8,63524.0,63528.1,81.471
2024-03-04 09:23:00,63528.0,63543.9,63485.9,63489.5,218.531
2024-03-04 09:24:00,63489.6,63493.9,63442.7,63442.7,418.168
2024-03-04 09:25:00,63442.7,63489.4,63441.1,63489.3,184.007
2024-03-04 09:26:00,63489.3,63489.3,63418.7,63430.8,185.688
2024-03-04 09:27:00,63430.8,63441.6,63396.6,63427.9,208.531
2024-03-04 09:28:00,63427.9,63485.0,63427.8,63461.0,85.32
2024-03-04 09:29:00,63461.0,63524.3,63461.0,63523.9,123.123
2024-03-04 09:30:00,63524.0,63537.5,63493.9,63497.4,122.667
2024-03-04 09:31:00,63497.5,63551.8,63483.0,63543.7,223.431
2024-03-04 09:32:00,63543.8,63553.1,63528.4,63528.5,160.815
2024-03-04 09:33:00,63528.5,63535.9,63484.6,63488.2,57.51
2024-03-04 09:34:00,63488.3,63491.2,63455.1,63460.7,47.841
2024-03-04 09:35:00,63460.8,63529.6,63460.7,63506.6,78.101
2024-03-04 09:36:00,63506.7,63506.7,63453.2,63459.9,88.332
2024-03-04 09:37:00,63459.9,63502.0,63454.9,63454.9,74.509
2024-03-04 09:38:00,63454.9,63499.7,63420.4,63495.9,167.249
2024-03-04 09:39:00,63495.8,63500.0,63466.0,63480.9,57.104
2024-03-04 09:40:00,63481.8,63525.0,63463.6,63503.2,95.256
2024-03-04 09:41:00,63503.2,63516.5,63470.6,63486.3,67.755
2024-03-04 09:42:00,63486.3,63559.5,63486.3,63555.9,75.475
2024-03-04 09:43:00,63555.9,63578.2,63555.9,63576.6,97.666
2024-03-04 09:44:00,63576.7,63601.4,63572.2,63598.6,164.79
2024-03-04 09:45:00,63598.5,63609.0,63573.3,63573.3,55.667
2024-03-04 09:46:00,63573.4,63573.4,63535.8,63549.3,86.827
2024-03-04 09:47:00,63549.4,63581.8,63528.0,63539.3,62.866
2024-03-04 09:48:00,63539.3,63579.4,63539.3,63541.4,66.801
2024-03-04 09:49:00,63541.5,63568.1,63535.0,63537.0,152.264
2024-03-04 09:50:00,63537.0,63568.1,63526.0,63568.1,90.115
2024-03-04 09:51:00,63568.1,63633.0,63568.1,63631.9,164.463
2024-03-04 09:52:00,63632.0,63632.0,63607.0,63613.6,60.151
2024-03-04 09:53:00,63613.6,63628.3,63612.1,63627.6,38.889
2024-03-04 09:54:00,63627.6,63633.0,63618.7,63621.4,133.195
2024-03-04 09:55:00,63621.4,63658.6,63621.3,63658.6,147.732
2024-03-04 09:56:00,63658.6,63695.5,63649.2,63674.8,131.329
2024-03-04 09:57:00,63674.8,63679.4,63631.1,63632.9,99.294
2024-03-04 09:58:00,63632.9,63651.7,63618.3,63618.3,45.468
2024-03-04 09:59:00,63618.4,63647.7,63618.1,63642.6,94.733
2024-03-04 10:00:00,63642.7,63679.7,63631.3,63634.5,97.328
2024-03-04 10:01:00,63634.5,63656.3,63627.3,63627.3,93.899
2024-03-04 10:02:00,63627.4,63699.0,63627.3,63692.7,64.771
2024-03-04 10:03:00,63692.6,63804.4,63692.6,63732.8,928.533
2024-03-04 10:04:00,63732.9,63797.6,63710.3,63784.4,265.056
2024-03-04 10:05:00,63784.4,63829.1,63780.0,63817.0,236.207
2024-03-04 10:06:00,63816.9,63835.1,63781.9,63781.9,111.703
2024-03-04 10:07:00,63782.0,63782.0,63711.1,63753.8,225.667
2024-03-04 10:08:00,63753.9,63821.3,63753.9,63813.6,74.429
2024-03-04 10:09:00,63813.6,63820.0,63775.8,63820.0,187.829
2024-03-04 10:10:00,63819.9,63835.9,63782.0,63788.6,97.36
2024-03-04 10:11:00,63788.6,63813.3,63782.4,63807.3,86.136
2024-03-04 10:12:00,63807.3,63810.0,63717.5,63754.7,112.116
2024-03-04 10:13:00,63754.7,63772.0,63750.0,63750.0,46.528
2024-03-04 10:14:00,63750.1,63750.1,63687.5,63694.8,118.768
2024-03-04 10:15:00,63694.7,63733.9,63691.4,63718.0,81.365
2024-03-04 10:16:00,63718.1,63718.1,63650.5,63657.8,127.288
2024-03-04 10:17:00,63657.9,63657.9,63635.0,63642.7,153.259
2024-03-04 10:18:00,63642.8,63658.8,63607.1,63650.8,143.29
2024-03-04 10:19:00,63650.7,63650.8,63620.1,63621.4,126.102
2024-03-04 10:20:00,63621.5,63634.9,63600.0,63611.0,102.755
2024-03-04 10:21:00,63611.1,63649.6,63611.0,63620.0,52.876
2024-03-04 10:22:00,63620.0,63663.9,63620.0,63662.9,48.998
2024-03-04 10:23:00,63662.9,63668.0,63654.6,63654.6,44.841
2024-03-04 10:24:00,63654.4,63659.0,63626.7,63626.7,51.298
2024-03-04 10:25:00,63626.8,63666.8,63626.7,63657.9,73.859
2024-03-04 10:26:00,63657.9,63680.0,63657.9,63676.8,48.981
2024-03-04 10:27:00,63676.8,63680.0,63663.0,63671.8,271.751
2024-03-04 10:28:00,63671.8,63679.4,63670.2,63670.2,47.548
2024-03-04 10:29:00,63670.2,63680.0,63643.8,63680.0,118.274
2024-03-04 10:30:00,63680.0,63680.0,63661.8,63671.9,183.849
2024-03-04 10:31:00,63672.0,63672.0,63627.3,63627.3,62.37
2024-03-04 10:32:00,63627.4,63670.4,63627.3,63670.4,72.721
2024-03-04 10:33:00,63670.3,63680.0,63670.3,63670.4,139.294
2024-03-04 10:34:00,63670.4,63726.4,63670.3,63726.4,87.808
2024-03-04 10:35:00,63726.4,63762.1,63726.3,63733.3,93.872
2024-03-04 10:36:00,63733.3,63733.3,63666.5,63669.6,57.97
2024-03-04 10:37:00,63669.6,63698.5,63655.2,63689.1,85.968
2024-03-04 10:38:00,63689.0,63706.5,63646.1,63646.1,107.285
2024-03-04 10:39:00,63646.2,63663.3,63633.1,63640.6,29.642
2024-03-04 10:40:00,63640.7,63654.9,63624.2,63624.2,56.103
2024-03-04 10:41:00,63624.2,63625.9,63598.7,63617.7,98.14
2024-03-04 10:42:00,63617.7,63628.4,63575.6,63587.4,79.074
2024-03-04 10:43:00,63586.9,63608.4,63577.5,63608.3,42.422
2024-03-04 10:44:00,63608.3,63608.4,63560.3,63576.7,69.476
2024-03-04 10:45:00,63576.6,63589.3,63553.5,63553.5,70.396
2024-03-04 10:46:00,63553.5,63560.0,63503.5,63503.5,187.259
2024-03-04 10:47:00,63503.6,63521.2,63485.8,63493.2,161.458
2024-03-04 10:48:00,63493.3,63572.9,63493.2,63540.9,273.088
2024-03-04 10:49:00,63540.8,63581.5,63520.0,63520.0,82.849
2024-03-04 10:50:00,63520.0,63540.2,63494.5,63494.5,111.524
2024-03-04 10:51:00,63494.5,63544.8,63494.5,63520.9,62.24
2024-03-04 10:52:00,63520.9,63521.0,63480.0,63491.2,88.75
2024-03-04 10:53:00,63491.2,63529.9,63491.2,63493.0,54.593
2024-03-04 10:54:00,63492.9,63507.6,63477.9,63484.2,97.472
2024-03-04 10:55:00,63484.2,63516.7,63469.0,63504.1,115.158
2024-03-04 10:56:00,63504.0,63537.6,63501.2,63516.8,84.105
2024-03-04 10:57:00,63516.8,63532.6,63498.6,63498.6,50.049
2024-03-04 10:58:00,63498.6,63498.6,63461.2,63471.0,85.276
2024-03-04 10:59:00,63471.0,63500.0,63465.0,63476.0,157.65
2024-03-04 11:00:00,63475.9,63480.3,63453.4,63471.4,104.007
2024-03-04 11:01:00,63471.5,63480.3,63468.4,63469.9,56.352
2024-03-04 11:02:00,63470.0,63491.9,63453.9,63453.9,170.851
2024-03-04 11:03:00,63453.4,63453.4,63431.7,63443.1,147.927
2024-03-04 11:04:00,63443.2,63443.2,63387.0,63390.7,388.794
2024-03-04 11:05:00,63390.6,63397.4,63330.0,63350.6,217.345
2024-03-04 11:06:00,63350.7,63397.6,63350.6,63382.6,153.701
2024-03-04 11:07:00,63382.7,63391.0,63329.5,63336.0,116.149
2024-03-04 11:08:00,63336.0,63341.9,63249.1,63272.2,575.772
2024-03-04 11:09:00,63272.3,63334.8,63259.9,63325.9,159.245
2024-03-04 11:10:00,63325.9,63347.1,63286.0,63318.0,126.121
2024-03-04 11:11:00,63318.0,63320.0,63266.6,63288.3,116.81
2024-03-04 11:12:00,63288.4,63334.7,63288.3,63334.7,94.04
2024-03-04 11:13:00,63334.6,63397.7,63334.6,63362.2,187.602
2024-03-04 11:14:00,63362.2,63381.8,63350.4,63372.0,95.379
2024-03-04 11:15:00,63372.1,63397.2,63355.6,63355.6,178.371
2024-03-04 11:16:00,63355.2,63355.2,63312.1,63312.3,90.988
2024-03-04 11:17:00,63312.4,63382.0,63304.6,63376.7,87.702
2024-03-04 11:18:00,63376.7,63400.6,63365.4,63398.1,107.157
2024-03-04 11:19:00,63398.0,63398.0,63353.9,63362.1,51.527
2024-03-04 11:20:00,63362.0,63371.1,63329.9,63347.5,67.455
2024-03-04 11:21:00,63347.5,63402.7,63342.0,63382.1,131.272
2024-03-04 11:22:00,63382.2,63440.0,63376.9,63419.0,265.067
2024-03-04 11:23:00,63419.1,63448.8,63419.0,63444.2,160.724
2024-03-04 11:24:00,63444.2,63480.0,63432.9,63474.0,112.102
2024-03-04 11:25:00,63474.0,63517.0,63466.1,63517.0,136.042
2024-03-04 11:26:00,63516.9,63520.0,63440.9,63451.0,142.778
2024-03-04 11:27:00,63451.0,63469.1,63425.0,63462.6,128.468
2024-03-04 11:28:00,63462.6,63472.1,63443.1,63463.4,41.272
2024-03-04 11:29:00,63463.3,63464.7,63358.7,63406.1,738.068
2024-03-04 11:30:00,63406.1,63430.2,63375.3,63375.3,89.721
2024-03-04 11:31:00,63375.3,63410.3,63375.3,63406.1,146.95
2024-03-04 11:32:00,63406.0,63448.5,63406.0,63448.5,107.207
2024-03-04 11:33:00,63448.4,63448.4,63403.5,63445.5,108.153
2024-03-04 11:34:00,63445.4,63466.2,63440.0,63457.7,144.29
2024-03-04 11:35:00,63457.7,63468.1,63441.9,63450.2,45.776
2024-03-04 11:36:00,63450.1,63479.7,63450.1,63463.5,40.29
2024-03-04 11:37:00,63463.5,63487.4,63458.1,63484.9,80.624
2024-03-04 11:38:00,63485.0,63491.1,63444.5,63444.5,95.211
2024-03-04 11:39:00,63444.6,63483.4,63444.5,63474.0,68.3
2024-03-04 11:40:00,63473.9,63499.0,63473.9,63492.0,34.903
2024-03-04 11:41:00,63492.0,63519.4,63492.0,63514.1,78.625
2024-03-04 11:42:00,63514.1,63548.1,63514.1,63531.9,155.79
2024-03-04 11:43:00,63531.9,63554.4,63531.4,63539.7,57.519
2024-03-04 11:44:00,63539.7,63559.2,63539.6,63554.1,57.847
2024-03-04 11:45:00,63554.0,63576.8,63554.0,63576.7,63.561
2024-03-04 11:46:00,63576.7,63600.0,63557.9,63597.4,205.519
2024-03-04 11:47:00,63597.5,63620.0,63596.8,63617.3,99.185
2024-03-04 11:48:00,63617.4,63620.0,63588.6,63615.0,139.068
2024-03-04 11:49:00,63613.4,63613.4,63586.3,63604.3,156.962
2024-03-04 11:50:00,63604.3,63620.4,63599.3,63608.8,37.158
2024-03-04 11:51:00,63608.8,63610.0,63587.4,63592.9,70.137
2024-03-04 11:52:00,63592.9,63604.7,63587.3,63599.3,55.25
2024-03-04 11:53:00,63599.4,63630.4,63598.8,63614.7,85.797
2024-03-04 11:54:00,63614.7,63614.7,63523.6,63549.9,179.732
2024-03-04 11:55:00,63549.9,63585.4,63549.9,63567.4,40.648
2024-03-04 11:56:00,63567.5,63580.0,63558.4,63575.9,53.461
2024-03-04 11:57:00,63575.9,63618.2,63575.9,63618.2,82.186
2024-03-04 11:58:00,63618.1,63624.4,63608.1,63615.9,41.577
2024-03-04 11:59:00,63615.9,63624.3,63615.9,63624.3,31.545
2024-03-04 12:00:00,63624.3,63633.9,63615.8,63621.3,91.485
2024-03-04 12:01:00,63621.3,63621.4,63557.6,63559.8,104.479
2024-03-04 12:02:00,63559.7,63559.7,63521.1,63547.3,123.964
2024-03-04 12:03:00,63547.4,63597.6,63547.4,63580.1,117.499
2024-03-04 12:04:00,63580.0,63603.9,63562.5,63601.4,56.884
2024-03-04 12:05:00,63601.3,63636.1,63587.6,63622.0,126.327
2024-03-04 12:06:00,63621.9,63683.0,63603.6,63682.9,153.37
2024-03-04 12:07:00,63682.9,63683.0,63644.6,63656.8,94.304
2024-03-04 12:08:00,63656.9,63677.4,63635.6,63654.6,77.483
2024-03-04 12:09:00,63654.7,63662.0,63650.9,63661.9,33.015
2024-03-04 12:10:00,63661.9,63683.7,63632.4,63639.5,71.533
2024-03-04 12:11:00,63639.5,63639.5,63607.7,63611.1,78.653
2024-03-04 12:12:00,63611.1,63611.1,63592.3,63597.2,79.907
2024-03-04 12:13:00,63597.2,63597.7,63585.7,63597.6,48.656
2024-03-04 12:14:00,63597.6,63597.7,63590.0,63595.1,19.208
2024-03-04 12:15:00,63595.1,63597.5,63554.0,63558.2,77.727
2024-03-04 12:16:00,63558.2,63586.6,63558.2,63581.8,36.926
2024-03-04 12:17:00,63581.8,63605.4,63577.4,63602.1,32.694
2024-03-04 12:18:00,63602.1,63720.0,63578.0,63700.7,778.183
2024-03-04 12:19:00,63700.6,63720.6,63700.0,63712.0,307.048
2024-03-04 12:20:00,63712.0,63712.1,63633.8,63649.6,137.214
2024-03-04 12:21:00,63649.6,63714.9,63649.5,63704.3,123.891
2024-03-04 12:22:00,63704.2,63706.8,63675.2,63703.4,59.883
2024-03-04 12:23:00,63703.4,63710.0,63684.7,63710.0,66.153
2024-03-04 12:24:00,63709.9,63750.0,63709.9,63749.9,134.673
2024-03-04 12:25:00,63749.9,63749.9,63716.6,63716.7,79.104
2024-03-04 12:26:00,63716.8,63725.3,63700.5,63723.7,52.137
2024-03-04 12:27:00,63723.7,63762.3,63723.7,63748.3,255.268
2024-03-04 12:28:00,63748.3,63754.6,63700.5,63724.1,229.731
2024-03-04 12:29:00,63724.6,63754.4,63724.6,63745.5,69.225
2024-03-04 12:30:00,63745.5,63757.2,63703.0,63708.4,128.114
2024-03-04 12:31:00,63708.4,63714.7,63681.0,63682.1,76.705
2024-03-04 12:32:00,63682.1,63700.0,63667.7,63689.9,86.261
2024-03-04 12:33:00,63689.9,63689.9,63664.9,63689.4,40.918
2024-03-04 12:34:00,63689.4,63689.4,63672.6,63676.1,26.747
2024-03-04 12:35:00,63676.0,63676.0,63648.1,63648.1,53.39
2024-03-04 12:36:00,63648.1,63649.5,63626.2,63632.7,62.626
2024-03-04 12:37:00,63632.7,63632.7,63580.4,63582.6,121.88
2024-03-04 12:38:00,63582.5,63589.8,63567.0,63573.6,73.715
2024-03-04 12:39:00,63573.6,63607.5,63573.6,63577.5,59.076
2024-03-04 12:40:00,63577.5,63598.9,63577.5,63598.8,40.628
2024-03-04 12:41:00,63598.8,63598.8,63547.1,63552.0,212.033
2024-03-04 12:42:00,63551.9,63566.8,63544.0,63566.7,83.747
2024-03-04 12:43:00,63566.7,63609.6,63566.0,63609.6,50.419
2024-03-04 12:44:00,63609.6,63641.7,63609.6,63641.6,56.953
2024-03-04 12:45:00,63641.7,63681.0,63641.6,63680.8,56.913
2024-03-04 12:46:00,63680.8,63715.0,63680.8,63699.5,209.44
2024-03-04 12:47:00,63699.4,63708.6,63691.3,63698.5,76.633
2024-03-04 12:48:00,63698.5,63712.7,63692.1,63697.0,115.72
2024-03-04 12:49:00,63697.0,63753.1,63697.0,63753.0,75.846
2024-03-04 12:50:00,63753.0,63775.6,63753.0,63774.4,114.04
2024-03-04 12:51:00,63774.3,63774.4,63756.6,63756.7,79.769
2024-03-04 12:52:00,63756.6,63800.0,63756.6,63799.9,131.716
2024-03-04 12:53:00,63799.9,63800.0,63742.8,63772.3,161.459
2024-03-04 12:54:00,63772.2,63813.6,63764.6,63813.6,192.892
2024-03-04 12:55:00,63813.5,63819.7,63780.0,63788.0,99.076
2024-03-04 12:56:00,63787.9,63821.2,63783.0,63790.0,114.288
2024-03-04 12:57:00,63789.9,63823.0,63789.9,63812.7,142.763
2024-03-04 12:58:00,63812.6,63814.0,63805.4,63813.9,83.678
2024-03-04 12:59:00,63813.9,63825.3,63784.6,63812.0,103.968
2024-03-04 13:00:00,63811.9,63812.0,63752.0,63785.6,106.921
2024-03-04 13:01:00,63785.5,63816.0,63785.5,63807.8,74.887
2024-03-04 13:02:00,63807.9,63815.5,63772.1,63815.5,135.575
2024-03-04 13:03:00,63815.4,63826.0,63808.0,63815.1,68.352
2024-03-04 13:04:00,63815.2,63830.0,63815.1,63830.0,157.258
2024-03-04 13:05:00,63830.0,63840.0,63829.9,63832.3,87.277
2024-03-04 13:06:00,63832.2,63859.1,63810.0,63859.1,112.946
2024-03-04 13:07:00,63859.0,63960.7,63859.0,63959.0,837.273
2024-03-04 13:08:00,63958.9,63971.9,63928.7,63971.9,171.879
2024-03-04 13:09:00,63971.8,63971.8,63921.5,63921.5,175.679
2024-03-04 13:10:00,63921.5,64156.0,63918.0,64123.5,1339.126
2024-03-04 13:11:00,64123.5,64123.6,63984.0,64055.0,584.351
2024-03-04 13:12:00,64055.0,64163.3,64039.3,64152.6,565.733
2024-03-04 13:13:00,64152.6,64200.0,64145.0,64151.3,596.82
2024-03-04 13:14:00,64151.3,64197.5,64100.0,64195.7,337.344
2024-03-04 13:15:00,64195.7,64209.5,64158.3,64205.9,999.27
2024-03-04 13:16:00,64205.9,64350.2,64200.6,64262.7,1491.963
2024-03-04 13:17:00,64262.7,64380.8,64245.0,64375.2,509.744
2024-03-04 13:18:00,64375.2,64390.2,64075.8,64107.8,1110.66
2024-03-04 13:19:00,64107.8,64208.8,64100.2,64117.9,339.374
2024-03-04 13:20:00,64117.8,64205.3,64070.1,64200.5,508.369
2024-03-04 13:21:00,64201.2,64226.1,64146.7,64170.0,251.88
2024-03-04 13:22:00,64170.0,64200.0,64026.8,64035.3,356.527
2024-03-04 13:23:00,64035.9,64061.9,63919.5,64036.7,733.221
2024-03-04 13:24:00,64036.6,64040.2,63978.2,63984.1,291.658
2024-03-04 13:25:00,63984.1,64107.8,63984.1,64050.0,285.231
2024-03-04 13:26:00,64050.0,64094.8,64045.3,64078.4,175.866
2024-03-04 13:27:00,64078.5,64110.0,64031.0,64045.1,225.385
2024-03-04 13:28:00,64045.1,64119.0,63976.6,64103.2,279.518
2024-03-04 13:29:00,64103.2,64160.1,64083.5,64120.6,385.498
2024-03-04 13:30:00,64120.6,64160.0,64078.2,64100.9,377.296
2024-03-04 13:31:00,64100.8,64186.5,64090.3,64186.4,269.02
2024-03-04 13:32:00,64186.5,64239.6,64168.5,64207.2,336.117
2024-03-04 13:33:00,64207.2,64214.8,64139.6,64140.5,205.99
2024-03-04 13:34:00,64140.5,64215.0,64140.4,64211.1,127.018
2024-03-04 13:35:00,64210.2,64210.2,64151.4,64174.6,220.825
2024-03-04 13:36:00,64174.5,64363.2,64174.5,64363.2,483.9
2024-03-04 13:37:00,64363.2,64763.4,64350.5,64621.8,4847.26
2024-03-04 13:38:00,64615.1,64911.2,64607.3,64697.7,3013.783
2024-03-04 13:39:00,64697.8,64842.8,64678.9,64805.6,1229.738
2024-03-04 13:40:00,64805.6,64839.9,64657.4,64783.8,1222.778
2024-03-04 13:41:00,64783.8,64988.0,64719.1,64765.2,2573.532
2024-03-04 13:42:00,64768.3,64797.7,64676.6,64760.0,1059.561
2024-03-04 13:43:00,64760.1,64902.6,64726.8,64806.9,693.74
2024-03-04 13:44:00,64805.9,64912.5,64802.3,64880.3,535.979
2024-03-04 13:45:00,64881.4,64904.8,64719.2,64839.6,807.188
2024-03-04 13:46:00,64839.5,64994.7,64741.7,64949.6,842.525
2024-03-04 13:47:00,64949.5,64949.5,64731.8,64741.9,1014.337
2024-03-04 13:48:00,64741.8,64841.0,64725.0,64827.6,531.573
2024-03-04 13:49:00,64827.6,64872.6,64728.0,64750.0,534.186
2024-03-04 13:50:00,64749.9,64796.7,64650.1,64749.4,784.107
2024-03-04 13:51:00,64746.6,64885.0,64733.6,64812.2,399.913
2024-03-04 13:52:00,64812.1,64888.0,64772.3,64870.0,319.793
2024-03-04 13:53:00,64869.9,65000.0,64837.5,64907.9,1241.067
2024-03-04 13:54:00,64908.5,65000.0,64789.1,64834.0,1290.23
2024-03-04 13:55:00,64834.0,65075.3,64778.1,65027.4,1274.421
2024-03-04 13:56:00,65027.3,65106.7,64951.2,65086.0,1174.871
2024-03-04 13:57:00,65086.0,65143.4,64865.3,64959.6,1020.556
2024-03-04 13:58:00,64959.6,65044.2,64957.9,64990.7,491.463
2024-03-04 13:59:00,64990.7,65039.0,64955.1,64970.1,378.528
2024-03-04 14:00:00,64970.0,64985.2,64838.0,64908.9,549.033
2024-03-04 14:01:00,64908.9,65047.5,64891.9,65004.4,450.504
2024-03-04 14:02:00,65004.4,65030.0,64887.6,64970.0,388.164
2024-03-04 14:03:00,64969.9,65024.9,64904.1,64992.0,268.54
2024-03-04 14:04:00,64992.1,65037.6,64946.4,65034.1,416.478
2024-03-04 14:05:00,65034.1,65294.8,65008.0,65250.4,2817.791
2024-03-04 14:06:00,65250.4,65298.0,64965.2,65138.1,2253.111
2024-03-04 14:07:00,65137.3,65372.8,65112.0,65300.1,1709.271
2024-03-04 14:08:00,65300.0,65375.0,65165.6,65288.4,1128.253
2024-03-04 14:09:00,65288.4,65332.8,65208.5,65255.0,636.155
2024-03-04 14:10:00,65255.1,65376.8,65249.6,65341.6,661.474
2024-03-04 14:11:00,65341.6,65365.9,65275.4,65305.6,521.829
2024-03-04 14:12:00,65305.6,65469.3,65305.5,65406.3,1118.392
2024-03-04 14:13:00,65406.3,65550.0,65403.7,65542.3,1161.581
2024-03-04 14:14:00,65538.7,65690.9,65477.6,65609.6,2052.927
2024-03-04 14:15:00,65609.6,65609.6,65331.3,65427.6,1464.304
2024-03-04 14:16:00,65427.7,65555.0,65333.6,65495.3,1077.005
2024-03-04 14:17:00,65495.2,65550.0,65323.2,65337.1,1088.443
2024-03-04 14:18:00,65337.2,65406.9,65201.0,65316.8,1975.286
2024-03-04 14:19:00,65316.8,65332.8,65200.0,65289.3,716.502
2024-03-04 14:20:00,65289.3,65359.0,65250.0,65263.5,431.277
2024-03-04 14:21:00,65263.5,65390.4,65263.5,65352.6,548.066
2024-03-04 14:22:00,65352.5,65369.7,65266.2,65292.7,329.59
2024-03-04 14:23:00,65292.7,65346.6,65287.3,65346.5,195.805
2024-03-04 14:24:00,65346.5,65346.5,65300.0,65329.1,252.5
2024-03-04 14:25:00,65329.1,65404.2,65300.9,65398.8,278.844
2024-03-04 14:26:00,65398.8,65500.0,65398.7,65448.3,565.822
2024-03-04 14:27:00,65448.3,65464.0,65301.5,65302.2,641.043
2024-03-04 14:28:00,65302.2,65374.1,65282.8,65282.9,366.221
2024-03-04 14:29:00,65282.8,65331.4,65250.8,65331.4,333.565
2024-03-04 14:30:00,65331.3,65349.9,65260.0,65292.6,467.381
2024-03-04 14:31:00,65292.6,65395.0,65289.1,65355.9,278.323
2024-03-04 14:32:00,65355.9,65368.3,65261.9,65284.0,346.284
2024-03-04 14:33:00,65284.1,65306.8,65247.2,65247.2,330.324
2024-03-04 14:34:00,65247.2,65281.6,65039.2,65097.5,1800.009
2024-03-04 14:35:00,65097.6,65120.0,64809.6,64861.6,1965.883
2024-03-04 14:36:00,64861.7,64894.6,64700.0,64844.2,2530.739
2024-03-04 14:37:00,64844.2,64957.8,64844.1,64957.7,1198.42
2024-03-04 14:38:00,64957.7,65117.5,64953.8,64991.3,1346.427
2024-03-04 14:39:00,64991.3,65082.8,64918.5,65071.0,566.927
2024-03-04 14:40:00,65071.1,65083.6,64900.0,64949.1,458.468
2024-03-04 14:41:00,64949.1,65000.0,64943.7,64983.5,296.835
2024-03-04 14:42:00,64983.5,65166.5,64977.9,65162.1,704.457
2024-03-04 14:43:00,65162.0,65180.4,65143.8,65158.0,354.703
2024-03-04 14:44:00,65158.0,65259.8,65084.0,65142.1,721.496
2024-03-04 14:45:00,65142.2,65222.0,65056.5,65083.2,379.593
2024-03-04 14:46:00,65083.2,65093.7,65023.1,65057.7,277.508
2024-03-04 14:47:00,65057.7,65057.8,64954.1,64988.3,390.147
2024-03-04 14:48:00,64988.2,65122.4,64988.2,65116.3,236.945
2024-03-04 14:49:00,65116.4,65116.4,65040.0,65072.4,199.331
2024-03-04 14:50:00,65072.5,65188.9,65044.0,65169.6,293.401
2024-03-04 14:51:00,65169.6,65169.6,65006.0,65018.6,491.634
2024-03-04 14:52:00,65018.7,65050.0,64977.0,64995.4,271.356
2024-03-04 14:53:00,64995.5,65091.2,64990.4,65038.6,170.967
2024-03-04 14:54:00,65038.7,65144.0,64996.0,65139.2,240.02
2024-03-04 14:55:00,65139.2,65233.7,65128.6,65217.4,403.472
2024-03-04 14:56:00,65217.5,65230.0,65142.3,65168.3,199.676
2024-03-04 14:57:00,65168.3,65230.0,65155.3,65219.3,215.493
2024-03-04 14:58:00,65219.4,65266.0,65214.1,65252.7,278.38
2024-03-04 14:59:00,65252.7,65275.0,65220.1,65256.6,196.055
2024-03-04 15:00:00,65256.6,65275.0,65204.4,65204.4,273.369
2024-03-04 15:01:00,65204.5,65320.0,65173.4,65315.2,438.804
2024-03-04 15:02:00,65315.2,65409.4,65310.2,65387.6,894.944
2024-03-04 15:03:00,65387.6,65717.4,65384.9,65667.9,2701.71
2024-03-04 15:04:00,65667.9,65675.0,65502.4,65617.3,1083.372
2024-03-04 15:05:00,65615.5,65632.3,65458.7,65520.9,853.523
2024-03-04 15:06:00,65520.9,65589.1,65349.6,65381.2,1253.426
2024-03-04 15:07:00,65381.3,65546.0,65380.0,65545.3,431.081
2024-03-04 15:08:00,65545.2,65549.2,65492.3,65521.9,331.101
2024-03-04 15:09:00,65521.9,65540.6,65450.0,65479.9,700.303
2024-03-04 15:10:00,65479.9,65540.1,65381.2,65396.2,697.329
2024-03-04 15:11:00,65396.2,65520.7,65396.1,65518.6,226.667
2024-03-04 15:12:00,65518.6,65520.0,65408.4,65413.6,264.07
2024-03-04 15:13:00,65413.6,65466.2,65402.2,65438.0,246.793
2024-03-04 15:14:00,65438.0,65438.0,65340.9,65340.9,283.476
2024-03-04 15:15:00,65340.9,65368.3,65300.0,65302.0,333.651
2024-03-04 15:16:00,65302.1,65516.3,65302.0,65500.1,802.827
2024-03-04 15:17:00,65500.0,65500.1,65407.1,65420.0,255.718
2024-03-04 15:18:00,65420.1,65525.0,65409.4,65521.8,394.512
2024-03-04 15:19:00,65521.9,65537.6,65469.0,65488.4,205.894
2024-03-04 15:20:00,65488.2,65530.6,65445.2,65450.7,196.518
2024-03-04 15:21:00,65450.6,65460.0,65380.4,65413.7,194.546
2024-03-04 15:22:00,65413.6,65448.4,65374.1,65398.8,141.391
2024-03-04 15:23:00,65398.8,65513.4,65386.3,65513.3,174.613
2024-03-04 15:24:00,65513.4,65544.9,65509.2,65540.0,174.466
2024-03-04 15:25:00,65540.0,65562.6,65436.6,65486.2,238.41
2024-03-04 15:26:00,65486.3,65486.3,65420.0,65420.1,113.52
2024-03-04 15:27:00,65420.0,65439.2,65391.8,65392.0,164.848
2024-03-04 15:28:00,65392.0,65434.0,65390.0,65433.9,93.405
2024-03-04 15:29:00,65434.0,65434.0,65355.4,65383.7,287.639
2024-03-04 15:30:00,65383.8,65408.6,65344.5,65352.6,227.15
2024-03-04 15:31:00,65352.7,65352.7,65254.0,65269.7,409.796
2024-03-04 15:32:00,65269.8,65322.5,65244.5,65244.5,256.435
2024-03-04 15:33:00,65244.6,65250.0,65110.5,65204.3,1230.054
2024-03-04 15:34:00,65204.3,65302.6,65192.2,65237.2,272.069
2024-03-04 15:35:00,65237.3,65237.3,65128.7,65142.7,321.363
2024-03-04 15:36:00,65142.8,65158.2,64965.6,64996.2,1246.378
2024-03-04 15:37:00,64996.2,65100.5,64964.6,65007.0,445.436
2024-03-04 15:38:00,65007.1,65111.7,64972.5,65059.1,384.521
2024-03-04 15:39:00,65059.2,65071.1,64980.0,65017.9,221.81
2024-03-04 15:40:00,65018.0,65056.1,64930.0,64932.4,401.607
2024-03-04 15:41:00,64932.6,65004.9,64887.5,65004.9,450.376
2024-03-04 15:42:00,65005.0,65015.6,64937.4,65011.1,280.666
2024-03-04 15:43:00,65011.1,65110.2,65011.1,65094.0,393.38
2024-03-04 15:44:00,65094.0,65217.7,65088.7,65130.0,885.364
2024-03-04 15:45:00,65130.1,65214.3,65091.7,65214.1,324.727
2024-03-04 15:46:00,65214.2,65214.2,65158.8,65182.3,197.35
2024-03-04 15:47:00,65182.4,65204.8,65095.3,65185.2,350.69
2024-03-04 15:48:00,65185.2,65200.0,65138.2,65189.8,214.737
2024-03-04 15:49:00,65189.9,65220.0,65141.1,65141.1,222.639
2024-03-04 15:50:00,65141.2,65141.2,65100.0,65100.0,312.866
2024-03-04 15:51:00,65100.0,65112.5,65000.0,65019.4,255.201
2024-03-04 15:52:00,65019.4,65084.8,65010.9,65019.8,163.892
2024-03-04 15:53:00,65019.9,65162.8,65003.2,65162.7,159.425
2024-03-04 15:54:00,65162.7,65163.9,65107.6,65146.7,198.094
2024-03-04 15:55:00,65146.6,65200.4,65131.5,65200.0,134.951
2024-03-04 15:56:00,65200.0,65229.8,65178.7,65222.0,218.416
2024-03-04 15:57:00,65222.0,65248.8,65211.5,65234.7,244.68
2024-03-04 15:58:00,65234.8,65234.8,65196.1,65203.8,247.5
2024-03-04 15:59:00,65203.8,65221.1,65152.7,65184.7,152.61
2024-03-04 16:00:00,65184.7,65195.4,65127.5,65143.2,120.711
2024-03-04 16:01:00,65143.2,65211.8,65136.7,65206.6,95.182
2024-03-04 16:02:00,65206.5,65223.5,65151.2,65198.3,148.002
2024-03-04 16:03:00,65198.2,65239.3,65128.0,65181.4,217.574
2024-03-04 16:04:00,65181.4,65214.6,65131.3,65167.1,108.934
2024-03-04 16:05:00,65167.1,65219.4,65163.0,65210.6,109.584
2024-03-04 16:06:00,65210.6,65210.7,65085.0,65085.9,165.969
2024-03-04 16:07:00,65086.0,65086.0,64948.6,64951.6,482.14
2024-03-04 16:08:00,64951.7,64958.7,64881.4,64906.4,693.145
2024-03-04 16:09:00,64906.4,64907.6,64785.1,64872.1,1082.479
2024-03-04 16:10:00,64872.1,64966.8,64872.1,64966.8,429.658
2024-03-04 16:11:00,64966.8,64966.8,64847.6,64905.4,358.441
2024-03-04 16:12:00,64905.4,64966.5,64857.3,64959.4,246.105
2024-03-04 16:13:00,64959.4,64966.9,64900.0,64966.9,146.629
2024-03-04 16:14:00,64966.9,65064.0,64933.2,65053.6,428.649
2024-03-04 16:15:00,65053.6,65109.1,65038.2,65089.1,341.94
2024-03-04 16:16:00,65089.1,65119.9,65052.7,65067.5,142.469
2024-03-04 16:17:00,65067.5,65083.1,64960.5,64969.6,166.2
2024-03-04 16:18:00,64969.6,65036.9,64969.6,64990.3,147.688
2024-03-04 16:19:00,64990.4,65056.5,64990.4,65055.9,115.378
2024-03-04 16:20:00,65055.9,65095.7,65033.9,65077.7,160.096
2024-03-04 16:21:00,65077.8,65077.9,65016.3,65023.9,104.819
2024-03-04 16:22:00,65024.0,65067.7,65020.7,65031.3,82.379
2024-03-04 16:23:00,65031.2,65031.3,64950.7,64982.0,134.629
2024-03-04 16:24:00,64982.1,65011.4,64959.7,64979.9,230.489
2024-03-04 16:25:00,64979.8,65064.9,64952.9,65061.7,149.053
2024-03-04 16:26:00,65061.7,65139.1,65039.4,65138.5,234.46
2024-03-04 16:27:00,65138.5,65180.0,65138.5,65152.0,238.158
2024-03-04 16:28:00,65151.9,65168.0,65140.0,65140.1,192.508
2024-03-04 16:29:00,65140.0,65169.3,65140.0,65153.9,65.865
2024-03-04 16:30:00,65153.9,65198.0,65125.9,65186.0,243.026
2024-03-04 16:31:00,65186.0,65220.0,65158.0,65219.9,265.384
2024-03-04 16:32:00,65219.9,65250.0,65166.8,65244.5,552.858
2024-03-04 16:33:00,65244.5,65250.0,65172.5,65211.3,450.024
2024-03-04 16:34:00,65211.3,65230.2,65131.0,65183.0,522.126
2024-03-04 16:35:00,65183.1,65183.2,65127.8,65135.5,131.801
2024-03-04 16:36:00,65135.5,65143.3,65079.2,65126.5,180.481
2024-03-04 16:37:00,65126.4,65183.5,65110.3,65183.5,75.102
2024-03-04 16:38:00,65183.5,65250.0,65183.5,65237.9,208.163
2024-03-04 16:39:00,65237.9,65237.9,65182.7,65188.9,146.933
2024-03-04 16:40:00,65188.9,65188.9,65090.0,65090.0,80.983
2024-03-04 16:41:00,65090.1,65120.0,65089.2,65105.6,108.084
2024-03-04 16:42:00,65105.7,65158.9,65089.1,65115.4,73.633
2024-03-04 16:43:00,65115.4,65135.6,65104.4,65131.9,66.179
2024-03-04 16:44:00,65131.9,65131.9,65103.8,65112.7,51.135
2024-03-04 16:45:00,65112.7,65124.9,65069.9,65124.9,102.813
2024-03-04 16:46:00,65124.9,65133.2,65051.0,65055.5,86.368
2024-03-04 16:47:00,65055.5,65074.5,65025.6,65025.6,108.358
2024-03-04 16:48:00,65025.7,65028.7,65013.0,65023.6,226.629
2024-03-04 16:49:00,65023.5,65023.6,64990.0,65015.8,190.726
2024-03-04 16:50:00,65015.9,65023.6,64980.0,64998.3,288.974
2024-03-04 16:51:00,64998.2,65048.6,64962.0,64962.1,112.833
2024-03-04 16:52:00,64962.0,64989.1,64962.0,64963.7,105.242
2024-03-04 16:53:00,64963.6,64984.5,64929.1,64978.5,269.91
2024-03-04 16:54:00,64978.4,64978.4,64932.0,64940.0,128.305
2024-03-04 16:55:00,64940.1,64993.2,64936.4,64972.2,156.429
2024-03-04 16:56:00,64972.1,64998.3,64937.3,64953.1,111.984
2024-03-04 16:57:00,64953.1,65025.3,64953.0,65011.3,122.809
2024-03-04 16:58:00,65011.3,65017.9,64953.1,64953.1,110.657
2024-03-04 16:59:00,64953.2,64953.2,64920.0,64932.0,129.603
2024-03-04 17:00:00,64932.0,64953.6,64906.7,64953.6,183.292
2024-03-04 17:01:00,64953.6,65007.3,64935.5,65007.3,97.728
2024-03-04 17:02:00,65007.3,65046.3,64987.7,65046.3,95.631
2024-03-04 17:03:00,65046.3,65077.5,65025.4,65046.3,180.513
2024-03-04 17:04:00,65046.3,65090.2,65025.4,65070.0,157.583
2024-03-04 17:05:00,65070.0,65111.0,65060.0,65076.1,143.219
2024-03-04 17:06:00,65076.0,65113.8,65059.1,65113.7,167.682
2024-03-04 17:07:00,65113.7,65124.8,65090.2,65090.2,86.49
2024-03-04 17:08:00,65090.3,65110.4,65080.0,65098.5,73.778
2024-03-04 17:09:00,65098.4,65132.0,65093.2,65097.6,81.073
2024-03-04 17:10:00,65097.6,65155.4,65083.2,65154.7,129.852
2024-03-04 17:11:00,65154.6,65154.7,65082.4,65100.4,93.801
2024-03-04 17:12:00,65100.5,65100.5,65082.0,65082.1,41.902
2024-03-04 17:13:00,65082.0,65106.7,65030.2,65106.7,128.055
2024-03-04 17:14:00,65106.6,65106.6,65071.1,65076.7,57.027
2024-03-04 17:15:00,65076.8,65106.8,65060.2,65106.8,60.114
2024-03-04 17:16:00,65106.8,65143.7,65080.9,65090.1,136.921
2024-03-04 17:17:00,65090.1,65118.1,65072.1,65118.1,42.159
2024-03-04 17:18:00,65118.0,65143.6,65100.8,65114.2,78.833
2024-03-04 17:19:00,65114.2,65172.9,65100.7,65168.1,145.726
2024-03-04 17:20:00,65168.1,65197.4,65168.0,65192.1,195.354
2024-03-04 17:21:00,65192.1,65206.0,65166.6,65206.0,173.805
2024-03-04 17:22:00,65206.0,65232.3,65205.9,65216.6,178.454
2024-03-04 17:23:00,65216.6,65218.9,65160.3,65203.3,143.529
2024-03-04 17:24:00,65203.2,65223.6,65186.4,65186.4,135.734
2024-03-04 17:25:00,65186.4,65186.5,65154.1,65154.3,98.624
2024-03-04 17:26:00,65154.3,65187.7,65146.1,65167.3,77.99
2024-03-04 17:27:00,65167.3,65179.0,65141.5,65158.0,77.65
2024-03-04 17:28:00,65157.9,65219.2,65146.1,65219.2,99.771
2024-03-04 17:29:00,65219.1,65314.1,65205.4,65314.0,465.415
2024-03-04 17:30:00,65313.9,65343.1,65279.8,65288.4,614.483
2024-03-04 17:31:00,65288.3,65297.6,65199.0,65230.5,559.883
2024-03-04 17:32:00,65230.4,65230.5,65171.6,65217.5,175.021
2024-03-04 17:33:00,65217.5,65222.6,65128.6,65142.7,271.546
2024-03-04 17:34:00,65142.8,65200.0,65142.8,65179.9,217.971
2024-03-04 17:35:00,65180.0,65180.0,65101.3,65110.2,176.652
2024-03-04 17:36:00,65110.3,65162.2,65090.0,65096.4,133.03
2024-03-04 17:37:00,65096.4,65152.4,65096.4,65124.0,70.89
2024-03-04 17:38:00,65124.0,65144.7,65096.1,65142.9,65.646
2024-03-04 17:39:00,65143.0,65153.0,65124.0,65145.0,92.861
2024-03-04 17:40:00,65145.0,65145.0,65090.3,65109.9,94.723
2024-03-04 17:41:00,65109.9,65109.9,65061.9,65073.7,126.777
2024-03-04 17:42:00,65073.6,65099.2,65057.7,65062.0,102.276
2024-03-04 17:43:00,65061.9,65088.7,65050.0,65074.5,92.912
2024-03-04 17:44:00,65074.4,65091.6,65051.5,65064.8,121.095
2024-03-04 17:45:00,65064.7,65080.3,65050.1,65075.8,72.048
2024-03-04 17:46:00,65075.8,65093.3,65075.2,65085.7,90.06
2024-03-04 17:47:00,65085.7,65087.8,65050.0,65075.3,88.64
2024-03-04 17:48:00,65075.3,65106.0,65069.6,65078.5,87.004
2024-03-04 17:49:00,65078.5,65083.5,65044.2,65069.4,92.68
2024-03-04 17:50:00,65069.5,65095.2,65052.5,65052.5,83.912
2024-03-04 17:51:00,65052.6,65094.4,65052.6,65055.0,77.653
2024-03-04 17:52:00,65055.1,65074.9,65055.0,65074.8,66.846
2024-03-04 17:53:00,65074.9,65099.0,65070.0,65094.0,98.745
2024-03-04 17:54:00,65094.1,65095.9,65065.0,65075.9,63.555
2024-03-04 17:55:00,65076.0,65096.7,65076.0,65094.4,40.294
2024-03-04 17:56:00,65094.5,65100.6,65076.2,65076.2,57.769
2024-03-04 17:57:00,65076.3,65098.6,65072.9,65090.7,75.253
2024-03-04 17:58:00,65090.7,65102.4,65084.9,65102.3,114.435
2024-03-04 17:59:00,65102.3,65143.3,65102.3,65143.3,164.291
2024-03-04 18:00:00,65143.3,65151.2,65120.8,65150.0,146.918
2024-03-04 18:01:00,65150.0,65150.0,65120.0,65143.1,92.436
2024-03-04 18:02:00,65143.1,65150.0,65136.5,65149.9,65.499
2024-03-04 18:03:00,65149.9,65150.4,65128.0,65148.1,71.59
2024-03-04 18:04:00,65148.1,65148.1,65124.9,65136.9,41.792
2024-03-04 18:05:00,65136.9,65138.0,65123.4,65133.7,42.406
2024-03-04 18:06:00,65133.7,65143.6,65126.8,65135.1,43.874
2024-03-04 18:07:00,65135.0,65143.3,65130.7,65143.3,38.379
2024-03-04 18:08:00,65143.3,65181.4,65143.2,65181.4,102.056
2024-03-04 18:09:00,65181.3,65182.5,65158.0,65158.0,104.493
2024-03-04 18:10:00,65158.0,65181.3,65134.4,65181.3,115.218
2024-03-04 18:11:00,65181.2,65186.0,65155.7,65178.7,153.893
2024-03-04 18:12:00,65178.8,65178.8,65134.0,65171.6,68.325
2024-03-04 18:13:00,65171.7,65172.0,65099.7,65104.2,122.407
2024-03-04 18:14:00,65104.2,65104.3,64979.2,65023.6,516.05
2024-03-04 18:15:00,65022.5,65022.5,64936.7,64955.9,267.662
2024-03-04 18:16:00,64955.9,65044.2,64955.8,65024.5,199.518
2024-03-04 18:17:00,65024.4,65069.4,65024.4,65052.5,147.333
2024-03-04 18:18:00,65052.0,65160.0,65044.3,65159.9,414.614
2024-03-04 18:19:00,65159.9,65159.9,65104.3,65143.4,305.306
2024-03-04 18:20:00,65143.5,65167.4,65120.7,65152.9,194.03
2024-03-04 18:21:00,65152.9,65186.1,65152.9,65169.5,156.997
2024-03-04 18:22:00,65169.6,65181.1,65169.5,65174.2,66.827
2024-03-04 18:23:00,65174.2,65189.1,65144.3,65174.6,130.157
2024-03-04 18:24:00,65174.5,65182.9,65160.6,65171.3,99.56
2024-03-04 18:25:00,65171.9,65239.9,65171.9,65239.8,237.981
2024-03-04 18:26:00,65239.7,65240.0,65181.7,65218.2,211.316
2024-03-04 18:27:00,65218.1,65218.2,65158.7,65186.9,129.424
2024-03-04 18:28:00,65186.8,65215.0,65181.0,65181.7,93.06
2024-03-04 18:29:00,65181.7,65205.2,65181.7,65199.9,43.45
2024-03-04 18:30:00,65199.9,65240.0,65186.0,65239.9,95.718
2024-03-04 18:31:00,65240.0,65255.0,65227.6,65255.0,158.682
2024-03-04 18:32:00,65255.0,65290.6,65254.9,65290.6,174.767
2024-03-04 18:33:00,65290.6,65300.0,65226.2,65250.1,229.954
2024-03-04 18:34:00,65250.1,65250.1,65188.9,65189.5,129.026
2024-03-04 18:35:00,65189.5,65238.9,65189.5,65211.1,109.958
2024-03-04 18:36:00,65211.1,65287.3,65211.0,65287.3,92.865
2024-03-04 18:37:00,65287.3,65310.7,65287.2,65310.6,155.543
2024-03-04 18:38:00,65310.7,65326.5,65301.0,65301.0,219.84
2024-03-04 18:39:00,65301.0,65392.1,65288.3,65338.5,487.7
2024-03-04 18:40:00,65338.6,65395.0,65309.0,65383.5,221.089
2024-03-04 18:41:00,65383.5,65383.7,65356.3,65373.4,159.556
2024-03-04 18:42:00,65373.4,65449.0,65354.5,65424.1,473.713
2024-03-04 18:43:00,65424.1,65468.0,65415.0,65420.0,415.998
2024-03-04 18:44:00,65420.1,65449.2,65383.8,65443.2,372.088
2024-03-04 18:45:00,65443.2,65443.3,65360.9,65363.0,224.926
2024-03-04 18:46:00,65363.8,65421.4,65363.8,65421.4,169.889
2024-03-04 18:47:00,65421.3,65421.4,65369.8,65407.4,127.958
2024-03-04 18:48:00,65407.4,65420.0,65370.0,65389.7,148.077
2024-03-04 18:49:00,65389.7,65414.5,65388.0,65399.0,109.227
2024-03-04 18:50:00,65398.9,65408.0,65387.1,65392.3,87.136
2024-03-04 18:51:00,65392.2,65392.3,65300.0,65353.9,253.899
2024-03-04 18:52:00,65354.0,65374.1,65309.0,65352.3,160.026
2024-03-04 18:53:00,65352.4,65362.7,65313.7,65320.0,94.034
2024-03-04 18:54:00,65320.0,65363.0,65260.0,65265.0,145.241
2024-03-04 18:55:00,65265.1,65300.0,65261.9,65279.3,170.927
2024-03-04 18:56:00,65279.3,65279.3,65232.0,65267.4,172.907
2024-03-04 18:57:00,65266.0,65347.8,65251.6,65347.8,135.789
2024-03-04 18:58:00,65347.8,65347.8,65309.7,65321.7,91.983
2024-03-04 18:59:00,65321.7,65321.8,65281.6,65292.6,79.454
2024-03-04 19:00:00,65292.6,65329.7,65274.5,65314.9,134.684
2024-03-04 19:01:00,65312.0,65430.3,65311.9,65421.8,224.149
2024-03-04 19:02:00,65421.9,65448.0,65388.9,65441.0,167.823
2024-03-04 19:03:00,65440.0,65482.8,65430.0,65447.0,210.076
2024-03-04 19:04:00,65447.1,65491.0,65440.1,65490.9,205.659
2024-03-04 19:05:00,65490.9,65555.0,65490.9,65515.2,571.389
2024-03-04 19:06:00,65515.3,65555.5,65421.2,65441.1,333.346
2024-03-04 19:07:00,65441.1,65563.1,65441.1,65555.8,489.449
2024-03-04 19:08:00,65555.8,65603.1,65548.3,65594.0,609.175
2024-03-04 19:09:00,65594.1,65656.6,65512.8,65520.0,687.811
2024-03-04 19:10:00,65520.0,65611.3,65479.8,65600.8,447.5
2024-03-04 19:11:00,65600.8,65695.2,65562.4,65674.4,650.125
2024-03-04 19:12:00,65674.3,65755.8,65503.6,65542.8,1267.79
2024-03-04 19:13:00,65542.8,65665.0,65542.7,65664.9,370.994
2024-03-04 19:14:00,65665.0,65696.3,65632.9,65651.5,404.211
2024-03-04 19:15:00,65651.4,65660.0,65561.7,65590.9,661.783
2024-03-04 19:16:00,65591.0,65600.9,65473.2,65515.4,630.379
2024-03-04 19:17:00,65515.4,65533.9,65490.6,65508.0,350.346
2024-03-04 19:18:00,65507.9,65528.8,65490.6,65490.7,168.864
2024-03-04 19:19:00,65490.7,65514.6,65377.8,65425.7,641.262
2024-03-04 19:20:00,65425.8,65515.5,65425.8,65507.8,198.326
2024-03-04 19:21:00,65507.7,65515.9,65442.3,65443.9,149.846
2024-03-04 19:22:00,65443.9,65489.7,65442.3,65473.2,171.47
2024-03-04 19:23:00,65473.2,65550.0,65473.1,65542.1,163.691
2024-03-04 19:24:00,65542.0,65542.1,65430.0,65437.8,347.344
2024-03-04 19:25:00,65437.8,65473.1,65366.0,65396.3,420.738
2024-03-04 19:26:00,65396.3,65441.5,65302.0,65307.1,441.346
2024-03-04 19:27:00,65307.2,65346.2,65212.9,65230.5,903.935
2024-03-04 19:28:00,65230.5,65242.6,65132.1,65133.8,1148.303
2024-03-04 19:29:00,65133.9,65184.4,65100.7,65173.2,802.646
2024-03-04 19:30:00,65173.3,65237.4,65155.3,65158.2,740.777
2024-03-04 19:31:00,65158.3,65195.2,65038.0,65074.3,859.327
2024-03-04 19:32:00,65074.3,65121.8,64961.3,64987.1,936.528
2024-03-04 19:33:00,64987.1,65000.0,64566.3,64790.6,3879.185
2024-03-04 19:34:00,64790.6,64918.0,64753.0,64900.1,1368.676
2024-03-04 19:35:00,64900.1,65020.0,64880.6,64961.6,984.857
2024-03-04 19:36:00,64961.6,65073.0,64945.6,65031.2,548.315
2024-03-04 19:37:00,65031.2,65040.0,64915.0,64975.6,548.535
2024-03-04 19:38:00,64975.6,65144.3,64950.0,65089.2,672.122
2024-03-04 19:39:00,65089.2,65117.7,65040.5,65067.2,384.728
2024-03-04 19:40:00,65067.2,65154.3,64985.2,65135.3,426.437
2024-03-04 19:41:00,65135.3,65148.3,65082.0,65135.6,232.679
2024-03-04 19:42:00,65135.5,65154.0,65085.0,65153.9,341.561
2024-03-04 19:43:00,65154.0,65283.1,65153.9,65245.9,1028.527
2024-03-04 19:44:00,65245.8,65342.1,65244.5,65287.6,645.965
2024-03-04 19:45:00,65287.6,65349.9,65175.2,65190.7,587.061
2024-03-04 19:46:00,65190.7,65346.7,65190.6,65222.0,512.507
2024-03-04 19:47:00,65222.1,65300.0,65211.0,65259.4,167.742
2024-03-04 19:48:00,65259.4,65277.1,65060.8,65093.1,541.059
2024-03-04 19:49:00,65093.1,65209.1,65072.6,65195.5,331.267
2024-03-04 19:50:00,65195.4,65212.1,65150.5,65178.1,372.748
2024-03-04 19:51:00,65178.0,65184.5,65100.0,65102.4,145.901
2024-03-04 19:52:00,65102.3,65220.0,65100.1,65197.2,235.502
2024-03-04 19:53:00,65197.2,65230.0,65166.7,65192.5,162.686
2024-03-04 19:54:00,65192.5,65202.5,65109.8,65115.4,193.227
2024-03-04 19:55:00,65115.5,65173.2,65100.0,65111.5,267.2
2024-03-04 19:56:00,65111.4,65167.8,65051.0,65167.8,239.543
2024-03-04 19:57:00,65167.8,65217.0,65159.6,65216.9,244.546
2024-03-04 19:58:00,65217.0,65404.6,65217.0,65397.1,638.322
2024-03-04 19:59:00,65397.1,65487.1,65378.1,65400.4,855.678
2024-03-04 20:00:00,65400.5,65600.0,65400.4,65595.6,1251.778
2024-03-04 20:01:00,65595.6,65600.0,65522.2,65593.0,939.932
2024-03-04 20:02:00,65593.9,65593.9,65367.4,65518.8,820.331
2024-03-04 20:03:00,65518.8,65534.9,65390.5,65390.5,380.24
2024-03-04 20:04:00,65390.5,65644.5,65377.8,65644.5,997.305
2024-03-04 20:05:00,65644.4,66000.0,65571.5,65824.3,4317.712
2024-03-04 20:06:00,65824.3,66050.0,65804.6,66045.3,3108.792
2024-03-04 20:07:00,66045.3,66045.6,65779.2,65958.2,1586.571
2024-03-04 20:08:00,65958.2,66138.8,65875.0,66138.7,1749.199
2024-03-04 20:09:00,66138.8,66191.2,65919.9,65977.4,2342.845
2024-03-04 20:10:00,65977.3,66142.6,65973.0,66083.6,845.957
2024-03-04 20:11:00,66083.7,66268.0,66061.2,66204.7,1989.353
2024-03-04 20:12:00,66204.8,66300.0,66002.3,66269.5,1813.225
2024-03-04 20:13:00,66269.5,66379.9,66170.0,66302.7,1561.882
2024-03-04 20:14:00,66302.8,66302.8,66011.6,66195.6,1622.001
2024-03-04 20:15:00,66195.5,66258.5,66020.4,66222.0,1453.318
2024-03-04 20:16:00,66222.0,66234.6,66000.0,66033.6,1261.662
2024-03-04 20:17:00,66033.6,66047.2,65850.0,65851.6,2317.322
2024-03-04 20:18:00,65851.7,66100.0,65851.7,66051.0,1091.479
2024-03-04 20:19:00,66051.0,66204.7,65964.4,66105.6,1203.477
2024-03-04 20:20:00,66105.6,66166.0,66010.8,66166.0,536.934
2024-03-04 20:21:00,66166.0,66299.8,66146.8,66293.7,1064.728
2024-03-04 20:22:00,66293.7,66330.0,66199.5,66262.3,843.217
2024-03-04 20:23:00,66262.3,66274.8,66081.1,66147.8,939.557
2024-03-04 20:24:00,66147.8,66247.9,66067.8,66239.6,500.057
2024-03-04 20:25:00,66239.6,66296.7,66203.3,66288.4,547.691
2024-03-04 20:26:00,66286.8,66446.0,66141.6,66392.8,1778.121
2024-03-04 20:27:00,66392.7,66482.8,66235.9,66250.7,1193.004
2024-03-04 20:28:00,66251.0,66367.5,66221.1,66251.2,599.078
2024-03-04 20:29:00,66251.5,66303.0,66188.7,66223.8,568.6
2024-03-04 20:30:00,66223.7,66239.4,66020.6,66151.3,950.607
2024-03-04 20:31:00,66151.3,66219.5,66100.0,66100.5,478.433
2024-03-04 20:32:00,66100.5,66204.0,66070.5,66114.1,445.065
2024-03-04 20:33:00,66114.1,66156.3,66070.0,66096.1,242.055
2024-03-04 20:34:00,66096.1,66114.6,66040.0,66048.0,293.397
2024-03-04 20:35:00,66047.9,66094.3,65880.0,65905.4,1676.086
2024-03-04 20:36:00,65905.4,66060.0,65900.0,66060.0,635.651
2024-03-04 20:37:00,66060.0,66110.3,66019.1,66110.3,447.174
2024-03-04 20:38:00,66110.2,66136.6,66001.6,66030.1,402.392
2024-03-04 20:39:00,66030.2,66220.1,66029.4,66203.6,512.927
2024-03-04 20:40:00,66203.5,66299.8,66143.4,66160.0,986.081
2024-03-04 20:41:00,66160.0,66288.0,66105.5,66247.2,433.774
2024-03-04 20:42:00,66247.2,66407.4,66234.6,66407.4,1529.142
2024-03-04 20:43:00,66407.4,66409.7,66269.6,66306.0,602.221
2024-03-04 20:44:00,66306.0,66385.2,66306.0,66379.6,473.188
2024-03-04 20:45:00,66379.7,66396.2,66234.7,66305.0,488.641
2024-03-04 20:46:00,66305.1,66361.1,66224.8,66318.9,400.799
2024-03-04 20:47:00,66318.8,66380.5,66272.4,66317.3,265.728
2024-03-04 20:48:00,66317.3,66387.6,66236.0,66356.3,359.55
2024-03-04 20:49:00,66356.2,66493.4,66338.1,66492.4,823.339
2024-03-04 20:50:00,66492.3,66499.9,66084.9,66085.0,1953.328
2024-03-04 20:51:00,66085.0,66267.3,66084.9,66211.3,683.568
2024-03-04 20:52:00,66211.4,66267.2,66154.5,66242.9,310.09
2024-03-04 20:53:00,66242.9,66335.0,66220.0,66313.4,266.001
2024-03-04 20:54:00,66313.4,66356.6,66250.6,66340.1,183.471
2024-03-04 20:55:00,66340.2,66350.0,66243.0,66243.1,304.552
2024-03-04 20:56:00,66243.1,66299.0,66172.6,66284.0,281.049
2024-03-04 20:57:00,66284.0,66312.5,66226.5,66250.0,142.914
2024-03-04 20:58:00,66249.9,66275.0,66159.2,66204.8,229.621
2024-03-04 20:59:00,66204.9,66260.4,66177.3,66252.3,147.291
2024-03-04 21:00:00,66252.3,66259.4,66169.1,66223.3,178.02
2024-03-04 21:01:00,66223.3,66257.9,66182.1,66213.9,210.018
2024-03-04 21:02:00,66213.9,66219.8,66150.0,66150.0,231.886
2024-03-04 21:03:00,66150.1,66203.6,66141.6,66172.3,276.137
2024-03-04 21:04:00,66172.4,66250.4,66159.4,66194.9,228.209
2024-03-04 21:05:00,66194.9,66250.9,66152.9,66152.9,226.092
2024-03-04 21:06:00,66153.0,66171.8,66079.2,66088.0,324.391
2024-03-04 21:07:00,66088.0,66160.6,66078.2,66155.9,255.343
2024-03-04 21:08:00,66156.0,66239.4,66122.8,66123.2,306.333
2024-03-04 21:09:00,66123.2,66200.5,66120.9,66125.9,205.113
2024-03-04 21:10:00,66126.0,66180.7,66106.1,66153.2,219.38
2024-03-04 21:11:00,66153.2,66225.1,66149.7,66213.5,207.76
2024-03-04 21:12:00,66213.5,66358.6,66200.0,66303.4,685.802
2024-03-04 21:13:00,66303.4,66429.0,66290.3,66421.7,557.365
2024-03-04 21:14:00,66421.8,66629.3,66411.2,66474.3,2163.105
2024-03-04 21:15:00,66474.1,66504.2,66334.2,66336.1,1067.416
2024-03-04 21:16:00,66336.2,66349.6,66216.0,66259.5,954.072
2024-03-04 21:17:00,66259.5,66372.6,66256.1,66347.4,325.425
2024-03-04 21:18:00,66347.4,66363.6,66279.3,66363.6,216.545
2024-03-04 21:19:00,66363.6,66363.6,66292.6,66317.3,240.861
2024-03-04 21:20:00,66317.3,66373.7,66306.1,66354.8,145.191
2024-03-04 21:21:00,66354.7,66416.4,66306.2,66416.3,216.412
2024-03-04 21:22:00,66416.3,66604.3,66411.3,66554.2,1277.519
2024-03-04 21:23:00,66554.0,66666.6,66394.0,66466.4,1923.17
2024-03-04 21:24:00,66466.5,66482.8,66366.3,66400.1,393.728
2024-03-04 21:25:00,66400.0,66454.4,66356.6,66412.7,349.979
2024-03-04 21:26:00,66412.8,66474.0,66387.2,66463.4,248.397
2024-03-04 21:27:00,66463.4,66463.4,66369.9,66426.9,182.879
2024-03-04 21:28:00,66427.0,66496.4,66427.0,66481.9,258.886
2024-03-04 21:29:00,66481.9,66526.0,66428.2,66505.4,357.713
2024-03-04 21:30:00,66505.4,66665.7,66476.1,66569.9,981.24
2024-03-04 21:31:00,66570.0,66615.6,66356.7,66364.7,818.295
2024-03-04 21:32:00,66364.8,66502.7,66364.7,66392.4,508.124
2024-03-04 21:33:00,66392.4,66468.9,66350.0,66468.9,435.68
2024-03-04 21:34:00,66468.9,66543.8,66414.1,66430.9,393.733
2024-03-04 21:35:00,66431.0,66538.6,66381.5,66444.2,280.914
2024-03-04 21:36:00,66444.3,66649.4,66438.4,66600.1,586.334
2024-03-04 21:37:00,66600.0,66787.7,66600.0,66684.1,1991.093
2024-03-04 21:38:00,66684.2,66715.9,66576.1,66655.0,581.453
2024-03-04 21:39:00,66655.0,66675.9,66609.2,66624.0,280.755
2024-03-04 21:40:00,66623.9,66790.0,66623.9,66721.9,1172.432
2024-03-04 21:41:00,66722.0,66800.0,66700.0,66762.1,815.363
2024-03-04 21:42:00,66762.1,66859.9,66692.2,66758.4,1453.89
2024-03-04 21:43:00,66758.3,66800.0,66689.8,66747.3,589.099
2024-03-04 21:44:00,66747.4,66880.0,66740.0,66827.9,558.628
2024-03-04 21:45:00,66828.0,66862.0,66678.8,66755.6,802.141
2024-03-04 21:46:00,66755.7,66839.1,66700.0,66726.8,443.015
2024-03-04 21:47:00,66726.9,66783.1,66715.8,66741.7,305.006
2024-03-04 21:48:00,66741.7,66800.0,66712.5,66749.7,338.02
2024-03-04 21:49:00,66749.8,66793.9,66696.0,66762.0,463.672
2024-03-04 21:50:00,66762.0,66829.3,66713.8,66804.5,468.428
2024-03-04 21:51:00,66804.4,66808.0,66690.0,66690.0,342.642
2024-03-04 21:52:00,66690.1,66717.2,66526.0,66599.2,1227.04
2024-03-04 21:53:00,66599.2,66668.2,66536.8,66536.9,461.532
2024-03-04 21:54:00,66536.9,66600.0,66531.1,66566.2,319.584
2024-03-04 21:55:00,66566.2,66658.0,66565.6,66658.0,214.33
2024-03-04 21:56:00,66658.0,66688.8,66530.7,66540.2,357.247
2024-03-04 21:57:00,66540.2,66549.8,66400.4,66456.8,1881.491
2024-03-04 21:58:00,66456.9,66456.9,66284.4,66306.0,1436.598
2024-03-04 21:59:00,66306.1,66448.1,66306.0,66413.6,687.159
2024-03-04 22:00:00,66413.3,66455.4,66370.7,66370.7,378.697
2024-03-04 22:01:00,66370.8,66375.7,66260.1,66295.1,669.806
2024-03-04 22:02:00,66295.1,66324.9,66219.7,66229.8,643.33
2024-03-04 22:03:00,66229.8,66337.5,66100.0,66337.5,1369.795
2024-03-04 22:04:00,66337.6,66430.6,66334.0,66393.5,818.034
2024-03-04 22:05:00,66393.4,66488.0,66331.9,66332.9,627.16
2024-03-04 22:06:00,66333.0,66383.2,66286.0,66338.1,365.029
2024-03-04 22:07:00,66338.2,66385.8,66317.0,66356.7,177.846
2024-03-04 22:08:00,66356.7,66405.5,66330.0,66355.0,218.117
2024-03-04 22:09:00,66355.0,66381.3,66222.8,66265.1,423.288
2024-03-04 22:10:00,66265.1,66324.1,66243.0,66294.6,289.777
2024-03-04 22:11:00,66294.6,66385.0,66275.9,66345.3,273.403
2024-03-04 22:12:00,66345.2,66411.7,66326.4,66400.2,195.45
2024-03-04 22:13:00,66400.2,66411.0,66367.3,66368.5,205.414
2024-03-04 22:14:00,66368.5,66475.0,66368.5,66475.0,161.252
2024-03-04 22:15:00,66475.0,66548.8,66466.0,66532.4,502.498
2024-03-04 22:16:00,66532.4,66548.8,66450.0,66450.1,276.345
2024-03-04 22:17:00,66450.1,66513.6,66416.7,66485.9,228.946
2024-03-04 22:18:00,66486.0,66600.0,66474.5,66600.0,302.588
2024-03-04 22:19:00,66600.0,66622.0,66519.6,66532.3,247.837
2024-03-04 22:20:00,66532.4,66532.4,66443.3,66485.6,326.505
2024-03-04 22:21:00,66485.6,66493.3,66380.7,66380.7,218.728
2024-03-04 22:22:00,66380.8,66491.6,66380.7,66453.2,273.759
2024-03-04 22:23:00,66453.1,66479.9,66387.0,66463.9,206.895
2024-03-04 22:24:00,66464.0,66525.2,66380.9,66525.2,286.109
2024-03-04 22:25:00,66525.1,66560.0,66480.0,66480.1,205.99
2024-03-04 22:26:00,66480.1,66507.3,66400.0,66500.0,184.335
2024-03-04 22:27:00,66500.1,66579.8,66500.1,66559.1,209.138
2024-03-04 22:28:00,66559.0,66600.0,66538.1,66564.8,200.164
2024-03-04 22:29:00,66564.8,66650.3,66564.7,66618.7,229.527
2024-03-04 22:30:00,66618.8,66704.5,66618.7,66638.3,804.118
2024-03-04 22:31:00,66638.3,66656.2,66541.6,66541.7,282.006
2024-03-04 22:32:00,66541.7,66541.7,66496.1,66500.7,166.159
2024-03-04 22:33:00,66500.6,66513.6,66388.8,66388.9,245.722
2024-03-04 22:34:00,66388.9,66388.9,66332.1,66341.4,452.45
2024-03-04 22:35:00,66341.5,66401.5,66328.3,66330.0,368.346
2024-03-04 22:36:00,66330.0,66398.8,66325.4,66363.2,218.51
2024-03-04 22:37:00,66363.3,66414.5,66325.4,66334.7,170.9
2024-03-04 22:38:00,66334.7,66351.9,66283.0,66283.7,297.052
2024-03-04 22:39:00,66283.6,66314.0,66245.0,66304.1,457.329
2024-03-04 22:40:00,66304.1,66363.6,66300.0,66351.6,333.494
2024-03-04 22:41:00,66351.6,66409.0,66351.5,66396.8,153.816
2024-03-04 22:42:00,66396.7,66512.7,66388.7,66503.9,253.828
2024-03-04 22:43:00,66503.8,66600.0,66487.2,66600.0,350.299
2024-03-04 22:44:00,66600.0,66659.5,66566.1,66656.9,525.006
2024-03-04 22:45:00,66657.0,66767.7,66547.7,66749.9,1313.722
2024-03-04 22:46:00,66749.9,66858.9,66743.1,66835.3,1459.043
2024-03-04 22:47:00,66835.2,66999.9,66787.9,66967.5,2374.101
2024-03-04 22:48:00,66967.4,67046.8,66836.9,66898.0,1587.695
2024-03-04 22:49:00,66898.1,67050.3,66847.8,67035.0,1267.296
2024-03-04 22:50:00,67035.0,67110.0,66944.6,67084.6,1624.317
2024-03-04 22:51:00,67084.6,67106.0,66968.3,67021.0,879.176
2024-03-04 22:52:00,67020.8,67027.3,66915.1,66980.9,772.288
2024-03-04 22:53:00,66980.9,66981.0,66839.4,66862.0,787.728
2024-03-04 22:54:00,66862.1,66986.0,66800.0,66950.2,585.545
2024-03-04 22:55:00,66950.1,67268.1,66950.1,67215.4,2014.506
2024-03-04 22:56:00,67215.4,67341.2,67178.3,67281.3,1619.417
2024-03-04 22:57:00,67281.4,67412.6,67201.4,67263.7,1528.495
2024-03-04 22:58:00,67263.7,67487.9,67260.8,67370.8,1792.21
2024-03-04 22:59:00,67370.8,67472.3,67344.3,67404.4,950.202
2024-03-04 23:00:00,67404.4,67444.5,67266.4,67427.0,1024.412
2024-03-04 23:01:00,67425.1,67445.0,67275.0,67389.9,723.363
2024-03-04 23:02:00,67390.0,67500.0,67299.6,67333.4,1324.762
2024-03-04 23:03:00,67333.4,67400.0,67257.8,67389.4,624.52
2024-03-04 23:04:00,67389.5,67500.0,67367.5,67480.1,770.927
2024-03-04 23:05:00,67480.0,67648.6,67480.0,67490.0,1722.789
2024-03-04 23:06:00,67490.0,67570.8,67343.7,67500.0,1014.836
2024-03-04 23:07:00,67499.9,67499.9,67315.3,67323.0,723.283
2024-03-04 23:08:00,67322.9,67373.1,67200.0,67288.8,1317.333
2024-03-04 23:09:00,67285.4,67301.6,67118.0,67176.0,1054.937
2024-03-04 23:10:00,67176.0,67224.4,66953.0,67015.8,1946.713
2024-03-04 23:11:00,67015.8,67163.2,67000.0,67136.7,799.295
2024-03-04 23:12:00,67136.6,67281.2,67104.6,67262.4,608.871
2024-03-04 23:13:00,67262.4,67274.4,67184.5,67229.5,395.939
2024-03-04 23:14:00,67229.6,67390.5,67213.2,67347.0,874.004
2024-03-04 23:15:00,67347.0,67438.4,67253.1,67253.1,721.804
2024-03-04 23:16:00,67253.0,67280.1,67070.4,67082.7,1036.214
2024-03-04 23:17:00,67082.7,67185.3,67020.7,67038.3,744.88
2024-03-04 23:18:00,67039.4,67083.9,66849.0,66946.5,2260.192
2024-03-04 23:19:00,66946.6,67050.0,66866.5,67046.0,1414.915
2024-03-04 23:20:00,67046.0,67071.7,66922.6,66975.3,539.986
2024-03-04 23:21:00,66975.4,67055.4,66903.0,66920.7,686.447
2024-03-04 23:22:00,66920.7,67049.9,66920.7,66992.8,485.042
2024-03-04 23:23:00,66992.8,67135.9,66992.8,67135.9,392.881
2024-03-04 23:24:00,67136.0,67270.0,67136.0,67245.4,624.058
2024-03-04 23:25:00,67245.4,67269.9,67166.7,67201.7,473.549
2024-03-04 23:26:00,67201.6,67220.4,67049.0,67049.0,487.239
2024-03-04 23:27:00,67049.1,67178.9,67049.1,67124.6,306.621
2024-03-04 23:28:00,67124.6,67209.3,67116.1,67168.5,566.845
2024-03-04 23:29:00,67168.5,67179.1,66930.1,66935.9,517.531
2024-03-04 23:30:00,66936.0,67032.9,66908.8,66949.0,671.597
2024-03-04 23:31:00,66949.0,67082.8,66878.2,66961.2,1079.439
2024-03-04 23:32:00,66961.3,67074.7,66961.3,67058.1,347.867
2024-03-04 23:33:00,67058.0,67087.8,67020.2,67022.8,233.782
2024-03-04 23:34:00,67023.5,67150.0,66970.2,67084.5,470.755
2024-03-04 23:35:00,67084.4,67107.1,67000.4,67098.6,217.072
2024-03-04 23:36:00,67098.6,67161.0,66986.0,66996.6,582.96
2024-03-04 23:37:00,66996.6,67000.5,66906.3,66913.9,305.505
2024-03-04 23:38:00,66909.2,66958.6,66882.7,66919.4,387.508
2024-03-04 23:39:00,66919.5,67041.3,66894.6,66916.7,362.49
2024-03-04 23:40:00,66916.7,66945.9,66879.4,66901.9,323.279
2024-03-04 23:41:00,66902.0,66924.6,66752.2,66754.2,1340.493
2024-03-04 23:42:00,66754.3,66765.7,66421.4,66461.0,2826.223
2024-03-04 23:43:00,66459.9,66638.7,66339.1,66599.9,2284.168
2024-03-04 23:44:00,66599.9,66769.2,66563.7,66769.2,1183.927
2024-03-04 23:45:00,66769.2,66873.2,66705.1,66773.0,799.156
2024-03-04 23:46:00,66773.1,66829.6,66747.7,66813.1,398.288
2024-03-04 23:47:00,66814.9,66963.0,66792.2,66804.1,771.649
2024-03-04 23:48:00,66804.1,66829.6,66724.9,66726.1,581.636
2024-03-04 23:49:00,66724.4,66724.5,66620.0,66649.9,418.576
2024-03-04 23:50:00,66650.0,66700.0,66600.0,66611.0,354.394
2024-03-04 23:51:00,66611.1,66686.3,66531.0,66602.9,463.021
2024-03-04 23:52:00,66602.9,66655.0,66540.7,66649.4,330.3
2024-03-04 23:53:00,66649.3,66673.1,66566.1,66590.0,202.726
2024-03-04 23:54:00,66589.9,66665.4,66586.9,66587.0,290.686
2024-03-04 23:55:00,66587.0,66587.0,66362.0,66411.1,1433.43
2024-03-04 23:56:00,66411.1,66503.5,66345.8,66486.4,725.906
2024-03-04 23:57:00,66486.4,66592.5,66388.9,66494.0,554.594
2024-03-04 23:58:00,66493.5,66541.5,66400.0,66400.0,294.334
2024-03-04 23:59:00,66400.0,66422.2,66156.1,66209.2,1458.844
2024-03-05 00:00:00,66208.2,66373.2,66207.9,66319.8,1421.93
2024-03-05 00:01:00,66319.8,66448.9,66259.6,66410.4,679.508
2024-03-05 00:02:00,66410.3,66470.6,66333.6,66390.7,519.868
2024-03-05 00:03:00,66390.6,66464.9,66347.4,66454.3,367.035
2024-03-05 00:04:00,66453.7,66549.4,66409.6,66528.4,567.083
2024-03-05 00:05:00,66528.3,66539.5,66434.8,66513.9,496.371
2024-03-05 00:06:00,66513.9,66513.9,66380.7,66402.4,532.694
2024-03-05 00:07:00,66402.5,66404.2,66244.8,66273.1,424.885
2024-03-05 00:08:00,66275.0,66406.0,66275.0,66405.9,277.956
2024-03-05 00:09:00,66406.0,66476.9,66350.0,66468.4,274.759
2024-03-05 00:10:00,66468.4,66537.0,66404.2,66407.0,257.851
2024-03-05 00:11:00,66406.9,66462.1,66383.4,66420.3,253.72
2024-03-05 00:12:00,66420.3,66579.2,66404.0,66571.8,394.712
2024-03-05 00:13:00,66571.9,66627.7,66556.6,66572.0,585.913
2024-03-05 00:14:00,66572.0,66587.2,66503.4,66514.3,170.886
2024-03-05 00:15:00,66514.3,66662.4,66514.3,66600.4,478.931
2024-03-05 00:16:00,66600.3,66656.2,66595.7,66647.8,233.614
2024-03-05 00:17:00,66647.8,66685.0,66632.4,66678.8,489.638
2024-03-05 00:18:00,66678.8,66695.6,66666.0,66690.9,214.869
2024-03-05 00:19:00,66690.8,66709.3,66660.0,66667.6,309.247
2024-03-05 00:20:00,66667.9,66695.5,66509.1,66551.6,462.735
2024-03-05 00:21:00,66551.6,66664.6,66551.6,66619.8,369.599
2024-03-05 00:22:00,66619.8,66645.6,66551.2,66633.7,233.121
2024-03-05 00:23:00,66633.3,66669.0,66606.7,66627.5,150.545
2024-03-05 00:24:00,66627.6,66662.2,66588.0,66624.9,165.405
2024-03-05 00:25:00,66624.9,66654.9,66590.9,66654.8,160.844
2024-03-05 00:26:00,66654.9,66667.7,66596.8,66600.7,311.903
2024-03-05 00:27:00,66600.7,66672.3,66600.7,66658.1,212.61
2024-03-05 00:28:00,66658.1,66680.0,66626.7,66674.2,239.182
2024-03-05 00:29:00,66674.1,66697.4,66647.9,66688.1,243.116
2024-03-05 00:30:00,66688.2,66700.0,66606.9,66671.7,256.619
2024-03-05 00:31:00,66671.6,66684.0,66583.2,66583.2,305.548
2024-03-05 00:32:00,66583.3,66606.7,66500.0,66529.8,325.009
2024-03-05 00:33:00,66531.7,66620.6,66531.7,66532.8,146.411
2024-03-05 00:34:00,66532.9,66599.0,66532.9,66586.0,189.03
2024-03-05 00:35:00,66586.0,66679.9,66574.2,66636.0,249.045
2024-03-05 00:36:00,66636.0,66663.1,66588.2,66599.3,160.473
2024-03-05 00:37:00,66599.4,66629.7,66429.8,66591.3,1350.795
2024-03-05 00:38:00,66591.4,66648.4,66566.4,66632.8,250.719
2024-03-05 00:39:00,66632.8,66645.0,66470.2,66484.2,317.996
2024-03-05 00:40:00,66484.2,66525.0,66406.4,66410.8,380.912
2024-03-05 00:41:00,66410.9,66473.8,66365.5,66467.1,328.084
2024-03-05 00:42:00,66467.1,66546.8,66463.7,66528.5,174.148
2024-03-05 00:43:00,66528.6,66581.7,66516.1,66581.7,100.71
2024-03-05 00:44:00,66581.7,66588.0,66501.6,66508.5,208.582
2024-03-05 00:45:00,66508.6,66538.9,66443.7,66482.1,262.554
2024-03-05 00:46:00,66482.1,66591.7,66471.8,66591.7,124.826
2024-03-05 00:47:00,66591.7,66688.1,66570.2,66677.2,323.264
2024-03-05 00:48:00,66677.2,66699.7,66648.2,66674.6,480.932
2024-03-05 00:49:00,66674.7,66802.0,66645.6,66801.9,696.212
2024-03-05 00:50:00,66801.9,66838.0,66757.0,66830.2,632.998
2024-03-05 00:51:00,66830.2,66885.6,66776.9,66853.9,724.504
2024-03-05 00:52:00,66853.9,66874.5,66839.5,66857.0,324.921
2024-03-05 00:53:00,66856.9,66871.0,66840.1,66840.1,137.704
2024-03-05 00:54:00,66840.1,66902.1,66837.2,66885.0,490.367
2024-03-05 00:55:00,66885.0,66999.9,66875.2,66950.1,785.971
2024-03-05 00:56:00,66950.1,67084.5,66941.3,67060.0,686.274
2024-03-05 00:57:00,67060.0,67138.9,67050.0,67135.5,906.326
2024-03-05 00:58:00,67135.5,67158.8,67052.4,67134.1,365.157
2024-03-05 00:59:00,67134.2,67190.3,67076.2,67133.6,462.233
2024-03-05 01:00:00,67133.6,67196.3,67045.6,67167.5,496.318
2024-03-05 01:01:00,67167.5,67257.6,67159.2,67250.9,633.928
2024-03-05 01:02:00,67251.0,67251.0,67137.9,67219.6,412.329
2024-03-05 01:03:00,67219.5,67219.6,67123.4,67178.1,280.571
2024-03-05 01:04:00,67178.1,67255.0,67159.6,67206.3,269.035
2024-03-05 01:05:00,67206.3,67285.4,67180.0,67185.1,433.761
2024-03-05 01:06:00,67185.1,67260.0,67185.1,67249.3,206.474
2024-03-05 01:07:00,67249.3,67271.2,67241.6,67256.3,184.497
2024-03-05 01:08:00,67256.2,67292.1,67214.7,67292.1,226.723
2024-03-05 01:09:00,67292.1,67292.1,67243.7,67275.0,187.267
2024-03-05 01:10:00,67274.9,67323.2,67267.1,67309.5,520.259
2024-03-05 01:11:00,67309.4,67320.9,67283.3,67305.8,258.671
2024-03-05 01:12:00,67305.8,67305.9,67208.8,67211.1,385.105
2024-03-05 01:13:00,67211.1,67238.9,67060.0,67177.8,638.92
2024-03-05 01:14:00,67177.8,67200.0,67090.8,67090.8,145.046
2024-03-05 01:15:00,67090.8,67221.1,67082.8,67219.1,256.675
2024-03-05 01:16:00,67218.6,67250.0,67200.0,67248.3,165.713
2024-03-05 01:17:00,67248.3,67287.8,67184.0,67186.5,139.538
2024-03-05 01:18:00,67186.4,67259.6,67180.0,67184.1,191.377
2024-03-05 01:19:00,67184.0,67305.9,67177.9,67279.4,282.583
2024-03-05 01:20:00,67279.5,67305.9,67257.8,67287.8,150.633
2024-03-05 01:21:00,67287.8,67365.4,67287.7,67330.9,329.76
2024-03-05 01:22:00,67331.0,67406.0,67325.0,67406.0,334.973
2024-03-05 01:23:00,67406.1,67462.0,67400.0,67404.0,483.04
2024-03-05 01:24:00,67404.0,67423.1,67311.4,67361.6,486.016
2024-03-05 01:25:00,67361.5,67502.7,67353.9,67454.9,582.096
2024-03-05 01:26:00,67454.8,67524.4,67415.2,67477.9,407.053
2024-03-05 01:27:00,67477.9,67536.1,67439.7,67512.6,406.281
2024-03-05 01:28:00,67512.6,67534.0,67452.7,67471.6,334.479
2024-03-05 01:29:00,67471.7,67487.7,67412.8,67483.2,231.679
2024-03-05 01:30:00,67483.2,67487.3,67301.1,67361.3,546.684
2024-03-05 01:31:00,67361.3,67405.9,67300.5,67319.5,379.356
2024-03-05 01:32:00,67319.4,67336.8,67177.2,67254.0,412.835
2024-03-05 01:33:00,67254.1,67324.7,67247.4,67282.7,246.708
2024-03-05 01:34:00,67282.7,67317.0,67232.0,67239.0,176.019
2024-03-05 01:35:00,67239.1,67240.0,67151.0,67223.9,391.576
2024-03-05 01:36:00,67224.0,67224.0,67134.2,67162.9,398.03
2024-03-05 01:37:00,67162.8,67264.9,67138.2,67240.1,307.289
2024-03-05 01:38:00,67239.1,67308.4,67198.4,67308.4,232.468
2024-03-05 01:39:00,67308.5,67344.9,67256.0,67307.9,476.831
2024-03-05 01:40:00,67307.9,67380.5,67296.6,67375.3,185.154
2024-03-05 01:41:00,67375.3,67406.4,67344.5,67360.2,241.997
2024-03-05 01:42:00,67360.2,67380.8,67300.0,67303.0,183.96
2024-03-05 01:43:00,67302.9,67326.0,67281.5,67292.1,121.922
2024-03-05 01:44:00,67292.1,67426.6,67274.2,67426.5,275.591
2024-03-05 01:45:00,67426.6,67463.7,67300.0,67305.5,271.431
2024-03-05 01:46:00,67305.6,67338.7,67259.5,67259.6,231.803
2024-03-05 01:47:00,67259.5,67325.4,67257.6,67325.3,174.552
2024-03-05 01:48:00,67325.4,67325.4,67250.0,67291.7,174.456
2024-03-05 01:49:00,67291.8,67320.0,67236.6,67262.8,161.841
2024-03-05 01:50:00,67262.7,67276.1,67160.6,67238.4,279.729
2024-03-05 01:51:00,67238.3,67260.0,67217.3,67217.4,148.198
2024-03-05 01:52:00,67217.4,67256.1,67192.8,67242.9,333.475
2024-03-05 01:53:00,67242.9,67348.6,67242.9,67337.3,226.757
2024-03-05 01:54:00,67337.2,67412.2,67326.4,67409.8,176.948
2024-03-05 01:55:00,67409.7,67513.5,67409.7,67462.0,1209.917
2024-03-05 01:56:00,67462.0,67474.8,67420.0,67426.5,174.866
2024-03-05 01:57:00,67426.6,67469.1,67423.8,67460.2,148.035
2024-03-05 01:58:00,67460.1,67469.1,67354.1,67407.1,339.789
2024-03-05 01:59:00,67407.2,67421.6,67356.8,67360.2,381.409
2024-03-05 02:00:00,67360.1,67465.6,67337.3,67449.3,279.159
2024-03-05 02:01:00,67449.4,67555.2,67449.3,67545.0,1551.237
2024-03-05 02:02:00,67545.0,67622.7,67545.0,67577.2,587.383
2024-03-05 02:03:00,67577.1,67606.7,67500.0,67579.5,660.058
2024-03-05 02:04:00,67579.6,67603.7,67487.2,67495.6,318.954
2024-03-05 02:05:00,67495.6,67551.7,67443.8,67447.1,528.332
2024-03-05 02:06:00,67447.0,67693.5,67447.0,67601.7,1422.115
2024-03-05 02:07:00,67601.7,67808.0,67601.7,67757.8,1685.555
2024-03-05 02:08:00,67757.7,67763.1,67670.0,67740.1,634.798
2024-03-05 02:09:00,67740.0,67840.0,67730.0,67784.0,854.665
2024-03-05 02:10:00,67784.0,67864.0,67697.4,67700.0,726.524
2024-03-05 02:11:00,67700.0,67708.5,67495.5,67533.8,1093.053
2024-03-05 02:12:00,67533.8,67553.8,67479.0,67489.2,426.145
2024-03-05 02:13:00,67489.2,67624.4,67473.3,67585.2,435.626
2024-03-05 02:14:00,67585.1,67595.3,67530.9,67555.5,213.87
2024-03-05 02:15:00,67555.5,67683.6,67512.2,67576.6,484.596
2024-03-05 02:16:00,67576.6,67576.6,67461.0,67461.1,382.075
2024-03-05 02:17:00,67461.1,67520.6,67246.0,67300.0,1674.236
2024-03-05 02:18:00,67300.0,67328.1,67180.4,67203.1,763.291
2024-03-05 02:19:00,67203.1,67324.0,67196.0,67303.0,456.915
2024-03-05 02:20:00,67303.0,67323.3,67263.8,67313.4,271.362
2024-03-05 02:21:00,67313.4,67340.0,67291.4,67328.8,185.246
2024-03-05 02:22:00,67328.7,67383.4,67291.4,67303.9,265.083
2024-03-05 02:23:00,67304.0,67380.0,67288.4,67354.0,150.318
2024-03-05 02:24:00,67353.9,67438.6,67294.1,67411.5,475.117
2024-03-05 02:25:00,67411.5,67500.0,67378.3,67484.9,239.47
2024-03-05 02:26:00,67484.9,67645.0,67470.8,67645.0,1187.124
2024-03-05 02:27:00,67645.0,67758.5,67620.0,67731.3,842.054
2024-03-05 02:28:00,67731.3,67802.6,67706.7,67789.6,906.517
2024-03-05 02:29:00,67789.6,67794.3,67417.2,67485.9,1422.119
2024-03-05 02:30:00,67485.9,67485.9,67286.4,67445.6,1130.794
2024-03-05 02:31:00,67445.6,67575.7,67417.6,67476.5,783.795
2024-03-05 02:32:00,67476.5,67531.8,67435.8,67451.5,366.124
2024-03-05 02:33:00,67451.6,67711.6,67443.8,67606.3,1287.724
2024-03-05 02:34:00,67604.5,67614.8,67469.3,67481.6,406.529
2024-03-05 02:35:00,67481.6,67533.3,67458.2,67458.2,279.791
2024-03-05 02:36:00,67458.2,67474.7,67341.5,67351.3,711.697
2024-03-05 02:37:00,67351.4,67423.9,67340.4,67396.9,304.31
2024-03-05 02:38:00,67397.0,67404.0,67320.0,67361.8,230.546
2024-03-05 02:39:00,67361.9,67371.2,67281.0,67318.0,384.577
2024-03-05 02:40:00,67318.1,67320.0,67222.4,67258.4,613.67
2024-03-05 02:41:00,67258.4,67279.8,67218.2,67230.4,295.726
2024-03-05 02:42:00,67230.3,67325.8,67207.0,67213.9,408.533
2024-03-05 02:43:00,67213.9,67231.2,67037.3,67106.0,1284.499
2024-03-05 02:44:00,67105.9,67246.7,67092.7,67222.1,635.327
2024-03-05 02:45:00,67222.2,67238.2,67080.0,67110.8,573.421
2024-03-05 02:46:00,67110.8,67236.3,67090.0,67136.8,370.626
2024-03-05 02:47:00,67136.8,67189.9,67126.4,67189.1,223.77
2024-03-05 02:48:00,67189.1,67204.9,67063.8,67072.3,409.188
2024-03-05 02:49:00,67072.3,67105.9,66972.8,66992.6,838.222
2024-03-05 02:50:00,66992.6,67105.8,66992.6,67094.5,488.822
2024-03-05 02:51:00,67094.4,67105.2,67010.7,67010.7,173.44
2024-03-05 02:52:00,67010.8,67025.6,66942.6,67025.6,409.452
2024-03-05 02:53:00,67025.6,67062.5,66964.8,67049.8,242.021
2024-03-05 02:54:00,67049.8,67058.3,66906.0,66919.3,339.371
2024-03-05 02:55:00,66919.4,66948.4,66845.9,66865.1,533.456
2024-03-05 02:56:00,66865.1,66950.3,66813.1,66831.8,449.884
2024-03-05 02:57:00,66831.8,67008.8,66831.7,67002.5,330.183
2024-03-05 02:58:00,67002.4,67048.3,66994.7,67032.4,408.598
2024-03-05 02:59:00,67032.3,67090.2,67020.1,67028.8,550.315
2024-03-05 03:00:00,67028.8,67044.7,66948.7,66994.5,325.284
2024-03-05 03:01:00,66994.5,67011.4,66956.4,66956.4,198.026
2024-03-05 03:02:00,66956.4,67118.0,66956.4,67107.0,276.365
2024-03-05 03:03:00,67107.1,67152.2,67086.7,67139.0,221.037
2024-03-05 03:04:00,67139.0,67197.2,67084.5,67197.2,262.561
2024-03-05 03:05:00,67197.2,67200.0,67140.6,67160.6,252.079
2024-03-05 03:06:00,67160.5,67192.7,67079.5,67095.4,121.63
2024-03-05 03:07:00,67095.4,67187.4,67095.3,67174.0,118.478
2024-03-05 03:08:00,67174.0,67194.9,67128.1,67132.9,107.839
2024-03-05 03:09:00,67132.9,67241.3,67132.8,67219.2,281.913
2024-03-05 03:10:00,67219.5,67240.0,67184.0,67205.6,173.305
2024-03-05 03:11:00,67205.7,67220.0,67101.9,67116.1,159.326
2024-03-05 03:12:00,67116.0,67152.8,67072.0,67095.3,325.892
2024-03-05 03:13:00,67095.2,67128.4,67075.0,67119.4,95.252
2024-03-05 03:14:00,67119.5,67127.4,67070.0,67123.5,149.869
2024-03-05 03:15:00,67123.5,67173.6,67084.0,67160.0,198.837
2024-03-05 03:16:00,67159.9,67250.6,67150.0,67225.4,283.956
2024-03-05 03:17:00,67225.4,67282.7,67214.7,67218.9,313.342
2024-03-05 03:18:00,67218.6,67253.3,67183.0,67253.2,234.406
2024-03-05 03:19:00,67253.2,67298.5,67253.2,67283.6,173.161
2024-03-05 03:20:00,67283.6,67403.3,67283.5,67333.6,448.568
2024-03-05 03:21:00,67333.7,67333.7,67233.8,67288.0,250.474
2024-03-05 03:22:00,67287.9,67289.4,67214.4,67230.4,169.405
2024-03-05 03:23:00,67230.3,67255.2,67184.5,67255.2,232.243
2024-03-05 03:24:00,67255.2,67315.8,67243.5,67315.7,91.073
2024-03-05 03:25:00,67315.8,67365.6,67291.1,67354.6,143.924
2024-03-05 03:26:00,67354.7,67383.4,67325.2,67325.6,157.5
2024-03-05 03:27:00,67325.6,67383.4,67311.1,67347.9,164.216
2024-03-05 03:28:00,67348.0,67462.2,67347.9,67450.5,337.174
2024-03-05 03:29:00,67450.6,67470.0,67405.1,67452.9,251.997
2024-03-05 03:30:00,67452.7,67568.4,67435.3,67557.7,526.74
2024-03-05 03:31:00,67557.8,67590.6,67520.0,67554.9,448.288
2024-03-05 03:32:00,67555.0,67616.2,67554.9,67613.8,398.253
2024-03-05 03:33:00,67613.8,67666.6,67585.3,67603.4,304.792
2024-03-05 03:34:00,67603.4,67688.9,67603.4,67668.3,383.285
2024-03-05 03:35:00,67668.3,67700.0,67590.0,67590.0,417.65
2024-03-05 03:36:00,67590.0,67604.1,67464.2,67538.5,577.752
2024-03-05 03:37:00,67538.4,67684.5,67538.4,67674.7,255.354
2024-03-05 03:38:00,67674.7,67700.0,67629.6,67700.0,293.12
2024-03-05 03:39:00,67700.0,67763.7,67662.1,67763.7,566.512
2024-03-05 03:40:00,67763.6,67795.7,67716.0,67795.7,400.775
2024-03-05 03:41:00,67795.6,67869.0,67779.0,67823.7,892.155
2024-03-05 03:42:00,67823.6,67823.6,67645.0,67677.3,476.996
2024-03-05 03:43:00,67677.3,67713.1,67479.9,67550.0,721.675
2024-03-05 03:44:00,67550.1,67690.1,67550.1,67633.4,524.764
2024-03-05 03:45:00,67633.4,67645.2,67475.0,67493.2,363.241
2024-03-05 03:46:00,67493.2,67502.4,67406.4,67435.6,489.875
2024-03-05 03:47:00,67435.6,67465.3,67345.0,67457.4,638.814
2024-03-05 03:48:00,67457.3,67578.6,67457.3,67578.6,286.263
2024-03-05 03:49:00,67578.5,67652.1,67562.6,67651.9,279.29
2024-03-05 03:50:00,67651.9,67652.0,67506.4,67554.8,297.362
2024-03-05 03:51:00,67554.8,67561.4,67480.6,67480.6,243.802
2024-03-05 03:52:00,67480.6,67564.6,67358.4,67359.5,217.948
2024-03-05 03:53:00,67359.5,67415.5,67353.6,67354.2,460.828
2024-03-05 03:54:00,67354.3,67438.0,67335.4,67379.9,243.937
2024-03-05 03:55:00,67379.8,67412.6,67306.1,67408.4,291.519
2024-03-05 03:56:00,67408.2,67428.1,67341.6,67428.1,236.263
2024-03-05 03:57:00,67428.1,67507.7,67428.0,67487.9,162.244
2024-03-05 03:58:00,67487.9,67508.3,67450.1,67458.2,117.912
2024-03-05 03:59:00,67458.2,67474.0,67395.1,67426.9,98.356
2024-03-05 04:00:00,67426.9,67470.6,67375.0,67465.3,125.789
2024-03-05 04:01:00,67465.2,67465.2,67380.0,67380.0,47.083
2024-03-05 04:02:00,67380.1,67384.6,67327.1,67335.0,117.199
2024-03-05 04:03:00,67335.1,67375.3,67301.1,67362.0,220.811
2024-03-05 04:04:00,67362.0,67368.3,67315.0,67368.2,56.157
2024-03-05 04:05:00,67368.3,67397.9,67345.5,67345.5,73.057
2024-03-05 04:06:00,67345.5,67412.9,67336.8,67381.4,76.348
2024-03-05 04:07:00,67381.5,67468.4,67381.4,67460.3,102.616
2024-03-05 04:08:00,67460.3,67519.0,67460.2,67475.1,171.221
2024-03-05 04:09:00,67475.1,67592.1,67475.1,67592.1,212.299
2024-03-05 04:10:00,67592.0,67725.0,67592.0,67678.8,392.071
2024-03-05 04:11:00,67678.8,67800.0,67678.8,67788.9,456.561
2024-03-05 04:12:00,67788.9,67933.9,67683.9,67702.0,1398.29
2024-03-05 04:13:00,67702.1,67899.0,67702.0,67898.8,336.195
2024-03-05 04:14:00,67898.9,67898.9,67710.7,67846.9,621.607
2024-03-05 04:15:00,67846.8,67866.9,67772.2,67866.8,266.461
2024-03-05 04:16:00,67866.8,67870.0,67795.1,67849.9,244.632
2024-03-05 04:17:00,67849.9,67939.0,67844.9,67934.0,343.932
2024-03-05 04:18:00,67933.9,67960.9,67928.0,67950.0,432.687
2024-03-05 04:19:00,67948.9,67949.4,67822.3,67844.0,379.692
2024-03-05 04:20:00,67843.9,67916.8,67843.9,67916.8,73.608
2024-03-05 04:21:00,67916.7,67920.0,67900.0,67918.4,126.044
2024-03-05 04:22:00,67918.3,67926.6,67811.4,67811.4,225.143
2024-03-05 04:23:00,67811.4,67811.5,67751.4,67766.7,261.329
2024-03-05 04:24:00,67766.7,67798.2,67756.0,67770.1,96.842
2024-03-05 04:25:00,67770.1,67810.4,67760.6,67810.3,111.904
2024-03-05 04:26:00,67810.3,67866.4,67810.3,67852.9,164.644
2024-03-05 04:27:00,67852.9,67918.2,67850.2,67908.7,194.92
2024-03-05 04:28:00,67908.6,68000.0,67908.6,67988.4,694.322
2024-03-05 04:29:00,67988.4,68000.0,67955.7,67997.6,599.776
2024-03-05 04:30:00,67997.5,68000.0,67904.4,67924.0,521.206
2024-03-05 04:31:00,67923.6,68098.7,67920.3,67994.8,876.504
2024-03-05 04:32:00,67994.7,68080.0,67905.2,68047.9,436.426
2024-03-05 04:33:00,68047.8,68237.6,68035.8,68197.7,1503.859
2024-03-05 04:34:00,68197.6,68270.6,68083.3,68230.1,1036.912
2024-03-05 04:35:00,68230.1,68332.9,68131.9,68168.3,1187.095
2024-03-05 04:36:00,68167.0,68286.8,68137.8,68231.1,927.333
2024-03-05 04:37:00,68231.0,68384.8,68218.1,68287.0,1258.586
2024-03-05 04:38:00,68287.0,68388.0,68275.1,68367.1,680.229
2024-03-05 04:39:00,68367.1,68370.9,68280.6,68354.5,398.009
2024-03-05 04:40:00,68354.5,68398.6,68310.0,68378.9,494.34
2024-03-05 04:41:00,68378.8,68450.0,68364.9,68431.1,855.521
2024-03-05 04:42:00,68431.0,68520.8,68424.0,68509.6,1042.419
2024-03-05 04:43:00,68509.6,68600.0,68487.1,68541.8,1522.911
2024-03-05 04:44:00,68545.4,68552.6,68338.9,68440.0,1100.581
2024-03-05 04:45:00,68440.1,68456.1,68244.3,68382.0,1280.327
2024-03-05 04:46:00,68382.0,68490.6,68338.6,68338.7,648.026
2024-03-05 04:47:00,68338.7,68404.9,68288.0,68390.0,535.121
2024-03-05 04:48:00,68389.9,68480.3,68370.2,68429.8,423.801
2024-03-05 04:49:00,68429.8,68437.6,68316.6,68387.6,285.788
2024-03-05 04:50:00,68387.7,68387.7,68273.6,68297.3,336.755
2024-03-05 04:51:00,68297.4,68339.5,68235.3,68248.1,619.417
2024-03-05 04:52:00,68248.0,68368.6,68145.9,68184.3,837.901
2024-03-05 04:53:00,68184.4,68299.0,68119.9,68247.7,733.841
2024-03-05 04:54:00,68247.7,68247.7,68186.9,68214.6,177.416
2024-03-05 04:55:00,68214.6,68260.0,68094.8,68102.9,431.176
2024-03-05 04:56:00,68103.0,68135.2,68009.9,68031.7,586.125
2024-03-05 04:57:00,68031.7,68050.9,67800.0,67810.6,1249.777
2024-03-05 04:58:00,67810.6,68032.7,67804.1,68000.1,725.775
2024-03-05 04:59:00,68000.0,68030.0,67964.5,67996.7,308.765
2024-03-05 05:00:00,67996.8,68014.4,67452.5,67629.4,2647.007
2024-03-05 05:01:00,67629.4,67685.9,67509.2,67616.1,1266.284
2024-03-05 05:02:00,67616.1,67820.1,67616.0,67788.6,960.824
2024-03-05 05:03:00,67788.5,67834.2,67663.6,67694.4,1003.008
2024-03-05 05:04:00,67694.4,67792.2,67631.6,67742.5,556.441
2024-03-05 05:05:00,67742.4,67792.4,67649.9,67686.5,332.188
2024-03-05 05:06:00,67686.6,67704.7,67600.0,67663.9,490.227
2024-03-05 05:07:00,67663.8,67930.8,67623.4,67886.5,1351.13
2024-03-05 05:08:00,67886.5,67956.2,67852.7,67852.7,570.156
2024-03-05 05:09:00,67852.8,67984.0,67852.6,67970.8,350.412
2024-03-05 05:10:00,67970.8,68043.9,67924.3,68038.9,352.973
2024-03-05 05:11:00,68038.9,68073.6,67943.7,68042.7,359.28
2024-03-05 05:12:00,68042.6,68060.6,68000.0,68025.1,209.439
2024-03-05 05:13:00,68025.1,68038.5,67768.3,67780.0,1304.98
2024-03-05 05:14:00,67780.1,67876.0,67771.9,67846.0,642.879
2024-03-05 05:15:00,67846.0,67855.3,67750.0,67792.7,324.005
2024-03-05 05:16:00,67792.8,67810.6,67712.5,67730.8,405.753
2024-03-05 05:17:00,67730.9,67791.6,67716.6,67760.7,224.471
2024-03-05 05:18:00,67760.7,67865.9,67751.4,67859.4,302.19
2024-03-05 05:19:00,67859.4,67913.1,67856.4,67902.7,369.475
2024-03-05 05:20:00,67902.8,67947.0,67886.8,67930.2,309.468
2024-03-05 05:21:00,67930.2,68000.0,67912.3,68000.0,316.772
2024-03-05 05:22:00,67999.9,68028.4,67946.4,68028.1,340.651
2024-03-05 05:23:00,68028.1,68292.4,68028.0,68262.7,1440.11
2024-03-05 05:24:00,68262.7,68292.4,68246.2,68262.2,370.277
2024-03-05 05:25:00,68262.3,68300.0,68174.1,68300.0,425.866
2024-03-05 05:26:00,68300.0,68399.8,68293.0,68369.9,565.351
2024-03-05 05:27:00,68369.9,68370.0,68300.2,68320.0,329.083
2024-03-05 05:28:00,68320.0,68345.5,68265.2,68300.0,389.845
2024-03-05 05:29:00,68300.0,68379.9,68267.8,68296.4,467.046
2024-03-05 05:30:00,68296.5,68296.5,68150.4,68226.9,678.531
2024-03-05 05:31:00,68226.9,68318.3,68156.5,68169.3,347.978
2024-03-05 05:32:00,68169.2,68284.6,68153.6,68265.1,241.28
2024-03-05 05:33:00,68265.2,68297.9,68227.0,68266.6,202.7
2024-03-05 05:34:00,68266.6,68360.2,68256.0,68347.2,603.278
2024-03-05 05:35:00,68347.2,68428.5,68345.0,68395.8,460.287
2024-03-05 05:36:00,68395.8,68460.2,68356.5,68455.7,406.273
2024-03-05 05:37:00,68456.0,68460.7,68324.3,68340.0,371.556
2024-03-05 05:38:00,68340.0,68340.1,68212.3,68277.0,349.715
2024-03-05 05:39:00,68277.1,68316.8,68266.2,68314.0,158.314
2024-03-05 05:40:00,68314.0,68314.0,68191.0,68213.0,266.604
2024-03-05 05:41:00,68212.9,68351.2,68207.6,68330.1,206.519
2024-03-05 05:42:00,68330.1,68330.1,68201.3,68239.1,190.218
2024-03-05 05:43:00,68239.1,68271.1,68202.4,68262.0,128.591
2024-03-05 05:44:00,68262.0,68372.2,68252.1,68314.3,195.425
2024-03-05 05:45:00,68314.2,68382.0,68277.7,68351.0,122.445
2024-03-05 05:46:00,68350.9,68355.4,68256.4,68271.3,158.905
2024-03-05 05:47:00,68271.2,68371.0,68266.6,68371.0,198.439
2024-03-05 05:48:00,68371.0,68395.4,68348.0,68378.3,129.367
2024-03-05 05:49:00,68378.3,68449.6,68354.2,68390.9,251.703
2024-03-05 05:50:00,68391.0,68486.3,68373.0,68469.8,387.217
2024-03-05 05:51:00,68469.9,68552.6,68445.6,68447.0,696.031
2024-03-05 05:52:00,68447.1,68552.6,68447.0,68484.1,221.537
2024-03-05 05:53:00,68484.1,68484.1,68213.2,68238.8,689.526
2024-03-05 05:54:00,68238.9,68278.4,68156.1,68172.4,613.138
2024-03-05 05:55:00,68172.4,68224.3,68165.0,68166.7,389.762
2024-03-05 05:56:00,68166.7,68171.1,68092.0,68104.4,373.035
2024-03-05 05:57:00,68104.4,68112.3,68062.2,68069.7,291.456
2024-03-05 05:58:00,68069.8,68120.9,68005.6,68120.0,370.264
2024-03-05 05:59:00,68120.0,68123.2,68060.9,68082.9,277.979
2024-03-05 06:00:00,68082.9,68100.6,67920.0,67960.0,618.01
2024-03-05 06:01:00,67960.1,68013.0,67904.1,67960.9,461.885
2024-03-05 06:02:00,67961.0,68003.6,67947.7,67961.0,208.257
2024-03-05 06:03:00,67961.1,67995.2,67952.0,67960.1,137.735
2024-03-05 06:04:00,67960.1,67972.7,67852.8,67882.4,389.739
2024-03-05 06:05:00,67882.4,67963.7,67882.3,67931.6,189.691
2024-03-05 06:06:00,67931.7,67931.7,67860.7,67894.8,190.925
2024-03-05 06:07:00,67894.9,67928.9,67867.6,67893.9,179.502
2024-03-05 06:08:00,67893.9,67900.1,67827.0,67844.6,339.941
2024-03-05 06:09:00,67845.6,67971.2,67845.6,67936.9,272.905
2024-03-05 06:10:00,67936.9,68029.8,67925.0,68029.8,215.155
2024-03-05 06:11:00,68029.7,68180.2,68029.7,68171.5,580.298
2024-03-05 06:12:00,68171.5,68178.8,68113.7,68149.5,228.472
2024-03-05 06:13:00,68149.5,68255.0,68140.5,68236.7,394.266
2024-03-05 06:14:00,68236.7,68255.0,68186.9,68255.0,152.577
2024-03-05 06:15:00,68255.0,68264.8,68142.3,68198.8,390.512
2024-03-05 06:16:00,68198.8,68266.5,68179.0,68251.5,183.381
2024-03-05 06:17:00,68251.6,68251.6,68175.4,68212.5,185.263
2024-03-05 06:18:00,68212.5,68219.7,68050.4,68054.9,205.744
2024-03-05 06:19:00,68055.0,68073.9,67995.0,68017.6,182.799
2024-03-05 06:20:00,68017.5,68148.5,68002.8,68141.9,246.412
2024-03-05 06:21:00,68142.0,68200.4,68125.9,68178.9,111.782
2024-03-05 06:22:00,68178.9,68179.0,68058.6,68060.3,219.069
2024-03-05 06:23:00,68060.3,68169.4,68060.1,68164.7,73.433
2024-03-05 06:24:00,68164.8,68173.5,68061.2,68072.4,92.029
2024-03-05 06:25:00,68072.5,68145.7,68062.2,68089.7,271.939
2024-03-05 06:26:00,68089.8,68162.1,68076.2,68162.1,151.633
2024-03-05 06:27:00,68162.1,68188.8,68093.8,68184.9,152.13
2024-03-05 06:28:00,68184.9,68186.9,68115.0,68186.9,191.126
2024-03-05 06:29:00,68186.8,68194.7,68114.2,68114.3,196.98
2024-03-05 06:30:00,68114.3,68131.2,68063.9,68082.9,192.696
2024-03-05 06:31:00,68082.8,68138.1,68077.5,68125.8,79.167
2024-03-05 06:32:00,68125.7,68226.7,68124.0,68221.7,148.247
2024-03-05 06:33:00,68221.7,68250.9,68162.0,68232.5,246.789
2024-03-05 06:34:00,68232.5,68330.9,68208.1,68330.9,493.139
2024-03-05 06:35:00,68330.9,68436.5,68318.5,68426.9,634.668
2024-03-05 06:36:00,68426.9,68427.0,68192.0,68212.8,378.81
2024-03-05 06:37:00,68212.8,68311.2,68113.0,68287.6,593.938
2024-03-05 06:38:00,68287.5,68310.0,68190.6,68309.5,146.561
2024-03-05 06:39:00,68309.4,68462.6,68309.4,68433.4,556.783
2024-03-05 06:40:00,68433.3,68562.2,68417.4,68487.9,1277.335
2024-03-05 06:41:00,68487.8,68579.1,68473.2,68565.1,565.722
2024-03-05 06:42:00,68565.1,68642.3,68532.0,68568.4,667.447
2024-03-05 06:43:00,68568.4,68621.6,68445.8,68612.9,437.763
2024-03-05 06:44:00,68612.8,68637.5,68428.8,68449.9,539.58
2024-03-05 06:45:00,68449.9,68628.6,68449.9,68599.9,541.929
2024-03-05 06:46:00,68599.9,68620.3,68561.5,68612.5,287.461
2024-03-05 06:47:00,68612.5,68628.1,68580.7,68609.8,415.168
2024-03-05 06:48:00,68609.8,68626.5,68503.6,68541.8,459.636
2024-03-05 06:49:00,68541.7,68541.8,68299.7,68364.9,1282.264
2024-03-05 06:50:00,68364.9,68445.8,68280.3,68445.8,441.281
2024-03-05 06:51:00,68445.8,68539.4,68423.9,68424.0,290.956
2024-03-05 06:52:00,68423.9,68541.0,68381.9,68533.0,172.342
2024-03-05 06:53:00,68531.8,68608.8,68529.0,68558.3,388.921
2024-03-05 06:54:00,68558.3,68630.0,68550.0,68576.1,302.216
2024-03-05 06:55:00,68576.1,68593.8,68462.7,68485.0,262.081
2024-03-05 06:56:00,68485.0,68502.0,68460.9,68484.3,114.001
2024-03-05 06:57:00,68484.4,68555.0,68457.9,68547.0,136.384
2024-03-05 06:58:00,68547.0,68570.2,68492.0,68551.5,172.066
2024-03-05 06:59:00,68551.4,68551.5,68479.7,68503.0,134.814
2024-03-05 07:00:00,68503.0,68503.0,68398.7,68453.1,243.973
2024-03-05 07:01:00,68453.1,68528.6,68453.1,68517.6,193.941
2024-03-05 07:02:00,68517.7,68528.5,68413.2,68423.8,210.74
2024-03-05 07:03:00,68423.9,68508.5,68350.0,68467.0,252.661
2024-03-05 07:04:00,68467.1,68467.1,68355.3,68360.2,134.083
2024-03-05 07:05:00,68360.2,68375.4,68308.4,68330.1,297.181
2024-03-05 07:06:00,68330.1,68350.1,68206.1,68206.1,465.358
2024-03-05 07:07:00,68206.2,68287.7,68111.4,68268.3,903.212
2024-03-05 07:08:00,68268.2,68351.9,68228.6,68340.6,535.166
2024-03-05 07:09:00,68340.5,68419.0,68322.5,68418.9,479.192
2024-03-05 07:10:00,68418.9,68500.0,68418.9,68448.0,412.084
2024-03-05 07:11:00,68448.0,68505.1,68376.1,68379.3,274.25
2024-03-05 07:12:00,68379.8,68479.9,68379.8,68427.6,334.569
2024-03-05 07:13:00,68427.6,68445.1,68396.0,68434.0,109.933
2024-03-05 07:14:00,68434.1,68434.1,68354.3,68354.3,107.924
2024-03-05 07:15:00,68354.4,68466.5,68325.2,68462.6,273.88
2024-03-05 07:16:00,68462.6,68500.0,68449.7,68488.4,181.566
2024-03-05 07:17:00,68488.4,68549.2,68473.4,68525.8,254.354
2024-03-05 07:18:00,68525.8,68600.0,68492.0,68589.3,512.117
2024-03-05 07:19:00,68589.3,68728.0,68583.7,68697.4,1277.092
2024-03-05 07:20:00,68697.6,68765.0,68545.9,68694.0,1516.584
2024-03-05 07:21:00,68694.0,68749.0,68666.4,68740.1,339.405
2024-03-05 07:22:00,68740.2,68795.8,68716.0,68765.7,517.803
2024-03-05 07:23:00,68765.7,68800.0,68744.8,68790.1,715.812
2024-03-05 07:24:00,68790.0,68824.7,68672.4,68774.8,711.168
2024-03-05 07:25:00,68774.8,68800.8,68614.8,68637.6,715.947
2024-03-05 07:26:00,68637.6,68725.7,68632.3,68679.6,361.168
2024-03-05 07:27:00,68679.7,68698.0,68597.0,68604.6,364.022
2024-03-05 07:28:00,68604.6,68667.9,68582.9,68654.1,270.965
2024-03-05 07:29:00,68654.1,68654.1,68580.0,68603.3,239.558
2024-03-05 07:30:00,68603.4,68639.2,68581.0,68585.9,206.486
2024-03-05 07:31:00,68586.0,68586.0,68424.8,68502.4,944.024
2024-03-05 07:32:00,68502.3,68592.2,68464.8,68464.8,286.04
2024-03-05 07:33:00,68464.8,68516.2,68458.0,68487.0,170.267
2024-03-05 07:34:00,68487.0,68512.7,68482.4,68494.5,128.237
2024-03-05 07:35:00,68494.0,68503.8,68450.0,68461.5,269.831
2024-03-05 07:36:00,68461.6,68544.0,68445.0,68445.1,210.066
2024-03-05 07:37:00,68445.1,68463.5,68421.1,68444.4,223.489
2024-03-05 07:38:00,68444.4,68567.8,68442.6,68553.7,162.116
2024-03-05 07:39:00,68553.7,68556.6,68469.1,68476.6,135.383
2024-03-05 07:40:00,68476.6,68500.0,68465.9,68466.0,133.593
2024-03-05 07:41:00,68466.0,68466.0,68248.5,68283.8,1711.659
2024-03-05 07:42:00,68283.8,68306.3,68120.0,68136.3,907.521
2024-03-05 07:43:00,68136.3,68221.6,68120.0,68171.4,421.395
2024-03-05 07:44:00,68171.4,68211.6,68134.0,68208.4,270.823
2024-03-05 07:45:00,68208.4,68210.9,68120.0,68124.8,440.52
2024-03-05 07:46:00,68124.9,68134.9,68014.8,68035.0,733.507
2024-03-05 07:47:00,68035.0,68083.5,67938.0,67946.9,575.507
2024-03-05 07:48:00,67945.7,68010.9,67801.1,67802.8,1040.118
2024-03-05 07:49:00,67802.8,68050.0,67800.0,68035.6,1041.927
2024-03-05 07:50:00,68036.6,68134.0,68035.5,68090.9,663.749
2024-03-05 07:51:00,68090.9,68150.0,68068.2,68142.0,499.297
2024-03-05 07:52:00,68142.1,68222.3,68131.1,68208.4,372.559
2024-03-05 07:53:00,68208.5,68340.0,68180.6,68279.7,559.314
2024-03-05 07:54:00,68279.8,68386.6,68201.1,68371.2,441.42
2024-03-05 07:55:00,68371.2,68389.1,68280.0,68292.4,492.398
2024-03-05 07:56:00,68292.4,68293.2,68201.8,68220.2,184.95
2024-03-05 07:57:00,68220.2,68408.0,68200.8,68394.7,385.041
2024-03-05 07:58:00,68394.7,68409.5,68353.4,68380.6,200.507
2024-03-05 07:59:00,68380.6,68404.0,68350.0,68350.0,245.055
2024-03-05 08:00:00,68350.1,68350.1,68162.3,68213.4,592.123
2024-03-05 08:01:00,68213.5,68379.7,68213.5,68315.3,219.436
2024-03-05 08:02:00,68315.2,68349.9,68224.2,68290.1,176.283
2024-03-05 08:03:00,68290.0,68299.3,68180.7,68206.5,178.231
2024-03-05 08:04:00,68208.9,68218.0,68150.5,68168.9,260.283
2024-03-05 08:05:00,68168.9,68200.0,68047.1,68099.2,515.073
2024-03-05 08:06:00,68099.2,68136.0,68046.8,68103.3,302.164
2024-03-05 08:07:00,68103.3,68103.3,67955.4,67976.1,560.41
2024-03-05 08:08:00,67976.0,68077.2,67976.0,68050.1,320.686
2024-03-05 08:09:00,68050.1,68050.1,67943.0,67956.2,391.61
2024-03-05 08:10:00,67956.5,68085.9,67956.2,68085.8,212.748
2024-03-05 08:11:00,68085.8,68118.8,68036.0,68079.4,334.085
2024-03-05 08:12:00,68079.4,68216.1,68068.2,68167.1,484.775
2024-03-05 08:13:00,68167.1,68270.6,68138.3,68236.6,314.877
2024-03-05 08:14:00,68236.7,68278.5,68199.5,68273.9,428.675
2024-03-05 08:15:00,68273.9,68320.0,68230.8,68319.9,247.595
2024-03-05 08:16:00,68320.0,68326.4,68222.3,68269.3,208.492
2024-03-05 08:17:00,68269.4,68326.5,68269.3,68316.3,121.79
2024-03-05 08:18:00,68316.3,68356.1,68302.0,68308.0,203.773
2024-03-05 08:19:00,68308.0,68371.9,68304.6,68313.1,125.967
2024-03-05 08:20:00,68313.1,68324.7,68240.8,68322.0,107.802
2024-03-05 08:21:00,68321.9,68397.6,68306.0,68338.6,241.069
2024-03-05 08:22:00,68338.6,68338.7,68251.0,68269.0,159.411
2024-03-05 08:23:00,68269.1,68272.9,68210.9,68266.4,198.114
2024-03-05 08:24:00,68266.4,68304.4,68266.4,68271.3,65.081
2024-03-05 08:25:00,68271.2,68336.1,68213.9,68326.8,231.711
2024-03-05 08:26:00,68326.9,68333.8,68295.6,68309.2,74.602
2024-03-05 08:27:00,68310.0,68333.0,68263.3,68263.4,88.236
2024-03-05 08:28:00,68263.4,68271.2,68186.9,68213.5,143.102
2024-03-05 08:29:00,68213.5,68230.0,68176.3,68225.2,100.68
2024-03-05 08:30:00,68225.2,68225.2,68160.9,68161.0,144.258
2024-03-05 08:31:00,68160.9,68160.9,68084.2,68135.3,229.852
2024-03-05 08:32:00,68135.3,68140.4,68075.0,68079.1,179.252
2024-03-05 08:33:00,68079.1,68079.7,68035.0,68079.7,167.0
2024-03-05 08:34:00,68079.6,68136.4,68025.1,68040.0,164.349
2024-03-05 08:35:00,68040.1,68073.6,68028.5,68045.4,200.56
2024-03-05 08:36:00,68045.4,68061.5,67900.2,67943.7,1014.325
2024-03-05 08:37:00,67943.8,68049.0,67943.7,68014.8,221.639
2024-03-05 08:38:00,68014.8,68073.3,67975.3,68067.4,137.93
2024-03-05 08:39:00,68067.4,68096.4,68045.2,68061.6,197.29
2024-03-05 08:40:00,68061.5,68075.5,67969.6,67985.8,243.176
2024-03-05 08:41:00,67985.8,67991.6,67878.9,67903.4,510.672
2024-03-05 08:42:00,67903.5,67928.2,67616.2,67669.4,2022.775
2024-03-05 08:43:00,67669.4,67834.2,67669.4,67787.0,460.31
2024-03-05 08:44:00,67787.0,67814.2,67668.2,67735.4,313.431
2024-03-05 08:45:00,67735.5,67838.3,67666.7,67683.7,376.02
2024-03-05 08:46:00,67683.8,67843.7,67658.2,67834.4,343.191
2024-03-05 08:47:00,67834.5,67984.6,67806.2,67917.3,760.841
2024-03-05 08:48:00,67917.4,68004.8,67863.3,67921.7,683.224
2024-03-05 08:49:00,67921.7,67933.0,67895.2,67930.1,139.764
2024-03-05 08:50:00,67930.1,67977.1,67900.0,67903.8,133.974
2024-03-05 08:51:00,67903.8,67947.6,67888.0,67947.5,165.839
2024-03-05 08:52:00,67947.6,68032.0,67936.7,68023.8,197.014
2024-03-05 08:53:00,68023.9,68111.1,68020.0,68072.3,565.257
2024-03-05 08:54:00,68072.4,68119.9,68040.5,68094.0,171.349
2024-03-05 08:55:00,68094.0,68159.9,68090.3,68138.3,232.323
2024-03-05 08:56:00,68138.4,68165.1,68114.1,68120.9,194.035
2024-03-05 08:57:00,68120.9,68133.4,68062.1,68072.3,188.979
2024-03-05 08:58:00,68072.4,68085.7,68046.5,68072.9,101.59
2024-03-05 08:59:00,68072.9,68077.9,68027.5,68070.0,255.622
2024-03-05 09:00:00,68069.9,68120.4,68056.0,68118.1,159.974
2024-03-05 09:01:00,68118.0,68128.5,68058.2,68128.5,98.199
2024-03-05 09:02:00,68128.5,68128.5,68058.4,68078.9,143.191
2024-03-05 09:03:00,68078.9,68127.1,68078.9,68122.9,91.696
2024-03-05 09:04:00,68122.9,68130.0,68071.3,68083.2,123.44
2024-03-05 09:05:00,68083.2,68114.8,68070.0,68087.6,208.28
2024-03-05 09:06:00,68087.7,68127.0,68074.9,68100.0,89.937
2024-03-05 09:07:00,68100.0,68117.2,68062.8,68100.9,145.572
2024-03-05 09:08:00,68101.0,68123.7,68086.7,68089.2,70.426
2024-03-05 09:09:00,68089.3,68140.8,68082.3,68106.9,122.212
2024-03-05 09:10:00,68106.8,68106.9,68056.8,68072.9,75.917
2024-03-05 09:11:00,68072.8,68100.6,68067.8,68083.0,79.615
2024-03-05 09:12:00,68082.9,68181.0,68059.3,68181.0,244.843
2024-03-05 09:13:00,68181.0,68259.0,68181.0,68252.1,279.436
2024-03-05 09:14:00,68252.1,68291.9,68236.6,68265.5,344.326
2024-03-05 09:15:00,68265.4,68323.0,68234.7,68318.1,263.204
2024-03-05 09:16:00,68318.1,68322.0,68246.9,68258.5,255.062
2024-03-05 09:17:00,68258.5,68302.4,68246.4,68260.4,96.716
2024-03-05 09:18:00,68260.5,68260.5,68181.2,68212.2,177.082
2024-03-05 09:19:00,68212.1,68305.4,68204.6,68286.9,160.124
2024-03-05 09:20:00,68286.9,68294.7,68199.9,68203.8,159.975
2024-03-05 09:21:00,68203.8,68245.0,68190.7,68245.0,74.992
2024-03-05 09:22:00,68245.0,68285.8,68212.0,68213.1,99.825
2024-03-05 09:23:00,68213.1,68276.8,68206.4,68270.4,68.879
2024-03-05 09:24:00,68270.4,68284.3,68210.0,68240.2,76.324
2024-03-05 09:25:00,68240.1,68240.1,68182.7,68207.8,85.615
2024-03-05 09:26:00,68207.8,68234.6,68175.1,68175.2,88.66
2024-03-05 09:27:00,68175.2,68218.1,68174.3,68190.9,68.571
2024-03-05 09:28:00,68190.8,68233.9,68170.0,68229.8,81.658
2024-03-05 09:29:00,68229.8,68234.6,68189.0,68203.8,155.867
2024-03-05 09:30:00,68203.7,68278.3,68170.1,68271.3,247.829
2024-03-05 09:31:00,68271.4,68315.5,68270.0,68308.6,154.664
2024-03-05 09:32:00,68308.6,68365.2,68269.2,68342.8,318.456
2024-03-05 09:33:00,68342.8,68389.2,68334.8,68368.4,229.136
2024-03-05 09:34:00,68368.5,68477.0,68368.5,68463.8,553.904
2024-03-05 09:35:00,68463.9,68484.5,68416.7,68440.6,409.578
2024-03-05 09:36:00,68438.0,68463.8,68413.7,68435.5,264.696
2024-03-05 09:37:00,68435.4,68435.5,68369.2,68369.3,164.397
2024-03-05 09:38:00,68369.3,68372.1,68295.8,68297.7,170.495
2024-03-05 09:39:00,68297.8,68308.1,68200.8,68205.1,294.736
2024-03-05 09:40:00,68204.6,68211.1,68080.0,68092.9,558.784
2024-03-05 09:41:00,68093.0,68165.5,68062.8,68151.9,329.701
2024-03-05 09:42:00,68151.8,68151.8,67949.5,67972.3,600.626
2024-03-05 09:43:00,67972.3,68024.0,67905.0,67905.0,389.161
2024-03-05 09:44:00,67905.0,67963.9,67888.0,67891.9,340.177
2024-03-05 09:45:00,67892.0,67964.2,67883.2,67925.1,228.689
2024-03-05 09:46:00,67925.0,67975.0,67911.0,67934.5,187.641
2024-03-05 09:47:00,67934.4,68001.5,67909.5,67961.1,223.969
2024-03-05 09:48:00,67961.1,67961.1,67873.6,67900.0,257.635
2024-03-05 09:49:00,67899.8,67946.0,67852.6,67868.2,295.368
2024-03-05 09:50:00,67868.3,67895.4,67745.8,67807.4,883.205
2024-03-05 09:51:00,67807.5,67851.0,67797.0,67810.0,329.644
2024-03-05 09:52:00,67810.1,67923.7,67810.1,67897.5,429.456
2024-03-05 09:53:00,67897.4,67933.3,67784.3,67800.1,203.296
2024-03-05 09:54:00,67800.1,67903.8,67794.8,67895.1,199.533
2024-03-05 09:55:00,67895.2,67953.1,67834.3,67925.2,373.227
2024-03-05 09:56:00,67925.3,67985.9,67900.0,67985.9,169.614
2024-03-05 09:57:00,67985.9,68037.4,67970.0,68012.3,212.523
2024-03-05 09:58:00,68012.3,68040.0,68002.1,68002.3,93.314
2024-03-05 09:59:00,68002.3,68077.9,67950.0,68077.9,278.91
2024-03-05 10:00:00,68077.9,68085.9,68020.3,68069.7,229.741
2024-03-05 10:01:00,68069.7,68085.5,68000.0,68023.3,108.888
2024-03-05 10:02:00,68023.2,68086.1,68000.0,68067.4,161.068
2024-03-05 10:03:00,68067.3,68078.6,67933.6,67983.6,147.616
2024-03-05 10:04:00,67983.6,68034.3,67974.2,68000.1,94.117
2024-03-05 10:05:00,68000.0,68031.6,67974.2,68031.5,119.731
2024-03-05 10:06:00,68031.5,68049.9,67951.1,67965.6,134.69
2024-03-05 10:07:00,67965.6,67973.9,67900.0,67900.0,158.021
2024-03-05 10:08:00,67900.0,67920.8,67840.4,67886.0,252.894
2024-03-05 10:09:00,67886.0,67890.0,67800.0,67810.3,215.027
2024-03-05 10:10:00,67810.2,67868.1,67780.0,67864.8,173.32
2024-03-05 10:11:00,67864.9,67967.8,67864.8,67901.8,149.594
2024-03-05 10:12:00,67901.8,67901.8,67811.8,67813.1,115.208
2024-03-05 10:13:00,67813.0,67833.5,67759.9,67761.4,229.539
2024-03-05 10:14:00,67761.4,67780.2,67678.9,67699.3,847.038
2024-03-05 10:15:00,67699.4,67760.9,67651.0,67694.3,333.371
2024-03-05 10:16:00,67694.7,67754.0,67664.4,67712.0,389.068
2024-03-05 10:17:00,67712.0,67772.5,67667.0,67672.7,319.791
2024-03-05 10:18:00,67672.7,67691.5,67572.0,67634.2,974.287
2024-03-05 10:19:00,67634.1,67639.1,67519.2,67523.0,607.87
2024-03-05 10:20:00,67523.0,67537.7,67347.7,67443.6,2083.33
2024-03-05 10:21:00,67443.5,67478.4,67300.0,67300.0,893.155
2024-03-05 10:22:00,67300.0,67338.1,66963.5,67230.6,3503.507
2024-03-05 10:23:00,67230.7,67417.6,67200.3,67400.0,983.789
2024-03-05 10:24:00,67400.0,67611.0,67369.7,67605.5,1432.319
2024-03-05 10:25:00,67605.4,67605.5,67465.4,67484.8,502.333
2024-03-05 10:26:00,67484.8,67494.3,67340.1,67449.6,693.091
2024-03-05 10:27:00,67449.5,67478.7,67407.6,67478.6,267.912
2024-03-05 10:28:00,67478.6,67520.0,67420.2,67519.9,291.354
2024-03-05 10:29:00,67519.9,67519.9,67366.8,67450.1,472.112
2024-03-05 10:30:00,67447.0,67447.0,67333.3,67366.7,351.757
2024-03-05 10:31:00,67367.1,67371.4,66995.8,67018.0,1475.443
2024-03-05 10:32:00,67018.1,67111.8,66503.8,66724.3,5542.186
2024-03-05 10:33:00,66724.3,66736.7,65021.1,65836.3,10920.176
2024-03-05 10:34:00,65836.3,66464.5,65795.9,66412.0,5368.883
2024-03-05 10:35:00,66410.3,66666.0,66300.0,66320.1,2671.389
2024-03-05 10:36:00,66320.1,66400.0,66141.6,66393.1,1824.196
2024-03-05 10:37:00,66393.1,66580.7,66300.3,66411.3,1260.539
2024-03-05 10:38:00,66411.3,66575.0,66350.0,66364.8,1107.416
2024-03-05 10:39:00,66365.1,66629.1,66337.2,66618.5,1072.444
2024-03-05 10:40:00,66618.4,66717.2,66506.2,66713.7,1187.907
2024-03-05 10:41:00,66713.7,66763.1,66566.0,66730.5,1004.942
2024-03-05 10:42:00,66730.4,66769.6,66618.0,66653.2,521.347
2024-03-05 10:43:00,66653.1,66653.1,66413.3,66490.6,862.575
2024-03-05 10:44:00,66490.6,66660.4,66449.9,66649.4,626.031
2024-03-05 10:45:00,66649.3,66757.5,66573.0,66729.9,861.11
2024-03-05 10:46:00,66729.8,66792.0,66651.6,66678.1,683.367
2024-03-05 10:47:00,66678.2,66830.0,66660.7,66830.0,827.735
2024-03-05 10:48:00,66829.9,66829.9,66700.0,66746.1,729.622
2024-03-05 10:49:00,66746.8,66790.0,66580.4,66619.1,752.635
2024-03-05 10:50:00,66619.0,66755.1,66602.8,66700.5,364.555
2024-03-05 10:51:00,66700.5,66887.7,66676.9,66847.8,573.764
2024-03-05 10:52:00,66849.4,66977.4,66761.3,66920.6,971.44
2024-03-05 10:53:00,66920.6,66994.0,66882.5,66984.0,775.309
2024-03-05 10:54:00,66984.1,67080.1,66967.6,67080.0,727.351
2024-03-05 10:55:00,67080.0,67105.5,66983.0,66985.9,712.155
2024-03-05 10:56:00,66985.8,67013.9,66950.8,66993.4,292.759
2024-03-05 10:57:00,66993.4,67146.4,66986.9,67136.4,384.348
2024-03-05 10:58:00,67136.4,67165.2,67032.5,67105.7,456.712
2024-03-05 10:59:00,67106.1,67120.3,66950.0,66950.0,959.85
2024-03-05 11:00:00,66950.1,66995.5,66902.0,66935.5,293.509
2024-03-05 11:01:00,66935.6,66949.1,66760.0,66835.1,880.278
2024-03-05 11:02:00,66835.0,66841.7,66668.7,66669.4,684.029
2024-03-05 11:03:00,66670.3,66871.6,66670.3,66869.7,598.754
2024-03-05 11:04:00,66871.4,66885.7,66742.9,66830.3,562.925
2024-03-05 11:05:00,66830.4,66887.8,66753.4,66852.1,511.767
2024-03-05 11:06:00,66852.0,66895.9,66752.0,66827.4,415.529
2024-03-05 11:07:00,66827.4,66885.2,66815.9,66846.8,196.215
2024-03-05 11:08:00,66846.8,66850.0,66680.3,66697.1,286.21
2024-03-05 11:09:00,66696.6,66700.0,66529.2,66584.0,1196.956
2024-03-05 11:10:00,66584.1,66700.0,66570.7,66588.3,371.221
2024-03-05 11:11:00,66588.4,66668.6,66576.9,66578.8,440.845
2024-03-05 11:12:00,66578.8,66589.6,66444.2,66574.3,805.188
2024-03-05 11:13:00,66574.3,66636.3,66475.5,66550.3,364.915
2024-03-05 11:14:00,66550.3,66583.1,66501.1,66548.6,243.687
2024-03-05 11:15:00,66548.6,66646.8,66470.2,66641.7,354.106
2024-03-05 11:16:00,66641.7,66795.0,66614.0,66791.0,390.012
2024-03-05 11:17:00,66791.0,66823.9,66689.0,66801.0,303.031
2024-03-05 11:18:00,66800.9,66800.9,66744.0,66772.5,144.554
2024-03-05 11:19:00,66772.4,66818.3,66753.5,66755.7,145.221
2024-03-05 11:20:00,66755.7,66822.0,66740.8,66821.7,175.558
2024-03-05 11:21:00,66821.7,66829.4,66784.2,66815.2,111.713
2024-03-05 11:22:00,66815.1,66830.0,66788.6,66805.3,191.734
2024-03-05 11:23:00,66805.4,66874.9,66784.2,66859.6,335.954
2024-03-05 11:24:00,66859.7,66887.0,66830.0,66852.6,199.465
2024-03-05 11:25:00,66852.5,66882.2,66780.0,66821.7,328.643
2024-03-05 11:26:00,66821.7,66939.3,66821.6,66939.3,281.664
2024-03-05 11:27:00,66939.3,66978.8,66923.3,66978.8,297.776
2024-03-05 11:28:00,66978.7,67095.0,66957.6,67095.0,621.431
2024-03-05 11:29:00,67095.0,67106.2,67011.5,67062.4,324.358
2024-03-05 11:30:00,67062.4,67063.8,66963.9,66981.2,392.601
2024-03-05 11:31:00,66981.2,67002.6,66874.3,66903.1,477.976
2024-03-05 11:32:00,66903.1,66962.8,66880.0,66910.7,203.245
2024-03-05 11:33:00,66910.6,66951.7,66794.0,66797.1,337.843
2024-03-05 11:34:00,66798.4,66854.0,66700.1,66822.8,510.162
2024-03-05 11:35:00,66822.8,66889.7,66772.2,66889.7,253.005
2024-03-05 11:36:00,66889.7,66902.9,66777.6,66787.5,208.317
2024-03-05 11:37:00,66787.5,66870.0,66769.0,66858.4,248.477
2024-03-05 11:38:00,66858.4,66921.3,66855.4,66899.3,196.297
2024-03-05 11:39:00,66899.3,66959.9,66892.5,66933.2,214.375
2024-03-05 11:40:00,66933.2,67058.2,66914.0,67012.0,409.457
2024-03-05 11:41:00,67012.1,67128.3,67000.7,67104.9,428.556
2024-03-05 11:42:00,67109.2,67165.0,67087.1,67160.8,346.561
2024-03-05 11:43:00,67160.7,67165.0,66988.0,67084.9,593.183
2024-03-05 11:44:00,67084.9,67085.0,67014.5,67058.1,155.541
2024-03-05 11:45:00,67058.0,67150.0,67052.6,67148.6,297.559
2024-03-05 11:46:00,67148.5,67318.0,67131.0,67259.6,846.082
2024-03-05 11:47:00,67258.8,67330.3,67208.1,67295.1,458.315
2024-03-05 11:48:00,67295.1,67370.5,67254.0,67344.8,422.321
2024-03-05 11:49:00,67344.4,67376.9,67275.3,67317.9,408.57
2024-03-05 11:50:00,67317.8,67347.6,67268.0,67339.3,224.595
2024-03-05 11:51:00,67339.3,67429.4,67321.9,67409.0,391.208
2024-03-05 11:52:00,67409.0,67410.0,67295.9,67337.7,176.643
2024-03-05 11:53:00,67337.6,67392.1,67280.0,67280.0,209.69
2024-03-05 11:54:00,67280.0,67326.0,67277.3,67292.8,114.731
2024-03-05 11:55:00,67292.7,67300.0,67223.3,67241.7,238.394
2024-03-05 11:56:00,67241.6,67241.6,67172.0,67177.1,228.311
2024-03-05 11:57:00,67177.1,67226.0,67167.1,67215.8,138.841
2024-03-05 11:58:00,67215.8,67286.3,67205.7,67276.0,98.617
2024-03-05 11:59:00,67275.9,67435.0,67262.1,67419.2,383.114
2024-03-05 12:00:00,67419.2,67423.2,67287.3,67326.2,198.101
2024-03-05 12:01:00,67326.2,67436.9,67287.2,67436.8,183.647
2024-03-05 12:02:00,67436.8,67551.6,67436.8,67507.4,668.201
2024-03-05 12:03:00,67507.4,67526.0,67451.3,67461.3,186.34
2024-03-05 12:04:00,67461.2,67470.0,67415.3,67436.7,157.067
2024-03-05 12:05:00,67436.7,67565.3,67415.6,67538.4,352.516
2024-03-05 12:06:00,67538.4,67538.5,67500.0,67511.2,224.277
2024-03-05 12:07:00,67511.3,67524.9,67436.6,67474.8,166.396
2024-03-05 12:08:00,67474.8,67514.7,67428.8,67500.9,245.666
2024-03-05 12:09:00,67501.0,67507.9,67429.7,67456.4,141.342
2024-03-05 12:10:00,67456.4,67525.0,67443.2,67517.1,202.535
2024-03-05 12:11:00,67517.0,67550.0,67434.4,67450.0,196.304
2024-03-05 12:12:00,67450.0,67494.1,67427.8,67494.0,189.763
2024-03-05 12:13:00,67494.1,67523.5,67436.6,67442.1,146.608
2024-03-05 12:14:00,67442.1,67448.1,67316.2,67370.1,538.911
2024-03-05 12:15:00,67370.0,67533.5,67350.5,67508.3,267.724
2024-03-05 12:16:00,67508.3,67566.7,67474.7,67483.8,161.688
2024-03-05 12:17:00,67483.8,67519.0,67431.3,67440.1,199.201
2024-03-05 12:18:00,67440.1,67511.8,67432.1,67440.1,135.487
2024-03-05 12:19:00,67440.0,67556.6,67427.0,67527.5,261.248
2024-03-05 12:20:00,67527.5,67545.2,67456.3,67456.4,152.253
2024-03-05 12:21:00,67456.3,67501.6,67427.1,67492.9,102.072
2024-03-05 12:22:00,67492.8,67524.2,67480.3,67481.8,188.534
2024-03-05 12:23:00,67481.8,67486.7,67413.3,67441.5,148.699
2024-03-05 12:24:00,67441.6,67474.7,67413.5,67450.0,175.294
2024-03-05 12:25:00,67450.1,67467.7,67394.6,67394.7,183.205
2024-03-05 12:26:00,67394.7,67405.2,67321.4,67321.4,275.994
2024-03-05 12:27:00,67321.5,67390.2,67273.9,67358.2,368.216
2024-03-05 12:28:00,67357.3,67375.5,67320.0,67336.1,160.021
2024-03-05 12:29:00,67336.1,67392.5,67294.9,67368.4,247.937
2024-03-05 12:30:00,67368.5,67431.3,67322.7,67421.8,167.312
2024-03-05 12:31:00,67421.8,67438.5,67369.0,67376.3,74.226
2024-03-05 12:32:00,67376.4,67400.0,67367.9,67400.0,43.53
2024-03-05 12:33:00,67400.0,67400.0,67265.6,67277.2,187.593
2024-03-05 12:34:00,67277.2,67296.7,67223.2,67250.1,235.361
2024-03-05 12:35:00,67250.0,67266.1,67161.8,67198.3,335.793
2024-03-05 12:36:00,67198.4,67213.9,67170.0,67174.1,250.855
2024-03-05 12:37:00,67174.1,67283.0,67174.1,67283.0,227.569
2024-03-05 12:38:00,67283.0,67341.5,67220.9,67221.0,173.372
2024-03-05 12:39:00,67220.9,67276.0,67213.7,67232.9,72.251
2024-03-05 12:40:00,67232.8,67311.7,67228.9,67277.1,264.251
2024-03-05 12:41:00,67277.1,67328.5,67271.3,67312.8,177.698
2024-03-05 12:42:00,67312.8,67324.3,67254.7,67257.1,74.766
2024-03-05 12:43:00,67257.1,67320.0,67232.9,67283.7,81.081
2024-03-05 12:44:00,67283.6,67300.0,67242.5,67263.0,71.636
2024-03-05 12:45:00,67263.0,67274.1,67189.0,67199.9,151.457
2024-03-05 12:46:00,67200.0,67240.2,67158.1,67186.9,236.132
2024-03-05 12:47:00,67187.0,67300.2,67160.5,67285.5,223.235
2024-03-05 12:48:00,67284.4,67319.0,67263.2,67308.5,105.798
2024-03-05 12:49:00,67308.6,67313.3,67162.9,67162.9,171.683
2024-03-05 12:50:00,67162.9,67194.8,67062.5,67087.8,558.673
2024-03-05 12:51:00,67087.8,67148.5,67076.4,67141.8,263.913
2024-03-05 12:52:00,67141.1,67141.1,67060.8,67118.3,214.778
2024-03-05 12:53:00,67118.3,67139.6,67030.6,67044.8,389.58
2024-03-05 12:54:00,67044.9,67102.5,67044.9,67102.3,230.539
2024-03-05 12:55:00,67102.4,67182.6,67102.4,67148.3,176.904
2024-03-05 12:56:00,67148.2,67148.2,67053.5,67108.7,152.683
2024-03-05 12:57:00,67108.7,67116.1,67042.5,67042.5,118.704
2024-03-05 12:58:00,67042.5,67080.3,67040.9,67045.3,144.008
2024-03-05 12:59:00,67045.4,67054.9,66910.4,66937.8,627.576
2024-03-05 13:00:00,66937.8,66986.0,66861.7,66861.7,564.682
2024-03-05 13:01:00,66861.7,67004.8,66853.3,66918.7,428.685
2024-03-05 13:02:00,66918.8,66978.6,66887.4,66912.0,172.876
2024-03-05 13:03:00,66912.0,66921.4,66801.6,66828.7,364.066
2024-03-05 13:04:00,66828.7,66912.9,66803.3,66859.0,405.494
2024-03-05 13:05:00,66859.0,66859.1,66760.0,66769.6,542.148
2024-03-05 13:06:00,66769.6,66855.6,66747.1,66758.5,322.06
2024-03-05 13:07:00,66756.0,66767.0,66543.4,66710.3,1708.739
2024-03-05 13:08:00,66710.2,66795.0,66632.0,66650.7,589.516
2024-03-05 13:09:00,66650.6,66665.4,66531.9,66663.8,521.954
2024-03-05 13:10:00,66663.7,66780.0,66654.1,66722.9,515.589
2024-03-05 13:11:00,66723.0,66769.1,66677.1,66759.6,265.754
2024-03-05 13:12:00,66759.6,66774.8,66683.5,66690.2,170.97
2024-03-05 13:13:00,66690.3,66735.6,66666.0,66684.1,184.322
2024-03-05 13:14:00,66684.1,66684.1,66586.0,66586.0,196.629
2024-03-05 13:15:00,66586.1,66630.8,66532.7,66590.9,445.401
2024-03-05 13:16:00,66591.0,66599.8,66288.0,66468.6,1839.496
2024-03-05 13:17:00,66468.6,66546.1,66343.7,66536.4,790.119
2024-03-05 13:18:00,66535.7,66628.7,66482.0,66572.5,1225.383
2024-03-05 13:19:00,66572.4,66617.7,66558.9,66588.9,315.676
2024-03-05 13:20:00,66588.0,66725.8,66564.7,66700.7,623.44
2024-03-05 13:21:00,66700.7,66772.4,66661.0,66767.8,793.172
2024-03-05 13:22:00,66767.8,66798.4,66643.3,66750.4,505.076
2024-03-05 13:23:00,66750.3,66757.6,66635.7,66721.8,254.499
2024-03-05 13:24:00,66721.7,66763.9,66661.0,66661.1,238.987
2024-03-05 13:25:00,66661.0,66679.8,66542.8,66551.9,562.623
2024-03-05 13:26:00,66551.9,66589.8,66479.6,66493.7,510.499
2024-03-05 13:27:00,66493.7,66562.3,66487.4,66513.5,337.232
2024-03-05 13:28:00,66513.4,66529.4,66361.0,66415.8,716.965
2024-03-05 13:29:00,66415.8,66416.0,66179.6,66223.8,1861.104
2024-03-05 13:30:00,66223.8,66471.6,66186.2,66471.6,978.66
2024-03-05 13:31:00,66471.5,66490.0,66314.9,66409.0,709.719
2024-03-05 13:32:00,66408.9,66486.6,66328.3,66442.7,383.924
2024-03-05 13:33:00,66442.7,66506.5,66402.1,66435.8,545.775
2024-03-05 13:34:00,66435.8,66441.2,66300.0,66317.2,619.519
2024-03-05 13:35:00,66317.2,66399.9,66201.9,66266.9,546.92
2024-03-05 13:36:00,66266.9,66290.3,66097.3,66187.5,1207.563
2024-03-05 13:37:00,66187.1,66268.0,66127.7,66254.0,603.918
2024-03-05 13:38:00,66254.0,66286.3,66100.0,66113.8,470.798
2024-03-05 13:39:00,66113.8,66137.6,65600.0,65631.8,4205.26
2024-03-05 13:40:00,65631.8,66048.5,65628.9,66043.3,2168.492
2024-03-05 13:41:00,66043.2,66150.0,66000.0,66000.1,896.375
2024-03-05 13:42:00,66000.1,66311.9,65964.9,66311.9,920.177
2024-03-05 13:43:00,66311.9,66464.0,66248.0,66462.5,1995.693
2024-03-05 13:44:00,66462.4,66532.9,66414.5,66496.5,976.404
2024-03-05 13:45:00,66496.6,66660.8,66439.9,66571.5,1705.284
2024-03-05 13:46:00,66571.4,66665.2,66485.5,66643.9,648.946
2024-03-05 13:47:00,66643.9,66691.7,66575.2,66585.1,512.528
2024-03-05 13:48:00,66585.2,66622.8,66521.0,66542.8,321.882
2024-03-05 13:49:00,66542.8,66595.9,66467.8,66574.2,358.216
2024-03-05 13:50:00,66574.1,66656.7,66526.0,66611.0,405.406
2024-03-05 13:51:00,66611.0,66628.9,66490.8,66538.0,424.805
2024-03-05 13:52:00,66538.0,66657.4,66464.3,66657.4,328.904
2024-03-05 13:53:00,66657.3,66754.2,66647.4,66705.0,698.749
2024-03-05 13:54:00,66704.9,66764.5,66690.5,66758.8,360.188
2024-03-05 13:55:00,66759.3,66829.5,66725.1,66773.9,604.226
2024-03-05 13:56:00,66773.9,66800.0,66679.2,66799.9,289.762
2024-03-05 13:57:00,66800.0,66811.0,66726.2,66726.2,227.352
2024-03-05 13:58:00,66726.3,66726.3,66643.0,66649.8,207.794
2024-03-05 13:59:00,66649.8,66699.2,66590.8,66633.0,260.167
2024-03-05 14:00:00,66633.0,66705.4,66604.7,66700.0,212.201
2024-03-05 14:01:00,66699.9,66728.3,66589.1,66623.4,250.188
2024-03-05 14:02:00,66622.0,66625.8,66520.9,66523.4,240.278
2024-03-05 14:03:00,66523.4,66551.7,66518.0,66520.1,211.414
2024-03-05 14:04:00,66520.1,66533.1,66454.2,66487.5,451.03
2024-03-05 14:05:00,66487.4,66582.1,66482.7,66577.5,235.556
2024-03-05 14:06:00,66577.5,66682.1,66570.9,66673.9,231.601
2024-03-05 14:07:00,66673.9,66763.1,66598.0,66756.1,324.744
2024-03-05 14:08:00,66756.1,66799.5,66733.3,66779.4,316.742
2024-03-05 14:09:00,66779.4,66826.1,66762.3,66808.1,313.747
2024-03-05 14:10:00,66808.1,66808.2,66732.7,66750.2,174.807
2024-03-05 14:11:00,66750.3,66787.3,66668.7,66723.7,139.601
2024-03-05 14:12:00,66723.7,66817.0,66723.7,66798.1,155.534
2024-03-05 14:13:00,66798.2,66820.0,66734.6,66751.0,157.689
2024-03-05 14:14:00,66750.6,66788.3,66736.7,66781.2,61.326
2024-03-05 14:15:00,66781.2,66828.4,66703.8,66781.1,165.338
2024-03-05 14:16:00,66781.2,66833.2,66745.8,66782.8,199.817
2024-03-05 14:17:00,66782.7,66815.9,66760.0,66787.0,99.22
2024-03-05 14:18:00,66787.0,66833.2,66721.1,66833.2,148.476
2024-03-05 14:19:00,66833.1,66873.2,66802.3,66864.1,294.654
2024-03-05 14:20:00,66864.0,66873.5,66744.7,66873.5,179.424
2024-03-05 14:21:00,66873.5,66902.4,66811.0,66902.4,190.717
2024-03-05 14:22:00,66902.4,66910.0,66858.0,66870.5,236.252
2024-03-05 14:23:00,66870.6,66896.6,66790.0,66896.5,115.876
2024-03-05 14:24:00,66896.6,66904.1,66840.0,66897.8,133.87
2024-03-05 14:25:00,66897.9,66919.9,66886.7,66908.7,149.806
2024-03-05 14:26:00,66908.2,66919.8,66812.4,66913.3,133.764
2024-03-05 14:27:00,66913.3,66936.9,66886.2,66932.0,142.839
2024-03-05 14:28:00,66931.9,66935.9,66850.7,66864.0,96.408
2024-03-05 14:29:00,66865.9,66988.8,66863.2,66962.1,460.007
2024-03-05 14:30:00,66962.0,66977.7,66876.2,66888.5,232.973
2024-03-05 14:31:00,66888.5,66919.9,66846.0,66889.0,246.412
2024-03-05 14:32:00,66889.0,66889.0,66793.5,66795.5,242.772
2024-03-05 14:33:00,66795.5,66832.3,66790.2,66801.3,124.759
2024-03-05 14:34:00,66801.3,66821.4,66742.8,66785.2,306.3
2024-03-05 14:35:00,66785.3,66850.9,66785.3,66834.7,127.537
2024-03-05 14:36:00,66834.6,66908.6,66762.5,66897.3,180.854
2024-03-05 14:37:00,66897.2,66905.1,66850.0,66850.0,85.388
2024-03-05 14:38:00,66850.1,66877.8,66828.9,66876.9,127.598
2024-03-05 14:39:00,66876.9,66895.2,66850.0,66857.8,99.007
2024-03-05 14:40:00,66857.7,66871.2,66778.1,66834.1,92.679
2024-03-05 14:41:00,66834.1,66865.9,66791.6,66851.1,129.355
2024-03-05 14:42:00,66851.9,66855.9,66782.4,66782.4,72.937
2024-03-05 14:43:00,66782.5,66818.0,66773.5,66776.4,87.8
2024-03-05 14:44:00,66776.3,66780.7,66740.9,66749.3,168.815
2024-03-05 14:45:00,66749.2,66779.6,66688.3,66779.6,305.528
2024-03-05 14:46:00,66779.5,66802.3,66723.7,66802.3,125.546
2024-03-05 14:47:00,66802.3,66809.1,66747.4,66784.5,140.151
2024-03-05 14:48:00,66784.4,66850.0,66746.6,66850.0,122.316
2024-03-05 14:49:00,66849.9,66849.9,66782.6,66818.8,106.537
2024-03-05 14:50:00,66818.7,66873.9,66794.1,66867.9,198.029
2024-03-05 14:51:00,66867.8,66890.2,66804.0,66890.1,85.255
2024-03-05 14:52:00,66890.2,66910.0,66872.0,66910.0,174.918
2024-03-05 14:53:00,66909.9,66920.1,66873.6,66893.2,106.615
2024-03-05 14:54:00,66893.1,66930.5,66873.5,66913.3,136.266
2024-03-05 14:55:00,66913.2,66919.4,66869.6,66904.5,114.468
2024-03-05 14:56:00,66904.5,66912.9,66848.0,66877.2,96.886
2024-03-05 14:57:00,66877.1,66911.5,66850.0,66866.8,73.666
2024-03-05 14:58:00,66866.7,66886.1,66831.6,66850.0,158.701
2024-03-05 14:59:00,66849.9,66865.9,66832.3,66839.8,55.807
2024-03-05 15:00:00,66839.7,66839.7,66746.4,66757.8,155.566
2024-03-05 15:01:00,66757.7,66761.7,66680.5,66699.2,214.834
2024-03-05 15:02:00,66699.2,66722.7,66603.5,66639.9,358.161
2024-03-05 15:03:00,66639.9,66704.5,66604.7,66639.8,413.645
2024-03-05 15:04:00,66639.7,66645.6,66555.4,66616.3,409.203
2024-03-05 15:05:00,66616.2,66616.2,66510.0,66567.5,498.874
2024-03-05 15:06:00,66567.6,66568.3,66450.0,66506.7,585.844
2024-03-05 15:07:00,66506.8,66525.3,66357.7,66482.7,684.354
2024-03-05 15:08:00,66482.8,66558.3,66464.9,66469.8,444.427
2024-03-05 15:09:00,66469.7,66556.0,66450.8,66507.9,312.967
2024-03-05 15:10:00,66507.9,66619.0,66481.4,66589.9,385.247
2024-03-05 15:11:00,66589.7,66589.7,66475.9,66484.0,204.642
2024-03-05 15:12:00,66484.0,66508.5,66463.0,66464.1,213.471
2024-03-05 15:13:00,66464.0,66484.0,66450.0,66450.0,155.221
2024-03-05 15:14:00,66450.0,66494.9,66437.5,66474.3,140.211
2024-03-05 15:15:00,66474.3,66508.7,66463.7,66479.4,139.179
2024-03-05 15:16:00,66479.3,66479.4,66321.7,66326.0,492.794
2024-03-05 15:17:00,66326.0,66378.0,66320.6,66338.1,247.276
2024-03-05 15:18:00,66338.0,66341.3,66261.5,66303.2,353.224
2024-03-05 15:19:00,66303.2,66318.3,66250.8,66278.8,234.728
2024-03-05 15:20:00,66278.8,66320.4,66246.1,66252.6,335.446
2024-03-05 15:21:00,66252.6,66271.4,66206.2,66232.9,222.587
2024-03-05 15:22:00,66232.9,66287.4,66149.7,66282.2,585.357
2024-03-05 15:23:00,66282.1,66454.4,66282.1,66402.0,715.283
2024-03-05 15:24:00,66401.9,66462.4,66332.5,66417.1,339.824
2024-03-05 15:25:00,66417.0,66473.9,66409.5,66437.9,313.851
2024-03-05 15:26:00,66437.9,66484.4,66422.9,66448.0,351.321
2024-03-05 15:27:00,66448.1,66464.0,66439.2,66457.6,139.019
2024-03-05 15:28:00,66457.6,66466.9,66406.0,66435.5,212.257
2024-03-05 15:29:00,66435.4,66541.2,66435.4,66518.9,402.136
2024-03-05 15:30:00,66518.9,66585.2,66518.9,66573.1,254.404
2024-03-05 15:31:00,66573.1,66640.0,66552.2,66637.2,237.612
2024-03-05 15:32:00,66637.2,66666.6,66584.0,66631.4,401.05
2024-03-05 15:33:00,66631.6,66690.0,66626.7,66661.8,246.316
2024-03-05 15:34:00,66661.7,66694.0,66621.4,66665.4,212.566
2024-03-05 15:35:00,66665.3,66699.8,66649.3,66699.8,122.08
2024-03-05 15:36:00,66699.7,66771.6,66688.0,66750.0,780.923
2024-03-05 15:37:00,66750.0,66769.9,66714.1,66742.0,179.548
2024-03-05 15:38:00,66741.8,66784.0,66731.3,66749.4,212.954
2024-03-05 15:39:00,66751.2,66784.1,66702.8,66776.0,206.988
2024-03-05 15:40:00,66775.9,66793.1,66742.9,66776.5,139.961
2024-03-05 15:41:00,66776.5,66813.1,66765.3,66812.2,198.218
2024-03-05 15:42:00,66812.1,66836.9,66752.7,66752.7,239.67
2024-03-05 15:43:00,66752.7,66825.0,66727.9,66819.9,173.261
2024-03-05 15:44:00,66819.9,66835.0,66803.2,66816.8,125.086
2024-03-05 15:45:00,66816.8,66835.5,66804.8,66826.1,100.445
2024-03-05 15:46:00,66826.0,66846.8,66783.1,66831.1,192.922
2024-03-05 15:47:00,66831.0,66831.1,66782.8,66799.1,104.572
2024-03-05 15:48:00,66799.0,66854.4,66794.4,66842.6,163.374
2024-03-05 15:49:00,66842.6,66901.7,66821.8,66886.3,315.248
2024-03-05 15:50:00,66886.2,66901.1,66844.4,66847.9,106.066
2024-03-05 15:51:00,66848.0,66900.0,66828.4,66899.9,88.759
2024-03-05 15:52:00,66899.9,66903.0,66869.1,66885.0,121.44
2024-03-05 15:53:00,66884.9,66897.6,66854.4,66874.6,132.172
2024-03-05 15:54:00,66874.6,66902.7,66855.6,66898.0,104.675
2024-03-05 15:55:00,66899.5,66914.0,66885.9,66909.8,177.363
2024-03-05 15:56:00,66909.8,66934.8,66900.0,66932.0,84.983
2024-03-05 15:57:00,66932.1,66992.0,66908.5,66910.7,452.159
2024-03-05 15:58:00,66910.8,66990.8,66900.0,66960.1,175.693
2024-03-05 15:59:00,66960.1,67063.5,66954.9,67021.1,550.108
2024-03-05 16:00:00,67021.2,67046.8,66975.6,66975.6,177.726
2024-03-05 16:01:00,66975.6,67108.8,66962.0,67081.1,306.146
2024-03-05 16:02:00,67081.2,67225.0,67075.8,67222.8,723.583
2024-03-05 16:03:00,67222.7,67245.0,67163.5,67210.1,522.305
2024-03-05 16:04:00,67210.1,67290.3,67186.2,67191.8,558.114
2024-03-05 16:05:00,67191.7,67205.3,67083.5,67180.8,468.092
2024-03-05 16:06:00,67180.8,67205.3,67128.7,67199.7,229.674
2024-03-05 16:07:00,67199.7,67205.3,67160.3,67174.0,256.05
2024-03-05 16:08:00,67174.0,67233.1,67104.6,67205.4,279.921
2024-03-05 16:09:00,67205.5,67229.6,67166.4,67194.5,125.892
2024-03-05 16:10:00,67194.4,67200.0,67114.9,67145.7,192.207
2024-03-05 16:11:00,67145.7,67195.1,67110.0,67121.6,153.088
2024-03-05 16:12:00,67121.5,67198.9,67103.5,67150.8,209.531
2024-03-05 16:13:00,67150.7,67153.3,67102.0,67150.0,97.674
2024-03-05 16:14:00,67150.0,67161.5,67107.5,67139.9,84.079
2024-03-05 16:15:00,67140.0,67160.8,67099.0,67116.3,118.03
2024-03-05 16:16:00,67116.3,67166.0,67063.3,67063.3,186.626
2024-03-05 16:17:00,67063.4,67091.1,66970.9,67023.3,605.951
2024-03-05 16:18:00,67022.7,67023.4,66960.5,66999.1,360.106
2024-03-05 16:19:00,66999.0,67027.8,66960.6,67011.6,183.355
2024-03-05 16:20:00,67011.7,67023.8,66980.5,67019.9,174.983
2024-03-05 16:21:00,67019.9,67066.3,66964.6,66970.1,145.734
2024-03-05 16:22:00,66970.0,67063.2,66970.0,67047.8,103.848
2024-03-05 16:23:00,67047.8,67115.2,67005.3,67071.9,223.042
2024-03-05 16:24:00,67071.8,67093.9,67034.2,67067.7,202.691
2024-03-05 16:25:00,67067.8,67097.4,67011.9,67011.9,253.997
2024-03-05 16:26:00,67011.9,67053.2,66982.2,67008.7,171.646
2024-03-05 16:27:00,67008.8,67030.0,66994.9,67010.0,94.301
2024-03-05 16:28:00,67010.1,67046.6,67001.2,67017.1,58.094
2024-03-05 16:29:00,67017.1,67018.5,66888.6,66902.1,410.257
2024-03-05 16:30:00,66902.1,66961.0,66891.6,66943.5,195.884
2024-03-05 16:31:00,66943.5,66985.9,66904.9,66978.3,110.205
2024-03-05 16:32:00,66978.4,66978.4,66922.4,66922.4,72.101
2024-03-05 16:33:00,66922.4,66940.8,66862.2,66862.3,192.577
2024-03-05 16:34:00,66862.3,66995.6,66851.8,66992.0,280.157
2024-03-05 16:35:00,66991.9,66991.9,66912.8,66970.7,105.378
2024-03-05 16:36:00,66970.8,66979.0,66902.8,66902.8,85.453
2024-03-05 16:37:00,66902.9,66917.7,66866.0,66917.7,217.972
2024-03-05 16:38:00,66917.7,66973.4,66900.0,66900.0,138.832
2024-03-05 16:39:00,66900.1,66903.3,66857.3,66871.0,265.278
2024-03-05 16:40:00,66871.1,66950.0,66871.0,66949.9,156.406
2024-03-05 16:41:00,66949.9,66950.0,66909.9,66911.6,340.517
2024-03-05 16:42:00,66911.7,66911.7,66911.6,66911.7,52.413
2024-03-05 16:43:00,66911.6,66911.7,66812.0,66813.2,333.367
2024-03-05 16:44:00,66813.2,66827.4,66720.9,66808.3,477.807
2024-03-05 16:45:00,66808.3,66827.5,66765.6,66817.0,200.427
2024-03-05 16:46:00,66817.0,66820.2,66719.9,66728.1,187.053
2024-03-05 16:47:00,66728.2,66793.8,66719.9,66724.3,196.457
2024-03-05 16:48:00,66724.3,66792.9,66700.0,66766.8,183.633
2024-03-05 16:49:00,66766.9,66823.3,66738.5,66793.5,126.966
2024-03-05 16:50:00,66793.5,66809.6,66780.0,66794.6,81.033
2024-03-05 16:51:00,66794.6,66821.7,66752.2,66818.0,111.205
2024-03-05 16:52:00,66818.0,66882.7,66797.2,66882.5,204.838
2024-03-05 16:53:00,66882.6,66902.4,66832.8,66838.1,227.486
2024-03-05 16:54:00,66838.0,66842.3,66800.0,66842.3,129.894
2024-03-05 16:55:00,66842.3,66872.4,66800.0,66872.4,100.371
2024-03-05 16:56:00,66872.4,66960.9,66861.2,66941.6,230.045
2024-03-05 16:57:00,66941.6,66962.2,66889.7,66947.8,173.092
2024-03-05 16:58:00,66947.8,66973.9,66930.4,66963.6,145.498
2024-03-05 16:59:00,66963.7,66972.4,66932.0,66933.6,130.81
2024-03-05 17:00:00,66933.7,66954.3,66889.8,66902.9,185.659
2024-03-05 17:01:00,66902.9,66949.0,66895.0,66895.0,81.024
2024-03-05 17:02:00,66895.1,66895.1,66720.6,66733.0,303.116
2024-03-05 17:03:00,66733.0,66790.0,66673.4,66700.2,398.039
2024-03-05 17:04:00,66700.2,66767.4,66697.1,66710.3,255.375
2024-03-05 17:05:00,66710.3,66736.8,66630.0,66673.3,477.215
2024-03-05 17:06:00,66673.3,66769.9,66673.2,66738.1,153.649
2024-03-05 17:07:00,66738.1,66761.7,66700.5,66737.5,105.533
2024-03-05 17:08:00,66737.5,66768.8,66701.6,66748.5,123.662
2024-03-05 17:09:00,66748.5,66774.7,66711.9,66756.0,229.271
2024-03-05 17:10:00,66756.0,66766.3,66633.5,66662.1,275.164
2024-03-05 17:11:00,66662.0,66706.0,66613.8,66640.0,278.869
2024-03-05 17:12:00,66639.9,66695.7,66631.9,66647.7,163.156
2024-03-05 17:13:00,66647.6,66680.0,66635.0,66668.4,235.88
2024-03-05 17:14:00,66668.4,66673.7,66604.6,66604.7,163.325
2024-03-05 17:15:00,66604.6,66699.9,66555.7,66698.0,481.15
2024-03-05 17:16:00,66698.0,66754.7,66682.0,66740.8,263.701
2024-03-05 17:17:00,66740.7,66750.7,66700.0,66747.6,161.727
2024-03-05 17:18:00,66747.6,66790.0,66731.3,66753.9,173.338
2024-03-05 17:19:00,66753.9,66779.0,66729.0,66749.0,105.079
2024-03-05 17:20:00,66749.1,66784.9,66736.2,66741.8,112.489
2024-03-05 17:21:00,66741.9,66786.5,66738.6,66756.6,96.484
2024-03-05 17:22:00,66756.5,66765.7,66701.2,66717.4,143.91
2024-03-05 17:23:00,66717.5,66726.1,66688.5,66708.0,160.531
2024-03-05 17:24:00,66708.0,66782.8,66700.6,66780.4,110.704
2024-03-05 17:25:00,66780.4,66789.7,66765.4,66782.1,119.438
2024-03-05 17:26:00,66782.1,66800.0,66770.0,66789.8,186.918
2024-03-05 17:27:00,66789.8,66789.8,66739.0,66747.5,167.662
2024-03-05 17:28:00,66747.6,66757.6,66717.6,66744.0,104.516
2024-03-05 17:29:00,66744.0,66758.3,66737.2,66749.0,95.86
2024-03-05 17:30:00,66749.1,66765.0,66715.7,66715.7,162.638
2024-03-05 17:31:00,66715.7,66765.8,66715.7,66760.7,103.338
2024-03-05 17:32:00,66760.7,66760.9,66669.5,66684.2,128.964
2024-03-05 17:33:00,66684.2,66806.7,66677.9,66800.0,337.535
2024-03-05 17:34:00,66800.0,66845.7,66800.0,66845.6,221.093
2024-03-05 17:35:00,66845.6,66887.8,66832.2,66880.5,296.864
2024-03-05 17:36:00,66880.6,66960.7,66880.5,66891.7,310.43
2024-03-05 17:37:00,66891.8,66912.4,66873.1,66889.5,105.146
2024-03-05 17:38:00,66889.5,66952.8,66889.4,66944.6,184.239
2024-03-05 17:39:00,66944.6,66955.5,66887.1,66927.3,197.497
2024-03-05 17:40:00,66927.3,66955.7,66922.8,66955.7,168.482
2024-03-05 17:41:00,66955.6,67040.0,66950.0,67040.0,344.903
2024-03-05 17:42:00,67040.0,67100.4,67033.5,67100.4,350.741
2024-03-05 17:43:00,67100.3,67132.7,67070.4,67121.9,260.026
2024-03-05 17:44:00,67122.0,67130.0,67090.6,67130.0,217.57
2024-03-05 17:45:00,67130.0,67181.4,67112.8,67180.0,213.894
2024-03-05 17:46:00,67180.0,67200.0,67150.0,67190.1,254.088
2024-03-05 17:47:00,67190.1,67191.3,67119.8,67144.8,477.127
2024-03-05 17:48:00,67144.7,67144.8,66981.4,67016.4,700.624
2024-03-05 17:49:00,67016.4,67085.9,67016.4,67081.9,145.331
2024-03-05 17:50:00,67082.0,67125.0,67067.0,67082.6,137.266
2024-03-05 17:51:00,67082.7,67119.4,66986.5,67007.2,339.439
2024-03-05 17:52:00,67007.2,67020.0,66915.0,66919.1,239.408
2024-03-05 17:53:00,66919.1,67001.0,66915.0,66992.0,165.625
2024-03-05 17:54:00,66992.0,67032.5,66957.9,66981.0,78.229
2024-03-05 17:55:00,66981.0,67030.0,66950.0,67030.0,141.13
2024-03-05 17:56:00,67030.0,67059.4,66993.6,67000.6,115.151
2024-03-05 17:57:00,67000.6,67043.6,66993.6,67004.7,138.654
2024-03-05 17:58:00,67004.8,67032.9,66987.2,67009.3,92.926
2024-03-05 17:59:00,67009.3,67027.1,66993.8,67014.4,68.341
2024-03-05 18:00:00,67014.4,67050.0,66990.0,66994.3,84.961
2024-03-05 18:01:00,66994.3,67042.9,66935.3,67038.0,187.208
2024-03-05 18:02:00,67038.0,67110.9,67014.2,67070.3,143.551
2024-03-05 18:03:00,67070.3,67110.9,67050.0,67107.0,136.609
2024-03-05 18:04:00,67107.0,67145.7,67099.8,67144.8,119.743
2024-03-05 18:05:00,67144.8,67190.0,67127.9,67189.7,189.732
2024-03-05 18:06:00,67189.6,67250.0,67184.0,67247.7,388.012
2024-03-05 18:07:00,67240.2,67247.9,67185.7,67198.2,236.332
2024-03-05 18:08:00,67198.3,67257.0,67191.5,67251.7,216.436
2024-03-05 18:09:00,67251.8,67301.8,67223.5,67274.1,417.526
2024-03-05 18:10:00,67274.0,67296.0,67214.2,67214.3,281.141
2024-03-05 18:11:00,67214.3,67242.1,67139.3,67217.2,327.279
2024-03-05 18:12:00,67217.1,67227.7,67160.6,67184.6,142.472
2024-03-05 18:13:00,67184.6,67227.4,67167.3,67220.0,101.824
2024-03-05 18:14:00,67219.9,67220.0,67162.4,67197.0,112.654
2024-03-05 18:15:00,67196.9,67245.1,67179.4,67192.5,258.388
2024-03-05 18:16:00,67193.7,67235.1,67104.4,67235.0,207.414
2024-03-05 18:17:00,67235.1,67261.9,67206.5,67206.5,175.296
2024-03-05 18:18:00,67206.6,67291.0,67206.5,67287.1,178.506
2024-03-05 18:19:00,67287.1,67293.6,67222.2,67252.9,199.259
2024-03-05 18:20:00,67252.9,67286.9,67243.5,67279.5,204.946
2024-03-05 18:21:00,67279.5,67288.8,67256.4,67259.6,122.965
2024-03-05 18:22:00,67259.6,67314.7,67259.6,67283.5,228.492
2024-03-05 18:23:00,67283.5,67353.0,67283.5,67321.6,325.609
2024-03-05 18:24:00,67321.6,67355.0,67321.5,67331.5,204.392
2024-03-05 18:25:00,67331.6,67403.0,67328.2,67402.9,319.916
2024-03-05 18:26:00,67403.0,67435.7,67367.4,67417.3,479.604
2024-03-05 18:27:00,67417.4,67417.4,67325.0,67388.6,425.906
2024-03-05 18:28:00,67388.6,67416.0,67369.0,67389.9,193.801
2024-03-05 18:29:00,67389.9,67412.0,67384.3,67399.1,231.464
2024-03-05 18:30:00,67399.1,67429.3,67383.0,67396.2,265.687
2024-03-05 18:31:00,67396.1,67478.7,67396.1,67477.5,489.258
2024-03-05 18:32:00,67477.6,67504.9,67427.7,67479.3,390.266
2024-03-05 18:33:00,67479.2,67559.4,67479.1,67559.4,595.022
2024-03-05 18:34:00,67559.3,67700.0,67532.1,67551.0,1213.684
2024-03-05 18:35:00,67551.1,67599.7,67518.0,67529.9,479.325
2024-03-05 18:36:00,67529.9,67762.4,67500.0,67728.5,900.457
2024-03-05 18:37:00,67728.5,67794.2,67700.0,67760.0,827.326
2024-03-05 18:38:00,67760.0,67765.6,67610.6,67691.1,599.225
2024-03-05 18:39:00,67691.1,67777.0,67664.1,67753.0,275.5
2024-03-05 18:40:00,67753.0,67779.7,67684.1,67755.2,396.114
2024-03-05 18:41:00,67755.2,67845.8,67707.4,67751.4,723.021
2024-03-05 18:42:00,67751.3,67766.6,67660.0,67759.7,618.726
2024-03-05 18:43:00,67759.6,67906.2,67757.9,67906.1,790.105
2024-03-05 18:44:00,67906.1,67935.6,67865.7,67919.9,444.013
2024-03-05 18:45:00,67919.8,67979.9,67857.6,67969.8,799.423
2024-03-05 18:46:00,67969.7,68043.4,67918.6,68023.8,964.464
2024-03-05 18:47:00,68023.7,68066.1,67983.1,68060.5,594.01
2024-03-05 18:48:00,68060.4,68142.0,68000.0,68023.8,991.618
2024-03-05 18:49:00,68023.7,68035.8,67950.0,68003.0,491.545
2024-03-05 18:50:00,68003.0,68072.4,67946.3,67946.3,674.101
2024-03-05 18:51:00,67946.4,68070.5,67920.0,68061.8,582.247
2024-03-05 18:52:00,68061.7,68100.0,68000.0,68032.4,527.543
2024-03-05 18:53:00,68032.4,68069.3,68012.8,68047.5,256.271
2024-03-05 18:54:00,68047.5,68088.3,67965.0,67977.2,361.264
2024-03-05 18:55:00,67977.4,68002.9,67857.6,67870.8,929.667
2024-03-05 18:56:00,67870.8,67886.1,67814.6,67829.8,907.897
2024-03-05 18:57:00,67826.0,67900.0,67790.8,67899.9,748.078
2024-03-05 18:58:00,67899.9,67900.0,67752.4,67804.2,472.684
2024-03-05 18:59:00,67804.2,67811.9,67724.0,67750.1,515.491
2024-03-05 19:00:00,67750.0,67829.9,67650.4,67683.3,952.906
2024-03-05 19:01:00,67683.3,67723.0,67603.0,67613.6,872.305
2024-03-05 19:02:00,67613.7,67720.0,67611.3,67705.5,531.665
2024-03-05 19:03:00,67705.5,67721.7,67657.4,67675.2,240.924
2024-03-05 19:04:00,67675.3,67727.2,67670.3,67717.1,209.553
2024-03-05 19:05:00,67717.1,67815.7,67710.0,67724.5,554.676
2024-03-05 19:06:00,67724.6,67828.1,67720.0,67794.2,272.384
2024-03-05 19:07:00,67794.3,67872.1,67794.2,67862.8,230.867
2024-03-05 19:08:00,67862.7,67952.6,67841.5,67952.5,454.653
2024-03-05 19:09:00,67952.5,67952.6,67858.2,67916.5,256.618
2024-03-05 19:10:00,67916.4,67994.0,67909.0,67946.2,402.858
2024-03-05 19:11:00,67946.2,67964.4,67926.4,67933.8,139.537
2024-03-05 19:12:00,67933.7,67937.1,67810.9,67826.6,504.329
2024-03-05 19:13:00,67828.3,67960.4,67828.3,67942.5,232.389
2024-03-05 19:14:00,67942.5,67958.1,67885.7,67916.7,200.433
2024-03-05 19:15:00,67917.6,67955.5,67833.4,67918.9,166.876
2024-03-05 19:16:00,67918.9,67959.5,67893.1,67912.1,211.065
2024-03-05 19:17:00,67912.1,67950.0,67850.6,67886.8,183.301
2024-03-05 19:18:00,67886.8,67910.2,67832.6,67897.9,258.136
2024-03-05 19:19:00,67898.0,67919.2,67828.9,67832.8,166.544
2024-03-05 19:20:00,67832.7,67832.8,67724.5,67741.5,411.591
2024-03-05 19:21:00,67741.5,67800.0,67704.6,67799.6,223.658
2024-03-05 19:22:00,67799.6,67841.7,67707.6,67712.1,396.874
2024-03-05 19:23:00,67712.0,67734.7,67640.0,67640.1,407.141
2024-03-05 19:24:00,67640.0,67767.1,67640.0,67750.0,279.564
2024-03-05 19:25:00,67750.0,67840.0,67733.5,67780.1,187.915
2024-03-05 19:26:00,67780.0,67835.2,67710.8,67720.9,289.558
2024-03-05 19:27:00,67720.8,67864.0,67693.9,67856.0,295.89
2024-03-05 19:28:00,67856.1,67931.0,67839.9,67902.0,494.132
2024-03-05 19:29:00,67901.9,67906.4,67847.8,67851.9,126.7
2024-03-05 19:30:00,67851.9,67881.7,67762.8,67763.9,180.482
2024-03-05 19:31:00,67763.9,67796.0,67705.2,67710.7,184.783
2024-03-05 19:32:00,67710.7,67761.8,67623.7,67629.6,446.017
2024-03-05 19:33:00,67629.6,67725.8,67569.3,67723.6,555.15
2024-03-05 19:34:00,67723.2,67730.0,67679.0,67729.5,175.952
2024-03-05 19:35:00,67729.4,67729.4,67600.1,67609.5,291.638
2024-03-05 19:36:00,67609.4,67729.1,67573.4,67690.4,347.645
2024-03-05 19:37:00,67690.1,67763.0,67665.1,67703.6,200.054
2024-03-05 19:38:00,67703.6,67718.8,67640.9,67694.1,139.434
2024-03-05 19:39:00,67694.2,67707.9,67620.3,67645.3,150.81
2024-03-05 19:40:00,67645.3,67679.6,67566.8,67581.2,312.352
2024-03-05 19:41:00,67581.3,67620.7,67450.0,67591.0,684.311
2024-03-05 19:42:00,67590.9,67590.9,67486.6,67562.1,393.956
2024-03-05 19:43:00,67562.1,67600.0,67524.7,67539.9,206.032
2024-03-05 19:44:00,67540.0,67602.5,67518.5,67579.0,145.348
2024-03-05 19:45:00,67579.1,67689.0,67574.1,67689.0,338.427
2024-03-05 19:46:00,67689.0,67760.0,67672.6,67748.4,271.469
2024-03-05 19:47:00,67748.4,67762.5,67685.4,67695.3,189.517
2024-03-05 19:48:00,67694.7,67701.2,67573.0,67588.5,296.378
2024-03-05 19:49:00,67588.5,67715.7,67578.7,67692.2,222.155
2024-03-05 19:50:00,67692.2,67712.1,67553.7,67553.8,205.782
2024-03-05 19:51:00,67553.8,67557.0,67383.3,67400.0,1146.613
2024-03-05 19:52:00,67399.9,67486.2,67399.9,67461.9,421.113
2024-03-05 19:53:00,67461.9,67472.9,67404.2,67412.5,351.353
2024-03-05 19:54:00,67414.0,67454.0,67334.1,67369.5,471.606
2024-03-05 19:55:00,67369.5,67435.7,67313.4,67430.1,556.701
2024-03-05 19:56:00,67430.1,67549.3,67420.3,67497.6,329.323
2024-03-05 19:57:00,67497.7,67564.2,67495.5,67536.3,260.413
2024-03-05 19:58:00,67536.3,67624.9,67505.0,67613.6,208.914
2024-03-05 19:59:00,67613.5,67676.8,67600.0,67655.4,256.288
2024-03-05 20:00:00,67655.5,67746.3,67655.5,67736.8,628.06
2024-03-05 20:01:00,67736.8,67738.9,67475.4,67574.9,747.165
2024-03-05 20:02:00,67574.9,67698.8,67574.9,67615.0,351.181
2024-03-05 20:03:00,67615.0,67640.0,67459.7,67519.0,568.565
2024-03-05 20:04:00,67519.1,67567.1,67470.0,67485.9,266.522
2024-03-05 20:05:00,67485.7,67574.1,67340.4,67561.0,785.934
2024-03-05 20:06:00,67561.1,67715.0,67561.1,67672.0,487.761
2024-03-05 20:07:00,67677.5,67812.6,67661.0,67710.7,815.251
2024-03-05 20:08:00,67710.5,67874.0,67699.9,67778.0,834.425
2024-03-05 20:09:00,67778.0,67850.1,67772.6,67837.4,535.368
2024-03-05 20:10:00,67836.6,67953.3,67790.5,67918.0,959.569
2024-03-05 20:11:00,67918.1,68004.0,67906.7,67996.9,627.85
2024-03-05 20:12:00,67996.9,68144.7,67982.0,68134.4,1305.632
2024-03-05 20:13:00,68134.4,68436.4,68100.0,68347.9,2913.946
2024-03-05 20:14:00,68347.9,68553.0,68347.9,68475.1,2391.243
2024-03-05 20:15:00,68475.1,68647.4,68328.1,68591.4,2325.914
2024-03-05 20:16:00,68591.4,68675.5,68450.0,68608.9,1946.415
2024-03-05 20:17:00,68608.9,68635.1,68409.6,68563.5,1244.255
2024-03-05 20:18:00,68563.4,68596.4,68436.1,68441.4,934.44
2024-03-05 20:19:00,68441.3,68656.5,68436.7,68615.7,1073.032
2024-03-05 20:20:00,68615.8,68694.6,68557.8,68654.2,979.774
2024-03-05 20:21:00,68654.1,68771.6,68545.4,68695.9,1475.611
2024-03-05 20:22:00,68695.8,68771.6,68616.2,68715.0,1027.753
2024-03-05 20:23:00,68715.0,68790.0,68617.4,68736.3,1127.396
2024-03-05 20:24:00,68736.3,68877.0,68719.2,68850.3,1519.384
2024-03-05 20:25:00,68850.3,68920.3,68761.3,68775.5,1861.156
2024-03-05 20:26:00,68775.5,68870.0,68543.4,68835.3,2528.772
2024-03-05 20:27:00,68835.3,68908.3,68735.1,68803.8,1166.802
2024-03-05 20:28:00,68803.8,68830.0,68638.2,68816.9,876.648
2024-03-05 20:29:00,68816.4,68855.8,68656.5,68809.6,998.914
2024-03-05 20:30:00,68809.6,68900.0,68722.9,68863.9,1475.809
2024-03-05 20:31:00,68865.3,68960.0,68849.4,68915.0,2084.869
2024-03-05 20:32:00,68915.0,69031.4,68873.6,68975.8,1596.503
2024-03-05 20:33:00,68975.8,69065.1,68941.0,69024.3,1599.51
2024-03-05 20:34:00,69024.3,69350.0,68784.2,68784.2,6647.809
2024-03-05 20:35:00,68784.2,68785.5,67065.0,67617.1,13955.687
2024-03-05 20:36:00,67617.1,68279.6,67407.4,68196.3,6472.807
2024-03-05 20:37:00,68195.1,68210.1,67919.5,68019.8,3003.918
2024-03-05 20:38:00,68020.2,68273.9,68020.2,68088.1,1876.817
2024-03-05 20:39:00,68088.1,68240.6,67943.8,67943.9,1895.226
2024-03-05 20:40:00,67943.9,68042.6,67743.8,68032.0,2286.859
2024-03-05 20:41:00,68031.1,68085.1,67883.9,67949.2,1331.495
2024-03-05 20:42:00,67949.1,68172.0,67908.0,68171.3,1242.284
2024-03-05 20:43:00,68171.4,68326.2,68106.5,68326.2,1501.331
2024-03-05 20:44:00,68326.2,68498.1,68274.3,68423.0,1791.099
2024-03-05 20:45:00,68423.0,68444.0,68251.1,68308.2,1536.964
2024-03-05 20:46:00,68308.2,68498.1,68300.7,68432.4,789.149
2024-03-05 20:47:00,68434.6,68540.6,68372.5,68481.4,916.173
2024-03-05 20:48:00,68481.3,68504.0,68117.4,68201.9,1479.344
2024-03-05 20:49:00,68201.8,68301.2,68060.0,68141.4,1031.463
2024-03-05 20:50:00,68142.9,68174.5,67822.3,67904.4,1611.293
2024-03-05 20:51:00,67904.5,68112.4,67904.4,68071.5,774.654
2024-03-05 20:52:00,68073.2,68154.9,67980.0,68134.5,472.349
2024-03-05 20:53:00,68134.5,68144.7,67900.0,67920.1,594.856
2024-03-05 20:54:00,67920.0,67978.2,67549.4,67596.7,3299.603
2024-03-05 20:55:00,67597.3,67807.7,67566.5,67633.5,2012.485
2024-03-05 20:56:00,67633.4,67864.8,67633.4,67808.7,790.002
2024-03-05 20:57:00,67808.7,67835.8,67421.2,67464.9,2121.952
2024-03-05 20:58:00,67465.0,67613.1,67380.9,67478.4,2021.813
2024-03-05 20:59:00,67478.5,67489.6,67200.0,67270.1,2856.412
2024-03-05 21:00:00,67274.5,67284.5,66829.1,66987.2,5185.783
2024-03-05 21:01:00,66987.2,67128.0,66484.0,66611.8,4893.231
2024-03-05 21:02:00,66611.8,67097.9,66527.3,66901.3,3583.756
2024-03-05 21:03:00,66901.3,67039.1,66776.3,66890.3,1695.957
2024-03-05 21:04:00,66890.3,67127.7,66890.3,67082.3,1490.941
2024-03-05 21:05:00,67082.2,67359.2,67069.8,67357.9,2248.312
2024-03-05 21:06:00,67354.9,67491.9,67244.0,67456.8,1578.518
2024-03-05 21:07:00,67456.9,67459.0,67225.4,67225.5,1067.122
2024-03-05 21:08:00,67225.4,67225.5,67032.0,67032.0,1014.177
2024-03-05 21:09:00,67032.1,67258.8,67001.6,67100.2,1002.377
2024-03-05 21:10:00,67100.3,67306.3,67086.9,67271.5,965.043
2024-03-05 21:11:00,67269.4,67284.2,67135.1,67235.4,796.131
2024-03-05 21:12:00,67231.0,67275.0,66859.6,67006.5,1344.062
2024-03-05 21:13:00,67005.2,67157.8,66877.9,67126.0,1040.633
2024-03-05 21:14:00,67126.0,67150.0,66909.3,66938.9,499.73
2024-03-05 21:15:00,66939.0,67196.5,66900.1,67185.5,901.84
2024-03-05 21:16:00,67185.5,67359.2,67156.7,67266.4,852.005
2024-03-05 21:17:00,67266.4,67421.2,67255.4,67406.5,944.194
2024-03-05 21:18:00,67406.4,67447.0,67310.6,67396.4,533.771
2024-03-05 21:19:00,67396.4,67430.0,67272.0,67319.8,415.84
2024-03-05 21:20:00,67319.8,67450.0,67319.8,67450.0,521.328
2024-03-05 21:21:00,67450.0,67469.7,67233.4,67233.5,557.5
2024-03-05 21:22:00,67233.5,67434.0,67230.0,67398.4,475.022
2024-03-05 21:23:00,67398.4,67406.8,67264.8,67314.9,357.576
2024-03-05 21:24:00,67314.9,67377.5,67285.0,67372.6,290.031
2024-03-05 21:25:00,67372.6,67376.1,67222.6,67247.2,368.924
2024-03-05 21:26:00,67247.3,67255.2,67015.0,67056.6,830.245
2024-03-05 21:27:00,67056.7,67098.0,66918.1,66944.0,814.821
2024-03-05 21:28:00,66944.0,67015.0,66939.6,66953.7,717.411
2024-03-05 21:29:00,66952.0,67042.1,66809.6,66841.3,1674.944
2024-03-05 21:30:00,66839.8,67096.5,66839.7,67081.3,1312.344
2024-03-05 21:31:00,67081.2,67081.2,66766.0,66793.5,1145.829
2024-03-05 21:32:00,66793.6,66822.1,66584.6,66662.3,2087.635
2024-03-05 21:33:00,66662.3,66783.0,66459.4,66549.0,1982.293
2024-03-05 21:34:00,66548.9,66778.3,66533.4,66639.1,941.948
2024-03-05 21:35:00,66639.1,66796.1,66416.0,66434.0,2371.243
2024-03-05 21:36:00,66434.0,66434.1,66000.0,66155.6,5109.443
2024-03-05 21:37:00,66155.6,66200.0,65600.0,65803.5,5963.688
2024-03-05 21:38:00,65803.7,65816.9,65173.7,65630.3,6241.916
2024-03-05 21:39:00,65630.3,66044.2,65606.5,65932.4,4065.232
2024-03-05 21:40:00,65932.3,66078.0,65624.7,65776.1,3361.531
2024-03-05 21:41:00,65778.0,65813.7,65256.1,65390.5,4074.133
2024-03-05 21:42:00,65390.4,65483.0,64536.6,64921.7,8882.884
2024-03-05 21:43:00,64919.4,65477.7,64872.3,65286.4,4123.697
2024-03-05 21:44:00,65293.3,65624.9,65286.3,65480.2,2849.803
2024-03-05 21:45:00,65480.1,65539.4,64920.1,65306.6,4273.446
2024-03-05 21:46:00,65306.6,65608.4,65161.3,65205.4,3273.128
2024-03-05 21:47:00,65205.4,65440.0,65135.0,65354.7,2338.466
2024-03-05 21:48:00,65354.6,65354.7,64881.0,65220.0,3384.137
2024-03-05 21:49:00,65220.0,65363.2,65062.6,65185.4,1910.652
2024-03-05 21:50:00,65185.3,65315.6,64928.2,65004.1,1921.252
2024-03-05 21:51:00,65004.1,65386.6,64950.0,65368.5,1877.16
2024-03-05 21:52:00,65368.4,65442.0,65223.1,65442.0,1811.288
2024-03-05 21:53:00,65441.9,65803.9,65425.9,65751.6,3089.023
2024-03-05 21:54:00,65750.9,65887.8,65609.7,65842.0,1820.745
2024-03-05 21:55:00,65842.0,65927.1,65567.5,65685.7,1401.208
2024-03-05 21:56:00,65685.8,65783.1,65461.8,65536.6,1723.573
2024-03-05 21:57:00,65536.6,65709.2,65528.6,65617.1,1044.056
2024-03-05 21:58:00,65617.0,65822.2,65573.0,65784.5,1002.508
2024-03-05 21:59:00,65784.4,65975.0,65762.5,65921.8,1184.353
2024-03-05 22:00:00,65921.8,66080.0,65870.8,66075.2,2009.146
2024-03-05 22:01:00,66075.2,66096.8,65961.4,66074.7,1252.771
2024-03-05 22:02:00,66074.6,66098.6,65685.0,65685.1,1446.963
2024-03-05 22:03:00,65685.0,65907.0,65666.4,65867.2,1011.549
2024-03-05 22:04:00,65867.2,65867.2,65615.9,65635.4,883.556
2024-03-05 22:05:00,65635.4,65663.0,65478.0,65496.6,1479.94
2024-03-05 22:06:00,65496.6,65695.7,65420.9,65678.5,997.2
2024-03-05 22:07:00,65678.5,65681.6,65359.9,65551.8,953.637
2024-03-05 22:08:00,65551.9,65554.3,65361.3,65480.4,1030.727
2024-03-05 22:09:00,65480.5,65598.0,65410.4,65415.8,746.507
2024-03-05 22:10:00,65415.7,65680.7,65380.1,65642.0,641.554
2024-03-05 22:11:00,65642.0,65648.7,65432.4,65442.9,647.571
2024-03-05 22:12:00,65442.9,65603.1,65431.2,65582.7,615.889
2024-03-05 22:13:00,65582.6,65608.7,65249.9,65331.9,1430.039
2024-03-05 22:14:00,65331.9,65400.2,65177.1,65208.6,1375.279
2024-03-05 22:15:00,65210.0,65534.0,65200.0,65478.2,1299.604
2024-03-05 22:16:00,65478.2,65540.2,65372.3,65403.9,718.632
2024-03-05 22:17:00,65400.8,65442.9,65180.0,65227.6,664.16
2024-03-05 22:18:00,65224.4,65310.9,64974.9,65057.0,2709.008
2024-03-05 22:19:00,65056.9,65277.4,65050.1,65121.6,1176.17
2024-03-05 22:20:00,65119.7,65403.8,65110.8,65337.3,783.185
2024-03-05 22:21:00,65337.2,65552.3,65294.7,65500.1,1314.805
2024-03-05 22:22:00,65500.0,65526.0,65361.7,65433.5,937.963
2024-03-05 22:23:00,65433.4,65524.0,65433.4,65506.6,342.671
2024-03-05 22:24:00,65506.5,65506.5,65327.0,65399.9,424.993
2024-03-05 22:25:00,65399.8,65431.2,65380.0,65431.2,393.583
2024-03-05 22:26:00,65431.1,65443.8,65380.0,65391.1,312.349
2024-03-05 22:27:00,65391.0,65447.3,65380.0,65447.2,289.821
2024-03-05 22:28:00,65447.2,65448.9,65380.0,65404.7,275.882
2024-03-05 22:29:00,65404.6,65624.8,65394.1,65621.9,828.022
2024-03-05 22:30:00,65621.9,65625.0,65361.1,65369.9,1217.4
2024-03-05 22:31:00,65370.0,65427.8,65230.4,65238.9,652.557
2024-03-05 22:32:00,65239.0,65367.2,65212.3,65339.0,498.861
2024-03-05 22:33:00,65339.0,65376.8,65100.9,65114.9,710.937
2024-03-05 22:34:00,65114.9,65198.6,65026.0,65073.3,1024.214
2024-03-05 22:35:00,65073.4,65249.6,65000.0,65238.2,1103.645
2024-03-05 22:36:00,65238.1,65245.0,64617.6,64618.0,2817.003
2024-03-05 22:37:00,64617.6,64953.3,64224.6,64423.9,6196.675
2024-03-05 22:38:00,64424.0,64552.2,64080.0,64333.5,4544.473
2024-03-05 22:39:00,64333.5,64383.2,63900.0,63996.1,4358.547
2024-03-05 22:40:00,63996.2,64040.0,63500.1,63966.8,8760.526
2024-03-05 22:41:00,63970.7,64252.2,63878.6,64193.4,4283.51
2024-03-05 22:42:00,64189.4,64500.0,64182.6,64465.8,2692.749
2024-03-05 22:43:00,64465.8,64465.9,64112.7,64264.6,1887.712
2024-03-05 22:44:00,64264.6,64323.7,64000.0,64323.7,1583.722
2024-03-05 22:45:00,64323.7,64438.5,64050.0,64407.6,2085.974
2024-03-05 22:46:00,64407.5,64566.3,64335.9,64523.4,1361.386
2024-03-05 22:47:00,64524.2,64547.1,64400.0,64458.0,1079.281
2024-03-05 22:48:00,64457.9,64547.2,64315.4,64440.6,718.47
2024-03-05 22:49:00,64440.6,64496.9,64305.1,64440.4,591.903
2024-03-05 22:50:00,64440.4,64752.8,64380.0,64633.5,1531.346
2024-03-05 22:51:00,64633.3,64850.0,64581.1,64772.3,1406.131
2024-03-05 22:52:00,64772.3,64920.0,64707.9,64839.6,1225.444
2024-03-05 22:53:00,64839.6,64865.5,64650.0,64781.4,887.941
2024-03-05 22:54:00,64781.4,64798.6,64709.8,64746.1,470.759
2024-03-05 22:55:00,64746.0,64794.8,64601.5,64699.3,578.731
2024-03-05 22:56:00,64699.3,64713.0,64558.2,64589.3,605.435
2024-03-05 22:57:00,64589.2,64751.5,64565.2,64639.6,429.39
2024-03-05 22:58:00,64639.6,64720.8,64608.2,64650.0,336.059
2024-03-05 22:59:00,64650.1,64675.2,64399.1,64514.0,843.469
2024-03-05 23:00:00,64515.6,64594.6,64430.6,64451.6,514.233
2024-03-05 23:01:00,64451.5,64493.6,64321.3,64342.0,719.382
2024-03-05 23:02:00,64342.0,64548.1,64308.8,64548.1,621.718
2024-03-05 23:03:00,64548.1,64571.2,64401.6,64473.6,370.033
2024-03-05 23:04:00,64470.7,64470.7,64326.3,64390.5,672.105
2024-03-05 23:05:00,64390.5,64711.3,64300.0,64637.8,1710.31
2024-03-05 23:06:00,64637.8,64873.5,64531.5,64814.2,1361.262
2024-03-05 23:07:00,64814.1,64814.2,64667.1,64759.1,776.331
2024-03-05 23:08:00,64759.1,64888.0,64750.1,64887.9,720.06
2024-03-05 23:09:00,64888.0,65045.4,64866.5,65014.4,964.325
2024-03-05 23:10:00,65014.4,65029.9,64893.2,64945.1,745.908
2024-03-05 23:11:00,64945.1,65068.0,64916.9,65055.8,571.449
2024-03-05 23:12:00,65055.8,65074.1,64966.1,65070.2,606.37
2024-03-05 23:13:00,65070.2,65078.0,64960.6,64993.8,455.654
2024-03-05 23:14:00,64993.8,65076.2,64931.0,65072.4,408.969
2024-03-05 23:15:00,65072.5,65077.5,65004.3,65046.5,432.248
2024-03-05 23:16:00,65046.6,65154.9,64952.1,65150.7,911.05
2024-03-05 23:17:00,65150.7,65198.0,64973.3,65190.4,1266.448
2024-03-05 23:18:00,65190.4,65253.6,65173.6,65249.6,991.683
2024-03-05 23:19:00,65249.6,65268.5,65122.5,65180.6,840.886
2024-03-05 23:20:00,65181.1,65285.0,65133.0,65224.7,532.961
2024-03-05 23:21:00,65227.7,65317.7,65209.7,65264.1,520.108
2024-03-05 23:22:00,65264.2,65314.0,65248.4,65312.2,488.234
2024-03-05 23:23:00,65312.2,65423.1,65306.0,65389.5,1035.207
2024-03-05 23:24:00,65389.6,65395.5,65258.2,65259.0,611.198
2024-03-05 23:25:00,65258.9,65383.2,65168.9,65348.5,965.043
2024-03-05 23:26:00,65348.4,65348.4,65212.6,65212.6,318.261
2024-03-05 23:27:00,65212.7,65705.3,65170.7,65664.1,2427.742
2024-03-05 23:28:00,65664.1,65684.4,65554.5,65606.3,822.929
2024-03-05 23:29:00,65606.3,65700.0,65550.0,65660.7,803.056
2024-03-05 23:30:00,65660.7,65660.7,65410.1,65425.5,1135.848
2024-03-05 23:31:00,65425.4,65474.6,65365.8,65413.5,777.46
2024-03-05 23:32:00,65413.6,65425.0,65312.0,65334.1,677.58
2024-03-05 23:33:00,65334.1,65364.8,65300.0,65327.4,314.867
2024-03-05 23:34:00,65327.4,65358.4,65290.6,65292.1,400.002
2024-03-05 23:35:00,65292.1,65322.0,65177.7,65314.5,665.048
2024-03-05 23:36:00,65314.5,65314.5,65165.0,65170.2,471.268
2024-03-05 23:37:00,65170.2,65275.0,65166.2,65244.0,221.252
2024-03-05 23:38:00,65244.1,65349.6,65239.8,65287.8,395.01
2024-03-05 23:39:00,65287.8,65340.8,65210.0,65216.2,189.039
2024-03-05 23:40:00,65216.3,65250.7,65100.0,65198.2,846.598
2024-03-05 23:41:00,65198.2,65329.5,65106.4,65193.0,419.091
2024-03-05 23:42:00,65193.1,65249.0,65166.3,65219.9,295.391
2024-03-05 23:43:00,65219.9,65228.5,65134.2,65142.7,136.82
2024-03-05 23:44:00,65142.6,65241.7,65142.6,65219.3,171.178
2024-03-05 23:45:00,65219.3,65286.3,65175.4,65273.5,202.781
2024-03-05 23:46:00,65273.5,65313.8,65181.1,65185.4,230.245
2024-03-05 23:47:00,65185.5,65222.1,65107.4,65124.2,293.607
2024-03-05 23:48:00,65124.3,65160.3,64960.0,64982.3,1005.361
2024-03-05 23:49:00,64982.3,65000.0,64905.7,64983.8,866.74
2024-03-05 23:50:00,64983.9,64997.0,64796.9,64801.7,1000.195
2024-03-05 23:51:00,64801.7,64871.1,64764.6,64811.9,1016.376
2024-03-05 23:52:00,64812.0,64879.7,64811.9,64867.9,316.682
2024-03-05 23:53:00,64868.0,64907.3,64799.5,64826.7,349.066
2024-03-05 23:54:00,64826.7,64892.2,64799.7,64820.0,288.922
2024-03-05 23:55:00,64820.0,64838.0,64638.1,64719.7,809.923
2024-03-05 23:56:00,64719.7,64775.5,64645.3,64729.3,554.403
2024-03-05 23:57:00,64729.3,64808.7,64705.9,64719.9,393.05
2024-03-05 23:58:00,64720.0,64784.6,64684.6,64684.6,208.872
2024-03-05 23:59:00,64684.7,64728.8,64631.1,64670.3,293.696
2024-03-06 00:00:00,64670.4,64736.7,64615.7,64719.7,333.51
2024-03-06 00:01:00,64719.8,64742.0,64532.5,64628.2,643.969
2024-03-06 00:02:00,64628.1,64716.0,64555.6,64644.9,369.324
2024-03-06 00:03:00,64645.9,64718.3,64583.3,64718.3,605.58
2024-03-06 00:04:00,64718.2,64821.5,64688.9,64803.9,552.03
2024-03-06 00:05:00,64803.8,64882.8,64784.4,64836.8,437.959
2024-03-06 00:06:00,64836.8,64848.7,64683.0,64692.6,332.094
2024-03-06 00:07:00,64692.6,64763.0,64667.1,64706.0,365.676
2024-03-06 00:08:00,64706.0,64720.0,64608.1,64647.4,280.388
2024-03-06 00:09:00,64647.4,64685.1,64621.3,64624.8,187.211
2024-03-06 00:10:00,64624.8,64666.8,64553.1,64630.0,397.142
2024-03-06 00:11:00,64629.9,64652.0,64569.0,64619.5,196.553
2024-03-06 00:12:00,64619.6,64773.5,64619.6,64743.4,394.813
2024-03-06 00:13:00,64743.5,64746.8,64545.0,64578.4,437.44
2024-03-06 00:14:00,64578.4,64645.3,64536.1,64589.2,240.549
2024-03-06 00:15:00,64589.3,64657.0,64550.8,64634.2,210.979
2024-03-06 00:16:00,64634.2,64640.4,64406.1,64427.0,963.007
2024-03-06 00:17:00,64427.1,64542.0,64385.6,64541.9,577.426
2024-03-06 00:18:00,64541.9,64560.0,64125.9,64230.0,1932.467
2024-03-06 00:19:00,64230.1,64409.6,64207.5,64400.9,707.456
2024-03-06 00:20:00,64401.0,64448.0,64155.9,64199.4,604.942
2024-03-06 00:21:00,64199.0,64199.0,63784.0,63920.0,3691.046
2024-03-06 00:22:00,63920.2,64074.3,63805.3,63997.5,1659.529
2024-03-06 00:23:00,63997.6,64106.7,63845.6,63891.4,856.649
2024-03-06 00:24:00,63891.4,63996.0,63800.0,63804.7,1043.063
2024-03-06 00:25:00,63804.7,64031.2,63751.8,64017.9,1002.849
2024-03-06 00:26:00,64017.8,64087.2,64001.3,64068.9,821.1
2024-03-06 00:27:00,64067.7,64224.0,63900.0,64144.0,1056.201
2024-03-06 00:28:00,64144.0,64218.0,64125.0,64177.4,425.506
2024-03-06 00:29:00,64177.4,64187.7,64000.0,64075.9,582.111
2024-03-06 00:30:00,64075.8,64198.9,64052.4,64157.9,415.84
2024-03-06 00:31:00,64157.8,64300.0,64112.5,64180.0,846.999
2024-03-06 00:32:00,64180.1,64310.2,64158.2,64293.2,585.107
2024-03-06 00:33:00,64291.5,64329.9,64228.3,64297.3,409.724
2024-03-06 00:34:00,64297.2,64323.6,64200.0,64276.7,407.484
2024-03-06 00:35:00,64276.7,64282.8,64169.0,64255.3,351.71
2024-03-06 00:36:00,64255.2,64255.2,64078.1,64078.1,322.031
2024-03-06 00:37:00,64078.1,64106.0,63935.4,63974.6,961.733
2024-03-06 00:38:00,63974.6,64051.9,63876.6,63876.7,536.443
2024-03-06 00:39:00,63876.7,63928.4,63624.0,63635.7,2008.487
2024-03-06 00:40:00,63635.8,63747.5,63400.0,63435.6,4491.472
2024-03-06 00:41:00,63435.9,63698.8,63304.8,63654.0,3084.461
2024-03-06 00:42:00,63654.0,63775.3,63587.6,63773.6,1135.074
2024-03-06 00:43:00,63773.7,63799.9,63506.7,63679.9,1047.722
2024-03-06 00:44:00,63679.9,63694.6,63448.5,63484.0,909.921
2024-03-06 00:45:00,63483.9,63560.0,63300.0,63376.1,1308.868
2024-03-06 00:46:00,63376.0,63489.9,63356.7,63364.9,635.592
2024-03-06 00:47:00,63365.1,63408.9,62719.8,62889.3,7137.818
2024-03-06 00:48:00,62886.8,63203.1,62601.1,62715.9,4693.472
2024-03-06 00:49:00,62703.0,63052.8,62539.7,62976.2,3172.911
2024-03-06 00:50:00,62969.9,63243.1,62932.5,63205.6,1833.926
2024-03-06 00:51:00,63205.7,63280.0,63130.0,63134.8,1146.028
2024-03-06 00:52:00,63134.7,63337.7,63130.0,63304.0,983.951
2024-03-06 00:53:00,63305.0,63313.6,63000.0,63051.1,1083.039
2024-03-06 00:54:00,63051.0,63070.0,62865.5,62968.8,1051.452
2024-03-06 00:55:00,62968.7,63182.5,62916.2,63182.4,903.849
2024-03-06 00:56:00,63182.4,63242.8,63100.0,63204.1,784.109
2024-03-06 00:57:00,63204.1,63295.0,63201.1,63254.6,1033.169
2024-03-06 00:58:00,63253.5,63355.5,63209.0,63330.0,810.774
2024-03-06 00:59:00,63330.0,63338.7,63261.0,63314.7,522.997
2024-03-06 01:00:00,63314.7,63355.6,63151.2,63176.7,710.273
2024-03-06 01:01:00,63176.6,63388.9,63165.4,63335.2,1005.956
2024-03-06 01:02:00,63335.1,63355.5,63075.1,63082.2,847.276
2024-03-06 01:03:00,63082.1,63090.6,62882.1,63038.0,1301.227
2024-03-06 01:04:00,63037.9,63079.7,62851.4,62860.6,876.491
2024-03-06 01:05:00,62853.1,62915.7,62405.2,62430.6,3414.123
2024-03-06 01:06:00,62430.6,62430.6,61846.5,62071.8,7125.884
2024-03-06 01:07:00,62072.5,62442.7,61909.0,61990.1,3209.779
2024-03-06 01:08:00,61990.0,62023.2,61550.0,61947.3,7152.032
2024-03-06 01:09:00,61948.0,62224.9,61711.9,61825.3,3372.427
2024-03-06 01:10:00,61825.3,62414.6,61780.1,62414.6,4055.022
2024-03-06 01:11:00,62414.6,62507.8,62278.5,62354.2,1951.189
2024-03-06 01:12:00,62354.2,62490.0,62288.6,62479.1,953.18
2024-03-06 01:13:00,62479.1,62577.0,62310.1,62356.1,1190.948
2024-03-06 01:14:00,62356.1,62521.5,62349.8,62412.7,688.276
2024-03-06 01:15:00,62412.7,62498.5,62080.4,62119.2,1279.051
2024-03-06 01:16:00,62119.1,62243.4,61759.5,62038.8,2663.657
2024-03-06 01:17:00,62038.8,62199.5,61872.7,62171.9,1781.882
2024-03-06 01:18:00,62171.9,62350.0,62047.9,62293.6,1078.115
2024-03-06 01:19:00,62293.6,62436.9,62142.5,62208.9,1363.638
2024-03-06 01:20:00,62208.9,62357.3,62150.0,62319.0,825.358
2024-03-06 01:21:00,62317.9,62337.0,62151.8,62247.5,686.618
2024-03-06 01:22:00,62247.5,62247.5,61893.4,61931.2,1466.334
2024-03-06 01:23:00,61935.0,61994.6,61525.0,61595.4,4013.535
2024-03-06 01:24:00,61595.5,61872.6,61400.0,61437.5,3818.682
2024-03-06 01:25:00,61437.5,61468.3,60594.0,60623.5,11210.512
2024-03-06 01:26:00,60617.5,60851.8,59840.0,60042.2,11231.763
2024-03-06 01:27:00,60042.2,61450.0,59112.0,61403.2,11966.403
2024-03-06 01:28:00,61400.0,61410.9,60908.1,61046.3,5658.546
2024-03-06 01:29:00,61079.9,61574.8,61023.6,61510.2,4821.801
2024-03-06 01:30:00,61497.3,61908.0,61202.3,61908.0,5664.311
2024-03-06 01:31:00,61907.9,62140.0,61756.8,62069.7,3825.448
2024-03-06 01:32:00,62066.1,62485.3,62046.1,62473.6,3170.589
2024-03-06 01:33:00,62480.0,62485.3,62037.5,62251.6,2623.436
2024-03-06 01:34:00,62254.2,62554.8,62229.6,62514.7,2778.075
2024-03-06 01:35:00,62514.6,62762.4,62469.3,62700.6,3697.415
2024-03-06 01:36:00,62700.7,62744.5,62183.5,62367.5,2748.183
2024-03-06 01:37:00,62365.9,62365.9,62083.9,62268.1,1657.541
2024-03-06 01:38:00,62268.2,62696.0,62252.8,62673.3,2301.761
2024-03-06 01:39:00,62673.2,62905.4,62650.0,62873.8,2317.522
2024-03-06 01:40:00,62873.8,62944.5,62719.9,62719.9,1912.237
2024-03-06 01:41:00,62719.9,62908.6,62650.0,62800.4,1406.808
2024-03-06 01:42:00,62800.3,63031.8,62689.5,63024.4,1617.407
2024-03-06 01:43:00,63024.4,63060.3,62811.7,63035.4,2306.69
2024-03-06 01:44:00,63035.3,63170.0,62938.5,63107.8,1788.65
2024-03-06 01:45:00,63107.8,63221.9,62734.5,62738.6,2930.077
2024-03-06 01:46:00,62738.6,62855.0,62659.6,62788.6,1705.245
2024-03-06 01:47:00,62788.5,62788.5,62421.1,62482.1,2792.386
2024-03-06 01:48:00,62482.1,62767.5,62445.0,62607.8,1681.616
2024-03-06 01:49:00,62607.7,62869.3,62590.7,62714.2,1161.62
2024-03-06 01:50:00,62714.2,62776.8,62534.5,62559.6,994.394
2024-03-06 01:51:00,62559.1,62730.3,62367.5,62726.9,1483.913
2024-03-06 01:52:00,62726.9,62848.0,62589.6,62827.8,881.222
2024-03-06 01:53:00,62827.8,62868.0,62636.9,62788.2,871.401
2024-03-06 01:54:00,62788.1,62837.3,62625.0,62722.7,730.787
2024-03-06 01:55:00,62722.8,62899.2,62680.0,62895.9,862.606
2024-03-06 01:56:00,62896.0,62932.4,62700.0,62704.3,664.066
2024-03-06 01:57:00,62704.4,62844.1,62628.0,62769.5,651.916
2024-03-06 01:58:00,62769.5,62903.0,62715.8,62819.8,656.445
2024-03-06 01:59:00,62821.5,62840.0,62717.5,62800.0,519.306
2024-03-06 02:00:00,62800.0,62870.0,62708.8,62848.0,737.99
2024-03-06 02:01:00,62848.0,62870.0,62658.0,62668.1,639.176
2024-03-06 02:02:00,62670.5,62871.1,62667.5,62800.1,715.98
2024-03-06 02:03:00,62800.3,62859.9,62650.0,62660.0,645.269
2024-03-06 02:04:00,62659.9,62782.8,62500.5,62500.8,970.93
2024-03-06 02:05:00,62500.8,62624.4,62500.0,62500.6,940.052
2024-03-06 02:06:00,62500.6,62513.1,62112.4,62115.0,2428.114
2024-03-06 02:07:00,62117.9,62210.0,61866.0,61905.2,2665.278
2024-03-06 02:08:00,61905.3,62090.0,61793.9,61834.3,2346.704
2024-03-06 02:09:00,61834.3,61958.7,61700.0,61848.4,2240.519
2024-03-06 02:10:00,61848.4,61927.6,61564.4,61625.0,2064.467
2024-03-06 02:11:00,61625.4,61780.7,61519.7,61626.0,2032.41
2024-03-06 02:12:00,61625.5,62159.9,61584.2,62152.8,2016.715
2024-03-06 02:13:00,62152.9,62296.6,62053.9,62262.5,1778.18
2024-03-06 02:14:00,62262.6,62300.0,62114.3,62117.1,1235.375
2024-03-06 02:15:00,62117.2,62251.5,62097.9,62250.0,432.233
2024-03-06 02:16:00,62250.0,62625.1,62249.3,62586.0,1202.811
2024-03-06 02:17:00,62588.1,62684.7,62465.0,62466.6,1110.595
2024-03-06 02:18:00,62466.5,62467.7,62110.7,62117.2,1358.306
2024-03-06 02:19:00,62117.1,62266.3,62066.9,62162.5,919.033
2024-03-06 02:20:00,62162.5,62232.2,62069.8,62189.4,688.226
2024-03-06 02:21:00,62189.4,62350.0,62124.9,62323.3,646.165
2024-03-06 02:22:00,62322.8,62429.3,62271.0,62351.6,700.308
2024-03-06 02:23:00,62351.7,62480.0,62310.3,62461.4,631.076
2024-03-06 02:24:00,62461.4,62473.7,62171.6,62235.8,592.591
2024-03-06 02:25:00,62235.9,62350.0,62194.9,62223.1,406.537
2024-03-06 02:26:00,62223.2,62235.5,62047.4,62052.7,583.542
2024-03-06 02:27:00,62052.8,62128.4,62036.1,62099.0,633.1
2024-03-06 02:28:00,62098.9,62109.0,62000.0,62020.5,860.812
2024-03-06 02:29:00,62021.1,62101.2,61925.5,61956.6,1826.5
2024-03-06 02:30:00,61956.7,62048.5,61940.0,61980.2,619.425
2024-03-06 02:31:00,61980.2,62242.8,61980.2,62232.3,671.496
2024-03-06 02:32:00,62232.3,62329.9,62186.8,62323.6,636.912
2024-03-06 02:33:00,62323.7,62364.8,62164.0,62212.0,650.875
2024-03-06 02:34:00,62212.0,62293.0,62123.7,62288.5,477.94
2024-03-06 02:35:00,62288.5,62470.0,62269.2,62459.7,967.408
2024-03-06 02:36:00,62459.7,62577.9,62358.2,62568.4,867.901
2024-03-06 02:37:00,62568.3,62659.6,62465.7,62632.6,781.342
2024-03-06 02:38:00,62632.5,62784.1,62600.0,62621.4,1234.707
2024-03-06 02:39:00,62621.3,62937.6,62616.8,62846.1,1961.347
2024-03-06 02:40:00,62846.1,63000.0,62815.5,62926.2,879.11
2024-03-06 02:41:00,62926.3,63166.4,62877.4,63150.9,1188.442
2024-03-06 02:42:00,63151.0,63377.5,63063.1,63320.4,2011.546
2024-03-06 02:43:00,63320.3,63320.3,63097.0,63147.0,948.893
2024-03-06 02:44:00,63146.9,63180.0,62972.8,63075.4,911.611
2024-03-06 02:45:00,63077.3,63420.9,63052.3,63396.2,921.442
2024-03-06 02:46:00,63396.3,63538.5,63290.3,63488.8,1645.323
2024-03-06 02:47:00,63488.7,63600.0,63443.0,63556.9,1255.096
2024-03-06 02:48:00,63559.9,63610.0,63350.5,63438.0,1275.16
2024-03-06 02:49:00,63438.3,63666.0,63369.9,63654.7,975.202
2024-03-06 02:50:00,63654.7,63691.7,63489.7,63630.7,1094.458
2024-03-06 02:51:00,63630.6,63876.5,63597.4,63810.4,1587.388
2024-03-06 02:52:00,63810.4,63865.9,63605.0,63725.8,915.293
2024-03-06 02:53:00,63725.7,63766.5,63568.8,63612.0,661.98
2024-03-06 02:54:00,63611.9,63760.4,63606.8,63663.7,417.206
2024-03-06 02:55:00,63663.8,63984.0,63650.4,63943.7,1077.538
2024-03-06 02:56:00,63943.7,63964.7,63541.0,63610.0,1420.376
2024-03-06 02:57:00,63610.0,63869.1,63609.5,63837.3,1001.992
2024-03-06 02:58:00,63837.2,63874.7,63711.5,63851.5,452.954
2024-03-06 02:59:00,63851.6,64010.0,63825.4,64010.0,1040.905
2024-03-06 03:00:00,64010.0,64035.5,63661.8,63886.6,1505.565
2024-03-06 03:01:00,63885.5,63894.6,63670.0,63673.9,603.974
2024-03-06 03:02:00,63673.9,63867.3,63670.0,63808.4,873.573
2024-03-06 03:03:00,63808.3,63835.6,63549.5,63604.4,1064.122
2024-03-06 03:04:00,63604.5,63617.1,63383.0,63417.6,1034.488
2024-03-06 03:05:00,63417.6,63446.6,63290.8,63350.9,945.245
2024-03-06 03:06:00,63350.9,63357.6,63215.6,63276.5,952.45
2024-03-06 03:07:00,63276.4,63530.0,63256.3,63516.0,602.31
2024-03-06 03:08:00,63516.0,63599.9,63369.7,63569.4,802.246
2024-03-06 03:09:00,63569.3,63760.6,63568.4,63720.0,868.39
2024-03-06 03:10:00,63720.0,63902.0,63701.8,63797.8,1093.236
2024-03-06 03:11:00,63795.1,63833.0,63667.6,63682.0,395.784
2024-03-06 03:12:00,63682.1,63893.7,63656.3,63847.4,661.404
2024-03-06 03:13:00,63847.5,63858.7,63717.2,63729.7,294.012
2024-03-06 03:14:00,63729.6,63857.1,63711.3,63789.0,229.453
2024-03-06 03:15:00,63789.1,63926.2,63656.4,63843.3,746.44
2024-03-06 03:16:00,63843.4,63843.4,63713.1,63715.1,280.59
2024-03-06 03:17:00,63714.3,63720.9,63544.0,63549.5,575.582
2024-03-06 03:18:00,63549.6,63574.6,63273.6,63273.6,1478.275
2024-03-06 03:19:00,63273.6,63407.1,63195.3,63286.9,1557.568
2024-03-06 03:20:00,63286.9,63511.2,63279.6,63439.6,656.571
2024-03-06 03:21:00,63442.1,63453.9,63265.2,63320.0,870.425
2024-03-06 03:22:00,63320.0,63397.0,63171.6,63198.1,775.9
2024-03-06 03:23:00,63198.1,63245.1,63185.7,63226.3,421.963
2024-03-06 03:24:00,63230.5,63360.2,63174.4,63360.2,654.868
2024-03-06 03:25:00,63360.2,63371.4,63106.0,63132.5,398.634
2024-03-06 03:26:00,63135.9,63167.9,63055.2,63125.5,538.401
2024-03-06 03:27:00,63125.6,63264.8,63122.1,63264.8,503.924
2024-03-06 03:28:00,63264.7,63299.8,63207.9,63275.3,465.626
2024-03-06 03:29:00,63275.3,63364.9,63245.2,63301.1,436.105
2024-03-06 03:30:00,63301.2,63318.6,63200.0,63200.1,339.079
2024-03-06 03:31:00,63200.1,63466.5,63170.4,63425.9,774.441
2024-03-06 03:32:00,63422.5,63620.2,63357.2,63612.0,781.997
2024-03-06 03:33:00,63611.9,63621.3,63419.4,63475.1,506.046
2024-03-06 03:34:00,63475.2,63558.3,63400.0,63414.4,323.352
2024-03-06 03:35:00,63415.6,63486.5,63394.0,63409.5,257.66
2024-03-06 03:36:00,63409.5,63486.4,63312.4,63484.1,325.948
2024-03-06 03:37:00,63484.0,63486.5,63351.9,63382.5,361.293
2024-03-06 03:38:00,63382.6,63515.0,63326.0,63500.0,387.904
2024-03-06 03:39:00,63500.1,63536.5,63350.1,63350.2,225.072
2024-03-06 03:40:00,63350.2,63434.4,63222.2,63252.7,743.054
2024-03-06 03:41:00,63252.6,63278.3,63166.6,63166.7,332.58
2024-03-06 03:42:00,63166.7,63343.1,63162.5,63267.8,538.85
2024-03-06 03:43:00,63267.9,63322.8,63246.6,63262.2,184.034
2024-03-06 03:44:00,63262.3,63278.4,63137.0,63229.1,264.114
2024-03-06 03:45:00,63229.1,63264.2,63141.4,63152.2,340.17
2024-03-06 03:46:00,63152.2,63198.7,63060.9,63125.6,356.642
2024-03-06 03:47:00,63125.6,63177.2,62780.8,62851.2,1608.636
2024-03-06 03:48:00,62851.3,62964.9,62771.5,62927.9,1211.769
2024-03-06 03:49:00,62927.9,63135.5,62908.0,63119.4,561.15
2024-03-06 03:50:00,63119.3,63123.7,62887.6,62920.4,570.496
2024-03-06 03:51:00,62920.4,63043.7,62753.3,62766.5,694.601
2024-03-06 03:52:00,62766.5,62838.6,62652.6,62655.1,759.451
2024-03-06 03:53:00,62655.2,62780.8,62615.2,62620.9,672.282
2024-03-06 03:54:00,62620.9,62676.1,62504.0,62528.1,891.626
2024-03-06 03:55:00,62528.1,62946.5,62525.1,62880.5,1342.897
2024-03-06 03:56:00,62880.5,63214.4,62870.4,63117.6,1573.773
2024-03-06 03:57:00,63117.6,63194.1,62987.1,62998.0,369.611
2024-03-06 03:58:00,62998.1,63050.0,62991.5,63013.7,149.221
2024-03-06 03:59:00,63013.6,63209.2,63010.4,63207.9,314.768
2024-03-06 04:00:00,63207.9,63300.0,63075.4,63297.9,874.819
2024-03-06 04:01:00,63295.9,63429.7,63290.9,63423.1,559.092
2024-03-06 04:02:00,63423.2,63436.2,63355.0,63370.5,332.868
2024-03-06 04:03:00,63370.4,63380.0,63195.7,63197.8,373.438
2024-03-06 04:04:00,63197.7,63313.6,63177.4,63291.0,448.009
2024-03-06 04:05:00,63291.0,63300.0,63230.7,63278.8,148.823
2024-03-06 04:06:00,63278.8,63388.0,63242.6,63386.0,339.659
2024-03-06 04:07:00,63386.0,63386.0,63363.6,63377.6,189.551
2024-03-06 04:08:00,63377.6,63383.7,63265.5,63270.0,169.02
2024-03-06 04:09:00,63265.6,63267.7,63208.1,63213.3,153.849
2024-03-06 04:10:00,63213.3,63213.3,63134.4,63145.0,207.642
2024-03-06 04:11:00,63145.0,63145.1,63122.4,63140.7,114.216
2024-03-06 04:12:00,63140.8,63144.2,62918.0,62952.6,1445.775
2024-03-06 04:13:00,62952.7,63118.0,62952.6,63118.0,295.324
2024-03-06 04:14:00,63117.9,63249.0,62993.5,63009.7,884.086
2024-03-06 04:15:00,63009.8,63011.5,62796.0,62827.6,1066.917
2024-03-06 04:16:00,62827.6,62990.0,62827.5,62983.5,295.055
2024-03-06 04:17:00,62983.5,63029.5,62983.4,63029.5,80.958
2024-03-06 04:18:00,63029.5,63036.9,62775.4,62921.8,941.039
2024-03-06 04:19:00,62921.8,62989.4,62844.7,62860.4,193.185
2024-03-06 04:20:00,62860.4,62900.7,62813.4,62900.7,101.05
2024-03-06 04:21:00,62900.7,63013.6,62900.7,63013.5,194.011
2024-03-06 04:22:00,63013.6,63088.4,63013.5,63078.2,174.006
2024-03-06 04:23:00,63078.3,63412.7,63078.3,63401.2,1266.23
2024-03-06 04:24:00,63401.3,63401.3,63285.4,63285.5,528.321
2024-03-06 04:25:00,63285.5,63296.7,63200.0,63246.9,278.405
2024-03-06 04:26:00,63246.9,63322.9,63225.0,63317.5,386.18
2024-03-06 04:27:00,63317.5,63378.5,63303.4,63351.7,304.268
2024-03-06 04:28:00,63351.6,63389.7,63302.0,63381.2,232.523
2024-03-06 04:29:00,63381.2,63502.4,63324.4,63439.2,629.536
2024-03-06 04:30:00,63439.3,63491.5,63311.6,63311.6,293.486
2024-03-06 04:31:00,63311.7,63449.6,63272.0,63388.0,428.966
2024-03-06 04:32:00,63387.5,63450.0,63371.1,63427.2,325.019
2024-03-06 04:33:00,63427.2,63507.0,63423.3,63468.5,346.039
2024-03-06 04:34:00,63468.5,63500.0,63446.6,63455.1,331.155
2024-03-06 04:35:00,63457.4,63536.5,63447.3,63534.3,311.995
2024-03-06 04:36:00,63534.3,63539.4,63480.0,63524.9,201.581
2024-03-06 04:37:00,63525.0,63588.6,63490.4,63555.5,512.962
2024-03-06 04:38:00,63555.5,63555.5,63468.0,63473.9,266.669
2024-03-06 04:39:00,63473.9,63548.1,63473.8,63539.9,89.762
2024-03-06 04:40:00,63540.0,63591.5,63535.6,63557.5,163.187
2024-03-06 04:41:00,63557.6,63595.6,63546.6,63579.1,130.144
2024-03-06 04:42:00,63579.1,63644.1,63573.9,63640.5,249.776
2024-03-06 04:43:00,63640.5,63680.7,63627.9,63655.8,238.63
2024-03-06 04:44:00,63655.9,63730.0,63546.2,63721.4,350.301
2024-03-06 04:45:00,63722.0,63750.9,63616.9,63647.9,489.073
2024-03-06 04:46:00,63647.2,63741.0,63638.9,63708.2,198.462
2024-03-06 04:47:00,63708.3,63771.6,63708.3,63762.1,303.986
2024-03-06 04:48:00,63762.1,63829.9,63752.4,63758.3,237.429
2024-03-06 04:49:00,63758.4,63794.0,63703.3,63787.1,223.826
2024-03-06 04:50:00,63787.2,63790.0,63664.9,63665.0,251.933
2024-03-06 04:51:00,63665.0,63701.5,63603.3,63607.7,177.235
2024-03-06 04:52:00,63607.8,63672.8,63560.2,63672.7,270.346
2024-03-06 04:53:00,63672.8,63726.2,63648.6,63668.2,248.912
2024-03-06 04:54:00,63668.2,63674.9,63573.1,63596.9,270.91
2024-03-06 04:55:00,63596.9,63700.0,63596.9,63653.6,488.912
2024-03-06 04:56:00,63653.7,63683.3,63556.7,63667.2,304.749
2024-03-06 04:57:00,63667.3,63791.6,63663.2,63745.4,190.848
2024-03-06 04:58:00,63745.5,63759.6,63673.9,63692.8,108.49
2024-03-06 04:59:00,63692.8,63800.0,63692.7,63794.0,158.508
2024-03-06 05:00:00,63794.1,63831.6,63728.5,63751.0,341.813
2024-03-06 05:01:00,63751.1,63768.7,63700.0,63738.0,169.982
2024-03-06 05:02:00,63735.5,63788.6,63699.9,63704.9,160.307
2024-03-06 05:03:00,63705.0,63761.2,63663.4,63711.0,192.366
2024-03-06 05:04:00,63711.0,63790.0,63701.3,63771.0,118.461
2024-03-06 05:05:00,63771.1,63831.6,63757.3,63815.3,158.387
2024-03-06 05:06:00,63815.3,63842.1,63781.3,63820.0,203.555
2024-03-06 05:07:00,63820.1,63850.6,63813.4,63813.5,170.233
2024-03-06 05:08:00,63813.5,63878.5,63782.2,63841.4,291.177
2024-03-06 05:09:00,63841.4,64076.0,63805.5,63981.8,1345.216
2024-03-06 05:10:00,63981.9,64061.4,63900.0,64038.3,682.619
2024-03-06 05:11:00,64038.3,64070.9,63932.8,63950.4,310.928
2024-03-06 05:12:00,63950.4,64046.2,63935.2,64034.5,264.526
2024-03-06 05:13:00,64034.5,64041.4,63977.3,64010.3,469.559
2024-03-06 05:14:00,64010.0,64155.0,63954.2,64135.7,727.731
2024-03-06 05:15:00,64135.8,64249.9,64051.0,64212.0,1069.513
2024-03-06 05:16:00,64214.0,64299.0,64155.2,64267.0,650.177
2024-03-06 05:17:00,64267.0,64356.0,64152.5,64314.4,641.815
2024-03-06 05:18:00,64315.8,64367.7,64256.1,64367.6,446.074
2024-03-06 05:19:00,64367.8,64393.9,64310.2,64325.9,297.975
2024-03-06 05:20:00,64325.9,64355.1,64235.4,64320.4,411.555
2024-03-06 05:21:00,64320.5,64364.7,64262.5,64364.6,421.008
2024-03-06 05:22:00,64364.7,64378.7,64297.5,64297.5,196.469
2024-03-06 05:23:00,64297.6,64318.8,64130.1,64130.1,445.835
2024-03-06 05:24:00,64130.2,64145.8,63859.5,63972.7,1490.004
2024-03-06 05:25:00,63972.8,63989.1,63768.8,63835.7,1132.7
2024-03-06 05:26:00,63835.7,63860.0,63744.9,63842.9,450.491
2024-03-06 05:27:00,63843.0,63860.0,63757.9,63757.9,362.611
2024-03-06 05:28:00,63758.0,63780.4,63679.6,63723.6,386.46
2024-03-06 05:29:00,63723.5,63837.7,63705.1,63747.4,293.379
