timestamp,open,high,low,close,volume
2026-06-01 05:30:00,73653.2,73737.3,73620.0,73728.5,233.571
2026-06-01 05:33:00,73728.5,73861.5,73728.4,73802.2,407.253
2026-06-01 05:36:00,73802.1,73848.3,73696.0,73702.0,122.403
2026-06-01 05:39:00,73702.0,73763.7,73694.8,73742.2,80.156
2026-06-01 05:42:00,73742.2,73781.7,73682.8,73781.6,116.144
2026-06-01 05:45:00,73781.7,73823.0,73724.8,73730.4,126.94
2026-06-01 05:48:00,73730.5,73730.5,73683.1,73715.9,94.38
2026-06-01 05:51:00,73715.9,73788.0,73715.8,73787.9,72.518
2026-06-01 05:54:00,73787.9,73810.3,73767.1,73783.5,91.744
2026-06-01 05:57:00,73783.4,73944.2,73783.4,73933.1,281.508
2026-06-01 06:00:00,73933.1,74070.5,73808.8,73845.5,858.809
2026-06-01 06:03:00,73845.6,73906.2,73800.0,73862.8,169.355
2026-06-01 06:06:00,73862.8,73920.0,73856.1,73868.2,117.435
2026-06-01 06:09:00,73868.2,73909.6,73837.3,73902.0,78.957
2026-06-01 06:12:00,73901.9,73943.9,73901.9,73907.9,80.291
2026-06-01 06:15:00,73908.0,73993.1,73908.0,73944.5,292.535
2026-06-01 06:18:00,73944.5,73972.4,73870.0,73898.9,160.168
2026-06-01 06:21:00,73898.9,73978.9,73898.9,73945.1,161.296
2026-06-01 06:24:00,73945.1,73945.2,73858.1,73880.9,93.305
2026-06-01 06:27:00,73880.9,73887.3,73838.0,73855.0,131.681
2026-06-01 06:30:00,73854.9,73890.0,73780.1,73807.5,162.425
2026-06-01 06:33:00,73807.5,73811.8,73644.6,73651.2,449.959
2026-06-01 06:36:00,73651.1,73669.0,73550.2,73550.2,486.403
2026-06-01 06:39:00,73550.3,73600.6,73529.6,73588.8,339.397
2026-06-01 06:42:00,73588.8,73600.0,73533.5,73533.6,238.658
2026-06-01 06:45:00,73533.5,73600.0,73533.5,73585.0,176.757
2026-06-01 06:48:00,73585.0,73609.9,73560.1,73599.9,142.843
2026-06-01 06:51:00,73599.9,73621.2,73574.6,73578.9,94.708
2026-06-01 06:54:00,73578.9,73618.1,73542.8,73596.6,228.798
2026-06-01 06:57:00,73596.6,73615.3,73562.4,73562.4,136.17
2026-06-01 07:00:00,73562.4,73586.4,73550.0,73552.2,99.971
2026-06-01 07:03:00,73552.3,73615.5,73552.2,73595.8,133.567
2026-06-01 07:06:00,73595.7,73615.5,73571.6,73573.5,92.758
2026-06-01 07:09:00,73573.5,73629.7,73561.1,73570.0,223.175
2026-06-01 07:12:00,73570.0,73570.1,73420.0,73463.0,398.355
2026-06-01 07:15:00,73463.1,73463.1,73402.9,73444.4,249.298
2026-06-01 07:18:00,73444.4,73546.2,73436.0,73495.9,149.935
2026-06-01 07:21:00,73495.9,73496.9,73350.2,73396.4,462.866
2026-06-01 07:24:00,73396.4,73408.9,73258.0,73280.1,942.89
2026-06-01 07:27:00,73280.1,73307.1,73235.0,73257.8,405.645
2026-06-01 07:30:00,73257.9,73300.3,73171.0,73290.1,850.862
2026-06-01 07:33:00,73290.0,73408.0,73290.0,73390.1,372.786
2026-06-01 07:36:00,73390.1,73525.2,73390.0,73466.0,377.911
2026-06-01 07:39:00,73466.0,73500.0,73450.0,73481.0,145.529
2026-06-01 07:42:00,73480.9,73539.6,73480.9,73514.9,157.74
2026-06-01 07:45:00,73515.0,73525.8,73456.2,73491.0,157.161
2026-06-01 07:48:00,73490.9,73500.0,73415.0,73497.1,130.158
2026-06-01 07:51:00,73497.2,73520.4,73463.6,73469.7,113.723
2026-06-01 07:54:00,73469.7,73505.2,73458.1,73488.6,126.719
2026-06-01 07:57:00,73488.7,73500.0,73461.8,73496.0,56.516
2026-06-01 08:00:00,73496.1,73500.0,73432.4,73474.6,76.867
2026-06-01 08:03:00,73474.6,73477.6,73446.1,73452.3,49.626
2026-06-01 08:06:00,73452.3,73524.0,73451.0,73494.6,94.844
2026-06-01 08:09:00,73494.7,73594.1,73494.7,73587.0,152.847
2026-06-01 08:12:00,73587.1,73865.0,73587.1,73752.5,1735.648
2026-06-01 08:15:00,73752.4,73838.0,73712.6,73712.7,385.008
2026-06-01 08:18:00,73712.6,73819.8,73712.6,73805.0,236.88
2026-06-01 08:21:00,73805.0,73805.1,73735.4,73787.1,155.341
2026-06-01 08:24:00,73787.1,73797.9,73722.7,73777.2,129.348
2026-06-01 08:27:00,73777.3,73787.5,73745.9,73766.3,146.225
2026-06-01 08:30:00,73766.2,73838.0,73761.5,73800.8,188.601
2026-06-01 08:33:00,73800.9,73998.8,73800.9,73892.0,827.574
2026-06-01 08:36:00,73892.0,73963.5,73884.0,73925.4,208.209
2026-06-01 08:39:00,73925.3,73958.9,73882.6,73914.8,176.897
2026-06-01 08:42:00,73914.8,73914.9,73838.1,73849.9,86.976
2026-06-01 08:45:00,73850.0,73893.4,73832.3,73862.0,104.976
2026-06-01 08:48:00,73862.1,73927.7,73764.8,73903.5,344.903
2026-06-01 08:51:00,73903.4,73949.0,73870.5,73906.0,154.462
2026-06-01 08:54:00,73906.0,73920.0,73850.5,73894.7,161.651
2026-06-01 08:57:00,73894.6,73900.0,73877.7,73887.7,63.843
2026-06-01 09:00:00,73887.7,73951.0,73887.7,73938.5,129.792
2026-06-01 09:03:00,73938.5,73942.9,73884.9,73896.7,86.148
2026-06-01 09:06:00,73896.8,73940.0,73896.7,73899.9,68.222
2026-06-01 09:09:00,73899.9,73900.0,73763.7,73799.7,178.703
2026-06-01 09:12:00,73799.7,73824.8,73780.6,73824.7,66.16
2026-06-01 09:15:00,73824.8,73884.3,73808.1,73872.5,55.746
2026-06-01 09:18:00,73872.5,73878.2,73843.3,73860.4,58.911
2026-06-01 09:21:00,73860.4,73872.0,73767.4,73772.9,125.624
2026-06-01 09:24:00,73772.9,73772.9,73692.9,73715.4,181.35
2026-06-01 09:27:00,73715.5,73744.2,73696.9,73731.3,92.63
2026-06-01 09:30:00,73731.4,73815.9,73726.1,73785.6,149.586
2026-06-01 09:33:00,73785.7,73807.3,73705.0,73705.0,62.475
2026-06-01 09:36:00,73705.0,73705.1,73618.2,73650.3,276.629
2026-06-01 09:39:00,73650.4,73652.4,73550.0,73568.4,255.322
2026-06-01 09:42:00,73568.5,73593.6,73551.5,73566.5,196.848
2026-06-01 09:45:00,73566.6,73586.3,73532.2,73535.0,138.979
2026-06-01 09:48:00,73534.9,73540.0,73430.2,73462.4,770.45
2026-06-01 09:51:00,73462.4,73467.6,73365.5,73402.5,431.429
2026-06-01 09:54:00,73402.4,73425.1,73363.1,73402.7,384.25
2026-06-01 09:57:00,73402.7,73419.7,73365.0,73368.4,317.185
2026-06-01 10:00:00,73368.4,73441.0,73365.0,73414.2,296.475
2026-06-01 10:03:00,73414.2,73438.4,73386.0,73431.2,231.421
2026-06-01 10:06:00,73431.2,73445.8,73415.0,73416.7,181.901
2026-06-01 10:09:00,73416.6,73458.0,73400.0,73450.0,157.859
2026-06-01 10:12:00,73450.1,73469.0,73420.0,73453.4,103.261
2026-06-01 10:15:00,73453.4,73453.5,73405.0,73410.0,99.063
2026-06-01 10:18:00,73410.0,73422.0,73307.7,73403.1,284.241
2026-06-01 10:21:00,73403.1,73490.3,73403.1,73477.8,123.538
2026-06-01 10:24:00,73477.7,73562.3,73469.2,73531.6,225.802
2026-06-01 10:27:00,73531.6,73567.4,73497.5,73497.6,281.448
2026-06-01 10:30:00,73497.5,73507.9,73411.6,73458.9,174.535
2026-06-01 10:33:00,73458.8,73495.6,73441.3,73471.2,133.572
2026-06-01 10:36:00,73471.1,73495.9,73446.0,73477.9,51.391
2026-06-01 10:39:00,73477.9,73478.0,73430.2,73456.9,111.02
2026-06-01 10:42:00,73456.9,73496.5,73454.4,73496.5,85.568
2026-06-01 10:45:00,73496.4,73496.5,73426.1,73451.7,69.424
2026-06-01 10:48:00,73451.6,73459.0,73425.5,73459.0,91.701
2026-06-01 10:51:00,73459.1,73500.0,73454.1,73456.7,74.181
2026-06-01 10:54:00,73456.7,73456.7,73336.1,73365.7,292.141
2026-06-01 10:57:00,73365.7,73365.7,73307.7,73307.7,169.426
2026-06-01 11:00:00,73307.8,73389.0,73307.7,73389.0,187.252
2026-06-01 11:03:00,73389.0,73391.5,73355.7,73361.0,63.675
2026-06-01 11:06:00,73361.0,73375.1,73283.5,73339.6,182.457
2026-06-01 11:09:00,73339.5,73386.2,73336.3,73379.1,90.572
2026-06-01 11:12:00,73379.0,73399.9,73371.1,73393.7,53.867
2026-06-01 11:15:00,73393.6,73425.9,73374.0,73425.8,52.703
2026-06-01 11:18:00,73425.9,73435.5,73364.1,73399.1,157.227
2026-06-01 11:21:00,73399.2,73415.0,73354.5,73358.4,71.16
2026-06-01 11:24:00,73358.4,73374.9,73358.3,73366.1,51.484
2026-06-01 11:27:00,73366.1,73366.1,73300.0,73319.5,103.779
2026-06-01 11:30:00,73319.5,73339.3,73300.0,73320.4,83.303
2026-06-01 11:33:00,73320.4,73330.0,73236.8,73255.2,338.392
2026-06-01 11:36:00,73255.2,73281.5,73222.0,73241.5,253.101
2026-06-01 11:39:00,73241.5,73251.0,73200.3,73251.0,354.538
2026-06-01 11:42:00,73251.0,73285.8,73232.0,73259.4,116.163
2026-06-01 11:45:00,73259.4,73297.3,73251.0,73277.2,151.682
2026-06-01 11:48:00,73277.3,73277.3,73182.1,73188.2,204.551
2026-06-01 11:51:00,73188.2,73217.6,73131.1,73141.5,475.83
2026-06-01 11:54:00,73141.5,73210.0,73105.5,73155.5,549.991
2026-06-01 11:57:00,73155.5,73194.9,73150.0,73160.0,140.716
2026-06-01 12:00:00,73160.0,73184.3,73105.5,73184.1,283.667
2026-06-01 12:03:00,73184.1,73211.2,73113.4,73133.3,202.789
2026-06-01 12:06:00,73133.4,73150.0,73088.3,73123.1,301.019
2026-06-01 12:09:00,73123.1,73123.1,73071.0,73096.4,291.595
2026-06-01 12:12:00,73096.3,73101.4,72958.1,72971.4,993.087
2026-06-01 12:15:00,72971.4,73066.1,72917.0,72978.7,1872.827
2026-06-01 12:18:00,72978.7,73184.5,72968.4,73160.6,545.76
2026-06-01 12:21:00,73160.7,73166.0,73143.1,73146.4,217.065
2026-06-01 12:24:00,73146.3,73166.5,73030.0,73084.0,431.11
2026-06-01 12:27:00,73084.0,73117.8,73061.8,73106.6,147.634
2026-06-01 12:30:00,73106.6,73107.9,73010.6,73010.7,171.849
2026-06-01 12:33:00,73010.7,73166.7,73010.6,73140.3,228.697
2026-06-01 12:36:00,73140.4,73177.8,73116.2,73163.4,176.36
2026-06-01 12:39:00,73163.4,73177.8,73133.4,73133.4,141.005
2026-06-01 12:42:00,73133.5,73136.8,73061.1,73091.7,163.051
2026-06-01 12:45:00,73091.7,73109.0,72962.4,72967.9,249.718
2026-06-01 12:48:00,72968.0,73097.9,72968.0,73051.4,631.808
2026-06-01 12:51:00,73051.4,73061.5,72982.7,72982.7,181.768
2026-06-01 12:54:00,72982.7,72991.1,72880.0,72991.1,724.077
2026-06-01 12:57:00,72991.1,72991.1,72937.6,72950.5,245.362
2026-06-01 13:00:00,72950.5,72950.5,72872.0,72892.0,348.997
2026-06-01 13:03:00,72892.0,72897.0,72830.0,72894.5,507.942
2026-06-01 13:06:00,72894.4,72940.4,72884.6,72931.0,183.438
2026-06-01 13:09:00,72930.9,72967.9,72900.1,72944.3,336.333
2026-06-01 13:12:00,72944.3,72944.3,72910.8,72914.7,127.873
2026-06-01 13:15:00,72914.7,72930.5,72718.8,72736.9,638.675
2026-06-01 13:18:00,72736.8,72839.1,72668.0,72827.3,1067.208
2026-06-01 13:21:00,72827.3,72827.4,72750.0,72752.5,298.623
2026-06-01 13:24:00,72752.5,72834.9,72752.4,72797.2,232.552
2026-06-01 13:27:00,72797.1,72809.6,72752.2,72776.1,161.709
2026-06-01 13:30:00,72776.1,72821.9,72761.7,72809.7,396.925
2026-06-01 13:33:00,72809.7,72830.0,72781.3,72820.0,188.709
2026-06-01 13:36:00,72820.1,72832.9,72754.5,72773.8,120.17
2026-06-01 13:39:00,72773.9,72824.5,72770.5,72804.7,130.493
2026-06-01 13:42:00,72804.7,72833.1,72789.6,72792.9,114.916
2026-06-01 13:45:00,72792.9,72800.0,72737.9,72752.3,192.492
2026-06-01 13:48:00,72752.3,72825.0,72712.0,72816.6,255.585
2026-06-01 13:51:00,72816.5,72839.9,72793.3,72822.8,159.816
2026-06-01 13:54:00,72822.9,72822.9,72805.1,72813.1,85.105
2026-06-01 13:57:00,72813.1,72813.1,72573.5,72706.0,891.701
2026-06-01 14:00:00,72706.0,72740.3,72585.9,72670.4,749.499
2026-06-01 14:03:00,72670.8,72831.3,72670.8,72822.7,505.25
2026-06-01 14:06:00,72822.8,72825.5,72800.1,72821.1,269.851
2026-06-01 14:09:00,72821.1,72836.7,72760.0,72760.1,537.893
2026-06-01 14:12:00,72760.0,72760.0,72628.2,72730.0,934.283
2026-06-01 14:15:00,72730.0,72805.0,72729.9,72804.9,386.303
2026-06-01 14:18:00,72804.9,72805.0,72763.2,72782.5,179.571
2026-06-01 14:21:00,72782.6,72795.5,72774.0,72782.3,92.123
2026-06-01 14:24:00,72782.2,72850.0,72782.2,72843.7,202.055
2026-06-01 14:27:00,72843.7,72907.8,72843.6,72875.7,602.58
2026-06-01 14:30:00,72875.8,72939.9,72875.7,72930.0,447.45
2026-06-01 14:33:00,72930.1,72980.0,72918.2,72980.0,243.841
2026-06-01 14:36:00,72980.0,72990.5,72942.0,72971.2,177.524
2026-06-01 14:39:00,72971.2,72987.2,72969.3,72987.2,92.703
2026-06-01 14:42:00,72987.1,72987.2,72940.7,72940.8,99.76
2026-06-01 14:45:00,72940.8,72958.9,72907.3,72944.1,173.938
2026-06-01 14:48:00,72944.0,72999.2,72928.3,72999.2,184.205
2026-06-01 14:51:00,72999.2,72999.2,72940.7,72965.1,255.585
2026-06-01 14:54:00,72965.1,73050.0,72961.7,73014.3,656.892
2026-06-01 14:57:00,73014.3,73084.0,72964.7,72976.2,499.559
2026-06-01 15:00:00,72976.1,73019.6,72946.6,73012.1,195.478
2026-06-01 15:03:00,73012.0,73012.1,72920.1,72920.1,245.296
2026-06-01 15:06:00,72920.1,72929.3,72900.0,72926.1,213.086
2026-06-01 15:09:00,72926.1,72968.1,72920.0,72928.9,156.069
2026-06-01 15:12:00,72928.9,72939.9,72888.0,72922.0,178.209
2026-06-01 15:15:00,72922.0,72975.8,72914.6,72959.9,192.533
2026-06-01 15:18:00,72959.9,72980.0,72933.4,72941.3,120.493
2026-06-01 15:21:00,72941.4,72978.8,72801.1,72878.0,1475.433
2026-06-01 15:24:00,72878.1,72878.1,72827.1,72842.1,167.621
2026-06-01 15:27:00,72842.0,72863.0,72842.0,72855.2,100.796
2026-06-01 15:30:00,72855.2,72878.1,72835.0,72835.0,146.481
2026-06-01 15:33:00,72835.1,72835.1,72733.4,72758.5,554.728
2026-06-01 15:36:00,72758.5,72840.0,72758.4,72840.0,161.071
2026-06-01 15:39:00,72840.0,72840.0,72776.3,72809.0,108.457
2026-06-01 15:42:00,72809.0,72809.0,72751.7,72753.1,102.428
2026-06-01 15:45:00,72753.0,72777.8,72702.0,72704.1,407.83
2026-06-01 15:48:00,72704.2,72747.9,72704.1,72724.8,207.339
2026-06-01 15:51:00,72724.7,72780.9,72645.0,72645.0,328.885
2026-06-01 15:54:00,72645.0,72700.0,72639.4,72645.4,382.112
2026-06-01 15:57:00,72645.4,72680.5,72642.7,72680.4,191.46
2026-06-01 16:00:00,72680.5,72766.5,72633.6,72634.2,317.703
2026-06-01 16:03:00,72634.1,72646.1,72600.0,72636.7,376.416
2026-06-01 16:06:00,72636.6,72636.7,72551.0,72590.1,456.866
2026-06-01 16:09:00,72590.1,72679.3,72586.9,72679.3,192.083
2026-06-01 16:12:00,72679.3,72683.4,72641.1,72680.0,171.213
2026-06-01 16:15:00,72680.0,72740.0,72680.0,72711.4,156.47
2026-06-01 16:18:00,72711.4,72729.0,72700.0,72719.5,134.967
2026-06-01 16:21:00,72719.4,72767.4,72708.8,72745.6,267.42
2026-06-01 16:24:00,72745.6,72787.0,72702.8,72719.0,222.83
2026-06-01 16:27:00,72719.0,72726.0,72717.1,72725.9,59.207
2026-06-01 16:30:00,72725.9,72741.8,72660.6,72714.2,208.433
2026-06-01 16:33:00,72714.3,72725.0,72666.6,72670.1,110.537
2026-06-01 16:36:00,72670.1,72704.8,72650.0,72699.9,94.382
2026-06-01 16:39:00,72699.9,72735.0,72624.6,72631.6,143.556
2026-06-01 16:42:00,72631.6,72664.3,72631.6,72651.7,140.199
2026-06-01 16:45:00,72651.6,72680.0,72642.2,72680.0,113.016
2026-06-01 16:48:00,72680.0,72714.6,72675.8,72691.0,104.263
2026-06-01 16:51:00,72691.0,72691.0,72633.0,72683.7,107.884
2026-06-01 16:54:00,72683.8,72683.8,72622.0,72635.0,75.991
2026-06-01 16:57:00,72634.9,72654.4,72634.0,72643.1,57.748
2026-06-01 17:00:00,72643.0,72643.1,72576.9,72600.5,313.196
2026-06-01 17:03:00,72600.5,72657.8,72580.2,72640.1,206.225
2026-06-01 17:06:00,72640.0,72666.6,72630.0,72630.1,124.115
2026-06-01 17:09:00,72630.1,72689.4,72619.2,72674.2,111.906
2026-06-01 17:12:00,72674.1,72720.8,72674.1,72689.5,119.376
2026-06-01 17:15:00,72689.5,72737.0,72689.5,72731.8,139.601
2026-06-01 17:18:00,72731.8,72742.0,72640.8,72640.8,156.042
2026-06-01 17:21:00,72640.9,72688.7,72636.8,72670.8,116.995
2026-06-01 17:24:00,72670.8,72670.9,72641.2,72648.8,57.05
2026-06-01 17:27:00,72648.7,72648.8,72188.0,72452.8,7071.478
2026-06-01 17:30:00,72452.7,72583.7,72241.3,72250.8,2458.86
2026-06-01 17:33:00,72250.8,72353.3,72150.6,72295.7,1793.293
2026-06-01 17:36:00,72295.6,72365.9,72105.6,72105.6,1220.544
2026-06-01 17:39:00,72105.6,72174.4,71862.6,71939.7,4234.461
2026-06-01 17:42:00,71939.6,72044.5,71900.5,72036.8,1612.286
2026-06-01 17:45:00,72036.8,72100.5,72036.7,72082.9,965.486
2026-06-01 17:48:00,72082.9,72211.0,72004.3,72193.7,2066.103
2026-06-01 17:51:00,72193.6,72282.7,72129.7,72159.6,727.97
2026-06-01 17:54:00,72159.6,72217.1,72150.9,72190.0,467.154
2026-06-01 17:57:00,72190.0,72230.4,72180.0,72198.6,278.111
2026-06-01 18:00:00,72198.6,72238.6,72168.0,72198.9,541.482
2026-06-01 18:03:00,72199.0,72212.2,72179.5,72200.7,435.345
2026-06-01 18:06:00,72200.7,72285.7,72196.1,72277.3,581.736
2026-06-01 18:09:00,72277.3,72303.6,72190.3,72234.2,472.585
2026-06-01 18:12:00,72234.2,72254.7,72181.7,72248.1,264.899
2026-06-01 18:15:00,72248.2,72272.1,72113.9,72123.5,797.256
2026-06-01 18:18:00,72123.5,72146.0,72080.2,72145.9,944.141
2026-06-01 18:21:00,72146.0,72185.0,72145.9,72180.0,634.947
2026-06-01 18:24:00,72179.9,72235.9,72092.2,72168.8,1185.702
2026-06-01 18:27:00,72168.8,72204.9,72145.1,72193.1,527.665
2026-06-01 18:30:00,72193.2,72215.1,71990.0,72057.7,1338.878
2026-06-01 18:33:00,72057.6,72073.6,71982.0,71991.0,586.472
2026-06-01 18:36:00,71991.0,72006.9,71970.0,71975.7,579.72
2026-06-01 18:39:00,71975.8,72007.9,71801.0,71833.6,1826.261
2026-06-01 18:42:00,71833.6,71906.6,71700.2,71821.0,3535.968
2026-06-01 18:45:00,71820.9,72019.9,71815.1,71945.8,1362.117
2026-06-01 18:48:00,71945.8,71982.7,71892.0,71944.7,827.742
2026-06-01 18:51:00,71944.6,71984.1,71814.9,71815.6,1034.81
2026-06-01 18:54:00,71815.5,71833.4,71750.0,71750.0,1172.516
2026-06-01 18:57:00,71750.1,71841.8,71723.7,71806.1,867.877
2026-06-01 19:00:00,71806.1,71958.5,71688.0,71930.3,1839.986
2026-06-01 19:03:00,71930.3,72043.3,71895.5,72007.9,1263.347
2026-06-01 19:06:00,72007.9,72007.9,71850.0,71917.5,618.612
2026-06-01 19:09:00,71917.5,71931.8,71555.0,71740.5,2038.796
2026-06-01 19:12:00,71740.5,71779.8,71548.0,71581.0,1271.99
2026-06-01 19:15:00,71580.9,71736.5,71580.9,71680.0,828.508
2026-06-01 19:18:00,71680.1,71723.0,71570.1,71670.2,756.679
2026-06-01 19:21:00,71670.2,71718.9,71550.1,71583.8,815.384
2026-06-01 19:24:00,71583.8,71597.0,71350.0,71435.5,3189.32
2026-06-01 19:27:00,71435.4,72288.0,71362.5,71698.7,6745.877
2026-06-01 19:30:00,71698.8,71884.9,71581.5,71853.7,2141.705
2026-06-01 19:33:00,71853.8,71877.0,71757.6,71797.9,1136.082
2026-06-01 19:36:00,71797.9,71797.9,71614.8,71750.0,677.044
2026-06-01 19:39:00,71749.9,71764.0,71494.7,71521.1,973.847
2026-06-01 19:42:00,71521.1,71674.4,71520.9,71654.6,656.307
2026-06-01 19:45:00,71654.5,71700.3,71507.4,71677.7,1162.61
2026-06-01 19:48:00,71677.7,71720.4,71552.9,71587.3,665.228
2026-06-01 19:51:00,71587.3,71644.7,71542.8,71644.6,485.61
2026-06-01 19:54:00,71644.6,71644.7,71509.0,71524.3,454.875
2026-06-01 19:57:00,71524.3,71566.5,71460.1,71515.6,517.561
2026-06-01 20:00:00,71515.6,71579.2,71471.4,71537.2,558.758
2026-06-01 20:03:00,71537.1,71558.7,71428.0,71542.2,624.865
2026-06-01 20:06:00,71542.2,71565.4,71476.5,71505.7,349.974
2026-06-01 20:09:00,71505.6,71521.0,71434.3,71490.7,425.844
2026-06-01 20:12:00,71490.8,71517.6,71387.6,71474.7,921.989
2026-06-01 20:15:00,71474.7,71517.3,71438.1,71488.1,478.353
2026-06-01 20:18:00,71488.1,71584.4,71470.0,71567.6,620.804
2026-06-01 20:21:00,71567.5,71596.5,71390.3,71434.7,578.804
2026-06-01 20:24:00,71434.6,71448.9,71405.3,71411.6,435.352
2026-06-01 20:27:00,71411.7,71548.5,71404.3,71548.5,448.46
2026-06-01 20:30:00,71548.5,71662.6,71528.7,71601.9,628.869
2026-06-01 20:33:00,71601.8,71629.9,71516.2,71554.8,411.556
2026-06-01 20:36:00,71554.8,71658.9,71537.5,71580.7,506.502
2026-06-01 20:39:00,71580.7,71580.7,71406.5,71437.3,397.477
2026-06-01 20:42:00,71437.3,71511.3,71410.8,71491.2,325.601
2026-06-01 20:45:00,71491.1,71518.6,71281.5,71334.5,1033.954
2026-06-01 20:48:00,71334.5,71352.8,71195.3,71280.3,3067.893
2026-06-01 20:51:00,71280.3,71317.2,71166.7,71176.4,876.384
2026-06-01 20:54:00,71176.4,71193.8,71110.9,71128.4,1106.122
2026-06-01 20:57:00,71128.4,71199.0,71037.6,71057.2,1259.51
2026-06-01 21:00:00,71057.1,71356.4,71050.1,71296.4,1785.214
2026-06-01 21:03:00,71296.4,71406.0,71266.8,71397.8,998.026
2026-06-01 21:06:00,71397.9,71476.4,71305.6,71332.4,972.094
2026-06-01 21:09:00,71332.4,71332.4,71234.1,71253.3,670.608
2026-06-01 21:12:00,71253.3,71299.9,71248.0,71255.0,305.686
2026-06-01 21:15:00,71255.1,71280.2,71148.2,71189.0,528.056
2026-06-01 21:18:00,71189.0,71193.0,71102.5,71128.9,632.742
2026-06-01 21:21:00,71128.9,71159.0,71083.6,71100.0,676.487
2026-06-01 21:24:00,71099.9,71129.4,71050.0,71086.1,714.36
2026-06-01 21:27:00,71086.1,71112.7,71035.3,71099.4,627.223
2026-06-01 21:30:00,71099.5,71172.7,71075.4,71130.1,625.458
2026-06-01 21:33:00,71130.2,71134.0,71066.1,71095.8,217.328
2026-06-01 21:36:00,71095.8,71096.0,70852.7,70883.3,2283.713
2026-06-01 21:39:00,70883.2,70914.7,70731.3,70771.6,2235.771
2026-06-01 21:42:00,70771.7,70887.9,70650.9,70857.4,2878.618
2026-06-01 21:45:00,70857.4,70924.4,70800.0,70915.4,1485.733
2026-06-01 21:48:00,70915.3,70932.4,70861.3,70884.9,557.094
2026-06-01 21:51:00,70884.8,70943.5,70884.7,70903.2,346.275
2026-06-01 21:54:00,70903.2,71018.5,70896.7,70973.9,614.141
2026-06-01 21:57:00,70974.0,71070.5,70933.3,71070.5,869.682
2026-06-01 22:00:00,71070.5,71116.9,71018.6,71100.4,649.058
2026-06-01 22:03:00,71100.5,71173.6,71097.7,71123.3,830.958
2026-06-01 22:06:00,71123.3,71228.9,71077.3,71228.9,1145.809
2026-06-01 22:09:00,71228.9,71290.6,71159.8,71280.2,881.112
2026-06-01 22:12:00,71280.3,71329.0,71267.2,71315.0,642.926
2026-06-01 22:15:00,71314.9,71393.0,71314.9,71389.6,578.368
2026-06-01 22:18:00,71389.6,71400.0,71311.8,71323.1,574.676
2026-06-01 22:21:00,71323.1,71400.0,71318.5,71385.5,529.32
2026-06-01 22:24:00,71385.6,71455.6,71351.4,71453.4,377.497
2026-06-01 22:27:00,71453.5,71600.0,71453.4,71537.7,2261.702
2026-06-01 22:30:00,71537.7,71548.0,71438.9,71547.9,1016.064
2026-06-01 22:33:00,71548.0,71591.2,71503.2,71579.9,496.39
2026-06-01 22:36:00,71579.9,71598.6,71529.4,71557.6,319.9
2026-06-01 22:39:00,71557.6,71593.8,71533.2,71564.9,281.444
2026-06-01 22:42:00,71565.0,71609.8,71550.0,71558.4,320.167
2026-06-01 22:45:00,71558.4,71631.3,71490.0,71490.0,606.315
2026-06-01 22:48:00,71490.0,71526.9,71439.0,71510.9,462.808
2026-06-01 22:51:00,71510.9,71548.0,71500.0,71536.0,174.245
2026-06-01 22:54:00,71536.0,71557.9,71484.2,71548.5,234.016
2026-06-01 22:57:00,71548.5,71720.5,71514.5,71707.3,653.645
2026-06-01 23:00:00,71707.3,71761.1,71518.1,71535.1,1133.499
2026-06-01 23:03:00,71535.5,71538.9,71500.0,71526.2,305.355
2026-06-01 23:06:00,71526.1,71607.6,71526.1,71550.1,239.824
2026-06-01 23:09:00,71550.1,71585.0,71515.9,71552.3,488.297
2026-06-01 23:12:00,71552.3,71733.1,71540.8,71694.6,914.581
2026-06-01 23:15:00,71694.6,71719.9,71622.2,71649.8,377.894
2026-06-01 23:18:00,71649.8,71758.0,71649.8,71758.0,253.285
2026-06-01 23:21:00,71758.0,71788.5,71660.9,71682.3,550.608
2026-06-01 23:24:00,71681.7,71730.5,71676.1,71718.6,192.091
2026-06-01 23:27:00,71718.7,71725.1,71594.3,71617.9,188.182
2026-06-01 23:30:00,71617.5,71670.7,71576.5,71596.5,216.062
2026-06-01 23:33:00,71596.5,71624.7,71562.6,71574.4,327.096
2026-06-01 23:36:00,71574.4,71582.7,71525.8,71530.4,337.665
2026-06-01 23:39:00,71530.4,71577.9,71480.0,71485.2,268.565
2026-06-01 23:42:00,71485.2,71485.3,71431.2,71457.8,353.983
2026-06-01 23:45:00,71457.9,71482.8,71356.1,71362.2,361.39
2026-06-01 23:48:00,71362.3,71405.7,71350.1,71379.2,285.453
2026-06-01 23:51:00,71379.1,71440.7,71358.7,71413.9,240.098
2026-06-01 23:54:00,71414.0,71418.5,71390.0,71411.3,150.268
2026-06-01 23:57:00,71411.4,71527.0,71411.3,71527.0,193.842
2026-06-02 00:00:00,71527.0,71622.6,71491.0,71620.6,210.288
2026-06-02 00:03:00,71620.6,71657.1,71572.3,71596.6,214.863
2026-06-02 00:06:00,71596.6,71610.5,71540.7,71555.4,120.945
2026-06-02 00:09:00,71555.3,71600.0,71538.1,71567.4,124.564
2026-06-02 00:12:00,71567.4,71573.8,71480.1,71480.1,132.022
2026-06-02 00:15:00,71480.1,71480.1,71388.7,71459.2,608.036
2026-06-02 00:18:00,71459.2,71472.0,71389.9,71420.0,323.252
2026-06-02 00:21:00,71419.9,71528.6,71355.6,71528.5,469.562
2026-06-02 00:24:00,71528.5,71528.5,71470.7,71503.0,93.564
2026-06-02 00:27:00,71503.0,71503.5,71456.4,71470.1,60.903
2026-06-02 00:30:00,71470.1,71477.2,71431.0,71451.0,91.892
2026-06-02 00:33:00,71450.9,71451.0,71419.5,71442.4,166.706
2026-06-02 00:36:00,71442.4,71449.1,71410.0,71422.1,103.539
2026-06-02 00:39:00,71422.1,71429.9,71376.0,71389.8,136.388
2026-06-02 00:42:00,71389.8,71425.0,71389.7,71404.3,156.205
2026-06-02 00:45:00,71404.3,71420.0,71358.0,71374.6,158.663
2026-06-02 00:48:00,71374.7,71431.5,71358.0,71408.3,214.862
2026-06-02 00:51:00,71408.3,71458.8,71408.3,71440.0,69.437
2026-06-02 00:54:00,71440.1,71477.6,71426.5,71477.6,69.236
2026-06-02 00:57:00,71477.6,71613.4,71463.2,71600.1,314.987
2026-06-02 01:00:00,71600.0,71645.1,71577.0,71640.2,245.654
2026-06-02 01:03:00,71640.2,71645.2,71589.9,71599.2,134.766
2026-06-02 01:06:00,71599.2,71617.2,71528.9,71556.2,205.319
2026-06-02 01:09:00,71556.2,71615.1,71510.3,71516.8,248.481
2026-06-02 01:12:00,71516.8,71630.0,71506.6,71612.1,165.55
2026-06-02 01:15:00,71612.1,71612.1,71501.1,71511.3,115.916
2026-06-02 01:18:00,71511.3,71529.6,71470.8,71528.2,296.135
2026-06-02 01:21:00,71528.3,71566.4,71513.1,71513.2,138.593
2026-06-02 01:24:00,71513.2,71544.7,71493.1,71524.4,125.446
2026-06-02 01:27:00,71524.4,71600.0,71520.0,71571.0,244.23
2026-06-02 01:30:00,71571.0,71571.0,71487.7,71510.3,135.953
2026-06-02 01:33:00,71510.4,71539.5,71495.4,71501.5,90.182
2026-06-02 01:36:00,71501.5,71541.9,71501.4,71527.6,87.895
2026-06-02 01:39:00,71527.6,71527.6,71490.0,71506.4,141.869
2026-06-02 01:42:00,71506.4,71550.0,71506.4,71548.0,70.337
2026-06-02 01:45:00,71548.1,71562.4,71495.5,71528.5,75.76
2026-06-02 01:48:00,71528.5,71609.3,71528.4,71575.4,121.335
2026-06-02 01:51:00,71575.4,71670.0,71564.3,71620.4,208.038
2026-06-02 01:54:00,71620.3,71620.3,71532.8,71536.9,66.244
2026-06-02 01:57:00,71536.9,71580.3,71530.3,71580.3,73.629
2026-06-02 02:00:00,71580.3,71599.5,71551.5,71551.6,94.709
2026-06-02 02:03:00,71551.5,71631.0,71551.5,71631.0,93.673
2026-06-02 02:06:00,71630.9,71643.9,71602.6,71614.9,78.548
2026-06-02 02:09:00,71614.9,71615.0,71569.2,71583.4,62.146
2026-06-02 02:12:00,71583.4,71592.9,71541.2,71562.3,65.47
2026-06-02 02:15:00,71562.3,71586.1,71535.8,71541.3,125.672
2026-06-02 02:18:00,71541.3,71569.0,71530.7,71531.1,90.844
2026-06-02 02:21:00,71531.0,71544.5,71500.6,71505.0,124.144
2026-06-02 02:24:00,71505.1,71509.8,71446.3,71461.3,197.992
2026-06-02 02:27:00,71461.2,71461.3,71383.8,71419.8,334.842
2026-06-02 02:30:00,71419.7,71419.8,71350.1,71403.9,149.831
2026-06-02 02:33:00,71403.9,71418.7,71284.7,71300.0,514.208
2026-06-02 02:36:00,71299.9,71320.0,71202.2,71214.6,322.978
2026-06-02 02:39:00,71214.7,71219.3,71122.0,71145.4,1012.351
2026-06-02 02:42:00,71145.4,71195.9,71122.0,71193.5,708.252
2026-06-02 02:45:00,71193.5,71196.3,71080.1,71093.0,277.904
2026-06-02 02:48:00,71093.0,71186.3,71046.0,71172.6,474.181
2026-06-02 02:51:00,71172.5,71200.0,71146.5,71148.7,151.144
2026-06-02 02:54:00,71148.6,71201.4,71130.6,71130.6,157.58
2026-06-02 02:57:00,71130.6,71143.7,71053.2,71120.3,240.519
2026-06-02 03:00:00,71120.3,71133.2,71112.3,71131.9,91.071
2026-06-02 03:03:00,71132.0,71132.0,71074.9,71088.0,129.687
2026-06-02 03:06:00,71088.0,71105.3,71034.0,71089.4,297.767
2026-06-02 03:09:00,71089.4,71126.2,71045.5,71108.6,254.48
2026-06-02 03:12:00,71108.6,71117.9,70911.0,70989.3,728.135
2026-06-02 03:15:00,70989.5,71024.7,70946.9,71024.7,298.537
2026-06-02 03:18:00,71024.7,71084.0,71024.6,71084.0,279.381
2026-06-02 03:21:00,71083.9,71099.2,71023.3,71023.3,143.648
2026-06-02 03:24:00,71023.3,71023.3,70955.1,70955.1,151.457
2026-06-02 03:27:00,70955.0,71060.0,70936.4,71004.6,271.243
2026-06-02 03:30:00,71004.6,71010.3,70850.2,70904.5,655.751
2026-06-02 03:33:00,70904.5,70928.1,70823.9,70909.1,385.39
2026-06-02 03:36:00,70909.2,70925.9,70806.0,70814.3,272.319
2026-06-02 03:39:00,70814.2,70954.9,70814.2,70929.4,276.596
2026-06-02 03:42:00,70929.5,70972.0,70915.7,70948.9,132.301
2026-06-02 03:45:00,70948.8,71043.5,70946.1,71017.1,218.983
2026-06-02 03:48:00,71017.1,71161.2,71017.0,71144.9,515.25
2026-06-02 03:51:00,71144.9,71167.2,71120.0,71120.0,369.456
2026-06-02 03:54:00,71120.1,71311.5,71116.0,71281.5,1036.629
2026-06-02 03:57:00,71281.5,71299.0,71250.0,71254.5,719.288
2026-06-02 04:00:00,71254.5,71336.0,71254.5,71329.1,244.086
2026-06-02 04:03:00,71329.2,71329.2,71168.5,71199.9,356.051
2026-06-02 04:06:00,71200.0,71200.0,71051.1,71055.9,186.209
2026-06-02 04:09:00,71056.0,71125.5,71052.3,71114.2,314.421
2026-06-02 04:12:00,71114.3,71154.2,71100.0,71116.4,142.908
2026-06-02 04:15:00,71116.3,71254.5,71116.3,71252.5,353.5
2026-06-02 04:18:00,71252.5,71362.9,71240.0,71334.1,587.138
2026-06-02 04:21:00,71334.2,71377.0,71324.9,71332.1,246.599
2026-06-02 04:24:00,71332.0,71386.7,71320.2,71386.1,165.524
2026-06-02 04:27:00,71386.1,71439.5,71372.3,71376.6,217.648
2026-06-02 04:30:00,71376.7,71399.1,71330.0,71331.6,354.889
2026-06-02 04:33:00,71331.6,71366.2,71327.1,71340.2,96.419
2026-06-02 04:36:00,71340.2,71366.4,71294.3,71346.0,217.629
2026-06-02 04:39:00,71346.0,71424.0,71339.3,71416.8,184.738
2026-06-02 04:42:00,71416.7,71416.7,71319.7,71341.5,167.826
2026-06-02 04:45:00,71341.5,71409.4,71341.5,71385.7,125.118
2026-06-02 04:48:00,71385.7,71454.0,71374.5,71374.5,277.415
2026-06-02 04:51:00,71374.6,71378.2,71344.8,71378.1,95.228
2026-06-02 04:54:00,71378.1,71378.2,71274.5,71278.9,162.855
2026-06-02 04:57:00,71278.9,71279.0,71217.1,71217.1,169.225
2026-06-02 05:00:00,71217.2,71255.7,71199.0,71248.2,193.895
2026-06-02 05:03:00,71248.1,71327.3,71244.6,71310.2,107.203
2026-06-02 05:06:00,71310.2,71528.0,71286.8,71508.3,750.454
2026-06-02 05:09:00,71508.2,71564.0,71480.0,71530.6,346.345
2026-06-02 05:12:00,71530.6,71538.7,71464.3,71489.7,132.454
2026-06-02 05:15:00,71489.8,71519.0,71447.1,71456.4,181.946
2026-06-02 05:18:00,71456.5,71532.8,71453.0,71504.0,194.174
2026-06-02 05:21:00,71503.9,71504.0,71370.7,71430.7,362.672
2026-06-02 05:24:00,71430.7,71437.0,71350.0,71362.0,116.92
2026-06-02 05:27:00,71362.0,71409.9,71362.0,71391.5,211.387
2026-06-02 05:30:00,71391.5,71397.0,71301.0,71336.0,219.923
2026-06-02 05:33:00,71336.1,71370.7,71265.3,71308.2,365.433
2026-06-02 05:36:00,71308.3,71312.6,71256.4,71304.5,249.628
2026-06-02 05:39:00,71304.5,71309.1,71241.9,71270.0,173.189
2026-06-02 05:42:00,71270.0,71270.1,71227.0,71249.8,237.049
2026-06-02 05:45:00,71249.8,71286.4,71188.0,71226.5,233.663
2026-06-02 05:48:00,71226.5,71226.5,71152.0,71177.9,210.963
2026-06-02 05:51:00,71177.8,71217.8,71168.6,71189.9,91.609
2026-06-02 05:54:00,71189.9,71190.0,71124.7,71164.7,192.359
2026-06-02 05:57:00,71164.7,71214.0,71159.3,71214.0,112.688
2026-06-02 06:00:00,71214.0,71283.0,71210.0,71223.8,257.957
2026-06-02 06:03:00,71223.8,71249.9,71179.2,71220.5,164.36
2026-06-02 06:06:00,71220.6,71271.4,71177.0,71196.8,151.203
2026-06-02 06:09:00,71196.8,71197.4,71135.2,71156.1,213.052
2026-06-02 06:12:00,71156.1,71161.1,71071.5,71158.6,230.14
2026-06-02 06:15:00,71158.7,71174.1,71126.1,71171.9,130.105
2026-06-02 06:18:00,71172.0,71200.0,71150.4,71195.2,114.109
2026-06-02 06:21:00,71195.3,71260.0,71192.0,71260.0,134.805
2026-06-02 06:24:00,71260.0,71284.0,71237.7,71278.5,128.908
2026-06-02 06:27:00,71278.5,71278.5,71241.1,71266.6,147.347
2026-06-02 06:30:00,71266.5,71316.2,71242.9,71316.1,179.744
2026-06-02 06:33:00,71316.2,71335.5,71227.3,71272.7,185.063
2026-06-02 06:36:00,71272.7,71314.0,71267.6,71295.2,171.611
2026-06-02 06:39:00,71295.2,71305.5,71205.0,71249.9,135.201
2026-06-02 06:42:00,71249.9,71357.2,71249.9,71345.6,261.421
2026-06-02 06:45:00,71345.6,71354.5,71250.0,71320.5,155.04
2026-06-02 06:48:00,71320.5,71320.5,71238.5,71300.0,139.717
2026-06-02 06:51:00,71300.0,71315.2,71240.4,71273.1,149.191
2026-06-02 06:54:00,71273.1,71318.0,71230.4,71253.4,172.885
2026-06-02 06:57:00,71253.5,71285.3,71174.6,71188.3,189.446
2026-06-02 07:00:00,71188.2,71209.7,71009.1,71029.3,668.439
2026-06-02 07:03:00,71029.3,71057.4,70913.7,70913.7,841.219
2026-06-02 07:06:00,70913.7,70944.9,70752.4,70768.2,921.542
2026-06-02 07:09:00,70768.3,70933.4,70768.2,70921.7,525.68
2026-06-02 07:12:00,70921.7,70972.6,70862.6,70928.9,552.927
2026-06-02 07:15:00,70928.9,70929.0,70723.0,70831.0,1109.536
2026-06-02 07:18:00,70831.0,70888.3,70830.9,70863.6,303.586
2026-06-02 07:21:00,70863.6,70908.0,70856.9,70869.1,243.008
2026-06-02 07:24:00,70869.1,70869.2,70780.8,70806.5,216.705
2026-06-02 07:27:00,70806.5,70806.5,70555.7,70615.2,1338.978
2026-06-02 07:30:00,70612.2,70700.0,70559.7,70635.5,966.334
2026-06-02 07:33:00,70635.5,70675.5,70416.6,70437.7,2700.696
2026-06-02 07:36:00,70437.7,70455.2,70038.0,70329.9,4637.801
2026-06-02 07:39:00,70330.0,70330.0,70122.9,70194.8,1027.269
2026-06-02 07:42:00,70194.8,70319.7,70158.0,70319.7,659.791
2026-06-02 07:45:00,70319.7,70329.8,70195.9,70216.0,446.312
2026-06-02 07:48:00,70216.1,70358.0,70125.3,70358.0,495.691
2026-06-02 07:51:00,70358.0,70491.0,70358.0,70422.6,844.284
2026-06-02 07:54:00,70422.7,70618.8,70422.7,70578.9,849.69
2026-06-02 07:57:00,70579.0,70800.0,70578.9,70775.5,1295.069
2026-06-02 08:00:00,70775.6,70805.0,70717.9,70742.1,515.182
2026-06-02 08:03:00,70742.1,70797.6,70700.0,70782.6,447.404
2026-06-02 08:06:00,70782.7,70855.9,70746.4,70747.2,455.003
2026-06-02 08:09:00,70747.2,70747.2,70554.8,70562.1,489.418
2026-06-02 08:12:00,70562.1,70589.5,70550.4,70571.2,251.948
2026-06-02 08:15:00,70571.1,70725.7,70550.0,70702.1,514.41
2026-06-02 08:18:00,70702.0,70723.4,70619.0,70712.7,183.163
2026-06-02 08:21:00,70712.7,70750.0,70659.0,70659.0,197.107
2026-06-02 08:24:00,70659.0,70744.0,70591.6,70734.6,660.855
2026-06-02 08:27:00,70734.5,70820.0,70712.1,70820.0,510.628
2026-06-02 08:30:00,70820.0,70856.2,70768.5,70837.2,414.559
2026-06-02 08:33:00,70837.2,70990.0,70812.8,70970.8,742.734
2026-06-02 08:36:00,70970.8,71022.4,70950.9,70960.0,388.25
2026-06-02 08:39:00,70960.0,71006.9,70886.6,70886.9,219.864
2026-06-02 08:42:00,70886.9,70890.9,70866.0,70881.6,156.237
2026-06-02 08:45:00,70881.5,70983.6,70881.5,70957.7,249.271
2026-06-02 08:48:00,70957.7,70969.2,70802.5,70804.6,194.75
2026-06-02 08:51:00,70804.7,70949.8,70791.5,70949.8,169.69
2026-06-02 08:54:00,70949.8,70988.1,70892.7,70956.3,304.204
2026-06-02 08:57:00,70956.4,70967.4,70902.2,70934.1,255.435
2026-06-02 09:00:00,70934.2,70945.0,70880.1,70940.0,147.541
2026-06-02 09:03:00,70940.1,70982.4,70894.4,70938.1,180.399
2026-06-02 09:06:00,70938.1,70947.5,70900.0,70937.8,110.586
2026-06-02 09:09:00,70937.8,70960.0,70920.4,70941.1,137.881
2026-06-02 09:12:00,70941.0,70969.5,70897.4,70960.4,113.044
2026-06-02 09:15:00,70960.4,70985.0,70936.2,70985.0,162.798
2026-06-02 09:18:00,70985.0,70985.0,70910.6,70973.8,126.235
2026-06-02 09:21:00,70973.8,70979.2,70932.8,70962.5,107.52
2026-06-02 09:24:00,70962.4,70996.5,70910.0,70917.1,112.664
2026-06-02 09:27:00,70917.0,70944.1,70916.3,70920.7,72.955
2026-06-02 09:30:00,70920.8,70990.0,70916.7,70919.5,165.605
2026-06-02 09:33:00,70919.5,70947.2,70901.0,70942.4,109.851
2026-06-02 09:36:00,70942.4,70960.0,70820.1,70821.3,232.091
2026-06-02 09:39:00,70821.3,70838.6,70690.2,70703.0,599.634
2026-06-02 09:42:00,70702.9,70784.6,70690.1,70739.8,254.402
2026-06-02 09:45:00,70739.7,70838.7,70739.7,70781.8,204.104
2026-06-02 09:48:00,70781.7,70896.2,70781.7,70896.1,221.629
2026-06-02 09:51:00,70896.2,70896.2,70786.8,70845.7,132.56
2026-06-02 09:54:00,70845.8,70925.3,70832.9,70925.2,155.18
2026-06-02 09:57:00,70925.3,70999.0,70921.4,70942.9,319.069
2026-06-02 10:00:00,70942.8,70942.9,70890.6,70933.5,136.723
2026-06-02 10:03:00,70933.6,71015.3,70933.5,71013.5,299.089
2026-06-02 10:06:00,71013.5,71022.7,70962.7,70983.0,157.438
2026-06-02 10:09:00,70983.0,71011.4,70973.7,70999.9,198.529
2026-06-02 10:12:00,71000.0,71008.2,70959.6,70991.9,113.122
2026-06-02 10:15:00,70992.0,70992.0,70938.1,70942.1,113.601
2026-06-02 10:18:00,70942.2,70963.7,70868.2,70889.1,150.42
2026-06-02 10:21:00,70889.1,70889.2,70829.3,70864.9,109.838
2026-06-02 10:24:00,70865.0,70872.5,70791.8,70792.0,161.102
2026-06-02 10:27:00,70792.0,70819.4,70728.6,70782.3,277.226
2026-06-02 10:30:00,70782.3,70820.8,70694.2,70694.2,281.39
2026-06-02 10:33:00,70694.2,70707.0,70555.0,70596.2,928.489
2026-06-02 10:36:00,70596.2,70647.5,70563.6,70628.9,338.219
2026-06-02 10:39:00,70628.9,70726.8,70628.8,70713.9,239.708
2026-06-02 10:42:00,70713.9,70814.3,70707.0,70779.3,244.995
2026-06-02 10:45:00,70779.3,70786.9,70682.0,70711.2,194.853
2026-06-02 10:48:00,70711.3,70733.5,70682.5,70715.4,145.374
2026-06-02 10:51:00,70715.4,70742.3,70689.0,70707.9,181.528
2026-06-02 10:54:00,70707.8,70717.0,70574.0,70633.2,290.534
2026-06-02 10:57:00,70633.2,70661.5,70549.9,70572.2,338.389
2026-06-02 11:00:00,70572.3,70685.8,70501.2,70670.1,455.704
2026-06-02 11:03:00,70670.1,70700.2,70619.5,70636.2,181.378
2026-06-02 11:06:00,70636.3,70652.6,70554.8,70610.1,198.336
2026-06-02 11:09:00,70610.0,70615.8,70400.0,70472.5,989.427
2026-06-02 11:12:00,70472.5,70518.2,70440.7,70500.1,693.238
2026-06-02 11:15:00,70500.1,70507.5,70375.2,70395.8,1143.751
2026-06-02 11:18:00,70395.9,70432.4,70350.0,70375.7,863.554
2026-06-02 11:21:00,70375.7,70390.0,70307.3,70329.9,663.7
2026-06-02 11:24:00,70329.8,70369.2,70305.6,70345.7,287.398
2026-06-02 11:27:00,70345.7,70345.7,70222.2,70235.1,848.514
2026-06-02 11:30:00,70235.1,70356.9,70223.5,70320.2,640.56
2026-06-02 11:33:00,70320.1,70414.9,70320.1,70404.1,748.985
2026-06-02 11:36:00,70404.0,70404.1,70310.2,70321.4,280.632
2026-06-02 11:39:00,70321.4,70380.0,70321.4,70338.3,234.029
2026-06-02 11:42:00,70338.3,70338.3,70188.8,70273.7,641.058
2026-06-02 11:45:00,70273.7,70366.5,70265.5,70308.1,325.297
2026-06-02 11:48:00,70308.1,70308.1,70256.6,70280.0,231.85
2026-06-02 11:51:00,70280.0,70300.0,70262.1,70277.5,151.835
2026-06-02 11:54:00,70277.6,70300.8,70191.0,70300.7,370.091
2026-06-02 11:57:00,70300.8,70350.2,70276.2,70333.5,257.504
2026-06-02 12:00:00,70333.5,70393.2,70325.8,70339.8,309.444
2026-06-02 12:03:00,70339.8,70352.5,70280.0,70308.4,376.209
2026-06-02 12:06:00,70308.4,70312.4,70234.7,70276.8,285.624
2026-06-02 12:09:00,70276.7,70301.9,70250.0,70294.9,397.595
2026-06-02 12:12:00,70294.8,70318.8,70215.6,70220.4,191.264
2026-06-02 12:15:00,70220.4,70282.7,69889.1,70097.7,2923.412
2026-06-02 12:18:00,70097.6,70258.5,70081.8,70252.6,905.237
2026-06-02 12:21:00,70252.6,70309.5,70129.1,70129.1,900.042
2026-06-02 12:24:00,70129.1,70144.1,69891.2,69914.5,1706.982
2026-06-02 12:27:00,69914.5,70094.0,69914.5,70076.7,781.306
2026-06-02 12:30:00,70076.6,70133.2,69762.8,69798.5,2033.798
2026-06-02 12:33:00,69798.4,69883.2,69666.8,69866.9,2120.393
2026-06-02 12:36:00,69866.9,69960.0,69804.0,69959.7,624.088
2026-06-02 12:39:00,69959.8,70024.7,69929.6,70004.8,478.959
2026-06-02 12:42:00,70004.9,70048.3,69961.5,70020.0,352.172
2026-06-02 12:45:00,70020.0,70209.0,70020.0,70192.9,694.161
2026-06-02 12:48:00,70193.0,70249.6,70128.7,70140.0,563.816
2026-06-02 12:51:00,70140.0,70140.1,70058.1,70064.5,481.958
2026-06-02 12:54:00,70064.6,70064.6,69845.5,69884.2,941.194
2026-06-02 12:57:00,69884.2,69899.2,69794.7,69877.3,559.671
2026-06-02 13:00:00,69877.3,70084.7,69869.3,70073.2,561.33
2026-06-02 13:03:00,70073.3,70100.0,70017.6,70079.8,553.537
2026-06-02 13:06:00,70079.9,70216.0,70074.2,70148.2,566.176
2026-06-02 13:09:00,70148.3,70198.7,70138.5,70170.1,249.135
2026-06-02 13:12:00,70170.1,70210.0,70162.2,70176.6,263.624
2026-06-02 13:15:00,70176.6,70176.7,70037.0,70053.3,335.714
2026-06-02 13:18:00,70053.3,70141.3,70053.2,70138.0,254.759
2026-06-02 13:21:00,70138.0,70138.0,70053.2,70056.7,181.18
2026-06-02 13:24:00,70056.8,70185.5,70056.7,70109.0,219.798
2026-06-02 13:27:00,70109.0,70110.0,70070.0,70079.4,295.928
2026-06-02 13:30:00,70079.5,70146.2,70035.7,70044.8,248.364
2026-06-02 13:33:00,70044.8,70062.3,69966.0,70029.9,289.633
2026-06-02 13:36:00,70029.9,70059.0,69973.5,69994.7,202.364
2026-06-02 13:39:00,69994.7,70008.2,69960.1,69964.8,162.985
2026-06-02 13:42:00,69964.8,70049.6,69931.6,70025.9,365.416
2026-06-02 13:45:00,70026.0,70026.0,69902.3,69908.5,256.37
2026-06-02 13:48:00,69908.4,70020.8,69888.2,69938.0,338.86
2026-06-02 13:51:00,69938.0,69942.0,69852.6,69926.0,534.281
2026-06-02 13:54:00,69926.0,69992.7,69828.2,69992.7,409.105
2026-06-02 13:57:00,69992.7,70060.0,69931.9,69997.6,422.257
2026-06-02 14:00:00,69997.5,70042.0,69986.8,70031.6,248.598
2026-06-02 14:03:00,70031.5,70060.0,69928.5,69967.0,169.993
2026-06-02 14:06:00,69967.0,69995.6,69881.0,69881.0,103.476
2026-06-02 14:09:00,69881.0,69931.0,69871.2,69871.3,93.808
2026-06-02 14:12:00,69871.3,69892.1,69821.4,69833.0,142.294
2026-06-02 14:15:00,69833.1,69919.3,69827.2,69859.1,424.261
2026-06-02 14:18:00,69859.1,69859.1,69756.7,69800.0,674.857
2026-06-02 14:21:00,69800.0,69800.0,69740.0,69746.8,393.184
2026-06-02 14:24:00,69746.8,69758.3,69677.6,69719.3,580.365
2026-06-02 14:27:00,69719.3,69820.3,69705.5,69794.4,467.92
2026-06-02 14:30:00,69794.4,69820.4,69600.1,69616.9,1241.483
2026-06-02 14:33:00,69616.8,69665.5,69542.9,69584.2,1125.856
2026-06-02 14:36:00,69584.2,69686.8,69566.0,69619.7,521.717
2026-06-02 14:39:00,69619.7,69626.2,69570.2,69573.5,531.075
2026-06-02 14:42:00,69573.5,69573.5,69450.0,69533.0,1623.711
2026-06-02 14:45:00,69533.0,69598.5,69466.5,69471.1,527.727
2026-06-02 14:48:00,69471.1,69605.7,69463.2,69519.7,456.353
2026-06-02 14:51:00,69519.7,69519.7,69370.0,69452.0,914.289
2026-06-02 14:54:00,69451.9,69469.2,69390.0,69409.7,431.344
2026-06-02 14:57:00,69409.8,69420.7,69277.8,69366.6,1424.889
2026-06-02 15:00:00,69366.6,69462.0,69316.5,69462.0,683.886
2026-06-02 15:03:00,69461.9,69538.6,69416.2,69519.3,724.948
2026-06-02 15:06:00,69519.3,69519.3,69444.3,69494.6,324.886
2026-06-02 15:09:00,69494.5,69494.6,69388.4,69450.5,475.674
2026-06-02 15:12:00,69450.5,69496.3,69430.2,69460.6,547.346
2026-06-02 15:15:00,69460.6,69460.7,69348.0,69398.3,628.022
2026-06-02 15:18:00,69398.2,69499.9,69380.1,69405.5,766.966
2026-06-02 15:21:00,69405.5,69460.0,69400.0,69411.0,261.206
2026-06-02 15:24:00,69411.0,69427.7,69356.0,69369.7,344.403
2026-06-02 15:27:00,69369.6,69404.5,69356.0,69393.2,275.499
2026-06-02 15:30:00,69393.1,69402.9,69316.5,69369.6,520.093
2026-06-02 15:33:00,69369.5,69505.8,69367.8,69504.4,578.005
2026-06-02 15:36:00,69504.5,69562.8,69465.7,69526.1,554.424
2026-06-02 15:39:00,69526.1,69713.8,69517.5,69699.5,1048.677
2026-06-02 15:42:00,69699.5,69732.2,69618.7,69624.9,670.671
2026-06-02 15:45:00,69624.9,69686.5,69604.5,69640.8,312.678
2026-06-02 15:48:00,69640.7,69700.0,69633.9,69662.6,204.047
2026-06-02 15:51:00,69662.6,69662.7,69483.3,69506.6,866.403
2026-06-02 15:54:00,69506.6,69568.1,69492.7,69532.7,190.617
2026-06-02 15:57:00,69532.6,69631.9,69532.6,69608.9,191.703
2026-06-02 16:00:00,69609.0,69647.4,69580.1,69611.1,219.07
2026-06-02 16:03:00,69611.1,69611.1,69444.1,69451.5,313.882
2026-06-02 16:06:00,69451.5,69475.5,69412.0,69434.9,420.458
2026-06-02 16:09:00,69435.0,69490.1,69412.0,69460.1,456.492
2026-06-02 16:12:00,69460.0,69474.8,69434.9,69440.5,122.65
2026-06-02 16:15:00,69440.5,69500.0,69440.5,69490.1,120.18
2026-06-02 16:18:00,69490.1,69499.5,69445.3,69484.1,137.619
2026-06-02 16:21:00,69484.0,69666.0,69484.0,69647.3,316.91
2026-06-02 16:24:00,69647.3,69666.6,69612.5,69656.9,186.319
2026-06-02 16:27:00,69657.0,69665.1,69620.8,69620.8,140.613
2026-06-02 16:30:00,69620.9,69635.0,69540.0,69580.5,217.319
2026-06-02 16:33:00,69580.4,69602.6,69540.1,69544.4,129.707
2026-06-02 16:36:00,69544.5,69565.3,69525.4,69560.1,84.851
2026-06-02 16:39:00,69560.2,69584.3,69488.3,69494.9,169.417
2026-06-02 16:42:00,69494.9,69535.1,69465.7,69524.9,171.379
2026-06-02 16:45:00,69524.9,69541.4,69452.9,69462.1,225.736
2026-06-02 16:48:00,69462.1,69473.1,69390.9,69448.6,286.666
2026-06-02 16:51:00,69448.6,69486.0,69405.2,69477.1,206.637
2026-06-02 16:54:00,69477.2,69513.3,69440.1,69440.1,206.962
2026-06-02 16:57:00,69440.1,69482.3,69434.2,69464.8,157.371
2026-06-02 17:00:00,69464.9,69471.0,69380.0,69397.4,220.958
2026-06-02 17:03:00,69397.4,69428.8,69364.1,69409.1,389.296
2026-06-02 17:06:00,69409.1,69491.9,69390.1,69489.1,164.757
2026-06-02 17:09:00,69489.2,69499.0,69480.0,69499.0,122.773
2026-06-02 17:12:00,69499.0,69500.0,69437.4,69438.9,106.235
2026-06-02 17:15:00,69439.0,69483.2,69425.2,69479.1,79.366
2026-06-02 17:18:00,69479.2,69531.7,69479.1,69522.1,138.853
2026-06-02 17:21:00,69522.1,69584.7,69480.1,69547.1,240.976
2026-06-02 17:24:00,69547.0,69566.2,69525.3,69530.9,165.518
2026-06-02 17:27:00,69531.0,69535.7,69430.2,69430.2,114.84
2026-06-02 17:30:00,69430.2,69464.3,69356.1,69452.0,375.461
2026-06-02 17:33:00,69451.9,69514.6,69310.0,69322.3,393.407
2026-06-02 17:36:00,69322.4,69458.1,69224.6,69433.0,976.725
2026-06-02 17:39:00,69433.1,69458.1,69341.8,69341.9,524.669
2026-06-02 17:42:00,69341.8,69358.9,69284.6,69314.9,419.602
2026-06-02 17:45:00,69314.9,69339.1,69230.0,69237.5,424.134
2026-06-02 17:48:00,69237.5,69270.1,69211.0,69228.2,725.798
2026-06-02 17:51:00,69228.1,69417.5,69228.1,69392.4,510.784
2026-06-02 17:54:00,69392.3,69409.2,69324.1,69340.4,226.179
2026-06-02 17:57:00,69340.3,69343.2,69237.1,69263.2,212.076
2026-06-02 18:00:00,69263.1,69263.2,69166.0,69166.3,1128.437
2026-06-02 18:03:00,69166.3,69195.3,69080.0,69150.4,925.902
2026-06-02 18:06:00,69150.4,69164.9,69065.0,69093.0,604.508
2026-06-02 18:09:00,69093.0,69222.0,69033.4,69195.1,1173.955
2026-06-02 18:12:00,69195.1,69226.5,69151.4,69190.0,587.953
2026-06-02 18:15:00,69190.1,69229.6,69089.8,69099.8,701.366
2026-06-02 18:18:00,69099.7,69127.4,69068.8,69087.5,265.832
2026-06-02 18:21:00,69087.5,69087.5,69036.0,69079.9,393.25
2026-06-02 18:24:00,69080.0,69085.6,69011.4,69020.1,724.517
2026-06-02 18:27:00,69020.0,69063.0,68955.0,68985.5,938.846
2026-06-02 18:30:00,68985.4,69171.0,68888.0,69147.8,3853.02
2026-06-02 18:33:00,69147.9,69160.0,69050.6,69077.4,1539.419
2026-06-02 18:36:00,69077.5,69099.9,68953.1,68985.1,752.899
2026-06-02 18:39:00,68985.1,69050.0,68973.4,69019.8,544.834
2026-06-02 18:42:00,69019.9,69050.7,68864.0,68891.0,855.209
2026-06-02 18:45:00,68891.1,68975.2,68840.5,68954.5,745.821
2026-06-02 18:48:00,68954.6,69031.4,68954.6,69009.4,468.072
2026-06-02 18:51:00,69009.5,69080.3,68996.6,69071.6,460.454
2026-06-02 18:54:00,69071.6,69071.6,68987.3,69025.3,351.712
2026-06-02 18:57:00,69024.8,69080.0,68984.0,69002.6,404.45
2026-06-02 19:00:00,69002.5,69090.0,68930.1,68939.4,787.986
2026-06-02 19:03:00,68939.5,68943.3,68845.7,68900.2,587.913
2026-06-02 19:06:00,68900.2,68967.7,68805.7,68829.0,1318.9
2026-06-02 19:09:00,68829.0,68915.0,68746.0,68914.7,2002.528
2026-06-02 19:12:00,68914.7,68954.1,68814.3,68861.6,536.732
2026-06-02 19:15:00,68861.6,68960.0,68848.8,68888.0,765.25
2026-06-02 19:18:00,68887.9,68920.0,68805.9,68838.7,351.15
2026-06-02 19:21:00,68838.6,68838.7,68755.2,68794.8,597.288
2026-06-02 19:24:00,68794.8,68819.9,68756.1,68819.8,796.37
2026-06-02 19:27:00,68819.9,68819.9,68736.0,68788.9,661.65
2026-06-02 19:30:00,68788.9,68818.4,68650.0,68677.2,1760.224
2026-06-02 19:33:00,68677.1,68684.4,68588.0,68660.3,1743.218
2026-06-02 19:36:00,68660.4,68721.7,68482.7,68496.8,2314.086
2026-06-02 19:39:00,68496.7,68551.5,68268.3,68459.3,4549.061
2026-06-02 19:42:00,68459.3,68687.2,68431.6,68556.1,2091.093
2026-06-02 19:45:00,68556.1,68562.1,68417.9,68459.7,1088.565
2026-06-02 19:48:00,68459.7,68459.7,68250.0,68283.0,1685.88
2026-06-02 19:51:00,68283.0,68283.1,67888.2,67991.6,5389.103
2026-06-02 19:54:00,67991.6,68089.3,67838.0,67865.5,3507.363
2026-06-02 19:57:00,67865.1,67949.8,67573.5,67858.7,6144.882
2026-06-02 20:00:00,67858.6,68052.3,67832.9,68044.1,2692.0
2026-06-02 20:03:00,68044.2,68150.0,68002.8,68148.4,1937.826
2026-06-02 20:06:00,68148.3,68250.0,68100.9,68188.5,2123.819
2026-06-02 20:09:00,68188.5,68194.2,67870.1,67924.9,1704.851
2026-06-02 20:12:00,67925.0,68000.0,67864.2,68000.0,1062.262
2026-06-02 20:15:00,67999.9,68219.9,67990.9,68158.0,1502.0
2026-06-02 20:18:00,68158.0,68244.0,68117.1,68180.1,819.258
2026-06-02 20:21:00,68180.1,68250.0,68127.0,68134.3,636.012
2026-06-02 20:24:00,68134.3,68149.1,68051.2,68080.0,556.625
2026-06-02 20:27:00,68079.9,68095.9,67944.0,67990.0,737.917
2026-06-02 20:30:00,67989.9,68007.0,67850.0,67856.5,1095.367
2026-06-02 20:33:00,67856.4,67949.0,67792.8,67942.7,1097.879
2026-06-02 20:36:00,67942.6,68075.0,67900.1,68014.3,984.252
2026-06-02 20:39:00,68014.3,68028.9,67853.2,67944.2,670.123
2026-06-02 20:42:00,67944.2,67944.2,67789.1,67828.6,844.348
2026-06-02 20:45:00,67828.5,67833.7,67594.7,67638.2,2073.438
2026-06-02 20:48:00,67638.1,67749.5,67500.3,67677.9,2413.305
2026-06-02 20:51:00,67677.9,67772.3,67525.5,67552.6,1689.704
2026-06-02 20:54:00,67552.5,67638.3,67326.8,67468.9,3247.887
2026-06-02 20:57:00,67468.9,67600.0,67406.8,67422.1,1321.527
2026-06-02 21:00:00,67422.2,67475.5,67126.2,67374.2,4100.031
2026-06-02 21:03:00,67374.2,67475.6,67162.2,67259.5,1966.809
2026-06-02 21:06:00,67259.5,67259.5,67035.5,67125.0,2902.893
2026-06-02 21:09:00,67124.9,67325.0,67124.9,67228.6,1849.402
2026-06-02 21:12:00,67228.6,67357.5,67228.5,67251.9,763.665
2026-06-02 21:15:00,67251.9,67472.6,67241.9,67303.6,1446.998
2026-06-02 21:18:00,67303.6,67321.7,67078.5,67113.4,1902.233
2026-06-02 21:21:00,67113.4,67184.7,67090.6,67090.6,795.28
2026-06-02 21:24:00,67090.6,67285.9,67077.9,67257.4,984.314
2026-06-02 21:27:00,67257.3,67299.9,67240.1,67274.0,693.196
2026-06-02 21:30:00,67274.0,67328.2,67196.2,67303.0,542.745
2026-06-02 21:33:00,67303.1,67455.0,67266.7,67434.5,1152.417
2026-06-02 21:36:00,67434.4,67548.4,67342.3,67489.1,1347.46
2026-06-02 21:39:00,67489.1,67732.7,67472.1,67703.9,1933.693
2026-06-02 21:42:00,67703.9,67972.8,67665.3,67903.4,3493.183
2026-06-02 21:45:00,67903.3,67973.4,67820.0,67939.7,1746.132
2026-06-02 21:48:00,67939.7,68121.9,67889.8,67894.6,2251.832
2026-06-02 21:51:00,67894.5,67894.6,67777.0,67785.4,1773.957
2026-06-02 21:54:00,67785.5,67830.0,67777.0,67798.6,1544.577
2026-06-02 21:57:00,67798.5,67873.2,67779.0,67840.0,519.793
2026-06-02 22:00:00,67840.1,67846.8,67777.2,67778.7,396.279
2026-06-02 22:03:00,67778.6,67800.0,67777.0,67780.2,756.309
2026-06-02 22:06:00,67780.3,67780.3,67560.0,67580.2,3359.3
2026-06-02 22:09:00,67580.2,67683.9,67508.0,67630.0,727.638
2026-06-02 22:12:00,67629.9,67641.0,67540.6,67608.6,552.945
2026-06-02 22:15:00,67608.5,67818.6,67600.1,67682.0,981.742
2026-06-02 22:18:00,67682.1,67795.4,67666.0,67693.9,439.002
2026-06-02 22:21:00,67693.9,67714.6,67513.0,67557.7,645.837
2026-06-02 22:24:00,67557.6,67594.1,67461.8,67546.2,1071.937
2026-06-02 22:27:00,67546.3,67546.3,67369.6,67393.0,1078.647
2026-06-02 22:30:00,67393.1,67551.0,67345.0,67549.9,1019.436
2026-06-02 22:33:00,67549.8,67605.8,67463.9,67585.5,607.492
2026-06-02 22:36:00,67585.5,67585.5,67384.2,67454.3,485.039
2026-06-02 22:39:00,67454.4,67517.4,67414.3,67517.3,259.248
2026-06-02 22:42:00,67517.4,67517.4,67440.0,67480.8,330.601
2026-06-02 22:45:00,67480.8,67534.1,67436.2,67487.0,291.203
2026-06-02 22:48:00,67487.0,67715.8,67465.7,67644.6,606.869
2026-06-02 22:51:00,67644.6,67755.5,67604.0,67740.8,582.247
2026-06-02 22:54:00,67740.9,67790.0,67686.3,67696.9,740.145
2026-06-02 22:57:00,67697.0,67748.7,67692.4,67707.6,262.761
2026-06-02 23:00:00,67707.6,67821.9,67664.2,67813.9,458.025
2026-06-02 23:03:00,67814.0,67819.2,67546.1,67632.4,658.651
2026-06-02 23:06:00,67632.4,67650.0,67582.9,67650.0,205.056
2026-06-02 23:09:00,67650.0,67681.4,67489.7,67509.6,411.531
2026-06-02 23:12:00,67509.5,67536.0,67437.1,67464.3,807.402
2026-06-02 23:15:00,67464.2,67493.3,67425.5,67457.4,255.389
2026-06-02 23:18:00,67457.4,67465.7,67357.3,67360.2,576.733
2026-06-02 23:21:00,67360.2,67476.3,67360.2,67476.2,385.516
2026-06-02 23:24:00,67476.2,67489.3,67392.5,67435.6,251.896
2026-06-02 23:27:00,67435.6,67499.8,67435.5,67466.0,156.02
2026-06-02 23:30:00,67466.0,67569.9,67466.0,67479.9,464.775
2026-06-02 23:33:00,67479.9,67559.0,67465.0,67514.1,213.871
2026-06-02 23:36:00,67514.0,67606.7,67481.7,67570.3,233.483
2026-06-02 23:39:00,67570.3,67626.2,67556.8,67579.3,269.905
2026-06-02 23:42:00,67579.2,67641.6,67553.6,67573.2,359.341
2026-06-02 23:45:00,67573.1,67599.8,67507.3,67566.0,188.629
2026-06-02 23:48:00,67566.0,67591.1,67480.0,67480.0,185.437
2026-06-02 23:51:00,67480.0,67506.1,67384.5,67404.7,326.327
2026-06-02 23:54:00,67404.6,67409.2,67326.1,67383.7,492.281
2026-06-02 23:57:00,67383.7,67427.9,67265.0,67281.9,534.805
2026-06-03 00:00:00,67281.9,67345.7,67226.3,67257.6,815.506
2026-06-03 00:03:00,67257.5,67319.6,67230.0,67233.7,356.703
2026-06-03 00:06:00,67233.7,67293.7,67191.0,67196.7,418.354
2026-06-03 00:09:00,67196.7,67250.0,67180.1,67185.7,351.227
2026-06-03 00:12:00,67185.7,67285.1,67175.7,67280.1,329.016
2026-06-03 00:15:00,67280.1,67285.1,67179.8,67228.3,258.439
2026-06-03 00:18:00,67228.2,67297.6,67228.2,67250.6,296.993
2026-06-03 00:21:00,67250.7,67267.6,67123.0,67153.8,411.681
2026-06-03 00:24:00,67153.8,67274.9,67088.0,67262.1,606.443
2026-06-03 00:27:00,67262.1,67341.5,67253.7,67315.5,269.548
2026-06-03 00:30:00,67315.5,67415.2,67239.0,67239.0,398.315
2026-06-03 00:33:00,67239.1,67294.5,67205.6,67210.6,184.363
2026-06-03 00:36:00,67210.6,67336.6,67200.3,67295.5,237.763
2026-06-03 00:39:00,67295.5,67327.2,67255.0,67315.3,159.099
2026-06-03 00:42:00,67315.3,67357.2,67284.3,67323.9,240.759
2026-06-03 00:45:00,67323.7,67344.2,67170.0,67187.3,273.792
2026-06-03 00:48:00,67187.3,67201.6,67090.7,67152.7,793.293
2026-06-03 00:51:00,67152.7,67221.3,67138.0,67138.4,344.014
2026-06-03 00:54:00,67138.5,67164.5,67045.0,67159.7,706.197
2026-06-03 00:57:00,67159.7,67159.8,66888.1,66950.0,4630.018
2026-06-03 01:00:00,66949.9,66996.7,66601.6,66696.0,4567.279
2026-06-03 01:03:00,66696.1,66742.5,66388.0,66619.9,5746.361
2026-06-03 01:06:00,66620.0,66790.7,66619.9,66731.4,1072.444
2026-06-03 01:09:00,66731.4,66774.4,66583.8,66628.7,1041.196
2026-06-03 01:12:00,66628.6,66935.8,66628.6,66895.1,1110.224
2026-06-03 01:15:00,66895.0,67020.1,66839.4,67004.5,959.84
2026-06-03 01:18:00,67004.6,67264.8,66972.1,67225.6,1684.203
2026-06-03 01:21:00,67225.7,67474.2,67211.3,67339.8,1710.663
2026-06-03 01:24:00,67339.7,67347.7,67124.3,67175.6,940.955
2026-06-03 01:27:00,67175.5,67289.6,67143.2,67286.7,647.068
2026-06-03 01:30:00,67286.7,67289.9,67047.3,67089.0,789.823
2026-06-03 01:33:00,67089.1,67360.2,67089.0,67347.1,599.78
2026-06-03 01:36:00,67347.0,67419.3,67312.4,67417.2,854.606
2026-06-03 01:39:00,67417.2,67462.0,67333.6,67374.1,754.58
2026-06-03 01:42:00,67374.1,67381.0,67316.5,67348.2,377.525
2026-06-03 01:45:00,67348.1,67360.3,67193.4,67213.9,580.231
2026-06-03 01:48:00,67213.8,67213.8,67014.1,67080.5,858.049
2026-06-03 01:51:00,67080.5,67109.6,66928.8,66946.4,705.641
2026-06-03 01:54:00,66946.4,67008.1,66922.8,66980.0,575.962
2026-06-03 01:57:00,66979.9,67035.5,66880.1,66923.9,686.84
2026-06-03 02:00:00,66924.0,67253.0,66913.3,67244.6,864.478
2026-06-03 02:03:00,67244.6,67330.5,67143.4,67192.1,788.649
2026-06-03 02:06:00,67192.1,67287.4,67170.3,67252.3,311.057
2026-06-03 02:09:00,67252.2,67285.4,67170.0,67204.5,306.464
2026-06-03 02:12:00,67204.6,67279.9,67192.6,67279.9,215.525
2026-06-03 02:15:00,67280.0,67347.5,67272.3,67330.0,316.215
2026-06-03 02:18:00,67329.9,67473.6,67329.9,67466.1,629.9
2026-06-03 02:21:00,67466.1,67687.4,67465.9,67527.4,1514.432
2026-06-03 02:24:00,67527.5,67628.1,67523.7,67600.2,621.733
2026-06-03 02:27:00,67600.1,67609.5,67543.6,67556.0,503.947
2026-06-03 02:30:00,67556.0,67659.3,67553.1,67629.8,483.261
2026-06-03 02:33:00,67629.8,67776.3,67516.3,67775.0,861.602
2026-06-03 02:36:00,67775.0,67782.7,67561.3,67581.8,792.312
2026-06-03 02:39:00,67581.9,67663.1,67471.3,67473.6,834.846
2026-06-03 02:42:00,67473.6,67482.1,67373.5,67444.9,857.127
2026-06-03 02:45:00,67444.9,67646.4,67435.1,67618.0,616.473
2026-06-03 02:48:00,67618.0,67764.1,67610.8,67748.9,304.006
2026-06-03 02:51:00,67748.9,67799.9,67658.8,67741.0,432.369
2026-06-03 02:54:00,67740.9,67889.7,67720.4,67877.7,653.007
2026-06-03 02:57:00,67877.6,67890.1,67765.0,67862.9,550.286
2026-06-03 03:00:00,67862.8,67884.0,67784.1,67842.5,330.184
2026-06-03 03:03:00,67842.5,67878.3,67809.4,67868.0,229.4
2026-06-03 03:06:00,67868.0,67899.9,67782.3,67833.7,381.564
2026-06-03 03:09:00,67833.6,67836.0,67677.0,67693.0,464.586
2026-06-03 03:12:00,67692.9,67731.3,67677.2,67705.5,204.464
2026-06-03 03:15:00,67705.5,67710.0,67628.3,67654.6,93.976
2026-06-03 03:18:00,67654.6,67663.1,67572.1,67600.9,223.135
2026-06-03 03:21:00,67600.8,67600.8,67480.0,67550.0,268.346
2026-06-03 03:24:00,67549.9,67550.0,67480.6,67541.4,182.466
2026-06-03 03:27:00,67541.4,67623.1,67529.3,67532.1,217.126
2026-06-03 03:30:00,67532.1,67532.1,67324.3,67430.9,843.212
2026-06-03 03:33:00,67430.9,67430.9,67272.6,67354.6,456.222
2026-06-03 03:36:00,67354.7,67419.0,67354.7,67403.7,239.938
2026-06-03 03:39:00,67403.7,67403.7,67231.3,67247.5,569.105
2026-06-03 03:42:00,67247.4,67268.7,67182.4,67196.7,356.608
2026-06-03 03:45:00,67196.6,67231.9,67029.4,67033.3,957.084
2026-06-03 03:48:00,67033.2,67064.9,66896.6,67050.0,952.805
2026-06-03 03:51:00,67049.9,67386.9,67049.9,67360.2,946.05
2026-06-03 03:54:00,67360.2,67386.7,67309.4,67323.1,403.186
2026-06-03 03:57:00,67323.1,67408.4,67260.1,67261.1,420.249
2026-06-03 04:00:00,67261.0,67289.2,67074.8,67213.8,525.238
2026-06-03 04:03:00,67213.8,67219.7,66950.0,66972.2,404.646
2026-06-03 04:06:00,66972.3,67105.7,66972.3,67072.8,349.615
2026-06-03 04:09:00,67072.9,67072.9,66731.8,66832.2,2306.991
2026-06-03 04:12:00,66832.5,66959.9,66825.1,66920.7,527.709
2026-06-03 04:15:00,66920.6,66920.6,66698.4,66782.7,1054.372
2026-06-03 04:18:00,66782.6,66824.1,66555.9,66587.1,2606.973
2026-06-03 04:21:00,66587.0,66616.2,66310.0,66550.9,3165.742
2026-06-03 04:24:00,66551.0,66709.9,66468.0,66703.6,969.776
2026-06-03 04:27:00,66703.5,66703.6,66210.0,66354.2,3261.567
2026-06-03 04:30:00,66354.3,66382.9,66178.2,66246.6,1526.513
2026-06-03 04:33:00,66246.6,66352.0,66161.8,66285.9,1462.375
2026-06-03 04:36:00,66286.0,66627.0,66285.9,66582.5,1184.219
2026-06-03 04:39:00,66582.6,66663.2,66430.2,66645.0,949.874
2026-06-03 04:42:00,66645.0,66665.7,66595.9,66665.4,384.89
2026-06-03 04:45:00,66665.3,66746.4,66594.3,66604.0,717.736
2026-06-03 04:48:00,66603.9,66630.8,66482.2,66550.6,928.817
2026-06-03 04:51:00,66550.6,66622.0,66446.3,66446.3,492.227
2026-06-03 04:54:00,66446.3,66475.9,66150.7,66282.6,1574.143
2026-06-03 04:57:00,66282.6,66420.0,66263.3,66417.8,1201.988
2026-06-03 05:00:00,66417.8,66427.3,66214.3,66363.2,1790.608
2026-06-03 05:03:00,66363.2,66618.6,66353.2,66565.0,1223.83
2026-06-03 05:06:00,66564.9,66575.6,66377.0,66556.8,1317.225
2026-06-03 05:09:00,66556.7,66589.2,66500.0,66502.3,651.633
2026-06-03 05:12:00,66502.4,66712.9,66437.5,66692.2,1626.58
2026-06-03 05:15:00,66692.4,66760.0,66638.6,66749.9,955.181
2026-06-03 05:18:00,66750.0,66789.2,66693.0,66730.0,1188.034
2026-06-03 05:21:00,66730.1,66732.4,66680.0,66723.0,606.994
2026-06-03 05:24:00,66723.0,66834.8,66715.3,66803.2,495.131
2026-06-03 05:27:00,66803.2,66844.8,66728.7,66730.0,395.105
2026-06-03 05:30:00,66730.1,66867.8,66703.7,66738.1,1619.155
2026-06-03 05:33:00,66738.1,66763.9,66670.1,66711.3,650.491
2026-06-03 05:36:00,66711.3,66779.9,66650.4,66708.0,2042.399
2026-06-03 05:39:00,66707.9,66888.0,66620.4,66788.4,841.0
2026-06-03 05:42:00,66788.3,66844.8,66767.2,66787.1,699.087
2026-06-03 05:45:00,66787.0,67079.4,66787.0,67040.1,1647.561
2026-06-03 05:48:00,67040.0,67094.5,66965.9,66986.4,854.893
2026-06-03 05:51:00,66986.3,67006.8,66845.0,66854.2,325.942
2026-06-03 05:54:00,66854.2,66922.8,66806.6,66875.7,289.033
2026-06-03 05:57:00,66875.7,66875.8,66740.0,66747.9,611.022
2026-06-03 06:00:00,66747.8,66874.4,66680.0,66857.7,518.673
2026-06-03 06:03:00,66857.7,67047.6,66850.0,67031.3,646.64
2026-06-03 06:06:00,67031.3,67195.7,67000.0,67073.8,1407.539
2026-06-03 06:09:00,67073.9,67073.9,66983.7,67014.4,372.643
2026-06-03 06:12:00,67014.5,67060.7,66990.1,67038.7,400.151
2026-06-03 06:15:00,67038.6,67120.1,66961.7,66983.0,519.305
2026-06-03 06:18:00,66983.0,67010.0,66923.8,66950.1,224.98
2026-06-03 06:21:00,66950.0,67008.0,66928.4,66946.3,353.206
2026-06-03 06:24:00,66946.2,67000.0,66946.2,66958.4,304.834
2026-06-03 06:27:00,66958.4,66990.0,66900.0,66900.2,314.658
2026-06-03 06:30:00,66900.3,66918.2,66750.0,66778.5,1106.65
2026-06-03 06:33:00,66778.6,66900.0,66778.6,66850.9,251.203
2026-06-03 06:36:00,66850.8,66880.4,66800.0,66808.6,268.525
2026-06-03 06:39:00,66808.7,66839.3,66730.0,66739.0,292.631
2026-06-03 06:42:00,66739.0,66833.3,66650.0,66798.9,832.808
2026-06-03 06:45:00,66798.9,66952.0,66781.9,66876.2,639.212
2026-06-03 06:48:00,66876.1,66901.8,66825.2,66864.2,217.285
2026-06-03 06:51:00,66864.1,66936.0,66864.1,66903.9,125.672
2026-06-03 06:54:00,66903.9,66960.0,66903.9,66950.0,120.252
2026-06-03 06:57:00,66950.0,67009.9,66950.0,66986.5,534.08
2026-06-03 07:00:00,66986.6,67010.0,66955.6,66955.6,229.643
2026-06-03 07:03:00,66955.6,66992.5,66820.5,66820.8,220.66
2026-06-03 07:06:00,66820.8,66822.3,66620.0,66625.9,1259.984
2026-06-03 07:09:00,66625.9,66653.8,66573.2,66588.3,848.093
2026-06-03 07:12:00,66588.3,66588.3,66442.0,66488.0,1108.69
2026-06-03 07:15:00,66488.1,66532.8,66477.5,66520.0,557.475
2026-06-03 07:18:00,66519.9,66632.8,66500.0,66610.3,285.136
2026-06-03 07:21:00,66610.4,66990.1,66610.4,66982.6,997.514
2026-06-03 07:24:00,66982.6,67010.0,66886.0,66911.6,461.06
2026-06-03 07:27:00,66911.6,66918.4,66872.9,66890.8,228.91
2026-06-03 07:30:00,66890.8,66893.2,66700.0,66765.5,323.001
2026-06-03 07:33:00,66765.5,66899.2,66765.5,66892.5,214.208
2026-06-03 07:36:00,66892.5,66892.6,66762.4,66779.1,172.138
2026-06-03 07:39:00,66779.0,66885.3,66764.1,66840.8,282.203
2026-06-03 07:42:00,66840.8,66869.9,66800.0,66800.0,131.902
2026-06-03 07:45:00,66800.0,66885.0,66756.6,66882.1,168.672
2026-06-03 07:48:00,66882.1,66913.0,66804.2,66810.1,215.295
2026-06-03 07:51:00,66810.1,66822.3,66631.5,66637.9,503.714
2026-06-03 07:54:00,66638.0,66691.8,66627.1,66651.1,130.917
2026-06-03 07:57:00,66651.2,66679.9,66608.6,66628.2,241.109
2026-06-03 08:00:00,66628.1,66725.4,66572.8,66621.6,248.011
2026-06-03 08:03:00,66621.7,66708.2,66621.6,66651.6,126.308
2026-06-03 08:06:00,66651.5,66814.0,66629.0,66814.0,177.543
2026-06-03 08:09:00,66814.0,66830.0,66775.6,66796.7,122.3
2026-06-03 08:12:00,66796.7,66813.5,66716.7,66716.8,77.73
2026-06-03 08:15:00,66716.8,66781.5,66650.0,66677.5,135.415
2026-06-03 08:18:00,66677.4,66799.4,66621.8,66790.3,114.341
2026-06-03 08:21:00,66790.2,66790.2,66732.5,66746.0,142.289
2026-06-03 08:24:00,66745.9,66746.0,66574.0,66605.6,577.72
2026-06-03 08:27:00,66605.6,66620.1,66547.4,66588.0,525.598
2026-06-03 08:30:00,66588.0,66609.1,66538.4,66600.5,343.283
2026-06-03 08:33:00,66600.6,66635.0,66574.9,66584.4,308.327
2026-06-03 08:36:00,66584.3,66589.4,66500.0,66504.7,351.624
2026-06-03 08:39:00,66504.7,66508.1,66380.0,66419.4,2055.181
2026-06-03 08:42:00,66419.5,66488.0,66381.0,66488.0,579.118
2026-06-03 08:45:00,66488.0,66596.1,66456.0,66490.6,373.895
2026-06-03 08:48:00,66490.6,66490.7,66320.0,66320.1,819.417
2026-06-03 08:51:00,66320.0,66444.6,66310.0,66434.9,367.637
2026-06-03 08:54:00,66434.8,66434.8,66188.1,66237.2,1034.034
2026-06-03 08:57:00,66237.1,66237.2,66034.3,66118.1,2448.786
2026-06-03 09:00:00,66118.1,66238.4,66037.3,66046.2,1146.337
2026-06-03 09:03:00,66046.2,66134.9,65950.3,66092.0,2906.869
2026-06-03 09:06:00,66091.9,66111.2,65966.8,66017.9,1156.952
2026-06-03 09:09:00,66018.0,66062.0,65930.0,65991.2,1334.503
2026-06-03 09:12:00,65991.1,66009.9,65700.0,65725.6,2806.121
2026-06-03 09:15:00,65725.7,65881.6,65716.3,65806.7,1115.338
2026-06-03 09:18:00,65806.6,65812.8,65359.1,65432.4,4481.494
2026-06-03 09:21:00,65432.5,65832.5,65432.4,65796.8,3519.44
2026-06-03 09:24:00,65796.9,65953.4,65785.3,65878.9,1248.254
2026-06-03 09:27:00,65878.8,65918.0,65763.3,65818.4,814.783
2026-06-03 09:30:00,65818.3,66166.3,65791.4,66154.8,1886.579
2026-06-03 09:33:00,66154.8,66493.4,66154.7,66488.2,2765.207
2026-06-03 09:36:00,66488.2,66594.7,66300.0,66343.8,2348.162
2026-06-03 09:39:00,66343.8,66403.1,66290.0,66290.0,901.819
2026-06-03 09:42:00,66290.1,66359.8,66290.0,66314.5,418.119
2026-06-03 09:45:00,66314.4,66460.0,66290.0,66364.7,534.086
2026-06-03 09:48:00,66364.7,66382.7,66330.0,66367.6,299.015
2026-06-03 09:51:00,66367.5,66417.0,66360.0,66412.4,292.517
2026-06-03 09:54:00,66412.3,66577.1,66390.0,66548.9,848.49
2026-06-03 09:57:00,66548.8,66594.0,66548.8,66551.2,598.947
2026-06-03 10:00:00,66551.2,66551.2,66281.4,66357.0,777.785
2026-06-03 10:03:00,66357.0,66485.2,66356.9,66432.3,450.684
2026-06-03 10:06:00,66432.3,66432.4,66339.4,66353.4,191.195
2026-06-03 10:09:00,66353.5,66398.4,66341.8,66369.7,344.796
2026-06-03 10:12:00,66369.8,66449.1,66356.9,66412.7,185.994
2026-06-03 10:15:00,66412.7,66479.8,66400.1,66474.9,159.988
2026-06-03 10:18:00,66474.9,66486.1,66400.7,66413.7,142.224
2026-06-03 10:21:00,66413.8,66425.7,66240.7,66250.0,329.441
2026-06-03 10:24:00,66250.1,66371.3,66250.0,66369.5,200.818
2026-06-03 10:27:00,66369.6,66439.8,66369.5,66439.2,299.713
2026-06-03 10:30:00,66439.1,66768.0,66439.1,66761.6,1281.623
2026-06-03 10:33:00,66761.6,67013.0,66639.5,66904.7,3776.224
2026-06-03 10:36:00,66904.7,66999.9,66879.4,66985.0,1068.583
2026-06-03 10:39:00,66985.0,67190.0,66952.0,67182.9,2387.076
2026-06-03 10:42:00,67182.8,67240.0,67093.5,67104.9,2060.813
2026-06-03 10:45:00,67104.8,67250.0,67085.8,67149.9,747.691
2026-06-03 10:48:00,67149.9,67197.9,67063.9,67064.3,457.785
2026-06-03 10:51:00,67064.2,67111.2,67000.0,67009.6,740.444
2026-06-03 10:54:00,67009.7,67031.0,66958.4,66958.4,371.588
2026-06-03 10:57:00,66958.3,67084.5,66951.9,67076.1,432.72
2026-06-03 11:00:00,67076.0,67076.0,66740.0,66788.0,1080.603
2026-06-03 11:03:00,66788.1,66944.9,66788.1,66934.9,381.743
2026-06-03 11:06:00,66934.9,66941.1,66792.6,66864.1,666.186
2026-06-03 11:09:00,66864.1,67031.7,66850.0,67000.1,470.459
2026-06-03 11:12:00,67000.1,67023.5,66980.0,66993.5,200.831
2026-06-03 11:15:00,66993.4,67064.5,66993.4,67051.6,323.561
2026-06-03 11:18:00,67051.5,67161.0,67020.0,67128.8,487.644
2026-06-03 11:21:00,67128.9,67317.0,67125.9,67298.6,2437.337
2026-06-03 11:24:00,67298.6,67363.6,67232.6,67300.0,2375.234
2026-06-03 11:27:00,67300.0,67380.0,67283.0,67290.2,922.452
2026-06-03 11:30:00,67290.2,67343.2,67234.7,67266.4,403.462
2026-06-03 11:33:00,67266.4,67266.4,67157.8,67187.1,519.965
2026-06-03 11:36:00,67187.0,67297.0,67159.3,67181.1,817.546
2026-06-03 11:39:00,67181.0,67181.2,67080.0,67132.6,449.535
2026-06-03 11:42:00,67132.6,67163.3,67095.5,67126.9,351.057
2026-06-03 11:45:00,67126.8,67215.5,67114.9,67156.5,363.641
2026-06-03 11:48:00,67156.6,67250.0,67156.5,67203.0,184.514
2026-06-03 11:51:00,67203.1,67296.3,67200.0,67290.8,243.99
2026-06-03 11:54:00,67290.7,67324.7,67281.5,67293.1,358.992
2026-06-03 11:57:00,67293.1,67300.0,67200.0,67217.2,237.023
2026-06-03 12:00:00,67217.1,67274.4,67152.5,67274.4,287.752
2026-06-03 12:03:00,67274.4,67436.6,67252.4,67385.9,1065.623
2026-06-03 12:06:00,67386.0,67451.4,67385.9,67441.0,830.747
2026-06-03 12:09:00,67441.1,67493.8,67395.0,67395.0,788.276
2026-06-03 12:12:00,67395.0,67397.8,67267.5,67290.9,476.091
2026-06-03 12:15:00,67290.8,67316.1,67168.3,67211.2,603.379
2026-06-03 12:18:00,67211.3,67260.5,67092.1,67105.8,877.196
2026-06-03 12:21:00,67106.2,67130.0,67050.9,67075.3,515.296
2026-06-03 12:24:00,67075.3,67075.4,66983.7,66999.9,392.814
2026-06-03 12:27:00,67000.0,67000.0,66913.1,66949.3,775.348
2026-06-03 12:30:00,66949.4,66966.4,66828.5,66944.4,736.491
2026-06-03 12:33:00,66944.4,66998.9,66874.0,66986.4,426.167
2026-06-03 12:36:00,66986.4,67054.9,66966.3,66986.8,455.837
2026-06-03 12:39:00,66986.8,67098.0,66945.6,67098.0,294.544
2026-06-03 12:42:00,67098.0,67124.0,67024.4,67037.4,452.611
2026-06-03 12:45:00,67037.4,67270.0,66990.9,67237.2,1596.979
2026-06-03 12:48:00,67237.1,67296.8,67204.8,67204.8,388.345
2026-06-03 12:51:00,67204.8,67204.9,67131.3,67155.8,209.747
2026-06-03 12:54:00,67155.8,67204.9,67116.8,67178.0,343.361
2026-06-03 12:57:00,67177.9,67184.1,67151.1,67158.2,119.365
2026-06-03 13:00:00,67158.2,67216.5,67142.8,67197.5,130.186
2026-06-03 13:03:00,67197.5,67236.6,67172.9,67172.9,120.846
2026-06-03 13:06:00,67172.9,67251.0,67150.1,67250.9,159.923
2026-06-03 13:09:00,67251.0,67251.2,67063.6,67063.6,225.722
2026-06-03 13:12:00,67063.7,67205.4,67040.0,67175.9,183.696
2026-06-03 13:15:00,67175.8,67259.7,67150.8,67259.6,203.263
2026-06-03 13:18:00,67259.7,67281.5,67219.8,67274.5,239.234
2026-06-03 13:21:00,67274.6,67299.9,67250.0,67286.5,234.753
2026-06-03 13:24:00,67286.6,67286.6,67214.2,67249.9,211.53
2026-06-03 13:27:00,67250.0,67252.2,67166.6,67186.7,174.508
2026-06-03 13:30:00,67186.7,67226.7,67126.8,67132.9,367.481
2026-06-03 13:33:00,67132.8,67210.0,67132.8,67174.2,644.609
2026-06-03 13:36:00,67174.2,67174.3,67088.1,67089.5,185.93
2026-06-03 13:39:00,67089.5,67122.3,67071.1,67094.2,218.496
2026-06-03 13:42:00,67094.1,67100.0,67030.0,67031.9,244.343
2026-06-03 13:45:00,67031.8,67070.0,66990.0,67016.8,336.587
2026-06-03 13:48:00,67016.9,67109.5,67000.9,67045.0,550.944
2026-06-03 13:51:00,67044.9,67050.0,66995.4,67040.0,106.668
2026-06-03 13:54:00,67039.9,67049.9,66972.4,66995.7,273.698
2026-06-03 13:57:00,66995.8,67009.3,66973.2,66999.2,310.873
2026-06-03 14:00:00,66999.3,67127.7,66999.2,67127.7,554.621
2026-06-03 14:03:00,67127.7,67206.8,67059.3,67079.5,322.776
2026-06-03 14:06:00,67079.5,67090.0,66937.6,66945.3,407.415
2026-06-03 14:09:00,66945.3,66992.1,66934.2,66942.0,422.093
2026-06-03 14:12:00,66942.1,67105.0,66942.1,67058.7,185.617
2026-06-03 14:15:00,67058.7,67071.7,66977.0,67018.1,281.808
2026-06-03 14:18:00,67018.1,67149.0,66983.1,67070.0,683.134
2026-06-03 14:21:00,67069.9,67069.9,66933.6,66976.8,422.608
2026-06-03 14:24:00,66976.7,67036.3,66976.7,66988.4,473.858
2026-06-03 14:27:00,66988.4,67009.9,66980.0,66987.7,150.144
2026-06-03 14:30:00,66987.7,67067.1,66933.1,66933.2,710.703
2026-06-03 14:33:00,66933.1,66990.0,66933.1,66964.9,153.284
2026-06-03 14:36:00,66964.9,67000.0,66948.5,66980.0,383.745
2026-06-03 14:39:00,66980.0,67060.0,66889.0,66977.2,648.763
2026-06-03 14:42:00,66977.3,67033.3,66924.2,66928.7,150.924
2026-06-03 14:45:00,66928.7,66934.7,66877.0,66933.7,365.457
2026-06-03 14:48:00,66933.7,66933.7,66809.7,66818.4,816.63
2026-06-03 14:51:00,66818.4,66866.0,66800.0,66820.0,1132.848
2026-06-03 14:54:00,66820.0,66883.5,66800.0,66825.6,1178.097
2026-06-03 14:57:00,66825.6,66825.6,66780.0,66801.3,471.02
2026-06-03 15:00:00,66801.2,66809.9,66800.0,66800.1,345.714
2026-06-03 15:03:00,66800.1,66828.7,66800.0,66800.0,736.72
2026-06-03 15:06:00,66800.0,66800.1,66730.0,66737.6,1424.085
2026-06-03 15:09:00,66737.6,66749.1,66710.0,66717.5,895.378
2026-06-03 15:12:00,66717.5,66720.0,66700.0,66701.9,346.118
2026-06-03 15:15:00,66701.9,66704.2,66690.0,66690.0,365.369
2026-06-03 15:18:00,66690.1,67234.4,66620.0,67199.9,4561.521
2026-06-03 15:21:00,67199.9,67313.9,67137.4,67153.6,2713.848
2026-06-03 15:24:00,67153.6,67165.0,67096.2,67124.7,775.343
2026-06-03 15:27:00,67124.8,67162.6,67040.9,67040.9,376.021
2026-06-03 15:30:00,67041.0,67123.1,67032.6,67107.7,570.643
2026-06-03 15:33:00,67107.7,67187.0,67054.2,67168.0,258.891
2026-06-03 15:36:00,67168.0,67448.0,67164.0,67385.8,1648.981
2026-06-03 15:39:00,67385.8,67423.3,67315.7,67350.0,466.892
2026-06-03 15:42:00,67350.0,67359.6,67207.0,67270.0,499.649
2026-06-03 15:45:00,67270.0,67308.9,67169.3,67178.1,552.705
2026-06-03 15:48:00,67178.1,67210.6,67160.0,67191.9,337.68
2026-06-03 15:51:00,67191.9,67256.7,67175.1,67232.6,290.607
2026-06-03 15:54:00,67232.6,67243.9,67188.4,67188.4,221.736
2026-06-03 15:57:00,67188.5,67287.0,67188.4,67287.0,165.319
2026-06-03 16:00:00,67287.0,67359.9,67250.1,67335.7,356.607
2026-06-03 16:03:00,67335.7,67340.0,67282.7,67295.7,197.44
2026-06-03 16:06:00,67295.7,67295.8,67175.3,67292.9,195.803
2026-06-03 16:09:00,67293.0,67380.0,67235.2,67236.6,299.977
2026-06-03 16:12:00,67236.5,67261.1,67187.2,67204.4,114.281
2026-06-03 16:15:00,67204.4,67211.8,67166.0,67166.0,148.787
2026-06-03 16:18:00,67166.0,67195.6,67166.0,67178.3,142.84
2026-06-03 16:21:00,67178.4,67198.8,67151.0,67168.4,184.548
2026-06-03 16:24:00,67168.4,67295.6,67168.4,67292.1,140.711
2026-06-03 16:27:00,67292.0,67292.8,67242.0,67260.0,128.059
2026-06-03 16:30:00,67260.0,67340.0,67242.3,67316.4,226.739
2026-06-03 16:33:00,67316.3,67316.4,67191.6,67191.6,160.863
2026-06-03 16:36:00,67191.6,67220.2,67171.0,67197.6,132.53
2026-06-03 16:39:00,67197.5,67198.0,67175.2,67194.6,105.4
2026-06-03 16:42:00,67194.6,67313.9,67189.0,67313.8,118.036
2026-06-03 16:45:00,67313.8,67313.9,67253.3,67275.6,144.511
2026-06-03 16:48:00,67275.7,67324.5,67275.6,67286.1,128.093
2026-06-03 16:51:00,67286.1,67330.0,67270.0,67311.4,115.493
2026-06-03 16:54:00,67311.4,67330.8,67306.1,67319.8,91.213
2026-06-03 16:57:00,67319.8,67322.5,67271.7,67301.0,151.474
2026-06-03 17:00:00,67300.9,67301.0,67208.2,67216.8,191.002
2026-06-03 17:03:00,67216.8,67227.5,67107.1,67115.9,364.47
2026-06-03 17:06:00,67116.0,67146.5,67076.0,67130.0,305.236
2026-06-03 17:09:00,67130.0,67134.6,67077.8,67101.6,137.801
2026-06-03 17:12:00,67101.5,67160.0,67101.5,67122.8,235.792
2026-06-03 17:15:00,67122.8,67124.7,67040.0,67040.0,504.551
2026-06-03 17:18:00,67040.1,67090.5,67033.0,67047.0,220.842
2026-06-03 17:21:00,67047.1,67073.3,67033.0,67064.8,161.903
2026-06-03 17:24:00,67064.8,67082.3,67030.0,67079.2,284.76
2026-06-03 17:27:00,67079.3,67079.3,67026.6,67040.1,156.005
2026-06-03 17:30:00,67040.1,67047.8,66915.0,66950.8,650.539
2026-06-03 17:33:00,66950.9,67085.9,66950.9,67027.7,236.188
2026-06-03 17:36:00,67027.6,67079.4,67007.9,67020.0,190.065
2026-06-03 17:39:00,67019.9,67109.9,67000.1,67000.1,197.825
2026-06-03 17:42:00,67000.0,67036.2,66851.5,66947.0,605.453
2026-06-03 17:45:00,66946.9,66946.9,66789.1,66812.9,704.494
2026-06-03 17:48:00,66812.8,66831.3,66760.0,66804.1,356.661
2026-06-03 17:51:00,66804.3,66921.4,66804.3,66858.9,536.781
2026-06-03 17:54:00,66858.8,67025.5,66853.3,66960.6,533.707
2026-06-03 17:57:00,66960.7,67054.4,66944.1,67002.7,906.376
2026-06-03 18:00:00,67002.8,67123.6,66975.3,67070.0,789.291
2026-06-03 18:03:00,67070.1,67142.1,67060.0,67070.3,729.33
2026-06-03 18:06:00,67070.0,67092.4,66868.0,66868.1,553.653
2026-06-03 18:09:00,66868.0,66905.0,66803.2,66883.5,366.899
2026-06-03 18:12:00,66883.4,66955.0,66880.5,66939.1,176.401
2026-06-03 18:15:00,66939.0,67005.0,66892.1,67005.0,297.543
2026-06-03 18:18:00,67005.0,67019.6,66973.2,67019.5,88.493
2026-06-03 18:21:00,67019.6,67112.0,67019.6,67111.9,180.97
2026-06-03 18:24:00,67111.8,67111.8,66982.9,67041.9,139.221
2026-06-03 18:27:00,67041.9,67078.5,67024.3,67050.8,79.006
2026-06-03 18:30:00,67050.7,67216.2,67050.7,67123.2,662.873
2026-06-03 18:33:00,67123.2,67132.5,67006.9,67030.6,173.916
2026-06-03 18:36:00,67030.6,67051.7,66960.9,67035.4,235.841
2026-06-03 18:39:00,67035.4,67112.4,67035.4,67091.0,221.22
2026-06-03 18:42:00,67090.9,67147.0,67063.2,67089.1,164.529
2026-06-03 18:45:00,67089.1,67197.3,67074.1,67192.5,186.879
2026-06-03 18:48:00,67192.6,67220.2,67156.9,67177.2,179.201
2026-06-03 18:51:00,67177.1,67177.2,67070.4,67103.5,196.141
2026-06-03 18:54:00,67103.6,67109.3,66846.6,66866.5,473.018
2026-06-03 18:57:00,66866.5,66896.4,66802.0,66811.0,389.346
2026-06-03 19:00:00,66811.1,67175.0,66811.1,67161.9,830.918
2026-06-03 19:03:00,67161.9,67169.2,66928.1,66928.2,509.92
2026-06-03 19:06:00,66928.1,67026.2,66822.1,66933.8,567.086
2026-06-03 19:09:00,66933.8,66971.2,66838.3,66840.9,444.158
2026-06-03 19:12:00,66840.9,66858.1,66682.9,66718.8,1374.71
2026-06-03 19:15:00,66718.7,66800.0,66605.1,66616.4,1333.417
2026-06-03 19:18:00,66616.5,66866.9,66611.7,66848.2,814.795
2026-06-03 19:21:00,66848.3,67025.0,66800.0,66946.5,853.795
2026-06-03 19:24:00,66946.5,66963.4,66810.8,66810.9,319.75
2026-06-03 19:27:00,66810.8,66900.0,66728.9,66884.8,518.703
2026-06-03 19:30:00,66884.8,66929.8,66744.1,66804.2,465.784
2026-06-03 19:33:00,66804.2,66804.2,66710.3,66727.7,361.414
2026-06-03 19:36:00,66727.7,66849.5,66710.2,66824.1,415.703
2026-06-03 19:39:00,66824.2,66893.6,66707.5,66777.8,284.106
2026-06-03 19:42:00,66777.8,66880.0,66723.1,66879.9,328.336
2026-06-03 19:45:00,66879.9,66910.2,66800.1,66847.1,317.289
2026-06-03 19:48:00,66847.2,66856.4,66649.8,66703.2,762.766
2026-06-03 19:51:00,66703.2,66789.3,66611.9,66736.6,619.973
2026-06-03 19:54:00,66736.5,66778.6,66630.1,66697.7,396.835
2026-06-03 19:57:00,66697.6,66772.9,66635.9,66770.0,516.022
2026-06-03 20:00:00,66770.0,66838.4,66719.4,66744.5,348.964
2026-06-03 20:03:00,66744.4,66838.0,66689.0,66805.0,287.49
2026-06-03 20:06:00,66805.0,66975.0,66775.8,66928.5,493.079
2026-06-03 20:09:00,66928.4,66959.8,66802.7,66835.1,310.044
2026-06-03 20:12:00,66835.2,66842.5,66701.9,66729.7,351.246
2026-06-03 20:15:00,66729.6,66865.4,66718.2,66808.6,322.401
2026-06-03 20:18:00,66808.7,66849.9,66714.0,66720.1,246.89
2026-06-03 20:21:00,66720.2,66917.1,66720.1,66904.4,279.332
2026-06-03 20:24:00,66904.4,66910.8,66742.3,66742.3,204.553
2026-06-03 20:27:00,66742.2,66863.8,66742.2,66840.9,182.181
2026-06-03 20:30:00,66841.0,66880.0,66760.1,66790.8,295.991
2026-06-03 20:33:00,66790.7,66817.7,66655.0,66655.1,335.755
2026-06-03 20:36:00,66655.1,66664.4,66484.9,66522.1,1843.543
2026-06-03 20:39:00,66522.1,66652.2,66522.1,66530.0,512.429
2026-06-03 20:42:00,66530.0,66532.7,66462.6,66502.7,731.151
2026-06-03 20:45:00,66502.6,66560.5,66380.0,66391.6,1250.595
2026-06-03 20:48:00,66391.6,66418.2,66270.0,66279.0,2641.751
2026-06-03 20:51:00,66278.7,66401.5,66228.1,66313.0,1546.895
2026-06-03 20:54:00,66313.1,66493.4,66300.0,66475.3,776.63
2026-06-03 20:57:00,66475.2,66645.9,66464.7,66579.7,1050.048
2026-06-03 21:00:00,66579.6,66660.0,66453.6,66477.0,548.282
2026-06-03 21:03:00,66476.9,66490.2,66301.3,66411.0,681.277
2026-06-03 21:06:00,66411.0,66433.6,66183.1,66253.9,840.251
2026-06-03 21:09:00,66253.9,66341.9,66245.7,66277.0,548.151
2026-06-03 21:12:00,66276.9,66350.0,66250.0,66281.7,267.334
2026-06-03 21:15:00,66281.6,66332.5,66111.0,66152.0,1176.898
2026-06-03 21:18:00,66152.0,66361.4,66149.2,66295.8,950.146
2026-06-03 21:21:00,66295.9,66344.6,66244.0,66248.5,260.99
2026-06-03 21:24:00,66248.6,66258.0,66125.3,66144.7,1260.979
2026-06-03 21:27:00,66144.9,66159.2,66036.2,66046.5,1575.878
2026-06-03 21:30:00,66046.6,66129.9,65836.5,65871.0,2732.876
2026-06-03 21:33:00,65871.1,66294.4,65871.1,66229.2,1694.238
2026-06-03 21:36:00,66229.1,66359.4,65901.8,66077.3,1708.385
2026-06-03 21:39:00,66077.3,66254.0,66077.3,66223.2,649.876
2026-06-03 21:42:00,66223.2,66223.3,66006.9,66139.1,967.192
2026-06-03 21:45:00,66139.1,66200.0,66093.5,66094.5,428.216
2026-06-03 21:48:00,66094.5,66094.6,65892.5,65951.3,1032.144
2026-06-03 21:51:00,65951.3,65951.3,65688.0,65795.8,2832.996
2026-06-03 21:54:00,65795.7,65795.8,65569.4,65569.4,3079.491
2026-06-03 21:57:00,65569.4,65774.3,65508.3,65574.5,2491.228
2026-06-03 22:00:00,65574.6,65679.7,65574.6,65642.3,1436.485
2026-06-03 22:03:00,65642.3,65781.0,65555.6,65692.8,1023.447
2026-06-03 22:06:00,65692.8,65876.2,65676.4,65822.6,855.454
2026-06-03 22:09:00,65822.6,65955.0,65753.8,65862.6,980.912
2026-06-03 22:12:00,65862.6,65927.8,65795.8,65891.3,559.304
2026-06-03 22:15:00,65891.3,66049.5,65826.7,66010.4,707.707
2026-06-03 22:18:00,66010.4,66019.3,65804.3,65811.0,409.211
2026-06-03 22:21:00,65811.0,65960.6,65782.6,65900.9,552.124
2026-06-03 22:24:00,65901.0,66033.0,65894.1,66001.0,421.068
2026-06-03 22:27:00,66000.9,66044.9,65990.0,66037.4,298.038
2026-06-03 22:30:00,66037.4,66098.9,65960.6,65980.6,630.424
2026-06-03 22:33:00,65980.6,65980.6,65807.9,65817.8,498.372
2026-06-03 22:36:00,65817.8,65825.7,65735.0,65741.9,779.23
2026-06-03 22:39:00,65741.8,65827.9,65700.0,65803.0,660.012
2026-06-03 22:42:00,65803.1,65821.4,65674.9,65694.5,457.763
2026-06-03 22:45:00,65694.5,65788.8,65686.9,65765.4,419.214
2026-06-03 22:48:00,65765.3,65934.0,65763.6,65840.5,396.734
2026-06-03 22:51:00,65840.5,65896.6,65766.1,65795.2,324.324
2026-06-03 22:54:00,65795.3,65911.1,65760.1,65911.0,215.36
2026-06-03 22:57:00,65911.1,65967.4,65861.7,65925.2,229.159
2026-06-03 23:00:00,65925.1,65988.0,65820.6,65987.9,268.567
2026-06-03 23:03:00,65987.9,66154.4,65981.4,66105.4,1363.285
2026-06-03 23:06:00,66105.2,66128.0,66032.4,66078.8,426.927
2026-06-03 23:09:00,66078.7,66159.0,66061.6,66118.0,466.487
2026-06-03 23:12:00,66118.1,66145.8,66057.4,66084.8,225.094
2026-06-03 23:15:00,66084.8,66088.9,65961.0,66016.1,344.796
2026-06-03 23:18:00,66016.2,66033.3,65879.1,65912.3,275.513
2026-06-03 23:21:00,65912.3,65915.1,65766.2,65790.6,410.436
2026-06-03 23:24:00,65790.6,65887.1,65768.7,65863.7,529.653
2026-06-03 23:27:00,65863.6,65969.4,65858.7,65934.0,254.399
2026-06-03 23:30:00,65934.0,66063.2,65928.1,66051.7,315.071
2026-06-03 23:33:00,66051.6,66065.8,65974.6,65985.3,167.591
2026-06-03 23:36:00,65985.4,66033.4,65962.3,65992.1,145.611
2026-06-03 23:39:00,65992.1,66042.9,65851.5,65868.5,282.736
2026-06-03 23:42:00,65868.6,65971.0,65820.1,65940.1,317.235
2026-06-03 23:45:00,65940.0,65940.1,65720.0,65741.8,623.675
2026-06-03 23:48:00,65741.7,65790.2,65711.4,65780.2,374.942
2026-06-03 23:51:00,65780.2,65819.9,65739.8,65778.3,165.88
2026-06-03 23:54:00,65778.4,65883.9,65772.7,65846.7,245.673
2026-06-03 23:57:00,65846.8,65900.0,65832.9,65879.7,139.805
2026-06-04 00:00:00,65879.6,65963.7,65841.4,65926.6,231.975
2026-06-04 00:03:00,65926.6,65936.0,65800.0,65800.1,198.747
2026-06-04 00:06:00,65800.0,65928.9,65759.9,65928.8,144.906
2026-06-04 00:09:00,65928.8,66070.9,65913.6,66055.5,282.071
2026-06-04 00:12:00,66055.4,66074.9,66007.6,66007.7,199.99
2026-06-04 00:15:00,66007.7,66141.7,66006.1,66040.5,844.048
2026-06-04 00:18:00,66040.1,66079.9,65996.4,66040.0,279.15
2026-06-04 00:21:00,66040.0,66080.9,66000.0,66019.8,117.341
2026-06-04 00:24:00,66020.0,66098.9,65996.4,66042.7,172.36
2026-06-04 00:27:00,66042.8,66051.2,65979.5,66006.6,133.857
2026-06-04 00:30:00,66006.5,66024.8,65946.4,66004.7,140.756
2026-06-04 00:33:00,66004.7,66023.8,65953.2,65953.2,147.142
2026-06-04 00:36:00,65953.2,65986.6,65921.3,65923.5,184.065
2026-06-04 00:39:00,65923.6,65946.9,65871.7,65900.4,164.222
2026-06-04 00:42:00,65900.3,65952.6,65872.9,65948.4,146.923
2026-06-04 00:45:00,65948.4,66030.7,65886.5,65986.5,538.742
2026-06-04 00:48:00,65986.5,65986.6,65870.9,65902.5,265.19
2026-06-04 00:51:00,65902.5,65902.6,65655.2,65724.9,1032.963
2026-06-04 00:54:00,65724.8,65744.7,65613.3,65614.1,487.996
2026-06-04 00:57:00,65614.0,65643.1,65560.1,65626.7,607.695
2026-06-04 01:00:00,65626.7,65706.7,65602.7,65620.4,356.668
2026-06-04 01:03:00,65620.4,65725.9,65597.0,65700.0,375.668
2026-06-04 01:06:00,65700.0,65796.8,65661.7,65731.6,243.147
2026-06-04 01:09:00,65731.6,65807.6,65720.0,65799.3,255.453
2026-06-04 01:12:00,65799.2,65800.0,65733.8,65735.1,260.355
2026-06-04 01:15:00,65735.1,65825.2,65720.0,65726.8,440.581
2026-06-04 01:18:00,65726.8,65755.5,65600.0,65607.0,400.904
2026-06-04 01:21:00,65607.0,65646.6,65425.0,65456.1,1651.014
2026-06-04 01:24:00,65456.1,65456.2,65199.0,65332.7,4635.546
2026-06-04 01:27:00,65332.7,65455.8,65305.3,65428.6,977.545
2026-06-04 01:30:00,65428.5,65429.2,65208.7,65242.8,1105.691
2026-06-04 01:33:00,65242.8,65338.1,65233.8,65278.6,563.666
2026-06-04 01:36:00,65278.7,65396.4,65278.6,65372.5,521.013
2026-06-04 01:39:00,65372.9,65487.5,65337.5,65487.5,507.095
2026-06-04 01:42:00,65487.4,65581.6,65480.4,65549.5,431.628
2026-06-04 01:45:00,65549.5,65549.6,65274.7,65283.1,838.528
2026-06-04 01:48:00,65283.0,65410.0,65251.5,65407.4,425.476
2026-06-04 01:51:00,65407.3,65481.4,65395.6,65455.2,311.028
2026-06-04 01:54:00,65455.2,65558.2,65444.0,65542.2,371.78
2026-06-04 01:57:00,65542.2,65568.3,65468.2,65513.8,324.491
2026-06-04 02:00:00,65513.9,65539.9,65420.8,65425.2,338.889
2026-06-04 02:03:00,65425.1,65469.2,65373.0,65414.7,468.415
2026-06-04 02:06:00,65414.6,65473.0,65280.1,65296.1,349.974
2026-06-04 02:09:00,65296.2,65336.6,65248.0,65277.9,473.916
2026-06-04 02:12:00,65277.8,65332.0,65149.0,65158.0,1565.321
2026-06-04 02:15:00,65158.1,65200.0,65040.0,65062.1,1779.436
2026-06-04 02:18:00,65062.1,65109.3,65020.0,65031.1,646.7
2026-06-04 02:21:00,65031.1,65175.9,65026.4,65037.3,766.578
2026-06-04 02:24:00,65037.2,65101.1,64711.1,64816.6,5538.169
2026-06-04 02:27:00,64816.7,64991.2,64800.1,64971.7,848.382
2026-06-04 02:30:00,64971.8,65241.8,64919.1,65201.9,998.018
2026-06-04 02:33:00,65201.9,65434.9,65180.2,65431.9,1303.732
2026-06-04 02:36:00,65431.9,65550.2,65316.0,65530.3,1150.291
2026-06-04 02:39:00,65530.3,65547.7,65300.0,65324.6,708.763
2026-06-04 02:42:00,65324.6,65481.2,65313.7,65371.2,357.888
2026-06-04 02:45:00,65371.2,65492.8,65362.8,65465.7,260.045
2026-06-04 02:48:00,65465.7,65544.3,65418.1,65460.9,277.716
2026-06-04 02:51:00,65460.8,65555.0,65460.8,65488.3,272.301
2026-06-04 02:54:00,65488.3,65562.7,65432.7,65536.9,492.572
2026-06-04 02:57:00,65536.8,65563.7,65487.7,65487.8,171.565
2026-06-04 03:00:00,65487.7,65615.7,65454.3,65591.8,382.28
2026-06-04 03:03:00,65591.8,65658.0,65495.1,65652.0,673.474
2026-06-04 03:06:00,65652.0,65688.0,65362.2,65362.2,1020.377
2026-06-04 03:09:00,65362.3,65473.9,65259.3,65280.5,732.818
2026-06-04 03:12:00,65280.6,65554.1,65275.0,65489.7,811.849
2026-06-04 03:15:00,65489.8,65600.0,65454.0,65573.7,243.389
2026-06-04 03:18:00,65573.8,65829.4,65568.0,65632.7,1406.743
2026-06-04 03:21:00,65632.7,65700.0,65520.3,65522.7,481.548
2026-06-04 03:24:00,65522.8,65709.6,65522.8,65649.9,409.253
2026-06-04 03:27:00,65650.0,65762.2,65639.8,65738.6,342.664
2026-06-04 03:30:00,65738.6,65814.2,65632.9,65738.8,562.583
2026-06-04 03:33:00,65738.7,65738.7,65488.9,65606.3,964.325
2026-06-04 03:36:00,65606.2,65629.2,65419.9,65500.8,534.742
2026-06-04 03:39:00,65500.7,65567.6,65393.3,65398.0,456.721
2026-06-04 03:42:00,65397.9,65425.6,65270.0,65299.7,778.609
2026-06-04 03:45:00,65299.6,65299.7,65066.4,65201.5,1182.206
2026-06-04 03:48:00,65201.5,65285.3,65185.2,65189.8,504.572
2026-06-04 03:51:00,65189.8,65194.7,64957.4,65133.8,1122.888
2026-06-04 03:54:00,65133.9,65249.1,65085.4,65122.9,503.559
2026-06-04 03:57:00,65123.0,65175.8,65070.6,65132.3,280.987
2026-06-04 04:00:00,65132.4,65237.1,65083.7,65192.7,498.929
2026-06-04 04:03:00,65192.6,65231.4,65125.9,65203.5,286.503
2026-06-04 04:06:00,65203.4,65203.4,64902.1,64993.8,865.04
2026-06-04 04:09:00,64993.7,65133.8,64957.6,65105.1,510.251
2026-06-04 04:12:00,65105.2,65114.9,64970.6,65037.6,296.562
2026-06-04 04:15:00,65037.5,65069.8,64811.0,64857.5,683.185
2026-06-04 04:18:00,64857.5,65022.9,64777.0,64901.9,1024.691
2026-06-04 04:21:00,64901.9,64990.8,64801.1,64831.2,425.012
2026-06-04 04:24:00,64831.3,64940.8,64733.9,64924.4,922.014
2026-06-04 04:27:00,64924.4,65000.0,64806.3,64882.1,884.43
2026-06-04 04:30:00,64882.1,64957.7,64630.0,64633.4,1673.448
2026-06-04 04:33:00,64633.3,64732.0,64400.2,64705.4,2709.217
2026-06-04 04:36:00,64705.4,64740.9,64407.8,64467.6,1050.701
2026-06-04 04:39:00,64467.6,64565.8,64371.0,64560.0,1238.629
2026-06-04 04:42:00,64559.9,64691.3,64550.2,64573.9,815.985
2026-06-04 04:45:00,64573.9,64620.2,64421.5,64489.8,1077.237
2026-06-04 04:48:00,64489.9,64518.0,64340.0,64465.4,1000.475
2026-06-04 04:51:00,64465.5,64531.0,64360.3,64366.7,531.247
2026-06-04 04:54:00,64366.6,64499.9,64323.0,64447.7,707.465
2026-06-04 04:57:00,64447.8,64488.2,64376.0,64477.8,392.171
2026-06-04 05:00:00,64477.8,64606.5,64461.0,64566.3,814.84
2026-06-04 05:03:00,64566.4,64569.6,64411.3,64480.7,436.855
2026-06-04 05:06:00,64480.7,64497.1,64252.2,64280.5,1443.891
2026-06-04 05:09:00,64280.4,64366.0,64255.0,64314.7,555.921
2026-06-04 05:12:00,64314.6,64314.6,64208.2,64228.0,886.169
2026-06-04 05:15:00,64228.0,64323.5,64227.9,64291.4,396.039
2026-06-04 05:18:00,64291.3,64316.3,64168.0,64233.9,897.223
2026-06-04 05:21:00,64233.8,64243.2,64125.0,64150.5,782.218
2026-06-04 05:24:00,64150.5,64158.5,64050.8,64112.2,1250.95
2026-06-04 05:27:00,64112.1,64144.8,64066.3,64117.7,469.518
2026-06-04 05:30:00,64117.7,64412.9,64094.2,64370.7,1757.616
2026-06-04 05:33:00,64370.8,64395.4,64250.0,64260.6,739.17
2026-06-04 05:36:00,64260.7,64303.5,64127.6,64258.0,715.411
2026-06-04 05:39:00,64258.0,64353.2,64220.4,64353.1,426.452
2026-06-04 05:42:00,64353.2,64367.2,64246.8,64287.2,513.718
2026-06-04 05:45:00,64287.2,64368.0,64175.1,64297.8,524.095
2026-06-04 05:48:00,64297.8,64343.9,64215.2,64289.3,396.916
2026-06-04 05:51:00,64289.3,64307.6,64073.3,64088.6,589.899
2026-06-04 05:54:00,64088.7,64100.0,63603.3,63603.3,4821.432
2026-06-04 05:57:00,63603.4,63811.3,63310.2,63310.2,3822.909
2026-06-04 06:00:00,63310.2,63747.8,63263.1,63588.0,3029.869
2026-06-04 06:03:00,63587.9,63788.6,63531.5,63701.6,1620.719
2026-06-04 06:06:00,63701.7,63721.1,63100.0,63202.3,2569.142
2026-06-04 06:09:00,63202.3,63268.7,63014.2,63199.5,2456.576
2026-06-04 06:12:00,63199.5,63632.4,63199.5,63564.3,1780.39
2026-06-04 06:15:00,63564.4,63577.6,63180.2,63280.1,1086.876
2026-06-04 06:18:00,63280.0,63300.0,63160.1,63268.2,904.914
2026-06-04 06:21:00,63268.2,63343.5,63013.4,63030.3,1079.07
2026-06-04 06:24:00,63030.4,63257.7,62911.9,63103.7,2058.831
2026-06-04 06:27:00,63103.7,63322.6,63033.4,63314.4,1123.211
2026-06-04 06:30:00,63314.5,63478.5,63180.2,63399.5,1238.592
2026-06-04 06:33:00,63399.5,63456.8,63275.0,63391.0,754.027
2026-06-04 06:36:00,63390.9,63444.0,63269.0,63291.7,874.286
2026-06-04 06:39:00,63291.6,63341.7,63133.6,63196.7,744.086
2026-06-04 06:42:00,63196.7,63224.9,63062.8,63094.0,915.282
2026-06-04 06:45:00,63093.8,63116.7,62815.7,62907.1,2807.385
2026-06-04 06:48:00,62907.2,63056.2,62762.0,62883.7,2262.621
2026-06-04 06:51:00,62883.7,62883.7,62541.0,62722.3,3687.324
2026-06-04 06:54:00,62722.3,62922.4,62568.6,62844.2,1707.339
2026-06-04 06:57:00,62844.2,62844.2,62582.6,62681.0,1275.218
2026-06-04 07:00:00,62680.9,62920.0,62670.6,62885.4,1185.717
2026-06-04 07:03:00,62885.1,63144.8,62808.0,63038.7,1943.817
2026-06-04 07:06:00,63038.7,63059.6,62719.5,62848.4,1655.27
2026-06-04 07:09:00,62849.0,62943.4,62759.4,62839.6,574.774
2026-06-04 07:12:00,62839.5,62896.7,62758.9,62787.5,616.012
2026-06-04 07:15:00,62787.5,62850.0,62602.3,62653.0,952.56
2026-06-04 07:18:00,62653.0,62662.7,62362.3,62402.3,2734.298
2026-06-04 07:21:00,62402.5,62432.8,62217.1,62262.8,3394.071
2026-06-04 07:24:00,62263.0,62336.9,62105.6,62116.8,2047.042
2026-06-04 07:27:00,62116.7,62307.2,62066.6,62140.3,1818.218
2026-06-04 07:30:00,62140.4,62200.0,61710.3,61733.1,5277.615
2026-06-04 07:33:00,61733.1,61992.9,61344.8,61885.0,6921.163
2026-06-04 07:36:00,61885.0,62424.2,61885.0,62185.9,4874.378
2026-06-04 07:39:00,62185.8,62278.6,61938.8,62219.1,2999.204
2026-06-04 07:42:00,62219.0,62460.0,62158.5,62365.2,1611.372
2026-06-04 07:45:00,62365.3,62579.8,62106.2,62423.2,2168.567
2026-06-04 07:48:00,62423.1,62692.1,62367.7,62658.5,1761.428
2026-06-04 07:51:00,62658.6,62838.4,62555.5,62780.0,2321.514
2026-06-04 07:54:00,62780.6,63067.6,62780.0,63032.5,3733.311
2026-06-04 07:57:00,63032.4,63090.0,62867.1,62967.3,2007.885
2026-06-04 08:00:00,62967.4,63217.6,62863.3,63193.4,1945.346
2026-06-04 08:03:00,63193.3,63406.1,63072.0,63074.0,3069.047
2026-06-04 08:06:00,63074.0,63244.0,63016.7,63241.2,1730.713
2026-06-04 08:09:00,63241.1,63341.6,63214.8,63336.8,990.322
2026-06-04 08:12:00,63336.8,63472.2,63289.4,63371.8,1248.085
2026-06-04 08:15:00,63371.8,63435.0,63299.9,63300.0,770.608
2026-06-04 08:18:00,63299.9,63598.7,63292.0,63475.2,1904.523
2026-06-04 08:21:00,63475.2,63510.4,63239.0,63240.0,1307.729
2026-06-04 08:24:00,63240.0,63297.5,63225.0,63251.3,843.079
2026-06-04 08:27:00,63251.4,63258.0,63121.9,63198.4,778.233
2026-06-04 08:30:00,63198.4,63484.2,63186.7,63484.1,923.719
2026-06-04 08:33:00,63484.2,63787.9,63450.0,63747.6,2210.383
2026-06-04 08:36:00,63747.6,63992.6,63618.6,63869.2,2726.759
2026-06-04 08:39:00,63869.2,63919.0,63723.0,63729.3,842.93
2026-06-04 08:42:00,63729.4,63947.1,63677.6,63931.0,1122.535
2026-06-04 08:45:00,63931.0,64137.3,63924.0,64024.8,2818.446
2026-06-04 08:48:00,64024.8,64050.0,63921.3,63947.8,1269.79
2026-06-04 08:51:00,63947.8,63980.8,63857.3,63937.8,737.898
2026-06-04 08:54:00,63937.7,63991.9,63854.0,63929.5,460.541
2026-06-04 08:57:00,63929.6,63951.5,63868.8,63891.0,377.744
2026-06-04 09:00:00,63891.0,64482.9,63872.5,64328.1,2896.535
2026-06-04 09:03:00,64328.1,64475.1,64282.1,64282.1,1409.234
2026-06-04 09:06:00,64282.1,64386.7,64200.3,64347.6,799.354
2026-06-04 09:09:00,64347.5,64495.9,64347.5,64438.5,1766.491
2026-06-04 09:12:00,64438.6,64450.0,64331.1,64351.4,1479.775
2026-06-04 09:15:00,64351.4,64413.0,64320.0,64352.5,531.871
2026-06-04 09:18:00,64352.6,64431.5,64301.5,64420.3,649.965
2026-06-04 09:21:00,64420.2,64425.8,64302.0,64349.7,418.148
2026-06-04 09:24:00,64349.8,64365.0,64279.1,64311.8,424.771
2026-06-04 09:27:00,64311.7,64344.5,64223.5,64336.2,1162.551
2026-06-04 09:30:00,64336.2,64447.0,64301.0,64413.6,698.817
2026-06-04 09:33:00,64413.6,64588.0,64364.8,64524.9,1181.528
2026-06-04 09:36:00,64524.8,64527.9,64353.7,64391.3,681.441
2026-06-04 09:39:00,64391.3,64586.4,64321.0,64534.6,637.665
2026-06-04 09:42:00,64534.6,64640.3,64525.4,64598.1,747.767
2026-06-04 09:45:00,64598.1,64689.1,64471.5,64481.9,679.708
2026-06-04 09:48:00,64481.9,64600.0,64478.7,64572.5,375.267
2026-06-04 09:51:00,64572.6,64739.7,64562.7,64700.3,869.575
2026-06-04 09:54:00,64700.2,64739.8,64600.0,64617.0,715.62
2026-06-04 09:57:00,64617.1,64671.7,64537.5,64537.6,392.343
2026-06-04 10:00:00,64537.5,64582.5,64330.0,64330.3,895.098
2026-06-04 10:03:00,64330.3,64345.3,64233.0,64317.7,1173.843
2026-06-04 10:06:00,64317.6,64436.3,64233.2,64394.2,560.543
2026-06-04 10:09:00,64394.1,64404.4,64268.0,64268.0,585.55
2026-06-04 10:12:00,64268.0,64428.2,64242.5,64381.7,401.161
2026-06-04 10:15:00,64381.6,64417.2,64273.7,64358.1,344.27
2026-06-04 10:18:00,64358.2,64368.2,64320.1,64336.3,224.68
2026-06-04 10:21:00,64336.3,64376.3,64313.4,64371.7,286.359
2026-06-04 10:24:00,64371.8,64428.2,64338.9,64363.8,299.04
2026-06-04 10:27:00,64363.8,64369.8,64297.0,64364.0,387.861
2026-06-04 10:30:00,64363.9,64363.9,64066.0,64099.9,1370.965
2026-06-04 10:33:00,64100.0,64117.0,63919.5,63919.5,1516.435
2026-06-04 10:36:00,63919.5,63937.3,63769.1,63924.0,1542.684
2026-06-04 10:39:00,63923.9,63927.0,63688.0,63723.2,1022.484
2026-06-04 10:42:00,63723.2,63936.5,63719.5,63935.2,679.028
2026-06-04 10:45:00,63935.2,63935.2,63790.5,63909.4,558.916
2026-06-04 10:48:00,63909.3,63993.2,63703.2,63707.8,809.667
2026-06-04 10:51:00,63707.9,63811.5,63607.4,63778.9,1040.602
2026-06-04 10:54:00,63778.9,63873.0,63763.2,63839.8,658.729
2026-06-04 10:57:00,63839.7,63882.2,63791.6,63809.8,413.86
2026-06-04 11:00:00,63809.8,64066.9,63734.2,64027.9,1001.628
2026-06-04 11:03:00,64028.0,64312.5,64026.9,64293.1,1657.125
2026-06-04 11:06:00,64293.2,64293.2,64060.2,64150.1,546.059
2026-06-04 11:09:00,64150.2,64256.9,64059.3,64214.6,408.563
2026-06-04 11:12:00,64214.6,64255.9,64175.6,64250.6,289.033
2026-06-04 11:15:00,64250.6,64250.6,64123.0,64162.3,319.679
2026-06-04 11:18:00,64162.2,64162.3,63964.5,63964.5,530.927
2026-06-04 11:21:00,63964.5,64045.4,63905.0,63980.6,433.919
2026-06-04 11:24:00,63980.6,64018.2,63931.4,63931.5,393.914
2026-06-04 11:27:00,63931.5,63974.9,63878.0,63927.6,322.147
2026-06-04 11:30:00,63927.6,64066.8,63858.6,64043.3,428.31
2026-06-04 11:33:00,64043.1,64154.6,64033.7,64134.5,395.818
2026-06-04 11:36:00,64134.4,64146.4,64057.8,64126.7,233.895
2026-06-04 11:39:00,64126.7,64224.6,64126.7,64190.8,333.135
2026-06-04 11:42:00,64190.7,64237.7,64171.5,64237.7,269.138
2026-06-04 11:45:00,64237.6,64364.8,64152.0,64333.7,946.548
2026-06-04 11:48:00,64333.6,64480.0,64303.2,64320.1,586.562
2026-06-04 11:51:00,64320.0,64380.0,64269.7,64328.8,377.169
2026-06-04 11:54:00,64328.7,64331.8,64210.2,64243.0,279.882
2026-06-04 11:57:00,64242.9,64291.1,64193.6,64228.1,220.251
2026-06-04 12:00:00,64228.1,64230.9,64039.3,64067.0,709.851
2026-06-04 12:03:00,64067.1,64254.8,64067.0,64252.1,248.065
2026-06-04 12:06:00,64252.1,64417.9,64252.1,64310.5,459.15
2026-06-04 12:09:00,64310.5,64372.0,64280.7,64332.2,312.027
2026-06-04 12:12:00,64332.2,64337.3,64254.2,64309.5,179.285
2026-06-04 12:15:00,64309.4,64309.4,64172.8,64173.2,206.688
2026-06-04 12:18:00,64173.3,64226.2,64134.5,64215.8,202.886
2026-06-04 12:21:00,64215.8,64254.9,64086.4,64086.4,249.222
2026-06-04 12:24:00,64086.5,64107.7,63943.1,63960.0,535.222
2026-06-04 12:27:00,63960.0,64019.2,63945.9,64007.2,283.785
2026-06-04 12:30:00,64007.4,64041.8,63933.3,63965.7,267.905
2026-06-04 12:33:00,63965.7,63994.0,63820.5,63820.5,565.112
2026-06-04 12:36:00,63820.5,63852.0,63734.5,63796.7,591.631
2026-06-04 12:39:00,63796.7,63905.6,63741.1,63745.7,562.494
2026-06-04 12:42:00,63745.6,63789.3,63678.3,63785.1,818.693
2026-06-04 12:45:00,63785.2,63800.0,63450.0,63501.8,2308.462
2026-06-04 12:48:00,63501.7,63603.3,63453.2,63508.1,1659.684
2026-06-04 12:51:00,63508.0,63639.5,63489.8,63555.2,995.793
2026-06-04 12:54:00,63555.1,63645.0,63492.8,63564.6,639.832
2026-06-04 12:57:00,63564.6,63690.0,63550.5,63664.2,435.335
2026-06-04 13:00:00,63664.1,63878.1,63660.0,63822.9,740.983
2026-06-04 13:03:00,63822.8,63822.9,63682.1,63802.7,371.149
2026-06-04 13:06:00,63802.7,63865.9,63751.3,63811.6,482.074
2026-06-04 13:09:00,63811.7,63966.9,63811.6,63910.8,559.225
2026-06-04 13:12:00,63910.9,64014.0,63880.0,63892.8,387.463
2026-06-04 13:15:00,63892.9,63917.5,63760.1,63810.3,445.39
2026-06-04 13:18:00,63810.3,63879.2,63734.6,63778.1,331.334
2026-06-04 13:21:00,63778.1,63789.0,63700.0,63720.9,471.819
2026-06-04 13:24:00,63720.9,63755.7,63680.0,63689.9,559.021
2026-06-04 13:27:00,63690.0,63690.0,63560.6,63561.7,458.297
2026-06-04 13:30:00,63561.8,63660.6,63435.8,63658.0,779.28
2026-06-04 13:33:00,63658.0,63875.9,63648.7,63839.0,585.857
2026-06-04 13:36:00,63839.0,63839.0,63475.0,63490.1,628.66
2026-06-04 13:39:00,63490.0,63600.0,63400.0,63423.0,779.906
2026-06-04 13:42:00,63423.0,63429.5,63293.7,63319.3,1027.431
2026-06-04 13:45:00,63319.3,63448.6,63223.2,63355.6,978.906
2026-06-04 13:48:00,63355.5,63523.3,63355.5,63415.7,652.245
2026-06-04 13:51:00,63415.8,63446.2,63201.1,63370.1,867.283
2026-06-04 13:54:00,63370.2,63573.1,63370.2,63410.5,978.753
2026-06-04 13:57:00,63410.5,63514.0,63369.1,63461.6,386.663
2026-06-04 14:00:00,63461.6,63659.7,63420.0,63435.6,776.658
2026-06-04 14:03:00,63435.3,63559.9,63406.1,63559.8,371.302
2026-06-04 14:06:00,63559.8,63560.0,63479.0,63549.3,388.743
2026-06-04 14:09:00,63549.3,63628.8,63485.2,63604.8,402.526
2026-06-04 14:12:00,63604.7,63609.4,63343.0,63382.4,569.962
2026-06-04 14:15:00,63382.4,63500.0,63376.1,63473.9,353.41
2026-06-04 14:18:00,63473.9,63520.0,63427.3,63448.6,317.854
2026-06-04 14:21:00,63448.7,63629.6,63439.1,63596.7,447.752
2026-06-04 14:24:00,63596.7,63647.0,63541.6,63576.6,454.95
2026-06-04 14:27:00,63576.6,63727.6,63561.6,63595.5,545.559
2026-06-04 14:30:00,63595.5,63616.3,63456.2,63456.2,571.316
2026-06-04 14:33:00,63456.2,63456.2,63372.0,63398.6,478.027
2026-06-04 14:36:00,63398.6,63411.6,63253.7,63277.6,725.327
2026-06-04 14:39:00,63277.7,63444.3,63250.0,63345.7,547.602
2026-06-04 14:42:00,63345.8,63385.1,63129.0,63307.0,1214.698
2026-06-04 14:45:00,63307.0,63307.1,63122.4,63212.4,1012.997
2026-06-04 14:48:00,63212.5,63216.3,63050.4,63089.5,953.59
2026-06-04 14:51:00,63089.4,63148.8,63005.3,63031.0,1063.294
2026-06-04 14:54:00,63030.9,63031.0,62880.0,62905.5,1818.578
2026-06-04 14:57:00,62905.5,63030.2,62762.9,62832.0,2303.234
2026-06-04 15:00:00,62832.0,62886.6,62666.0,62858.7,1877.474
2026-06-04 15:03:00,62858.7,62974.4,62788.9,62931.9,1049.04
2026-06-04 15:06:00,62931.9,62969.6,62764.0,62882.3,730.689
2026-06-04 15:09:00,62882.5,62895.3,62759.2,62817.0,641.189
2026-06-04 15:12:00,62817.0,62900.0,62779.1,62869.8,377.397
2026-06-04 15:15:00,62869.8,63146.3,62866.9,63008.9,1390.88
2026-06-04 15:18:00,63008.8,63053.4,62929.1,62972.1,482.253
2026-06-04 15:21:00,62972.1,63048.7,62898.6,62910.6,439.869
2026-06-04 15:24:00,62910.6,63140.5,62910.5,63119.9,460.947
2026-06-04 15:27:00,63119.8,63239.8,63060.8,63237.4,985.142
2026-06-04 15:30:00,63237.5,63250.0,63091.0,63174.1,614.824
2026-06-04 15:33:00,63174.1,63174.1,62956.2,62956.2,689.616
2026-06-04 15:36:00,62956.2,62965.5,62871.0,62901.5,810.104
2026-06-04 15:39:00,62901.5,62920.2,62787.1,62816.8,901.502
2026-06-04 15:42:00,62816.8,62973.8,62804.2,62847.3,608.809
2026-06-04 15:45:00,62847.2,62879.9,62718.5,62879.0,782.011
2026-06-04 15:48:00,62879.0,62981.6,62801.4,62830.4,710.589
2026-06-04 15:51:00,62830.5,62863.8,62739.0,62779.0,601.804
2026-06-04 15:54:00,62779.1,62805.7,62700.9,62721.0,1418.094
2026-06-04 15:57:00,62721.1,62761.9,62461.5,62461.6,2672.41
2026-06-04 16:00:00,62461.6,62637.6,62359.9,62526.2,2315.661
2026-06-04 16:03:00,62526.2,62743.9,62485.7,62685.7,1121.816
2026-06-04 16:06:00,62685.7,62720.0,62600.0,62696.5,768.63
2026-06-04 16:09:00,62696.6,62769.2,62688.1,62700.0,381.509
2026-06-04 16:12:00,62700.1,62715.4,62511.3,62688.5,1664.465
2026-06-04 16:15:00,62688.4,62727.2,62420.0,62420.1,1195.117
2026-06-04 16:18:00,62420.1,62531.1,62256.0,62392.7,5461.27
2026-06-04 16:21:00,62392.6,62471.1,62273.8,62382.1,2552.47
2026-06-04 16:24:00,62382.2,62445.3,62272.3,62296.3,3530.623
2026-06-04 16:27:00,62296.3,62470.0,62287.0,62391.6,1058.618
2026-06-04 16:30:00,62391.6,62494.4,62320.8,62434.3,1696.368
2026-06-04 16:33:00,62434.3,62650.0,62415.2,62588.8,1442.045
2026-06-04 16:36:00,62588.9,62640.1,62376.9,62386.9,1409.75
2026-06-04 16:39:00,62386.8,62386.9,62182.4,62263.8,2653.458
2026-06-04 16:42:00,62263.7,62306.5,62196.6,62243.0,447.001
2026-06-04 16:45:00,62243.0,62436.9,62201.2,62409.4,807.826
2026-06-04 16:48:00,62409.3,62530.0,62371.0,62496.1,659.586
2026-06-04 16:51:00,62496.2,62550.0,62366.4,62500.0,1077.541
2026-06-04 16:54:00,62500.0,62622.1,62470.5,62534.8,747.056
2026-06-04 16:57:00,62534.9,62600.0,62516.4,62576.8,1040.82
2026-06-04 17:00:00,62576.7,62800.0,62483.0,62534.3,2798.609
2026-06-04 17:03:00,62534.3,62556.0,62432.4,62506.6,1516.707
2026-06-04 17:06:00,62506.7,62506.7,62150.8,62280.0,2103.198
2026-06-04 17:09:00,62280.0,62356.0,62205.4,62234.5,493.458
2026-06-04 17:12:00,62234.5,62242.7,62151.9,62199.9,603.913
2026-06-04 17:15:00,62200.0,62360.7,62199.9,62348.3,509.212
2026-06-04 17:18:00,62348.2,62482.2,62348.2,62420.0,520.131
2026-06-04 17:21:00,62420.1,62433.5,62322.0,62380.8,424.274
2026-06-04 17:24:00,62380.8,62509.3,62373.2,62440.1,313.785
2026-06-04 17:27:00,62440.0,62526.0,62424.6,62520.7,477.078
2026-06-04 17:30:00,62520.7,62580.0,62443.6,62511.8,857.161
2026-06-04 17:33:00,62511.8,62676.9,62443.9,62444.0,865.784
2026-06-04 17:36:00,62444.0,62558.1,62420.0,62432.3,533.04
2026-06-04 17:39:00,62432.3,62532.9,62344.1,62417.6,854.546
2026-06-04 17:42:00,62417.7,62528.0,62417.6,62499.5,387.859
2026-06-04 17:45:00,62499.5,62783.3,62491.0,62666.2,1215.876
2026-06-04 17:48:00,62666.2,62739.1,62583.7,62679.6,865.136
2026-06-04 17:51:00,62679.6,63236.6,62665.1,63193.4,2923.251
2026-06-04 17:54:00,63193.6,63385.6,63043.3,63049.7,2411.948
2026-06-04 17:57:00,63049.7,63308.8,63014.2,63241.1,1180.826
2026-06-04 18:00:00,63241.0,63579.2,63108.6,63570.8,2362.137
2026-06-04 18:03:00,63570.8,63657.9,63365.7,63409.6,2107.344
2026-06-04 18:06:00,63409.5,63710.3,63360.1,63671.9,1839.315
2026-06-04 18:09:00,63671.9,63696.4,63550.8,63555.2,868.784
2026-06-04 18:12:00,63555.1,63620.0,63500.0,63527.8,792.33
2026-06-04 18:15:00,63527.8,63646.6,63465.8,63551.5,781.987
2026-06-04 18:18:00,63551.6,63947.8,63551.6,63933.2,2282.768
2026-06-04 18:21:00,63933.2,63934.4,63748.5,63789.6,832.282
2026-06-04 18:24:00,63789.6,63836.3,63700.0,63708.6,514.047
2026-06-04 18:27:00,63708.6,63747.9,63624.4,63738.1,550.891
2026-06-04 18:30:00,63738.2,63741.2,63590.3,63645.0,986.472
2026-06-04 18:33:00,63644.6,63815.9,63640.5,63692.1,548.788
2026-06-04 18:36:00,63692.0,63692.1,63555.0,63561.6,847.726
2026-06-04 18:39:00,63561.7,63645.2,63515.9,63635.5,654.681
2026-06-04 18:42:00,63635.6,63708.5,63550.0,63550.0,305.48
2026-06-04 18:45:00,63550.0,63597.0,63345.8,63349.8,1393.584
2026-06-04 18:48:00,63350.0,63410.0,63135.2,63154.3,1751.276
2026-06-04 18:51:00,63154.2,63267.8,63038.0,63237.7,1610.437
2026-06-04 18:54:00,63237.7,63243.7,63039.0,63235.3,1416.411
2026-06-04 18:57:00,63235.4,63289.7,63165.4,63200.0,568.467
2026-06-04 19:00:00,63200.0,63750.0,63159.7,63628.4,2587.672
2026-06-04 19:03:00,63628.3,63816.9,63566.1,63744.8,1744.566
2026-06-04 19:06:00,63744.6,64219.0,63626.2,64111.2,4196.303
2026-06-04 19:09:00,64111.1,64223.1,63993.6,64032.4,2542.483
2026-06-04 19:12:00,64032.4,64078.7,63715.2,63761.6,2078.253
2026-06-04 19:15:00,63761.5,63917.9,63632.0,63886.5,1247.137
2026-06-04 19:18:00,63886.6,63938.0,63645.4,63714.5,934.274
2026-06-04 19:21:00,63714.5,63842.8,63654.8,63767.3,636.965
2026-06-04 19:24:00,63767.3,63939.9,63690.4,63924.8,524.945
2026-06-04 19:27:00,63924.8,64202.8,63867.4,64202.7,2090.765
2026-06-04 19:30:00,64202.7,64278.7,64101.2,64232.3,1479.604
2026-06-04 19:33:00,64232.2,64275.0,63941.4,64135.2,1084.599
2026-06-04 19:36:00,64135.2,64410.3,64110.0,64388.9,1831.988
2026-06-04 19:39:00,64388.8,64450.0,64212.5,64449.8,1069.792
2026-06-04 19:42:00,64449.8,64463.7,64320.6,64331.6,1280.125
2026-06-04 19:45:00,64331.7,64390.6,64259.0,64379.7,1091.092
2026-06-04 19:48:00,64379.7,64379.7,64088.0,64150.0,940.932
2026-06-04 19:51:00,64150.0,64175.0,64053.5,64133.7,553.351
2026-06-04 19:54:00,64133.8,64176.0,64015.3,64033.0,569.201
2026-06-04 19:57:00,64033.1,64149.6,64027.0,64110.4,355.315
2026-06-04 20:00:00,64110.4,64113.4,63852.7,63960.9,1303.782
2026-06-04 20:03:00,63961.0,64100.0,63913.6,63924.0,442.293
2026-06-04 20:06:00,63923.9,63948.1,63808.1,63884.7,1025.029
2026-06-04 20:09:00,63884.7,63980.0,63837.7,63975.3,344.366
2026-06-04 20:12:00,63975.2,63999.0,63916.3,63968.9,386.876
2026-06-04 20:15:00,63968.9,64054.4,63883.6,63917.8,504.391
2026-06-04 20:18:00,63917.8,63974.9,63733.0,63974.9,758.155
2026-06-04 20:21:00,63974.8,63976.5,63764.2,63778.8,399.287
2026-06-04 20:24:00,63778.8,63883.3,63764.0,63878.5,302.026
2026-06-04 20:27:00,63878.5,63973.0,63824.6,63923.9,416.262
2026-06-04 20:30:00,63923.8,63970.0,63813.5,63844.9,641.74
2026-06-04 20:33:00,63844.9,64192.5,63843.6,64098.7,1465.144
2026-06-04 20:36:00,64098.6,64330.8,64058.0,64321.0,1380.064
2026-06-04 20:39:00,64321.0,64339.0,64187.6,64187.6,709.925
2026-06-04 20:42:00,64187.3,64355.2,64174.8,64332.7,814.639
2026-06-04 20:45:00,64332.6,64380.0,64114.1,64125.1,611.309
2026-06-04 20:48:00,64125.0,64156.8,63905.5,63907.3,447.818
2026-06-04 20:51:00,63907.3,63924.4,63760.5,63813.5,849.12
2026-06-04 20:54:00,63813.4,64041.8,63813.4,63993.0,789.495
2026-06-04 20:57:00,63992.9,64036.3,63940.0,63955.0,253.498
2026-06-04 21:00:00,63955.0,64082.7,63952.1,63962.0,594.811
2026-06-04 21:03:00,63961.9,63982.8,63864.6,63976.4,280.61
2026-06-04 21:06:00,63976.3,63976.3,63809.0,63855.8,422.333
2026-06-04 21:09:00,63855.7,63913.0,63767.4,63793.6,684.309
2026-06-04 21:12:00,63793.6,63914.2,63762.1,63807.8,724.048
2026-06-04 21:15:00,63807.8,63839.8,63716.5,63732.0,542.782
2026-06-04 21:18:00,63732.0,63805.5,63650.0,63742.9,594.588
2026-06-04 21:21:00,63742.9,63877.0,63742.8,63778.6,260.851
2026-06-04 21:24:00,63778.6,63778.7,63659.6,63749.9,517.325
2026-06-04 21:27:00,63750.0,63975.5,63749.9,63864.8,434.463
2026-06-04 21:30:00,63864.8,63889.9,63750.6,63750.7,463.244
2026-06-04 21:33:00,63750.7,63786.3,63660.0,63698.9,345.879
2026-06-04 21:36:00,63699.0,63858.8,63698.9,63733.8,238.768
2026-06-04 21:39:00,63733.8,63807.3,63705.8,63751.1,196.622
2026-06-04 21:42:00,63751.2,63763.5,63612.5,63628.1,548.88
2026-06-04 21:45:00,63628.1,63736.1,63613.3,63689.9,518.44
2026-06-04 21:48:00,63689.9,63729.8,63657.8,63708.4,231.363
2026-06-04 21:51:00,63708.4,63724.2,63635.2,63720.0,221.255
2026-06-04 21:54:00,63720.1,63856.3,63624.0,63653.6,394.038
2026-06-04 21:57:00,63653.7,63700.0,63603.7,63619.4,331.812
2026-06-04 22:00:00,63619.4,63627.6,63443.1,63532.5,933.027
2026-06-04 22:03:00,63532.6,63571.2,63412.9,63440.1,726.741
2026-06-04 22:06:00,63440.0,63736.2,63427.0,63736.1,732.353
2026-06-04 22:09:00,63736.2,63767.3,63666.6,63735.6,368.496
2026-06-04 22:12:00,63735.8,63836.8,63704.4,63751.5,331.014
2026-06-04 22:15:00,63751.4,63805.2,63681.3,63799.6,266.228
2026-06-04 22:18:00,63799.6,63898.9,63683.3,63758.0,490.012
2026-06-04 22:21:00,63758.0,63792.9,63702.0,63706.8,205.668
2026-06-04 22:24:00,63706.8,63720.3,63471.7,63528.1,482.857
2026-06-04 22:27:00,63528.1,63589.3,63480.2,63529.4,520.836
2026-06-04 22:30:00,63529.4,63549.1,63400.0,63513.3,645.762
2026-06-04 22:33:00,63513.3,63539.3,63444.9,63462.0,272.486
2026-06-04 22:36:00,63462.0,63490.0,63422.9,63481.0,166.429
2026-06-04 22:39:00,63480.9,63675.2,63469.0,63672.0,1065.881
2026-06-04 22:42:00,63672.0,63698.7,63542.4,63566.2,407.538
2026-06-04 22:45:00,63566.3,63566.3,63244.2,63250.4,949.161
2026-06-04 22:48:00,63250.4,63298.5,63203.3,63293.2,729.487
2026-06-04 22:51:00,63293.2,63348.1,63183.7,63228.7,546.875
2026-06-04 22:54:00,63228.7,63236.9,63055.1,63222.2,762.398
2026-06-04 22:57:00,63222.2,63247.5,63159.0,63204.7,229.417
2026-06-04 23:00:00,63204.6,63282.3,63065.2,63079.8,540.051
2026-06-04 23:03:00,63079.9,63139.1,63015.0,63046.6,580.721
2026-06-04 23:06:00,63046.6,63128.0,63010.0,63011.4,378.082
2026-06-04 23:09:00,63011.3,63033.9,62940.0,63004.4,1201.143
2026-06-04 23:12:00,63004.5,63010.5,62937.2,63007.9,498.216
2026-06-04 23:15:00,63007.9,63089.2,62910.0,63074.3,871.801
2026-06-04 23:18:00,63074.3,63105.4,63002.8,63066.2,323.854
2026-06-04 23:21:00,63066.3,63630.0,63057.9,63467.0,2697.61
2026-06-04 23:24:00,63467.0,63591.4,63401.2,63456.1,756.363
2026-06-04 23:27:00,63456.2,63590.0,63400.0,63511.2,753.092
2026-06-04 23:30:00,63511.1,63559.4,63374.8,63384.1,969.946
2026-06-04 23:33:00,63384.0,63439.5,63293.5,63330.3,435.823
2026-06-04 23:36:00,63330.3,63333.5,63188.3,63238.8,427.674
2026-06-04 23:39:00,63238.8,63265.4,63170.2,63247.8,382.76
2026-06-04 23:42:00,63247.7,63277.3,63120.0,63134.7,217.357
2026-06-04 23:45:00,63134.7,63383.0,63117.6,63355.4,508.026
2026-06-04 23:48:00,63355.5,63435.1,63308.8,63365.1,258.266
2026-06-04 23:51:00,63365.1,63500.0,63335.4,63495.2,400.658
2026-06-04 23:54:00,63495.2,63619.2,63482.8,63600.0,790.1
2026-06-04 23:57:00,63600.0,63898.7,63527.6,63877.2,3144.706
2026-06-05 00:00:00,63877.1,64091.7,63701.4,63823.4,3043.849
2026-06-05 00:03:00,63823.4,63880.0,63763.9,63865.6,759.865
2026-06-05 00:06:00,63865.5,64023.9,63810.0,64008.8,875.327
2026-06-05 00:09:00,64008.8,64090.0,63895.9,64029.2,529.386
2026-06-05 00:12:00,64029.2,64041.6,63872.5,63895.6,467.762
2026-06-05 00:15:00,63895.6,63953.8,63817.3,63944.5,607.062
2026-06-05 00:18:00,63944.6,64033.9,63944.6,64019.0,341.003
2026-06-05 00:21:00,64019.0,64084.7,63914.2,63946.3,414.04
2026-06-05 00:24:00,63946.4,64011.7,63880.0,63880.1,460.493
2026-06-05 00:27:00,63880.1,63883.7,63791.1,63791.1,661.187
2026-06-05 00:30:00,63791.2,63814.8,63720.6,63742.1,409.967
2026-06-05 00:33:00,63742.1,63753.0,63655.0,63670.8,477.507
2026-06-05 00:36:00,63670.8,63707.3,63600.0,63602.4,348.997
2026-06-05 00:39:00,63602.3,63677.6,63593.3,63606.6,342.104
2026-06-05 00:42:00,63606.5,63868.4,63606.5,63865.3,484.924
2026-06-05 00:45:00,63865.3,64019.1,63840.9,63915.3,676.147
2026-06-05 00:48:00,63915.2,64012.6,63862.3,64003.8,432.85
2026-06-05 00:51:00,64003.7,64003.7,63900.5,63935.1,320.289
2026-06-05 00:54:00,63935.0,64016.1,63896.7,63991.7,339.801
2026-06-05 00:57:00,63991.8,64150.8,63991.8,64100.3,898.695
2026-06-05 01:00:00,64100.3,64120.9,63901.2,63919.5,413.41
2026-06-05 01:03:00,63919.6,63946.9,63869.6,63869.7,214.464
2026-06-05 01:06:00,63869.6,63871.8,63727.0,63789.9,413.176
2026-06-05 01:09:00,63789.8,63936.3,63789.8,63880.4,371.021
2026-06-05 01:12:00,63880.3,63897.3,63753.4,63755.1,306.512
2026-06-05 01:15:00,63755.1,63755.2,63666.6,63703.2,381.419
2026-06-05 01:18:00,63703.3,63761.2,63668.3,63699.7,397.29
2026-06-05 01:21:00,63700.0,63742.8,63573.1,63579.7,539.124
2026-06-05 01:24:00,63579.3,63643.4,63509.7,63561.0,571.697
2026-06-05 01:27:00,63561.0,63680.5,63508.6,63600.3,670.73
2026-06-05 01:30:00,63600.2,63616.0,63466.8,63467.8,589.034
2026-06-05 01:33:00,63467.9,63499.8,63321.2,63335.8,1006.929
2026-06-05 01:36:00,63335.8,63357.0,63203.2,63248.6,928.917
2026-06-05 01:39:00,63248.7,63421.2,63240.1,63391.9,820.706
2026-06-05 01:42:00,63391.9,63525.2,63383.5,63469.3,750.104
2026-06-05 01:45:00,63469.0,63508.0,63395.0,63405.6,580.516
2026-06-05 01:48:00,63405.7,63425.9,63319.9,63353.1,719.599
2026-06-05 01:51:00,63353.1,63370.2,63272.7,63273.1,643.937
2026-06-05 01:54:00,63273.1,63334.3,63159.3,63177.1,816.282
2026-06-05 01:57:00,63177.1,63308.8,63140.8,63308.8,841.832
2026-06-05 02:00:00,63308.8,63487.6,63301.4,63481.7,519.988
2026-06-05 02:03:00,63481.7,63524.8,63427.5,63442.2,304.175
2026-06-05 02:06:00,63442.3,63488.0,63402.8,63439.0,177.752
2026-06-05 02:09:00,63439.1,63600.0,63428.5,63599.9,413.062
2026-06-05 02:12:00,63600.0,63628.0,63517.7,63517.7,283.504
2026-06-05 02:15:00,63517.7,63581.6,63379.5,63379.5,297.913
2026-06-05 02:18:00,63379.6,63527.9,63378.9,63513.0,210.88
2026-06-05 02:21:00,63513.0,63531.1,63449.7,63453.4,229.662
2026-06-05 02:24:00,63453.3,63595.5,63453.3,63573.0,129.057
2026-06-05 02:27:00,63573.0,63613.8,63503.5,63600.8,316.648
2026-06-05 02:30:00,63600.8,63741.3,63565.5,63655.2,506.146
2026-06-05 02:33:00,63655.2,63789.8,63655.1,63783.9,269.531
2026-06-05 02:36:00,63784.0,63828.0,63730.0,63766.8,381.966
2026-06-05 02:39:00,63766.9,63847.9,63701.8,63703.6,359.741
2026-06-05 02:42:00,63703.6,63810.3,63703.6,63773.1,174.274
2026-06-05 02:45:00,63773.1,63791.2,63691.3,63694.6,109.835
2026-06-05 02:48:00,63694.5,63694.6,63551.4,63611.2,272.69
2026-06-05 02:51:00,63611.2,63611.3,63449.9,63525.0,351.671
2026-06-05 02:54:00,63525.0,63607.0,63502.6,63607.0,144.831
2026-06-05 02:57:00,63607.0,63612.9,63399.8,63465.7,269.484
2026-06-05 03:00:00,63465.7,63491.0,63375.0,63417.7,214.161
2026-06-05 03:03:00,63417.7,63480.0,63333.3,63370.1,295.338
2026-06-05 03:06:00,63370.0,63405.4,63257.2,63318.6,506.719
2026-06-05 03:09:00,63318.6,63333.2,63040.0,63218.0,718.719
2026-06-05 03:12:00,63217.9,63463.4,63203.5,63463.4,519.088
2026-06-05 03:15:00,63463.3,63508.7,63329.8,63412.7,233.601
2026-06-05 03:18:00,63412.7,63447.7,63308.6,63328.5,137.905
2026-06-05 03:21:00,63328.6,63411.7,63300.0,63391.2,179.849
2026-06-05 03:24:00,63391.1,63448.5,63225.6,63233.4,340.912
2026-06-05 03:27:00,63233.3,63298.9,63230.0,63250.2,200.008
2026-06-05 03:30:00,63250.1,63424.1,63161.4,63424.1,472.909
2026-06-05 03:33:00,63424.2,63471.8,63235.4,63257.2,482.411
2026-06-05 03:36:00,63257.2,63320.0,63150.7,63233.5,550.13
2026-06-05 03:39:00,63233.4,63349.5,63187.3,63338.3,505.411
2026-06-05 03:42:00,63338.2,63366.8,63165.4,63253.8,317.397
2026-06-05 03:45:00,63253.7,63415.4,63248.5,63372.2,308.604
2026-06-05 03:48:00,63372.3,63379.1,63295.5,63361.7,209.695
2026-06-05 03:51:00,63361.6,63405.3,63271.7,63368.3,141.565
2026-06-05 03:54:00,63368.2,63417.4,63272.8,63335.9,169.786
2026-06-05 03:57:00,63336.0,63419.1,63295.0,63320.9,129.182
2026-06-05 04:00:00,63320.9,63376.8,63244.3,63311.8,353.707
2026-06-05 04:03:00,63311.8,63372.1,63194.1,63351.3,448.157
2026-06-05 04:06:00,63351.4,63404.5,63285.6,63385.8,407.993
2026-06-05 04:09:00,63385.9,63567.0,63311.0,63505.8,618.062
2026-06-05 04:12:00,63505.8,63507.3,63428.2,63469.0,283.12
2026-06-05 04:15:00,63468.9,63535.5,63410.0,63498.5,338.921
2026-06-05 04:18:00,63498.5,63636.8,63498.4,63541.1,441.329
2026-06-05 04:21:00,63541.1,63630.0,63500.1,63610.4,245.399
2026-06-05 04:24:00,63610.4,63670.9,63590.4,63652.0,212.202
2026-06-05 04:27:00,63652.1,63740.2,63652.1,63702.2,312.676
2026-06-05 04:30:00,63702.3,63725.2,63640.0,63664.1,375.21
2026-06-05 04:33:00,63664.1,63821.5,63655.0,63784.4,521.254
2026-06-05 04:36:00,63784.4,63819.9,63734.0,63764.5,338.245
2026-06-05 04:39:00,63764.5,63764.6,63612.0,63612.0,610.987
2026-06-05 04:42:00,63612.0,63652.3,63571.7,63571.7,402.825
2026-06-05 04:45:00,63571.7,63591.3,63482.5,63488.3,192.394
2026-06-05 04:48:00,63488.4,63492.0,63335.1,63393.5,399.673
2026-06-05 04:51:00,63393.5,63466.5,63365.0,63369.9,181.787
2026-06-05 04:54:00,63370.0,63444.0,63369.9,63406.5,114.109
2026-06-05 04:57:00,63406.6,63526.7,63406.6,63437.2,280.165
2026-06-05 05:00:00,63437.3,63634.1,63437.3,63566.6,194.792
2026-06-05 05:03:00,63566.5,63656.0,63543.0,63652.2,258.706
2026-06-05 05:06:00,63653.9,63687.0,63623.1,63639.4,311.805
2026-06-05 05:09:00,63639.5,63763.7,63634.8,63739.5,272.54
2026-06-05 05:12:00,63739.5,63775.5,63708.2,63739.1,293.463
2026-06-05 05:15:00,63739.2,63753.2,63666.0,63692.8,339.422
2026-06-05 05:18:00,63692.8,63873.7,63689.8,63853.1,299.062
2026-06-05 05:21:00,63853.0,63875.9,63758.7,63802.7,394.886
2026-06-05 05:24:00,63802.6,63897.0,63766.1,63767.0,684.042
2026-06-05 05:27:00,63767.0,63859.6,63748.6,63853.4,232.17
2026-06-05 05:30:00,63853.4,63853.4,63699.6,63784.4,424.433
2026-06-05 05:33:00,63784.4,63825.8,63707.5,63774.7,271.04
2026-06-05 05:36:00,63774.7,63810.0,63691.2,63767.6,160.261
2026-06-05 05:39:00,63767.6,63824.4,63693.3,63716.3,213.976
2026-06-05 05:42:00,63716.4,63722.5,63621.0,63638.3,276.33
2026-06-05 05:45:00,63638.4,63668.1,63589.7,63599.5,335.904
2026-06-05 05:48:00,63599.4,63868.7,63566.6,63840.7,466.452
2026-06-05 05:51:00,63840.6,63878.5,63740.9,63876.2,281.738
2026-06-05 05:54:00,63876.1,63888.0,63669.3,63763.1,495.159
2026-06-05 05:57:00,63763.3,63882.5,63701.1,63878.0,170.485
2026-06-05 06:00:00,63878.0,63955.0,63825.3,63830.0,619.95
2026-06-05 06:03:00,63830.0,63900.0,63747.0,63762.1,299.906
2026-06-05 06:06:00,63762.1,63811.7,63643.0,63728.6,334.731
2026-06-05 06:09:00,63728.6,63838.0,63708.6,63708.7,122.062
2026-06-05 06:12:00,63708.7,63718.0,63651.0,63667.1,197.379
2026-06-05 06:15:00,63667.2,63765.9,63622.5,63734.5,215.494
2026-06-05 06:18:00,63734.5,63770.7,63629.0,63634.9,107.466
2026-06-05 06:21:00,63634.8,63654.1,63480.1,63502.7,439.461
2026-06-05 06:24:00,63502.7,63550.2,63425.1,63449.8,284.026
2026-06-05 06:27:00,63449.8,63475.3,63366.0,63398.3,360.886
2026-06-05 06:30:00,63398.3,63398.3,63188.1,63191.4,1183.23
2026-06-05 06:33:00,63191.4,63200.0,63011.0,63100.1,1744.907
2026-06-05 06:36:00,63100.0,63264.4,63075.7,63094.4,517.163
2026-06-05 06:39:00,63094.3,63200.0,63082.1,63149.4,300.211
2026-06-05 06:42:00,63149.4,63339.9,63144.6,63333.7,508.184
2026-06-05 06:45:00,63333.6,63388.0,63210.0,63387.5,661.844
2026-06-05 06:48:00,63387.6,63399.8,63257.0,63268.5,340.261
2026-06-05 06:51:00,63268.4,63320.0,63110.3,63183.6,497.512
2026-06-05 06:54:00,63183.6,63324.4,63183.5,63236.6,187.131
2026-06-05 06:57:00,63236.6,63320.6,63236.2,63320.6,185.837
2026-06-05 07:00:00,63320.7,63547.5,63320.7,63406.3,596.615
2026-06-05 07:03:00,63406.5,63457.4,63344.9,63447.8,151.532
2026-06-05 07:06:00,63448.0,63491.0,63237.5,63269.7,225.801
2026-06-05 07:09:00,63269.8,63327.2,63260.5,63313.9,181.486
2026-06-05 07:12:00,63314.0,63416.7,63254.7,63416.6,150.271
2026-06-05 07:15:00,63416.7,63416.7,63285.5,63344.1,227.626
2026-06-05 07:18:00,63344.2,63352.5,63223.3,63223.3,409.188
2026-06-05 07:21:00,63223.3,63320.0,63215.6,63308.4,195.016
2026-06-05 07:24:00,63308.3,63423.1,63253.7,63376.4,255.455
2026-06-05 07:27:00,63376.5,63425.5,63300.0,63347.0,186.631
2026-06-05 07:30:00,63347.0,63416.9,63211.0,63272.8,262.864
2026-06-05 07:33:00,63272.7,63366.4,63240.0,63246.3,144.26
2026-06-05 07:36:00,63246.3,63296.2,63160.1,63161.0,336.756
2026-06-05 07:39:00,63161.6,63250.0,63160.0,63213.8,219.802
2026-06-05 07:42:00,63214.1,63244.1,63145.0,63145.0,238.854
2026-06-05 07:45:00,63144.9,63243.3,63115.2,63225.4,510.944
2026-06-05 07:48:00,63225.4,63240.5,62834.8,62851.3,2413.87
2026-06-05 07:51:00,62851.3,62942.4,62724.1,62858.5,1473.876
2026-06-05 07:54:00,62858.5,62898.0,62785.2,62815.9,564.633
2026-06-05 07:57:00,62815.8,62839.7,62666.0,62671.2,851.73
2026-06-05 08:00:00,62671.1,62787.0,62575.1,62787.0,1108.088
2026-06-05 08:03:00,62786.9,62877.0,62712.7,62877.0,544.492
2026-06-05 08:06:00,62876.9,62927.2,62782.8,62857.9,577.927
2026-06-05 08:09:00,62857.8,62911.5,62824.1,62839.6,278.52
2026-06-05 08:12:00,62839.6,62848.4,62555.0,62705.1,882.409
2026-06-05 08:15:00,62705.1,62829.0,62653.8,62691.1,844.353
2026-06-05 08:18:00,62690.9,62777.0,62663.4,62759.3,450.484
2026-06-05 08:21:00,62759.3,62774.2,62691.3,62720.3,321.34
2026-06-05 08:24:00,62720.3,62720.4,62583.0,62642.2,383.441
2026-06-05 08:27:00,62642.1,62681.8,62552.2,62585.5,528.378
2026-06-05 08:30:00,62585.6,62625.0,62433.7,62464.4,1606.039
2026-06-05 08:33:00,62464.5,62579.9,62405.0,62449.3,651.139
2026-06-05 08:36:00,62449.4,62500.0,62300.0,62350.0,1699.982
2026-06-05 08:39:00,62350.0,62392.7,62300.2,62334.0,479.942
2026-06-05 08:42:00,62334.0,62398.5,62307.4,62340.1,974.684
2026-06-05 08:45:00,62340.1,62668.6,62340.1,62668.6,807.816
2026-06-05 08:48:00,62668.6,62790.4,62606.6,62606.6,748.815
2026-06-05 08:51:00,62606.7,62669.4,62510.3,62619.1,473.385
2026-06-05 08:54:00,62619.1,62643.6,62540.0,62552.2,355.455
2026-06-05 08:57:00,62552.3,62596.0,62500.0,62569.9,283.749
2026-06-05 09:00:00,62570.0,62861.0,62569.9,62823.3,874.717
2026-06-05 09:03:00,62823.2,62852.6,62700.0,62743.8,357.517
2026-06-05 09:06:00,62743.8,62751.5,62613.1,62617.1,230.5
2026-06-05 09:09:00,62617.1,62746.4,62590.2,62610.4,230.767
2026-06-05 09:12:00,62610.4,62650.0,62542.7,62635.5,400.531
2026-06-05 09:15:00,62635.6,62794.3,62620.9,62765.0,393.849
2026-06-05 09:18:00,62765.0,62842.4,62735.0,62759.9,335.107
2026-06-05 09:21:00,62759.9,62790.6,62658.6,62663.2,242.835
2026-06-05 09:24:00,62663.4,62793.7,62658.6,62761.4,164.111
2026-06-05 09:27:00,62761.4,62789.2,62643.1,62699.7,456.448
2026-06-05 09:30:00,62700.0,62726.1,62558.3,62571.0,342.462
2026-06-05 09:33:00,62571.0,62642.8,62456.0,62615.4,505.609
2026-06-05 09:36:00,62615.3,62964.2,62615.3,62854.1,860.557
2026-06-05 09:39:00,62854.1,62900.0,62739.9,62812.3,446.617
2026-06-05 09:42:00,62812.4,62888.2,62773.2,62838.5,265.106
2026-06-05 09:45:00,62838.6,62860.4,62717.3,62726.7,251.868
2026-06-05 09:48:00,62726.7,62726.7,62620.3,62669.2,485.33
2026-06-05 09:51:00,62669.2,62781.2,62669.2,62753.5,240.81
2026-06-05 09:54:00,62753.6,63196.4,62753.5,63146.3,2213.551
2026-06-05 09:57:00,63146.2,63230.9,63089.6,63211.0,678.037
2026-06-05 10:00:00,63211.0,63211.1,62991.8,63066.5,506.736
2026-06-05 10:03:00,63066.6,63139.8,63024.1,63139.8,232.416
2026-06-05 10:06:00,63139.9,63189.0,63053.4,63118.2,399.742
2026-06-05 10:09:00,63118.2,63118.3,63024.1,63030.7,217.514
2026-06-05 10:12:00,63030.8,63055.6,62957.0,62993.2,275.61
2026-06-05 10:15:00,62993.1,63042.3,62840.6,62864.2,425.219
2026-06-05 10:18:00,62864.1,63110.8,62823.0,63105.4,425.51
2026-06-05 10:21:00,63105.4,63157.9,63064.9,63149.9,272.425
2026-06-05 10:24:00,63149.9,63299.0,63149.9,63179.4,670.994
2026-06-05 10:27:00,63179.4,63629.9,63179.3,63588.9,2482.224
2026-06-05 10:30:00,63589.0,63674.9,63416.9,63477.9,1558.388
2026-06-05 10:33:00,63478.0,63486.9,63373.0,63480.0,422.096
2026-06-05 10:36:00,63479.9,63532.0,63366.6,63370.0,416.958
2026-06-05 10:39:00,63369.9,63457.7,63333.5,63414.2,309.938
2026-06-05 10:42:00,63414.3,63421.6,63314.4,63356.7,307.685
2026-06-05 10:45:00,63356.6,63389.3,63260.1,63277.9,353.526
2026-06-05 10:48:00,63277.9,63347.1,63243.9,63347.0,264.03
2026-06-05 10:51:00,63347.0,63500.0,63332.6,63383.9,372.203
2026-06-05 10:54:00,63383.9,63439.9,63343.3,63438.4,162.822
2026-06-05 10:57:00,63438.3,63536.9,63421.7,63482.5,442.356
2026-06-05 11:00:00,63482.5,63548.4,63408.5,63427.8,388.636
2026-06-05 11:03:00,63427.8,63481.4,63192.9,63192.9,629.916
2026-06-05 11:06:00,63192.9,63279.9,63055.2,63102.6,1038.591
2026-06-05 11:09:00,63102.6,63196.9,62976.3,62987.1,583.413
2026-06-05 11:12:00,62987.1,63026.6,62850.0,62858.7,1054.752
2026-06-05 11:15:00,62858.7,62923.9,62588.7,62694.2,2669.221
2026-06-05 11:18:00,62694.3,62832.9,62680.2,62811.0,1212.628
2026-06-05 11:21:00,62811.0,62953.1,62670.3,62718.6,754.209
2026-06-05 11:24:00,62718.7,62788.8,62577.2,62605.5,810.262
2026-06-05 11:27:00,62605.6,62670.0,62229.6,62294.4,3467.995
2026-06-05 11:30:00,62294.1,62443.7,62140.3,62231.4,2907.767
2026-06-05 11:33:00,62231.3,62428.0,61932.0,62316.9,4435.348
2026-06-05 11:36:00,62317.0,62614.2,62286.2,62544.8,1569.829
2026-06-05 11:39:00,62544.8,62563.9,62350.1,62360.7,1136.149
2026-06-05 11:42:00,62360.7,62421.0,62015.1,62041.1,2656.02
2026-06-05 11:45:00,62041.1,62222.0,61850.0,61950.0,3413.38
2026-06-05 11:48:00,61950.0,62043.7,61562.3,61591.1,2691.342
2026-06-05 11:51:00,61591.2,61663.5,61206.5,61338.7,5817.173
2026-06-05 11:54:00,61337.3,61570.3,61067.6,61466.2,5384.428
2026-06-05 11:57:00,61466.2,61751.9,61420.0,61642.4,2026.036
2026-06-05 12:00:00,61642.4,61927.5,61606.6,61852.7,2903.186
2026-06-05 12:03:00,61852.8,61965.2,61623.2,61727.3,1334.755
2026-06-05 12:06:00,61727.3,61930.7,61650.0,61768.8,778.773
2026-06-05 12:09:00,61768.8,61895.8,61745.1,61811.8,865.841
2026-06-05 12:12:00,61811.8,62171.2,61680.0,62118.3,2216.868
2026-06-05 12:15:00,62118.3,62175.2,61841.8,62002.8,1157.938
2026-06-05 12:18:00,62002.7,62075.3,61749.8,61830.4,753.429
2026-06-05 12:21:00,61830.3,61950.0,61775.2,61949.4,536.713
2026-06-05 12:24:00,61949.4,62017.4,61888.6,61888.6,360.445
2026-06-05 12:27:00,61888.6,61992.3,61844.9,61916.8,299.187
2026-06-05 12:30:00,61916.7,61959.0,61580.5,61628.0,944.252
2026-06-05 12:33:00,61628.1,61759.5,61560.5,61605.9,761.767
2026-06-05 12:36:00,61605.9,61659.1,61360.0,61522.7,1384.993
2026-06-05 12:39:00,61522.7,61650.0,61414.7,61423.4,765.766
2026-06-05 12:42:00,61423.3,61565.0,61330.5,61464.6,875.709
2026-06-05 12:45:00,61464.5,61699.7,61457.4,61670.1,705.415
2026-06-05 12:48:00,61670.1,61779.0,61568.5,61613.6,816.2
2026-06-05 12:51:00,61613.5,61915.9,61595.9,61893.3,621.81
2026-06-05 12:54:00,61893.4,62060.2,61749.4,62046.1,1629.637
2026-06-05 12:57:00,62046.1,62333.0,62046.0,62221.5,1489.997
2026-06-05 13:00:00,62221.4,62395.6,62154.3,62290.5,1287.855
2026-06-05 13:03:00,62290.5,62539.3,62257.0,62526.9,1634.324
2026-06-05 13:06:00,62526.8,62796.1,62472.4,62767.7,1973.494
2026-06-05 13:09:00,62767.8,62847.9,62641.5,62846.8,1432.669
2026-06-05 13:12:00,62846.8,62869.9,62742.9,62850.6,1101.814
2026-06-05 13:15:00,62850.6,62963.9,62684.6,62883.9,1690.267
2026-06-05 13:18:00,62883.8,62939.7,62750.0,62786.0,1005.876
2026-06-05 13:21:00,62786.0,62950.0,62776.6,62836.1,728.226
2026-06-05 13:24:00,62836.1,62926.1,62800.0,62827.3,765.593
2026-06-05 13:27:00,62827.2,63084.4,62810.0,63075.6,1303.777
2026-06-05 13:30:00,63075.5,63088.0,62917.6,62932.6,1075.993
2026-06-05 13:33:00,62932.6,62958.7,62762.4,62860.6,981.708
2026-06-05 13:36:00,62860.6,62950.0,62730.4,62731.0,909.973
2026-06-05 13:39:00,62731.0,62778.1,62645.0,62740.7,971.54
2026-06-05 13:42:00,62740.9,62791.6,62711.0,62773.6,331.229
2026-06-05 13:45:00,62773.5,62783.6,62545.4,62548.5,645.612
2026-06-05 13:48:00,62548.5,62660.0,62543.7,62622.4,468.549
2026-06-05 13:51:00,62622.5,62740.0,62585.0,62672.7,610.451
2026-06-05 13:54:00,62672.6,62699.6,62637.3,62687.6,242.628
2026-06-05 13:57:00,62687.6,62846.6,62675.4,62782.5,488.691
2026-06-05 14:00:00,62782.6,62899.0,62701.6,62767.0,483.224
2026-06-05 14:03:00,62766.9,62766.9,62647.9,62699.8,417.554
2026-06-05 14:06:00,62699.9,62700.0,62489.0,62489.0,608.148
2026-06-05 14:09:00,62489.0,62648.9,62480.6,62638.3,402.47
2026-06-05 14:12:00,62638.3,62677.8,62501.3,62501.3,334.886
2026-06-05 14:15:00,62501.4,62528.7,62454.9,62514.6,393.832
2026-06-05 14:18:00,62514.5,62584.9,62500.3,62509.6,183.883
2026-06-05 14:21:00,62509.7,62518.4,62352.7,62364.5,661.905
2026-06-05 14:24:00,62364.5,62439.2,62234.3,62434.3,1016.014
2026-06-05 14:27:00,62434.4,62468.7,62385.8,62429.9,318.051
2026-06-05 14:30:00,62429.9,62620.0,62405.1,62588.2,671.531
2026-06-05 14:33:00,62588.1,62633.4,62457.0,62540.0,438.113
2026-06-05 14:36:00,62540.1,62659.2,62536.4,62613.6,357.051
2026-06-05 14:39:00,62613.7,62758.3,62613.7,62708.5,685.953
2026-06-05 14:42:00,62708.4,63077.3,62591.8,63067.2,1767.875
2026-06-05 14:45:00,63067.1,63231.8,62955.7,62961.4,2069.795
2026-06-05 14:48:00,62961.4,63050.0,62861.4,62951.6,592.3
2026-06-05 14:51:00,62951.7,63050.0,62894.5,63025.3,444.766
2026-06-05 14:54:00,63025.3,63099.6,62974.3,63034.8,332.479
2026-06-05 14:57:00,63034.9,63111.0,62971.0,63088.1,366.201
2026-06-05 15:00:00,63088.2,63097.8,62903.1,62945.0,415.762
2026-06-05 15:03:00,62945.0,63040.0,62934.6,62965.1,268.454
2026-06-05 15:06:00,62965.0,62965.0,62842.0,62867.7,266.402
2026-06-05 15:09:00,62867.6,62867.6,62737.6,62737.6,343.644
2026-06-05 15:12:00,62737.6,62811.2,62736.0,62788.5,211.819
2026-06-05 15:15:00,62788.6,62899.1,62781.1,62850.3,243.458
2026-06-05 15:18:00,62850.4,62862.5,62770.6,62845.1,191.305
2026-06-05 15:21:00,62845.1,62969.5,62808.8,62819.9,255.556
2026-06-05 15:24:00,62819.9,62880.0,62800.3,62836.0,146.0
2026-06-05 15:27:00,62836.0,62843.1,62779.1,62832.5,208.106
2026-06-05 15:30:00,62832.4,62910.5,62746.8,62777.6,264.135
2026-06-05 15:33:00,62777.6,62850.0,62700.4,62715.6,226.688
2026-06-05 15:36:00,62715.6,62731.4,62628.0,62681.2,342.914
2026-06-05 15:39:00,62681.1,62777.8,62616.0,62711.2,403.492
2026-06-05 15:42:00,62711.3,62768.8,62681.7,62722.3,220.457
2026-06-05 15:45:00,62722.3,62722.3,62560.0,62575.8,276.334
2026-06-05 15:48:00,62575.9,62591.4,62513.8,62555.4,437.42
2026-06-05 15:51:00,62555.3,62601.4,62465.3,62519.5,767.835
2026-06-05 15:54:00,62519.6,62580.2,62500.0,62532.6,326.264
2026-06-05 15:57:00,62532.6,62601.9,62508.1,62549.0,208.788
2026-06-05 16:00:00,62549.0,62625.5,62539.4,62602.2,274.409
2026-06-05 16:03:00,62602.2,62625.6,62497.3,62512.5,263.466
2026-06-05 16:06:00,62512.6,62530.4,62351.0,62372.7,434.309
2026-06-05 16:09:00,62372.7,62421.3,62342.1,62380.0,332.636
2026-06-05 16:12:00,62380.1,62683.0,62372.5,62644.1,410.836
2026-06-05 16:15:00,62644.0,62644.1,62554.9,62572.8,212.264
2026-06-05 16:18:00,62572.8,62586.1,62518.0,62557.8,205.749
2026-06-05 16:21:00,62557.8,62566.6,62413.8,62483.7,258.274
2026-06-05 16:24:00,62483.7,62522.1,62458.4,62479.3,154.961
2026-06-05 16:27:00,62479.3,62542.9,62479.2,62510.1,245.991
2026-06-05 16:30:00,62510.0,62513.3,62367.5,62420.0,327.51
2026-06-05 16:33:00,62419.9,62467.2,62312.1,62374.1,431.152
2026-06-05 16:36:00,62374.1,62418.3,62317.7,62326.9,251.6
2026-06-05 16:39:00,62326.5,62353.6,62212.3,62353.5,583.419
2026-06-05 16:42:00,62353.5,62354.1,62283.9,62293.0,264.906
2026-06-05 16:45:00,62293.0,62398.3,62210.5,62377.4,464.87
2026-06-05 16:48:00,62377.4,62494.6,62377.3,62494.6,412.401
2026-06-05 16:51:00,62494.5,62621.9,62442.9,62500.1,622.791
2026-06-05 16:54:00,62500.1,62500.1,62300.0,62375.8,639.982
2026-06-05 16:57:00,62375.7,62485.0,62375.7,62443.5,259.755
2026-06-05 17:00:00,62443.6,62496.8,62250.0,62287.9,316.75
2026-06-05 17:03:00,62287.8,62364.3,62262.3,62344.3,228.01
2026-06-05 17:06:00,62344.7,62344.7,62233.7,62283.9,285.544
2026-06-05 17:09:00,62284.0,62287.0,62169.9,62192.8,567.357
2026-06-05 17:12:00,62192.8,62220.4,62083.0,62087.7,553.24
2026-06-05 17:15:00,62087.7,62179.0,61946.1,62131.5,1214.922
2026-06-05 17:18:00,62131.5,62236.1,62113.4,62186.7,390.334
2026-06-05 17:21:00,62186.6,62199.8,62062.7,62074.1,434.941
2026-06-05 17:24:00,62074.1,62077.4,61967.0,62055.5,790.135
2026-06-05 17:27:00,62055.4,62058.8,61928.3,61929.5,622.075
2026-06-05 17:30:00,61929.6,61980.7,61674.3,61794.8,1993.132
2026-06-05 17:33:00,61794.8,61845.2,61610.0,61798.7,1246.427
2026-06-05 17:36:00,61798.6,62166.7,61780.0,62054.9,1664.073
2026-06-05 17:39:00,62054.9,62258.6,62000.0,62086.8,945.815
2026-06-05 17:42:00,62086.8,62182.2,62063.7,62120.6,381.364
2026-06-05 17:45:00,62120.6,62245.8,62120.6,62235.3,679.094
2026-06-05 17:48:00,62235.4,62344.8,62188.4,62217.7,936.043
2026-06-05 17:51:00,62217.8,62338.8,62130.7,62338.8,575.849
2026-06-05 17:54:00,62338.8,62437.5,62237.6,62268.5,534.93
2026-06-05 17:57:00,62268.4,62268.4,62128.2,62192.3,622.769
2026-06-05 18:00:00,62192.3,62404.1,61775.1,61925.7,2600.728
2026-06-05 18:03:00,61925.6,61950.0,61656.1,61660.9,1194.719
2026-06-05 18:06:00,61660.9,61980.0,61578.4,61949.5,1636.057
2026-06-05 18:09:00,61949.6,62041.4,61803.6,61940.1,712.386
2026-06-05 18:12:00,61940.0,62070.4,61865.4,61945.9,410.459
2026-06-05 18:15:00,61945.9,62064.0,61846.2,61875.7,527.502
2026-06-05 18:18:00,61875.7,61993.5,61850.1,61868.5,314.912
2026-06-05 18:21:00,61868.5,62035.0,61830.1,61919.7,446.899
2026-06-05 18:24:00,61919.7,61992.2,61852.5,61957.9,273.423
2026-06-05 18:27:00,61958.2,61999.7,61883.7,61939.7,369.375
2026-06-05 18:30:00,61939.7,62045.5,61896.5,61896.6,591.216
2026-06-05 18:33:00,61896.5,62149.1,61889.2,62025.0,645.935
2026-06-05 18:36:00,62024.9,62030.9,61915.7,61915.7,492.886
2026-06-05 18:39:00,61915.7,62019.5,61892.1,61954.1,478.355
2026-06-05 18:42:00,61954.0,62050.3,61929.0,61961.1,637.27
2026-06-05 18:45:00,61961.2,61997.5,61855.2,61963.5,517.001
2026-06-05 18:48:00,61963.5,62281.6,61963.5,62265.0,1052.731
2026-06-05 18:51:00,62265.1,62299.4,62058.8,62081.7,668.02
2026-06-05 18:54:00,62081.8,62223.0,62077.1,62160.3,447.746
2026-06-05 18:57:00,62160.3,62204.1,62082.5,62082.5,536.711
2026-06-05 19:00:00,62082.2,62221.8,61870.2,62119.5,1116.913
2026-06-05 19:03:00,62119.4,62310.0,62104.8,62201.1,833.763
2026-06-05 19:06:00,62201.1,62204.6,61792.6,61792.6,1137.994
2026-06-05 19:09:00,61792.7,61863.2,61655.0,61661.0,1194.842
2026-06-05 19:12:00,61661.0,61869.8,61644.9,61814.8,911.565
2026-06-05 19:15:00,61814.6,61854.0,61646.3,61646.3,626.024
2026-06-05 19:18:00,61646.3,61646.4,61210.0,61284.7,4827.958
2026-06-05 19:21:00,61284.7,61319.9,61054.6,61120.3,3388.674
2026-06-05 19:24:00,61120.4,61230.0,60900.0,60905.3,3179.119
2026-06-05 19:27:00,60905.3,60916.3,60690.8,60700.4,3404.951
2026-06-05 19:30:00,60700.4,60987.6,60654.2,60831.7,3583.997
2026-06-05 19:33:00,60831.3,60833.6,60540.0,60601.9,3244.963
2026-06-05 19:36:00,60601.9,61020.0,60420.0,61020.0,4700.201
2026-06-05 19:39:00,61019.9,61217.8,60652.2,60717.8,2598.89
2026-06-05 19:42:00,60717.9,60911.8,60621.7,60834.3,1222.177
2026-06-05 19:45:00,60834.2,61044.0,60760.0,60841.4,1449.531
2026-06-05 19:48:00,60841.5,60884.6,60636.9,60872.0,1414.452
2026-06-05 19:51:00,60872.0,60918.7,60590.4,60590.5,1228.934
2026-06-05 19:54:00,60590.5,60599.9,60343.0,60384.5,3012.275
2026-06-05 19:57:00,60384.4,60510.0,60300.0,60360.0,2586.644
2026-06-05 20:00:00,60360.1,60469.6,60300.0,60357.6,1769.417
2026-06-05 20:03:00,60357.6,60953.6,60350.0,60940.6,2493.307
2026-06-05 20:06:00,60940.8,61165.7,60789.4,60867.5,2290.085
2026-06-05 20:09:00,60867.6,60954.2,60810.7,60941.8,1089.215
2026-06-05 20:12:00,60941.8,61016.9,60683.5,60809.7,1369.821
2026-06-05 20:15:00,60809.8,61105.0,60809.7,60888.4,1206.604
2026-06-05 20:18:00,60888.4,61029.6,60726.0,60910.2,1175.175
2026-06-05 20:21:00,60910.3,61034.2,60788.0,60819.1,1048.543
2026-06-05 20:24:00,60819.1,60832.4,60581.4,60739.2,1055.15
2026-06-05 20:27:00,60738.6,60914.4,60729.0,60832.7,447.763
2026-06-05 20:30:00,60832.6,60887.9,60583.4,60821.5,995.123
2026-06-05 20:33:00,60821.6,61020.4,60804.0,60810.8,1092.213
2026-06-05 20:36:00,60810.7,60908.2,60746.9,60765.3,663.72
2026-06-05 20:39:00,60765.3,60800.0,60580.3,60580.3,843.902
2026-06-05 20:42:00,60580.3,60657.0,60492.7,60579.7,1114.633
2026-06-05 20:45:00,60579.7,60763.4,60469.2,60763.4,1548.338
2026-06-05 20:48:00,60763.4,60850.0,60631.5,60631.5,958.96
2026-06-05 20:51:00,60631.5,60939.0,60622.1,60868.9,595.147
2026-06-05 20:54:00,60869.0,61105.6,60839.1,60992.5,1563.162
2026-06-05 20:57:00,60992.4,61019.4,60680.0,60760.5,1339.38
2026-06-05 21:00:00,60760.4,60832.1,60539.0,60539.0,843.869
2026-06-05 21:03:00,60539.1,60630.0,60503.1,60550.3,743.161
2026-06-05 21:06:00,60549.9,60577.0,60195.3,60288.1,3762.313
2026-06-05 21:09:00,60288.2,60300.0,60005.8,60100.0,4855.621
2026-06-05 21:12:00,60100.0,60446.8,60099.9,60345.3,2862.871
2026-06-05 21:15:00,60345.3,60367.7,60177.0,60208.2,1175.365
2026-06-05 21:18:00,60208.2,60628.0,60179.0,60484.4,4099.136
2026-06-05 21:21:00,60484.4,60580.0,60415.0,60492.9,1111.071
2026-06-05 21:24:00,60492.8,60592.2,60474.4,60494.5,1110.043
2026-06-05 21:27:00,60494.4,60534.8,60381.1,60400.8,661.69
2026-06-05 21:30:00,60400.8,60400.8,60153.8,60193.8,2653.699
2026-06-05 21:33:00,60193.8,60250.7,60153.8,60187.7,1639.799
2026-06-05 21:36:00,60187.7,60499.9,60153.8,60153.8,3177.534
2026-06-05 21:39:00,60153.8,60153.9,59785.0,59811.8,12144.495
2026-06-05 21:42:00,59811.8,61058.7,59739.1,60867.3,11915.756
2026-06-05 21:45:00,60867.3,61134.0,60689.0,60903.8,4731.552
2026-06-05 21:48:00,60904.5,61134.6,60856.6,60985.8,2514.671
2026-06-05 21:51:00,60985.8,61550.0,60968.0,61112.9,5131.241
2026-06-05 21:54:00,61112.9,61238.2,61049.7,61101.2,2453.174
2026-06-05 21:57:00,61101.2,61245.0,60858.6,60899.9,2007.628
2026-06-05 22:00:00,60899.9,61040.5,60825.6,60883.4,1189.572
2026-06-05 22:03:00,60883.3,60944.8,60669.7,60882.5,1591.489
2026-06-05 22:06:00,60882.6,60966.0,60810.2,60904.8,1000.246
2026-06-05 22:09:00,60904.7,60959.8,60831.1,60885.1,776.149
2026-06-05 22:12:00,60885.0,60896.2,60708.9,60804.9,734.526
2026-06-05 22:15:00,60804.8,60942.7,60773.8,60932.8,627.457
2026-06-05 22:18:00,60932.8,61275.7,60906.3,61227.5,1405.695
2026-06-05 22:21:00,61227.4,61352.2,61172.5,61293.6,1180.862
2026-06-05 22:24:00,61293.7,61445.0,61265.7,61343.9,1200.018
2026-06-05 22:27:00,61343.9,61450.0,61329.6,61358.1,729.281
2026-06-05 22:30:00,61358.1,61487.9,61167.8,61179.0,1280.637
2026-06-05 22:33:00,61179.1,61397.7,61168.8,61284.4,673.417
2026-06-05 22:36:00,61284.4,61390.0,61181.3,61386.3,667.304
2026-06-05 22:39:00,61386.2,61413.5,60938.8,60950.1,1125.205
2026-06-05 22:42:00,60950.0,61080.0,60901.9,61034.6,689.244
2026-06-05 22:45:00,61034.6,61050.0,60772.2,60830.0,1114.702
2026-06-05 22:48:00,60830.1,60850.0,60759.3,60787.4,589.591
2026-06-05 22:51:00,60787.4,60949.2,60785.8,60793.8,723.179
2026-06-05 22:54:00,60793.7,60822.5,60657.8,60703.0,635.15
2026-06-05 22:57:00,60703.0,60769.2,60621.2,60665.5,808.892
2026-06-05 23:00:00,60665.6,60790.4,60650.2,60750.0,456.955
2026-06-05 23:03:00,60750.0,60875.3,60728.6,60759.9,432.614
2026-06-05 23:06:00,60760.0,60864.1,60727.4,60835.0,285.075
2026-06-05 23:09:00,60835.0,61127.7,60792.0,60900.1,925.139
2026-06-05 23:12:00,60900.0,60988.0,60709.1,60729.4,501.369
2026-06-05 23:15:00,60729.3,60812.3,60682.5,60761.0,325.167
2026-06-05 23:18:00,60761.1,60798.1,60626.7,60754.7,677.487
2026-06-05 23:21:00,60754.7,60826.0,60650.1,60800.5,295.859
2026-06-05 23:24:00,60800.5,60800.5,60671.4,60737.4,215.037
2026-06-05 23:27:00,60737.4,60806.2,60737.3,60786.5,172.378
2026-06-05 23:30:00,60786.5,60933.0,60763.1,60802.2,616.783
2026-06-05 23:33:00,60802.3,60802.3,60672.5,60741.0,417.517
2026-06-05 23:36:00,60740.9,60871.9,60740.9,60763.2,309.639
2026-06-05 23:39:00,60763.2,60804.8,60645.0,60700.0,358.416
2026-06-05 23:42:00,60700.0,60773.7,60572.3,60593.5,453.251
2026-06-05 23:45:00,60593.6,60656.6,60524.4,60568.3,1055.573
2026-06-05 23:48:00,60568.5,60590.6,60357.4,60504.1,1378.483
2026-06-05 23:51:00,60504.1,60530.9,60331.6,60335.0,713.231
2026-06-05 23:54:00,60335.0,60347.7,60184.0,60202.9,1198.074
2026-06-05 23:57:00,60203.0,60252.0,60075.4,60131.9,1328.355
2026-06-06 00:00:00,60131.9,60270.9,60065.3,60135.7,1129.34
2026-06-06 00:03:00,60135.6,60258.1,60077.1,60150.7,702.246
2026-06-06 00:06:00,60150.7,60151.0,59920.0,60063.5,1716.522
2026-06-06 00:09:00,60063.5,60315.7,60057.0,60065.2,1122.498
2026-06-06 00:12:00,60065.2,60070.5,59600.0,59921.6,3785.286
2026-06-06 00:15:00,59921.6,59951.3,59638.2,59742.0,2060.786
2026-06-06 00:18:00,59742.0,59806.4,59630.7,59747.8,1438.797
2026-06-06 00:21:00,59747.7,59781.3,59191.0,59206.7,7010.977
2026-06-06 00:24:00,59206.8,59622.3,59105.4,59587.2,3437.717
2026-06-06 00:27:00,59587.1,59600.0,59269.5,59362.2,1797.153
2026-06-06 00:30:00,59362.1,59500.0,59108.8,59496.8,1981.893
2026-06-06 00:33:00,59496.8,59585.9,59270.3,59419.4,1650.069
2026-06-06 00:36:00,59419.5,59450.0,59229.4,59250.0,890.62
2026-06-06 00:39:00,59250.0,59524.4,59234.9,59352.0,935.982
2026-06-06 00:42:00,59352.7,59415.1,59252.6,59355.9,729.178
2026-06-06 00:45:00,59355.8,59383.5,59080.0,59118.4,1466.332
2026-06-06 00:48:00,59118.4,59430.0,59115.1,59424.2,1013.648
2026-06-06 00:51:00,59424.0,59545.7,59331.1,59481.5,1700.255
2026-06-06 00:54:00,59481.4,59690.4,59443.9,59656.0,1178.243
2026-06-06 00:57:00,59656.3,59833.0,59652.7,59818.3,1311.347
2026-06-06 01:00:00,59818.2,59832.9,59445.9,59489.8,1207.253
2026-06-06 01:03:00,59489.9,59770.2,59486.3,59736.5,529.113
2026-06-06 01:06:00,59736.4,59768.2,59585.0,59741.9,419.608
2026-06-06 01:09:00,59741.8,59869.1,59520.6,59607.8,745.596
2026-06-06 01:12:00,59607.6,59738.0,59563.2,59718.6,771.33
2026-06-06 01:15:00,59718.6,60318.5,59710.1,60302.7,2737.102
2026-06-06 01:18:00,60302.7,60435.2,60118.7,60278.3,1936.723
2026-06-06 01:21:00,60278.3,60400.0,60109.1,60127.2,693.449
2026-06-06 01:24:00,60127.3,60251.8,60086.3,60206.9,808.954
2026-06-06 01:27:00,60206.8,60429.9,60152.3,60267.7,985.571
2026-06-06 01:30:00,60267.4,60426.6,60125.0,60170.1,1073.498
2026-06-06 01:33:00,60170.1,60176.8,59903.8,59904.7,920.908
2026-06-06 01:36:00,59904.9,60640.0,59904.9,60634.7,1616.884
2026-06-06 01:39:00,60634.6,60951.5,60582.1,60701.1,3647.054
2026-06-06 01:42:00,60701.1,60827.2,60675.0,60825.6,672.782
2026-06-06 01:45:00,60825.7,61044.0,60679.7,60789.7,1432.746
2026-06-06 01:48:00,60789.7,61006.3,60764.8,61005.3,1225.674
2026-06-06 01:51:00,61005.3,61064.3,60778.2,60832.1,986.325
2026-06-06 01:54:00,60832.0,61040.0,60800.0,60890.2,661.981
2026-06-06 01:57:00,60890.1,61032.4,60875.0,60922.6,642.128
2026-06-06 02:00:00,60922.6,61246.0,60862.4,61155.0,1427.276
2026-06-06 02:03:00,61155.0,61161.0,60935.2,61141.4,461.496
2026-06-06 02:06:00,61141.3,61220.3,61081.3,61189.9,517.981
2026-06-06 02:09:00,61189.9,61225.0,61125.9,61161.4,379.325
2026-06-06 02:12:00,61161.4,61285.5,61161.4,61241.8,762.267
2026-06-06 02:15:00,61241.8,61400.0,61173.4,61300.2,753.346
2026-06-06 02:18:00,61300.1,61800.0,61262.3,61663.2,2290.317
2026-06-06 02:21:00,61663.5,61697.1,61466.3,61470.0,1242.97
2026-06-06 02:24:00,61469.9,61628.5,61443.7,61628.5,1020.083
2026-06-06 02:27:00,61628.4,61681.0,61568.6,61586.2,616.524
2026-06-06 02:30:00,61586.1,61688.0,61531.3,61659.6,736.551
2026-06-06 02:33:00,61659.6,61985.1,61655.1,61814.3,2044.127
2026-06-06 02:36:00,61814.3,61842.1,61667.6,61809.3,1112.734
2026-06-06 02:39:00,61809.2,61841.9,61628.6,61731.0,486.695
2026-06-06 02:42:00,61731.0,61833.3,61665.2,61829.5,785.771
2026-06-06 02:45:00,61829.2,61979.7,61650.1,61774.6,932.893
2026-06-06 02:48:00,61774.5,61828.3,61676.4,61695.4,458.985
2026-06-06 02:51:00,61695.5,61720.0,61581.2,61599.9,459.237
2026-06-06 02:54:00,61599.9,61662.6,61533.4,61569.0,1051.108
2026-06-06 02:57:00,61568.7,61605.3,61542.0,61547.9,601.776
2026-06-06 03:00:00,61548.6,61573.9,61400.0,61486.8,732.245
2026-06-06 03:03:00,61486.8,61600.0,61449.3,61600.0,315.887
2026-06-06 03:06:00,61600.0,61784.7,61585.1,61738.7,570.253
2026-06-06 03:09:00,61738.7,61870.0,61719.7,61867.4,254.68
2026-06-06 03:12:00,61867.4,61909.7,61804.6,61841.9,352.718
2026-06-06 03:15:00,61841.9,61842.0,61737.8,61795.5,221.056
2026-06-06 03:18:00,61795.5,61889.6,61755.9,61755.9,318.184
2026-06-06 03:21:00,61756.0,61799.8,61680.0,61680.0,180.423
2026-06-06 03:24:00,61680.0,61727.2,61634.2,61651.7,325.586
2026-06-06 03:27:00,61651.7,61662.0,61601.2,61639.5,229.508
2026-06-06 03:30:00,61639.4,61639.4,61478.0,61516.9,432.108
2026-06-06 03:33:00,61516.8,61522.3,61329.6,61343.6,986.948
2026-06-06 03:36:00,61343.5,61449.1,61169.1,61423.0,1519.089
2026-06-06 03:39:00,61423.1,61449.9,61263.8,61307.4,560.901
2026-06-06 03:42:00,61307.5,61393.4,61240.0,61370.4,319.446
2026-06-06 03:45:00,61370.4,61600.0,61265.9,61573.2,1233.055
2026-06-06 03:48:00,61573.2,61620.8,61424.7,61603.6,604.017
2026-06-06 03:51:00,61603.7,61622.9,61461.0,61474.9,539.95
2026-06-06 03:54:00,61475.0,61592.5,61387.6,61490.0,606.253
2026-06-06 03:57:00,61490.4,61600.6,61423.3,61452.6,450.334
2026-06-06 04:00:00,61452.6,61603.8,61364.2,61563.1,766.798
2026-06-06 04:03:00,61563.1,61634.1,61506.1,61602.5,303.376
2026-06-06 04:06:00,61602.5,61717.8,61565.5,61705.9,351.665
2026-06-06 04:09:00,61705.9,61841.9,61664.1,61674.5,854.112
2026-06-06 04:12:00,61674.5,61866.0,61671.4,61720.6,457.28
2026-06-06 04:15:00,61720.6,61720.6,61505.9,61606.4,515.723
2026-06-06 04:18:00,61606.3,61826.0,61606.3,61744.1,907.253
2026-06-06 04:21:00,61744.1,61900.0,61641.3,61817.4,818.787
2026-06-06 04:24:00,61817.4,61942.4,61718.3,61781.7,822.106
2026-06-06 04:27:00,61781.8,61800.0,61521.1,61556.6,801.342
2026-06-06 04:30:00,61556.7,61745.0,61475.1,61476.5,847.135
2026-06-06 04:33:00,61476.5,61722.3,61463.1,61691.3,468.495
2026-06-06 04:36:00,61691.5,61715.8,61367.0,61391.4,900.592
2026-06-06 04:39:00,61391.6,61463.6,61313.7,61463.6,1005.307
2026-06-06 04:42:00,61463.6,61463.6,61271.0,61272.9,682.919
2026-06-06 04:45:00,61272.9,61273.0,61045.8,61163.0,2346.645
2026-06-06 04:48:00,61163.0,61201.6,61046.6,61099.9,591.042
2026-06-06 04:51:00,61099.9,61163.1,60916.0,60981.8,808.113
2026-06-06 04:54:00,60981.7,61011.0,60781.3,60828.9,1434.733
2026-06-06 04:57:00,60828.8,60998.2,60824.3,60908.1,394.627
2026-06-06 05:00:00,60908.1,60908.1,60647.9,60691.8,955.903
2026-06-06 05:03:00,60691.8,60780.8,60458.0,60766.2,1120.855
2026-06-06 05:06:00,60766.2,60869.0,60697.5,60824.4,346.467
2026-06-06 05:09:00,60824.4,60829.0,60600.1,60727.3,362.723
2026-06-06 05:12:00,60727.2,60795.5,60678.0,60784.6,246.921
2026-06-06 05:15:00,60784.7,60788.4,60657.0,60782.3,285.264
2026-06-06 05:18:00,60782.4,60922.4,60747.8,60906.7,301.508
2026-06-06 05:21:00,60906.7,61018.1,60897.4,60938.6,325.554
2026-06-06 05:24:00,60938.7,60981.6,60885.0,60892.1,237.318
2026-06-06 05:27:00,60892.0,61044.3,60870.9,61022.0,501.306
2026-06-06 05:30:00,61022.0,61237.8,61012.0,61206.6,962.515
2026-06-06 05:33:00,61206.6,61388.6,61138.2,61210.0,1137.838
2026-06-06 05:36:00,61209.9,61428.6,61209.9,61413.1,561.222
2026-06-06 05:39:00,61413.2,61429.3,61338.4,61338.5,302.413
2026-06-06 05:42:00,61338.4,61400.0,61314.8,61392.6,196.876
2026-06-06 05:45:00,61392.6,61500.0,61375.8,61460.0,744.068
2026-06-06 05:48:00,61460.0,61465.0,61215.3,61248.5,533.133
2026-06-06 05:51:00,61248.4,61308.0,61145.3,61168.1,591.25
2026-06-06 05:54:00,61168.1,61190.0,61112.3,61179.2,322.761
2026-06-06 05:57:00,61179.3,61293.4,61145.2,61279.4,207.193
2026-06-06 06:00:00,61279.5,61393.9,61236.8,61358.6,211.717
2026-06-06 06:03:00,61358.8,61364.3,61169.6,61178.6,265.17
2026-06-06 06:06:00,61178.6,61260.0,61164.7,61246.3,216.929
2026-06-06 06:09:00,61246.3,61336.9,61168.0,61168.0,223.428
2026-06-06 06:12:00,61168.0,61221.2,61142.6,61168.9,200.053
2026-06-06 06:15:00,61168.8,61327.8,61147.7,61285.5,266.811
2026-06-06 06:18:00,61285.5,61304.1,61191.8,61225.3,174.171
2026-06-06 06:21:00,61225.3,61260.7,61180.0,61245.7,120.815
2026-06-06 06:24:00,61245.7,61357.2,61245.7,61290.0,164.467
2026-06-06 06:27:00,61290.0,61299.9,61220.6,61238.4,161.218
2026-06-06 06:30:00,61238.4,61347.1,61238.4,61341.8,137.701
2026-06-06 06:33:00,61341.8,61349.7,61300.2,61311.8,110.193
2026-06-06 06:36:00,61311.9,61343.2,61274.6,61292.1,151.146
2026-06-06 06:39:00,61292.1,61304.0,61226.5,61226.6,203.656
2026-06-06 06:42:00,61226.5,61263.4,61068.0,61116.7,301.761
2026-06-06 06:45:00,61116.8,61205.0,61047.6,61143.7,275.632
2026-06-06 06:48:00,61143.8,61150.4,61000.0,61000.0,565.31
2026-06-06 06:51:00,61000.1,61003.8,60942.1,60963.5,327.47
2026-06-06 06:54:00,60963.4,61092.4,60950.0,61092.4,181.727
2026-06-06 06:57:00,61092.5,61270.9,61092.4,61268.1,260.219
2026-06-06 07:00:00,61268.0,61268.1,61163.9,61164.4,250.213
2026-06-06 07:03:00,61164.4,61266.1,61164.4,61171.4,285.317
2026-06-06 07:06:00,61171.4,61206.1,61040.1,61074.6,179.308
2026-06-06 07:09:00,61074.6,61120.1,61043.8,61050.3,154.927
2026-06-06 07:12:00,61050.0,61080.3,60980.2,61025.0,224.601
2026-06-06 07:15:00,61025.0,61137.0,61022.1,61063.9,139.857
2026-06-06 07:18:00,61064.0,61089.8,60956.3,60956.3,152.771
2026-06-06 07:21:00,60956.3,61114.9,60912.3,61076.4,401.384
2026-06-06 07:24:00,61076.4,61143.6,61040.0,61085.4,230.293
2026-06-06 07:27:00,61085.3,61128.9,61025.6,61025.6,90.294
2026-06-06 07:30:00,61025.6,61047.7,60947.6,60950.0,182.118
2026-06-06 07:33:00,60950.1,60993.6,60909.2,60911.9,208.975
2026-06-06 07:36:00,60912.0,60991.3,60834.4,60957.4,484.23
2026-06-06 07:39:00,60957.3,61072.6,60887.8,60898.0,233.141
2026-06-06 07:42:00,60897.9,60897.9,60838.4,60849.0,186.843
2026-06-06 07:45:00,60849.0,60887.1,60719.8,60743.5,725.92
2026-06-06 07:48:00,60743.6,60750.0,60642.4,60687.5,579.3
2026-06-06 07:51:00,60687.4,60925.3,60683.6,60925.2,436.329
2026-06-06 07:54:00,60925.2,60969.0,60784.9,60858.2,230.671
2026-06-06 07:57:00,60858.2,60870.6,60755.9,60774.1,214.19
2026-06-06 08:00:00,60774.5,60930.0,60747.2,60892.6,291.839
2026-06-06 08:03:00,60892.6,60976.4,60874.1,60909.2,213.077
2026-06-06 08:06:00,60909.1,60940.8,60856.0,60925.7,133.201
2026-06-06 08:09:00,60925.6,61036.2,60910.0,60964.7,232.839
2026-06-06 08:12:00,60964.6,60964.6,60892.9,60905.2,116.105
2026-06-06 08:15:00,60905.0,61027.6,60827.0,61000.6,208.146
2026-06-06 08:18:00,61000.6,61118.0,60991.1,61115.5,448.349
2026-06-06 08:21:00,61115.5,61164.5,61065.5,61088.4,292.342
2026-06-06 08:24:00,61088.4,61088.4,60955.2,60971.0,185.477
2026-06-06 08:27:00,60970.9,60981.3,60899.2,60918.4,162.185
2026-06-06 08:30:00,60918.3,60920.0,60844.3,60918.8,139.872
2026-06-06 08:33:00,60918.8,60940.5,60759.8,60787.9,293.037
2026-06-06 08:36:00,60787.9,60856.8,60770.2,60770.2,187.966
2026-06-06 08:39:00,60770.1,60864.8,60765.4,60811.7,162.381
2026-06-06 08:42:00,60811.8,60906.5,60774.4,60848.0,185.259
2026-06-06 08:45:00,60848.0,60888.0,60782.7,60833.2,135.737
2026-06-06 08:48:00,60833.2,60918.0,60808.7,60833.8,112.489
2026-06-06 08:51:00,60833.7,60879.9,60790.0,60807.6,159.115
2026-06-06 08:54:00,60807.6,60817.1,60687.9,60695.5,541.017
2026-06-06 08:57:00,60695.4,60777.4,60685.0,60767.4,231.037
2026-06-06 09:00:00,60767.3,60768.0,60555.0,60563.2,772.547
2026-06-06 09:03:00,60563.1,60680.0,60490.0,60637.5,854.476
2026-06-06 09:06:00,60639.3,60731.1,60609.6,60649.9,281.503
2026-06-06 09:09:00,60650.0,60663.2,60556.1,60593.8,362.1
2026-06-06 09:12:00,60593.7,60691.5,60573.0,60688.5,300.979
2026-06-06 09:15:00,60688.5,60699.9,60610.2,60643.3,159.147
2026-06-06 09:18:00,60643.3,60697.8,60606.8,60687.8,133.288
2026-06-06 09:21:00,60687.7,60776.0,60588.0,60668.3,234.144
2026-06-06 09:24:00,60668.2,60720.0,60622.8,60697.2,139.939
2026-06-06 09:27:00,60697.2,60713.4,60631.0,60662.6,103.718
2026-06-06 09:30:00,60662.6,60847.5,60643.4,60823.3,307.362
2026-06-06 09:33:00,60823.3,60836.9,60493.2,60507.8,421.186
2026-06-06 09:36:00,60507.5,60516.4,60352.5,60375.1,1359.874
2026-06-06 09:39:00,60375.1,60432.6,60252.3,60268.5,1026.375
2026-06-06 09:42:00,60268.5,60282.0,60051.3,60103.2,1727.148
2026-06-06 09:45:00,60103.3,60319.5,59980.0,60255.3,2006.916
2026-06-06 09:48:00,60255.3,60270.0,59933.0,60053.7,1039.93
2026-06-06 09:51:00,60053.7,60094.2,59923.1,60043.9,676.002
2026-06-06 09:54:00,60043.8,60170.7,60001.4,60035.9,652.677
2026-06-06 09:57:00,60036.0,60106.3,59794.1,59927.0,1435.511
2026-06-06 10:00:00,59927.0,60019.4,59675.9,59695.7,1803.38
2026-06-06 10:03:00,59695.7,59724.9,59451.3,59696.6,2687.06
2026-06-06 10:06:00,59696.6,59828.6,59472.7,59596.5,1447.405
2026-06-06 10:09:00,59596.5,59807.0,59596.5,59734.2,739.073
2026-06-06 10:12:00,59734.2,59812.4,59691.4,59754.1,485.844
2026-06-06 10:15:00,59754.1,59976.1,59664.1,59909.4,1029.541
2026-06-06 10:18:00,59909.5,59971.8,59720.0,59844.6,875.675
2026-06-06 10:21:00,59844.6,60199.0,59844.6,60168.9,1220.021
2026-06-06 10:24:00,60169.0,60278.9,60066.8,60072.2,686.032
2026-06-06 10:27:00,60072.1,60094.9,59923.6,60068.4,404.612
2026-06-06 10:30:00,60068.5,60082.6,59578.8,59760.2,1255.227
2026-06-06 10:33:00,59760.2,59940.1,59732.8,59865.2,789.967
2026-06-06 10:36:00,59865.1,60021.3,59728.0,59927.1,785.878
2026-06-06 10:39:00,59927.4,60218.8,59912.9,60054.8,1293.744
2026-06-06 10:42:00,60054.7,60072.8,59847.8,59859.3,551.033
2026-06-06 10:45:00,59859.3,60050.0,59829.3,59973.8,812.806
2026-06-06 10:48:00,59973.9,60166.0,59952.4,60166.0,561.452
2026-06-06 10:51:00,60166.0,60992.4,60153.7,60908.8,5701.842
2026-06-06 10:54:00,60908.8,61070.2,60686.3,60852.1,1959.501
2026-06-06 10:57:00,60852.3,60884.8,60677.8,60719.4,721.404
2026-06-06 11:00:00,60719.4,60755.8,60576.0,60617.5,1088.939
2026-06-06 11:03:00,60617.4,60828.1,60582.0,60810.6,1063.573
2026-06-06 11:06:00,60810.7,60964.3,60705.7,60726.6,966.661
2026-06-06 11:09:00,60726.4,60865.0,60715.6,60781.7,365.582
2026-06-06 11:12:00,60781.7,60880.0,60711.3,60794.9,319.745
2026-06-06 11:15:00,60795.0,60907.6,60724.2,60842.6,427.021
2026-06-06 11:18:00,60842.5,61037.6,60822.7,60990.0,742.836
2026-06-06 11:21:00,60990.0,61021.1,60833.3,60847.7,657.326
2026-06-06 11:24:00,60847.7,60931.0,60808.3,60924.8,363.371
2026-06-06 11:27:00,60924.9,60960.0,60823.7,60918.9,274.954
2026-06-06 11:30:00,60919.0,61093.7,60917.6,61074.8,964.89
2026-06-06 11:33:00,61074.7,61250.0,61073.9,61108.0,1118.315
2026-06-06 11:36:00,61107.9,61107.9,60990.0,61068.0,679.129
2026-06-06 11:39:00,61068.0,61140.0,60973.8,61024.6,579.115
2026-06-06 11:42:00,61024.5,61150.0,61024.5,61136.6,527.704
2026-06-06 11:45:00,61136.7,61193.9,60989.9,61039.7,841.705
2026-06-06 11:48:00,61039.7,61128.7,60970.1,61115.3,936.142
2026-06-06 11:51:00,61115.4,61232.2,61083.5,61108.0,653.972
2026-06-06 11:54:00,61107.9,61135.2,60987.1,61019.5,382.017
2026-06-06 11:57:00,61019.6,61038.5,60978.6,61008.0,350.1
2026-06-06 12:00:00,61007.9,61031.3,60947.4,61007.9,707.589
2026-06-06 12:03:00,61007.9,61069.6,60950.0,61027.3,346.978
2026-06-06 12:06:00,61027.3,61160.9,61007.7,61015.6,407.468
2026-06-06 12:09:00,61015.6,61042.6,60944.1,60954.6,402.352
2026-06-06 12:12:00,60954.5,60983.2,60774.8,60778.2,816.146
2026-06-06 12:15:00,60778.2,60899.9,60764.1,60867.7,378.214
2026-06-06 12:18:00,60867.7,60934.7,60737.0,60750.9,401.256
2026-06-06 12:21:00,60750.9,60945.6,60644.5,60885.1,716.969
2026-06-06 12:24:00,60885.1,60900.4,60743.9,60767.8,257.943
2026-06-06 12:27:00,60767.8,60796.3,60700.0,60771.8,230.012
2026-06-06 12:30:00,60771.8,60783.0,60705.4,60762.3,218.482
2026-06-06 12:33:00,60762.4,60822.6,60735.8,60798.7,292.557
2026-06-06 12:36:00,60798.8,61023.8,60778.7,60974.5,773.421
2026-06-06 12:39:00,60974.4,61075.0,60944.8,61031.2,866.285
2026-06-06 12:42:00,61031.3,61124.0,60955.0,61068.9,542.275
2026-06-06 12:45:00,61068.8,61212.7,61004.4,61018.2,829.857
2026-06-06 12:48:00,61018.3,61072.4,60916.6,60939.9,363.771
2026-06-06 12:51:00,60939.8,60943.8,60820.0,60865.7,338.018
2026-06-06 12:54:00,60865.8,60900.0,60831.8,60870.1,180.154
2026-06-06 12:57:00,60870.1,60878.4,60812.2,60859.9,493.591
2026-06-06 13:00:00,60860.0,60940.8,60843.6,60893.0,242.161
2026-06-06 13:03:00,60893.0,61026.9,60893.0,60992.6,294.434
2026-06-06 13:06:00,60992.6,61011.6,60882.8,60920.8,251.58
2026-06-06 13:09:00,60920.8,61020.0,60920.7,61020.0,191.475
2026-06-06 13:12:00,61020.0,61070.0,60977.8,61021.3,429.431
2026-06-06 13:15:00,61021.3,61080.0,60990.9,61002.0,226.566
2026-06-06 13:18:00,61002.0,61066.0,60987.1,60991.9,278.107
2026-06-06 13:21:00,60991.9,61011.3,60940.9,60946.1,149.422
2026-06-06 13:24:00,60946.2,61004.5,60938.1,60963.7,151.677
2026-06-06 13:27:00,60963.7,61003.6,60948.8,60975.2,223.658
2026-06-06 13:30:00,60975.2,60976.0,60867.6,60893.8,398.998
2026-06-06 13:33:00,60893.8,60976.0,60850.0,60969.8,200.884
2026-06-06 13:36:00,60969.9,61008.1,60909.9,61007.9,205.012
2026-06-06 13:39:00,61008.0,61130.0,60974.8,61043.3,362.571
2026-06-06 13:42:00,61043.3,61139.7,61043.2,61115.0,301.317
2026-06-06 13:45:00,61114.9,61140.9,61045.7,61059.6,221.307
2026-06-06 13:48:00,61059.5,61130.0,60995.0,61115.6,223.22
2026-06-06 13:51:00,61115.6,61144.4,61034.0,61079.6,201.073
2026-06-06 13:54:00,61079.6,61171.0,61077.5,61167.7,274.034
2026-06-06 13:57:00,61167.6,61428.6,61137.9,61374.8,1810.261
2026-06-06 14:00:00,61374.7,61475.0,61300.9,61359.4,873.78
2026-06-06 14:03:00,61359.1,61359.1,61262.9,61289.3,865.28
2026-06-06 14:06:00,61289.4,61369.6,61267.6,61316.9,310.158
2026-06-06 14:09:00,61316.8,61322.4,61280.2,61299.1,132.428
2026-06-06 14:12:00,61299.1,61369.9,61299.1,61334.9,197.015
2026-06-06 14:15:00,61334.9,61353.1,61256.0,61353.0,487.21
2026-06-06 14:18:00,61353.1,61400.0,61322.6,61379.8,205.765
2026-06-06 14:21:00,61379.7,61454.6,61369.8,61427.7,381.158
2026-06-06 14:24:00,61427.7,61456.1,61355.5,61389.2,250.156
2026-06-06 14:27:00,61389.3,61399.7,61205.7,61239.6,596.473
2026-06-06 14:30:00,61239.5,61285.3,61186.6,61240.1,558.953
2026-06-06 14:33:00,61240.1,61243.8,61094.8,61097.6,355.596
2026-06-06 14:36:00,61097.6,61208.3,61096.8,61197.4,262.021
2026-06-06 14:39:00,61197.4,61246.8,61125.3,61234.7,199.322
2026-06-06 14:42:00,61234.6,61249.2,61155.7,61190.9,194.447
2026-06-06 14:45:00,61190.9,61249.7,61167.0,61230.1,128.381
2026-06-06 14:48:00,61230.1,61244.1,61107.4,61116.1,221.136
2026-06-06 14:51:00,61116.1,61158.7,61068.8,61134.5,239.14
2026-06-06 14:54:00,61134.6,61248.9,61119.5,61226.9,204.824
2026-06-06 14:57:00,61227.0,61298.2,61200.0,61286.7,188.251
2026-06-06 15:00:00,61286.7,61286.7,61200.0,61238.8,120.654
2026-06-06 15:03:00,61238.7,61281.2,61202.5,61217.5,116.747
2026-06-06 15:06:00,61217.5,61269.5,61200.0,61240.8,120.615
2026-06-06 15:09:00,61240.8,61260.8,61068.9,61087.5,225.249
2026-06-06 15:12:00,61087.5,61118.5,61022.2,61069.2,338.714
2026-06-06 15:15:00,61069.2,61093.8,60902.3,60961.7,529.932
2026-06-06 15:18:00,60961.8,60967.8,60854.1,60936.3,667.851
2026-06-06 15:21:00,60936.3,60975.2,60886.9,60907.3,271.843
2026-06-06 15:24:00,60907.2,60979.0,60876.9,60972.0,184.149
2026-06-06 15:27:00,60972.1,60997.0,60936.3,60956.7,192.449
2026-06-06 15:30:00,60956.7,60956.7,60719.1,60745.9,911.317
2026-06-06 15:33:00,60745.9,60855.2,60683.5,60771.5,569.409
2026-06-06 15:36:00,60771.5,60808.3,60670.1,60709.4,311.897
2026-06-06 15:39:00,60709.4,60747.2,60503.5,60655.9,1266.839
2026-06-06 15:42:00,60655.9,60704.6,60576.0,60594.6,312.008
2026-06-06 15:45:00,60594.5,60718.8,60570.0,60577.1,619.091
2026-06-06 15:48:00,60577.1,60612.6,60444.0,60456.3,1077.46
2026-06-06 15:51:00,60456.3,60666.4,60450.0,60643.1,578.745
2026-06-06 15:54:00,60643.0,60660.8,60557.0,60597.0,281.855
2026-06-06 15:57:00,60597.1,60659.6,60470.7,60499.7,394.881
2026-06-06 16:00:00,60499.7,60511.0,60146.0,60325.3,3835.509
2026-06-06 16:03:00,60325.3,60410.1,60289.0,60381.8,514.433
2026-06-06 16:06:00,60381.9,60391.2,60226.0,60295.7,787.134
2026-06-06 16:09:00,60295.7,60352.3,60244.3,60333.0,424.682
2026-06-06 16:12:00,60333.0,60494.0,60327.1,60390.1,604.941
2026-06-06 16:15:00,60390.1,60453.3,60317.4,60348.4,430.532
2026-06-06 16:18:00,60348.4,60422.2,60315.1,60400.0,238.724
2026-06-06 16:21:00,60399.9,60538.4,60399.9,60507.0,552.678
2026-06-06 16:24:00,60506.6,60576.2,60457.2,60504.7,523.348
2026-06-06 16:27:00,60504.7,60579.2,60477.0,60555.3,300.551
2026-06-06 16:30:00,60555.2,60810.8,60520.0,60737.3,1035.991
2026-06-06 16:33:00,60737.6,60737.7,60633.4,60647.5,525.437
2026-06-06 16:36:00,60647.6,60708.6,60647.6,60666.0,173.681
2026-06-06 16:39:00,60666.0,60690.4,60605.6,60620.1,237.583
2026-06-06 16:42:00,60620.1,60669.0,60566.3,60609.9,191.242
2026-06-06 16:45:00,60609.9,60832.2,60567.7,60801.0,374.292
2026-06-06 16:48:00,60801.0,60801.0,60604.6,60614.3,317.264
2026-06-06 16:51:00,60614.4,60734.3,60614.3,60725.9,200.818
2026-06-06 16:54:00,60725.9,60758.2,60661.9,60690.1,186.747
2026-06-06 16:57:00,60690.1,60788.9,60677.1,60772.8,215.891
2026-06-06 17:00:00,60772.8,60772.8,60697.3,60740.0,212.88
2026-06-06 17:03:00,60740.0,60832.1,60721.7,60818.8,259.538
2026-06-06 17:06:00,60818.8,60818.8,60731.2,60781.8,235.323
2026-06-06 17:09:00,60781.9,60831.8,60770.0,60831.7,180.07
2026-06-06 17:12:00,60831.8,60840.0,60775.0,60794.3,124.847
2026-06-06 17:15:00,60794.3,60938.0,60780.0,60929.8,301.875
2026-06-06 17:18:00,60929.8,60929.8,60824.7,60863.6,274.599
2026-06-06 17:21:00,60863.6,60900.0,60863.5,60873.2,182.862
2026-06-06 17:24:00,60873.1,60884.3,60810.0,60810.0,117.37
2026-06-06 17:27:00,60810.0,60816.3,60703.0,60773.5,346.481
2026-06-06 17:30:00,60773.5,60933.4,60773.4,60929.0,671.622
2026-06-06 17:33:00,60928.8,60980.0,60848.2,60923.8,386.54
2026-06-06 17:36:00,60923.7,61065.5,60900.0,61055.2,659.058
2026-06-06 17:39:00,61055.2,61066.8,60936.0,60943.3,248.319
2026-06-06 17:42:00,60943.4,61048.4,60934.4,61022.7,261.606
2026-06-06 17:45:00,61022.7,61082.1,60924.4,60953.4,543.848
2026-06-06 17:48:00,60953.4,60953.5,60880.0,60897.9,205.273
2026-06-06 17:51:00,60897.9,60934.2,60821.9,60824.9,366.837
2026-06-06 17:54:00,60824.9,60874.8,60795.1,60844.6,295.503
2026-06-06 17:57:00,60844.6,60861.3,60692.7,60698.3,1409.045
2026-06-06 18:00:00,60698.3,60754.2,60599.9,60752.7,675.232
2026-06-06 18:03:00,60752.7,60840.0,60717.3,60815.0,606.373
2026-06-06 18:06:00,60815.0,60844.0,60680.1,60742.9,367.736
2026-06-06 18:09:00,60743.0,60754.1,60685.1,60745.9,191.663
2026-06-06 18:12:00,60745.8,60820.5,60713.3,60802.6,197.308
2026-06-06 18:15:00,60802.6,60943.1,60750.9,60930.7,407.181
2026-06-06 18:18:00,60930.8,61031.0,60879.3,60961.1,740.127
2026-06-06 18:21:00,60961.1,61173.5,60913.8,61063.3,976.381
2026-06-06 18:24:00,61063.3,61107.5,61042.7,61045.5,323.157
2026-06-06 18:27:00,61045.4,61045.5,60976.8,61003.6,251.388
2026-06-06 18:30:00,61003.6,61004.6,60929.3,60957.6,252.189
2026-06-06 18:33:00,60957.6,61073.6,60944.6,61029.5,518.987
2026-06-06 18:36:00,61029.5,61055.6,60952.9,60959.5,139.01
2026-06-06 18:39:00,60959.5,61043.0,60940.0,60994.9,146.269
2026-06-06 18:42:00,60994.9,61032.0,60971.4,60972.9,131.412
2026-06-06 18:45:00,60972.9,60973.0,60876.4,60896.6,201.703
2026-06-06 18:48:00,60896.6,60974.0,60880.0,60956.4,187.073
2026-06-06 18:51:00,60956.5,61026.7,60892.5,60897.6,169.961
2026-06-06 18:54:00,60897.6,60928.5,60860.0,60865.2,198.583
2026-06-06 18:57:00,60865.2,60906.2,60834.6,60851.3,288.197
2026-06-06 19:00:00,60851.4,60868.7,60673.2,60683.9,664.593
2026-06-06 19:03:00,60683.9,60834.9,60668.8,60808.5,614.762
2026-06-06 19:06:00,60808.5,60831.6,60737.6,60811.1,188.348
2026-06-06 19:09:00,60811.1,60849.6,60765.0,60809.1,161.279
2026-06-06 19:12:00,60809.0,60874.5,60791.8,60874.5,157.374
2026-06-06 19:15:00,60874.5,61026.2,60818.8,60832.4,448.063
2026-06-06 19:18:00,60832.4,60833.0,60737.9,60780.1,281.828
2026-06-06 19:21:00,60780.1,60800.0,60734.0,60752.1,176.148
2026-06-06 19:24:00,60752.2,60776.8,60741.1,60765.0,156.28
2026-06-06 19:27:00,60765.0,60802.7,60751.7,60779.5,131.667
2026-06-06 19:30:00,60779.5,60926.5,60734.3,60924.9,412.776
2026-06-06 19:33:00,60924.9,60966.8,60842.4,60926.5,173.501
2026-06-06 19:36:00,60926.5,60976.6,60894.0,60972.8,170.239
2026-06-06 19:39:00,60973.0,60975.0,60839.1,60930.2,195.633
2026-06-06 19:42:00,60930.2,60947.7,60856.5,60878.0,199.281
2026-06-06 19:45:00,60878.0,60928.2,60852.1,60866.6,105.06
2026-06-06 19:48:00,60866.6,60990.8,60856.6,60956.3,172.161
2026-06-06 19:51:00,60956.3,60990.0,60850.0,60850.0,181.981
2026-06-06 19:54:00,60850.1,60900.0,60766.4,60766.4,193.767
2026-06-06 19:57:00,60766.4,60868.5,60758.4,60857.8,99.894
2026-06-06 20:00:00,60857.8,60946.1,60793.4,60942.0,189.049
2026-06-06 20:03:00,60942.0,60942.1,60876.1,60936.5,138.459
2026-06-06 20:06:00,60936.6,60978.6,60893.7,60917.7,193.572
2026-06-06 20:09:00,60917.6,60950.0,60868.6,60929.8,95.459
2026-06-06 20:12:00,60930.0,60968.1,60884.6,60924.4,199.251
2026-06-06 20:15:00,60924.4,60945.1,60871.6,60945.1,118.341
2026-06-06 20:18:00,60945.6,60976.0,60901.6,60975.9,121.092
2026-06-06 20:21:00,60976.0,60976.0,60898.6,60898.6,109.646
2026-06-06 20:24:00,60898.6,60955.6,60856.0,60883.0,141.922
2026-06-06 20:27:00,60882.9,60897.5,60733.0,60762.5,349.614
2026-06-06 20:30:00,60762.5,60850.4,60618.4,60649.9,564.443
2026-06-06 20:33:00,60649.9,60679.5,60532.0,60532.1,673.353
2026-06-06 20:36:00,60532.1,60670.9,60520.2,60626.7,615.852
2026-06-06 20:39:00,60626.7,60706.7,60600.0,60612.3,415.131
2026-06-06 20:42:00,60612.4,60629.2,60528.5,60587.0,282.475
2026-06-06 20:45:00,60587.1,60664.0,60506.4,60537.2,323.872
2026-06-06 20:48:00,60537.2,60537.2,60353.4,60473.0,1291.013
2026-06-06 20:51:00,60473.0,60654.1,60468.2,60493.7,447.758
2026-06-06 20:54:00,60493.7,60649.8,60486.1,60613.3,229.174
2026-06-06 20:57:00,60613.3,60657.5,60592.3,60642.0,178.128
2026-06-06 21:00:00,60641.9,60723.0,60546.6,60570.7,317.558
2026-06-06 21:03:00,60570.6,60740.1,60542.0,60705.9,309.492
2026-06-06 21:06:00,60705.9,60733.4,60666.0,60687.6,185.253
2026-06-06 21:09:00,60687.6,60847.5,60687.6,60844.9,665.179
2026-06-06 21:12:00,60844.9,60896.0,60796.0,60824.0,310.889
2026-06-06 21:15:00,60824.0,60900.0,60788.0,60788.0,217.234
2026-06-06 21:18:00,60788.0,60821.8,60713.5,60789.8,151.486
2026-06-06 21:21:00,60789.8,60815.6,60692.4,60721.0,146.339
2026-06-06 21:24:00,60720.9,60785.6,60689.0,60778.1,113.456
2026-06-06 21:27:00,60778.2,60800.0,60746.0,60754.1,86.763
2026-06-06 21:30:00,60754.2,60833.7,60660.0,60827.9,509.531
2026-06-06 21:33:00,60827.9,60949.9,60812.7,60828.2,445.221
2026-06-06 21:36:00,60828.2,60840.6,60742.7,60814.9,158.981
2026-06-06 21:39:00,60814.9,60832.8,60679.7,60768.2,177.961
2026-06-06 21:42:00,60768.2,60797.2,60723.0,60751.5,101.391
2026-06-06 21:45:00,60751.5,60794.6,60701.8,60774.4,110.155
2026-06-06 21:48:00,60774.4,60787.9,60681.2,60703.0,118.024
2026-06-06 21:51:00,60703.1,60716.7,60630.0,60671.7,207.121
2026-06-06 21:54:00,60671.7,60768.6,60534.5,60582.5,740.238
2026-06-06 21:57:00,60582.5,60637.3,60571.6,60591.1,307.353
2026-06-06 22:00:00,60591.1,60654.0,60526.6,60602.3,351.211
2026-06-06 22:03:00,60602.3,60610.8,60417.6,60546.2,920.414
2026-06-06 22:06:00,60546.2,60563.7,60511.5,60540.9,194.919
2026-06-06 22:09:00,60541.0,60709.5,60511.0,60675.8,376.262
2026-06-06 22:12:00,60675.8,60742.6,60656.7,60731.7,263.864
2026-06-06 22:15:00,60731.7,60830.5,60691.0,60791.6,464.384
2026-06-06 22:18:00,60791.6,60827.6,60770.4,60789.1,142.249
2026-06-06 22:21:00,60789.1,60830.5,60775.0,60806.6,144.275
2026-06-06 22:24:00,60806.4,60806.5,60654.5,60665.8,213.591
2026-06-06 22:27:00,60665.7,60749.8,60665.7,60749.8,91.674
2026-06-06 22:30:00,60749.9,60817.2,60747.7,60760.5,172.232
2026-06-06 22:33:00,60760.6,60768.0,60658.5,60694.8,151.534
2026-06-06 22:36:00,60694.7,60713.7,60623.0,60645.8,141.248
2026-06-06 22:39:00,60645.8,60658.2,60570.0,60658.1,193.444
2026-06-06 22:42:00,60658.1,60726.8,60646.3,60690.1,107.85
2026-06-06 22:45:00,60690.1,60732.2,60651.0,60674.5,98.6
2026-06-06 22:48:00,60674.4,60731.0,60645.8,60731.0,81.831
2026-06-06 22:51:00,60731.0,60737.1,60555.0,60576.2,550.334
2026-06-06 22:54:00,60576.2,60640.6,60572.2,60620.0,242.733
2026-06-06 22:57:00,60619.9,60656.7,60577.3,60649.3,122.452
2026-06-06 23:00:00,60649.3,60705.7,60633.6,60686.5,71.462
2026-06-06 23:03:00,60686.5,60776.7,60686.4,60750.0,144.197
2026-06-06 23:06:00,60750.0,60750.0,60610.2,60613.3,152.328
2026-06-06 23:09:00,60613.2,60645.0,60552.2,60608.8,568.573
2026-06-06 23:12:00,60608.8,60680.2,60601.1,60680.2,139.018
2026-06-06 23:15:00,60680.2,60712.1,60527.5,60600.0,245.032
2026-06-06 23:18:00,60600.0,60624.7,60532.0,60562.7,136.205
2026-06-06 23:21:00,60562.8,60614.4,60557.3,60605.2,87.214
2026-06-06 23:24:00,60605.1,60605.1,60490.0,60493.0,286.152
2026-06-06 23:27:00,60493.1,60596.9,60463.0,60553.3,243.834
2026-06-06 23:30:00,60553.2,60604.3,60540.9,60565.9,155.091
2026-06-06 23:33:00,60565.8,60565.8,60517.2,60517.3,196.316
2026-06-06 23:36:00,60517.2,60524.5,60440.0,60440.0,201.17
2026-06-06 23:39:00,60440.0,60587.0,60427.8,60565.7,267.836
2026-06-06 23:42:00,60565.7,60576.5,60462.4,60464.2,129.339
2026-06-06 23:45:00,60464.2,60484.2,60385.4,60403.0,267.339
2026-06-06 23:48:00,60403.1,60480.0,60363.0,60445.0,246.249
2026-06-06 23:51:00,60444.9,60524.2,60425.0,60499.0,296.796
2026-06-06 23:54:00,60498.9,60626.2,60486.3,60607.2,230.95
2026-06-06 23:57:00,60607.3,60723.5,60600.3,60670.9,362.641
2026-06-07 00:00:00,60670.9,60675.9,60503.2,60536.2,150.24
2026-06-07 00:03:00,60536.2,60591.2,60515.4,60521.3,113.979
2026-06-07 00:06:00,60521.4,60624.3,60508.0,60599.3,103.107
2026-06-07 00:09:00,60599.2,60631.0,60550.0,60557.8,95.184
2026-06-07 00:12:00,60557.8,60589.9,60550.8,60579.9,58.608
2026-06-07 00:15:00,60580.0,60605.0,60506.3,60542.6,135.928
2026-06-07 00:18:00,60542.7,60548.0,60463.3,60474.3,262.715
2026-06-07 00:21:00,60474.2,60560.0,60474.2,60555.3,115.082
2026-06-07 00:24:00,60555.3,60620.0,60534.0,60600.3,104.059
2026-06-07 00:27:00,60600.4,60655.6,60591.1,60606.0,91.02
2026-06-07 00:30:00,60606.0,60606.0,60555.2,60588.3,122.625
2026-06-07 00:33:00,60588.2,60614.7,60529.0,60614.6,88.819
2026-06-07 00:36:00,60614.7,60704.0,60609.9,60688.7,180.174
2026-06-07 00:39:00,60688.7,60741.6,60688.7,60710.4,268.396
2026-06-07 00:42:00,60710.4,60760.4,60689.9,60689.9,140.523
2026-06-07 00:45:00,60690.0,60706.0,60625.0,60658.8,143.616
2026-06-07 00:48:00,60658.8,60683.6,60589.6,60607.8,135.538
2026-06-07 00:51:00,60607.8,60623.1,60585.7,60623.1,96.352
2026-06-07 00:54:00,60623.1,60642.9,60562.3,60581.6,96.965
2026-06-07 00:57:00,60581.5,60588.1,60565.8,60582.0,53.177
2026-06-07 01:00:00,60581.9,60597.7,60560.7,60593.0,108.284
2026-06-07 01:03:00,60593.0,60618.7,60537.6,60537.7,109.515
2026-06-07 01:06:00,60537.6,60599.7,60502.1,60572.2,100.811
2026-06-07 01:09:00,60572.2,60572.2,60521.8,60541.4,89.833
2026-06-07 01:12:00,60541.4,60598.2,60539.3,60595.6,76.718
2026-06-07 01:15:00,60595.7,60656.9,60588.6,60621.8,64.047
2026-06-07 01:18:00,60621.8,60621.8,60573.5,60585.6,67.046
2026-06-07 01:21:00,60585.6,60624.3,60570.0,60584.1,77.567
2026-06-07 01:24:00,60584.1,60632.7,60575.0,60626.7,71.377
2026-06-07 01:27:00,60626.7,60650.0,60560.7,60563.9,123.308
2026-06-07 01:30:00,60563.9,60610.1,60484.5,60540.1,183.283
2026-06-07 01:33:00,60540.0,60560.0,60491.2,60501.5,116.635
2026-06-07 01:36:00,60501.5,60562.6,60490.0,60531.0,146.86
2026-06-07 01:39:00,60531.0,60570.0,60511.9,60547.2,70.449
2026-06-07 01:42:00,60547.1,60589.3,60538.1,60541.2,70.919
2026-06-07 01:45:00,60541.2,60565.0,60496.5,60550.1,167.073
2026-06-07 01:48:00,60550.0,60615.3,60515.2,60534.8,132.248
2026-06-07 01:51:00,60534.8,60602.9,60534.7,60573.9,103.566
2026-06-07 01:54:00,60573.9,60606.2,60550.0,60594.6,51.9
2026-06-07 01:57:00,60594.6,60603.2,60541.1,60566.8,51.008
2026-06-07 02:00:00,60566.8,60605.8,60546.3,60589.0,65.336
2026-06-07 02:03:00,60589.1,60677.9,60589.1,60629.9,170.796
2026-06-07 02:06:00,60629.9,60673.5,60620.0,60643.4,77.778
2026-06-07 02:09:00,60643.3,60650.0,60590.3,60620.7,108.087
2026-06-07 02:12:00,60620.8,60726.2,60613.1,60702.9,351.448
2026-06-07 02:15:00,60702.8,60729.1,60670.0,60675.3,158.014
2026-06-07 02:18:00,60675.3,60685.8,60613.3,60685.8,64.432
2026-06-07 02:21:00,60685.7,60705.0,60666.7,60688.5,64.298
2026-06-07 02:24:00,60688.5,60707.3,60634.1,60656.5,88.562
2026-06-07 02:27:00,60656.5,60720.8,60656.5,60678.5,198.071
2026-06-07 02:30:00,60678.4,60742.7,60673.2,60708.2,217.83
2026-06-07 02:33:00,60708.1,60708.2,60677.0,60703.9,58.018
2026-06-07 02:36:00,60704.0,60730.4,60686.1,60703.3,79.296
2026-06-07 02:39:00,60703.4,60877.1,60701.5,60855.0,419.221
2026-06-07 02:42:00,60855.0,60871.3,60794.3,60826.8,217.629
2026-06-07 02:45:00,60826.7,60870.0,60815.3,60818.9,120.858
2026-06-07 02:48:00,60818.9,60853.9,60797.1,60850.2,112.018
2026-06-07 02:51:00,60850.2,60918.4,60837.3,60879.5,445.239
2026-06-07 02:54:00,60879.5,60885.1,60836.8,60855.1,119.364
2026-06-07 02:57:00,60855.0,60871.6,60838.7,60859.2,96.274
2026-06-07 03:00:00,60859.2,60915.8,60859.1,60904.1,149.381
2026-06-07 03:03:00,60904.0,60969.2,60900.0,60900.1,267.56
2026-06-07 03:06:00,60900.0,60900.1,60803.6,60803.6,103.21
2026-06-07 03:09:00,60803.7,60837.9,60762.8,60831.7,163.153
2026-06-07 03:12:00,60831.7,60831.7,60781.2,60792.3,75.368
2026-06-07 03:15:00,60792.3,60812.9,60710.0,60812.9,93.312
2026-06-07 03:18:00,60812.9,60836.7,60801.1,60809.4,52.208
2026-06-07 03:21:00,60809.3,60840.0,60798.6,60806.7,45.986
2026-06-07 03:24:00,60806.7,60838.6,60741.9,60742.0,75.072
2026-06-07 03:27:00,60742.0,60750.0,60705.4,60719.3,142.208
2026-06-07 03:30:00,60719.2,60788.6,60650.1,60756.4,256.052
2026-06-07 03:33:00,60756.5,60773.9,60580.1,60581.6,573.845
2026-06-07 03:36:00,60581.7,60662.7,60555.5,60579.9,262.101
2026-06-07 03:39:00,60579.9,60644.4,60555.6,60644.4,317.693
2026-06-07 03:42:00,60644.3,60644.3,60566.3,60591.4,259.616
2026-06-07 03:45:00,60591.4,60725.3,60570.0,60724.2,303.279
2026-06-07 03:48:00,60724.2,60740.0,60684.0,60697.4,134.18
2026-06-07 03:51:00,60697.6,60717.2,60560.0,60572.5,240.948
2026-06-07 03:54:00,60572.4,60572.5,60406.3,60415.2,704.116
2026-06-07 03:57:00,60415.1,60449.7,60400.1,60426.4,286.39
2026-06-07 04:00:00,60426.4,60482.3,60390.0,60481.9,317.928
2026-06-07 04:03:00,60481.9,60543.8,60459.2,60504.7,227.663
2026-06-07 04:06:00,60504.7,60574.3,60487.4,60559.1,137.943
2026-06-07 04:09:00,60559.0,60571.9,60505.7,60571.8,90.889
2026-06-07 04:12:00,60571.8,60571.8,60515.5,60559.9,101.371
2026-06-07 04:15:00,60560.0,60614.6,60560.0,60606.5,220.131
2026-06-07 04:18:00,60606.4,60639.4,60579.8,60627.7,91.979
2026-06-07 04:21:00,60627.6,60660.4,60606.4,60649.3,104.835
2026-06-07 04:24:00,60649.3,60690.6,60574.1,60576.9,210.286
2026-06-07 04:27:00,60576.8,60589.3,60510.4,60513.0,191.169
2026-06-07 04:30:00,60513.0,60647.5,60511.0,60647.5,130.18
2026-06-07 04:33:00,60647.5,60690.8,60641.6,60658.5,143.756
2026-06-07 04:36:00,60658.4,60694.5,60642.4,60680.1,81.845
2026-06-07 04:39:00,60680.1,60705.8,60659.4,60697.8,124.271
2026-06-07 04:42:00,60697.9,60733.0,60681.3,60685.3,236.219
2026-06-07 04:45:00,60685.2,60711.2,60664.5,60695.3,171.752
2026-06-07 04:48:00,60695.3,60695.4,60616.5,60668.7,57.124
2026-06-07 04:51:00,60668.7,60676.5,60627.9,60633.4,77.012
2026-06-07 04:54:00,60633.3,60649.2,60552.5,60626.6,94.537
2026-06-07 04:57:00,60626.6,60688.4,60621.9,60681.9,113.996
2026-06-07 05:00:00,60681.9,60700.0,60641.7,60662.0,69.491
2026-06-07 05:03:00,60662.0,60707.9,60661.9,60696.3,88.234
2026-06-07 05:06:00,60696.5,60818.2,60693.0,60784.2,309.757
2026-06-07 05:09:00,60784.2,60889.9,60765.3,60869.0,353.476
2026-06-07 05:12:00,60868.9,60870.1,60816.6,60822.3,185.438
2026-06-07 05:15:00,60822.3,60850.6,60771.1,60799.5,155.189
2026-06-07 05:18:00,60799.5,60833.4,60793.4,60801.0,319.063
2026-06-07 05:21:00,60801.0,60814.7,60776.7,60814.6,63.08
2026-06-07 05:24:00,60814.7,60911.0,60809.3,60865.3,243.047
2026-06-07 05:27:00,60865.2,60865.3,60837.9,60849.7,98.614
2026-06-07 05:30:00,60849.7,60904.5,60811.5,60885.6,222.29
2026-06-07 05:33:00,60885.6,60905.0,60818.5,60845.6,247.06
2026-06-07 05:36:00,60845.6,60851.3,60788.6,60823.5,172.919
2026-06-07 05:39:00,60823.6,60840.8,60761.7,60788.1,112.868
2026-06-07 05:42:00,60788.3,60811.0,60773.4,60785.8,129.862
2026-06-07 05:45:00,60785.8,60835.7,60775.0,60818.5,115.077
2026-06-07 05:48:00,60818.6,60864.0,60779.6,60779.7,116.174
2026-06-07 05:51:00,60779.6,60824.9,60779.6,60787.8,91.119
2026-06-07 05:54:00,60787.9,60808.3,60750.1,60770.6,115.775
2026-06-07 05:57:00,60770.6,60812.7,60742.8,60812.7,112.949
2026-06-07 06:00:00,60812.7,60962.7,60802.8,60890.1,343.45
2026-06-07 06:03:00,60890.0,60934.6,60865.0,60905.8,172.973
2026-06-07 06:06:00,60905.8,60936.6,60870.1,60878.0,199.747
2026-06-07 06:09:00,60878.0,60907.7,60769.2,60790.6,224.478
2026-06-07 06:12:00,60790.7,60800.0,60755.6,60755.7,75.954
2026-06-07 06:15:00,60755.6,60760.5,60708.0,60743.8,117.424
2026-06-07 06:18:00,60743.9,60785.6,60730.4,60759.2,156.853
2026-06-07 06:21:00,60759.1,60784.2,60748.9,60765.7,75.684
2026-06-07 06:24:00,60765.8,60774.0,60726.2,60747.4,132.843
2026-06-07 06:27:00,60747.4,60780.0,60747.2,60748.3,55.134
2026-06-07 06:30:00,60748.2,60875.7,60720.9,60875.7,124.85
2026-06-07 06:33:00,60875.6,61138.5,60858.4,60994.9,1844.541
2026-06-07 06:36:00,60994.8,61389.9,60944.6,61332.1,1803.87
2026-06-07 06:39:00,61332.0,61350.9,61200.7,61305.9,806.76
2026-06-07 06:42:00,61305.9,61360.0,61251.0,61276.3,488.762
2026-06-07 06:45:00,61276.3,61496.5,61215.8,61410.2,1696.503
2026-06-07 06:48:00,61410.1,61618.0,61320.7,61327.8,1418.088
2026-06-07 06:51:00,61327.8,61585.2,61327.8,61555.3,705.649
2026-06-07 06:54:00,61555.3,61555.4,61432.8,61434.1,358.846
2026-06-07 06:57:00,61434.0,61641.4,61434.0,61606.9,579.724
2026-06-07 07:00:00,61606.9,61627.3,61440.0,61485.2,490.117
2026-06-07 07:03:00,61485.4,61580.2,61454.1,61574.5,373.78
2026-06-07 07:06:00,61574.4,61575.3,61391.8,61399.6,257.17
2026-06-07 07:09:00,61399.5,61450.0,61395.5,61446.0,197.439
2026-06-07 07:12:00,61446.0,61450.0,61368.5,61424.9,337.964
2026-06-07 07:15:00,61424.9,61447.0,61340.2,61440.8,322.51
2026-06-07 07:18:00,61440.8,61593.9,61387.5,61399.5,623.704
2026-06-07 07:21:00,61399.5,61419.9,61369.2,61390.2,214.711
2026-06-07 07:24:00,61390.2,61464.6,61370.1,61462.9,209.263
2026-06-07 07:27:00,61462.9,61488.6,61447.3,61452.5,593.427
2026-06-07 07:30:00,61452.5,61513.8,61400.0,61488.8,224.746
2026-06-07 07:33:00,61488.8,61507.3,61425.6,61479.8,171.725
2026-06-07 07:36:00,61479.9,61527.6,61465.8,61527.5,150.427
2026-06-07 07:39:00,61527.5,61527.6,61421.3,61424.2,184.887
2026-06-07 07:42:00,61424.3,61437.8,61375.8,61375.8,146.942
2026-06-07 07:45:00,61375.8,61398.2,61268.4,61275.1,376.535
2026-06-07 07:48:00,61275.1,61292.5,61169.1,61175.9,501.041
2026-06-07 07:51:00,61175.9,61291.7,61150.0,61283.2,344.032
2026-06-07 07:54:00,61283.1,61349.0,61216.6,61216.6,256.735
2026-06-07 07:57:00,61216.6,61237.4,61156.3,61225.4,222.755
2026-06-07 08:00:00,61225.4,61246.8,61161.3,61226.6,195.245
2026-06-07 08:03:00,61226.7,61295.4,61206.6,61206.6,171.206
2026-06-07 08:06:00,61206.6,61255.2,61166.1,61246.4,138.747
2026-06-07 08:09:00,61246.4,61284.9,61216.9,61249.2,120.343
2026-06-07 08:12:00,61249.2,61296.0,61236.2,61296.0,119.813
2026-06-07 08:15:00,61296.1,61420.0,61289.2,61419.8,378.254
2026-06-07 08:18:00,61419.7,61540.1,61406.2,61529.5,641.139
2026-06-07 08:21:00,61529.5,61529.5,61371.9,61420.0,253.042
2026-06-07 08:24:00,61420.1,61514.4,61413.1,61511.2,474.324
2026-06-07 08:27:00,61511.1,61519.6,61463.9,61469.2,248.397
2026-06-07 08:30:00,61469.3,61471.0,61411.9,61432.3,165.914
2026-06-07 08:33:00,61432.3,61468.2,61376.7,61448.5,346.49
2026-06-07 08:36:00,61448.5,61487.8,61436.2,61438.9,219.083
2026-06-07 08:39:00,61438.9,61479.3,61431.6,61459.5,199.762
2026-06-07 08:42:00,61459.4,61500.0,61417.1,61500.0,123.104
2026-06-07 08:45:00,61499.9,61545.6,61453.3,61543.9,209.241
2026-06-07 08:48:00,61543.8,61763.9,61524.6,61650.0,1433.02
2026-06-07 08:51:00,61650.0,61734.0,61548.0,61577.9,510.575
2026-06-07 08:54:00,61578.0,61637.9,61551.4,61551.4,194.777
2026-06-07 08:57:00,61551.4,61649.9,61526.2,61635.0,264.162
2026-06-07 09:00:00,61635.0,61657.2,61566.0,61651.4,226.241
2026-06-07 09:03:00,61651.4,61651.4,61571.4,61601.3,204.317
2026-06-07 09:06:00,61601.4,61613.6,61540.7,61584.2,130.891
2026-06-07 09:09:00,61584.3,61594.9,61520.3,61554.0,158.803
2026-06-07 09:12:00,61554.0,61639.9,61545.1,61639.9,89.864
2026-06-07 09:15:00,61639.8,61639.9,61547.8,61600.0,131.111
2026-06-07 09:18:00,61600.1,61608.6,61573.6,61602.6,73.945
2026-06-07 09:21:00,61602.7,61615.5,61578.3,61612.5,90.343
2026-06-07 09:24:00,61612.5,61644.2,61594.6,61629.0,107.353
2026-06-07 09:27:00,61629.1,61711.4,61611.7,61671.1,167.678
2026-06-07 09:30:00,61671.1,61683.7,61541.3,61550.0,434.852
2026-06-07 09:33:00,61549.9,61610.0,61528.9,61576.0,157.589
2026-06-07 09:36:00,61576.0,61601.5,61543.2,61601.5,130.382
2026-06-07 09:39:00,61601.4,61614.3,61469.6,61493.1,267.101
2026-06-07 09:42:00,61493.2,61522.0,61480.0,61521.9,156.262
2026-06-07 09:45:00,61521.9,61579.6,61521.9,61567.5,120.64
2026-06-07 09:48:00,61567.6,61606.7,61558.7,61570.0,90.888
2026-06-07 09:51:00,61570.0,61573.0,61493.7,61528.5,158.368
2026-06-07 09:54:00,61528.5,61528.6,61447.2,61489.6,238.106
2026-06-07 09:57:00,61489.6,61534.8,61470.1,61525.0,140.58
2026-06-07 10:00:00,61524.9,61564.4,61511.4,61532.5,101.811
2026-06-07 10:03:00,61532.5,61644.9,61532.4,61644.8,171.738
2026-06-07 10:06:00,61644.9,61677.5,61620.0,61677.5,168.055
2026-06-07 10:09:00,61677.4,61739.6,61654.6,61734.9,271.672
2026-06-07 10:12:00,61734.9,61810.0,61689.0,61707.4,620.443
2026-06-07 10:15:00,61707.4,61750.0,61661.0,61750.0,217.019
2026-06-07 10:18:00,61750.0,61816.6,61749.9,61816.5,314.108
2026-06-07 10:21:00,61816.5,61830.0,61762.0,61797.0,599.411
2026-06-07 10:24:00,61797.0,61864.9,61795.0,61847.4,506.403
2026-06-07 10:27:00,61847.5,61866.0,61833.5,61854.1,413.818
2026-06-07 10:30:00,61854.2,61854.2,61783.2,61788.4,335.65
2026-06-07 10:33:00,61788.2,61795.4,61764.6,61769.5,187.494
2026-06-07 10:36:00,61769.4,61844.8,61763.1,61771.1,160.407
2026-06-07 10:39:00,61771.1,61804.7,61761.5,61779.4,190.696
2026-06-07 10:42:00,61779.5,61949.8,61761.5,61847.1,675.828
2026-06-07 10:45:00,61847.1,61998.9,61753.0,61936.0,1017.165
2026-06-07 10:48:00,61936.0,62132.0,61776.1,61824.0,2950.233
2026-06-07 10:51:00,61823.9,61858.3,61753.0,61851.0,593.148
2026-06-07 10:54:00,61850.9,61908.9,61800.4,61816.0,288.287
2026-06-07 10:57:00,61816.0,61828.2,61689.1,61706.6,472.78
2026-06-07 11:00:00,61706.6,61770.0,61629.5,61641.2,473.333
2026-06-07 11:03:00,61641.1,61747.9,61607.9,61724.5,348.782
2026-06-07 11:06:00,61724.7,61797.9,61702.3,61793.3,245.004
2026-06-07 11:09:00,61793.4,61829.5,61753.1,61765.9,253.057
2026-06-07 11:12:00,61765.9,61838.6,61753.2,61834.1,271.407
2026-06-07 11:15:00,61834.2,61834.2,61724.1,61749.6,268.24
2026-06-07 11:18:00,61749.7,61751.4,61672.4,61676.8,198.548
2026-06-07 11:21:00,61676.8,61747.8,61655.6,61695.6,116.501
2026-06-07 11:24:00,61695.7,61729.8,61671.6,61724.6,170.653
2026-06-07 11:27:00,61724.7,61747.9,61700.1,61709.2,147.697
2026-06-07 11:30:00,61709.3,61726.6,61617.6,61635.7,258.909
2026-06-07 11:33:00,61635.7,61649.9,61573.5,61604.9,270.003
2026-06-07 11:36:00,61604.9,61688.0,61600.2,61641.0,172.149
2026-06-07 11:39:00,61641.1,61675.3,61641.0,61665.7,98.402
2026-06-07 11:42:00,61665.9,61698.5,61636.3,61643.2,140.341
2026-06-07 11:45:00,61643.3,61811.8,61612.3,61721.0,572.607
2026-06-07 11:48:00,61720.9,61809.3,61710.1,61743.0,206.294
2026-06-07 11:51:00,61743.1,61839.9,61743.0,61825.3,295.674
2026-06-07 11:54:00,61825.3,61863.7,61760.6,61809.5,346.895
2026-06-07 11:57:00,61809.6,61997.9,61809.5,61946.0,838.606
2026-06-07 12:00:00,61946.0,62060.0,61934.5,62026.9,1277.837
2026-06-07 12:03:00,62026.8,62127.2,62016.3,62094.4,849.14
2026-06-07 12:06:00,62094.5,62254.9,62062.4,62081.8,1898.635
2026-06-07 12:09:00,62081.7,62238.1,62052.8,62120.6,531.121
2026-06-07 12:12:00,62120.6,62195.0,62106.0,62169.0,449.834
2026-06-07 12:15:00,62169.1,62213.6,62074.8,62081.0,429.218
2026-06-07 12:18:00,62081.0,62130.8,62076.6,62081.6,395.378
2026-06-07 12:21:00,62081.5,62154.5,62032.5,62037.0,400.314
2026-06-07 12:24:00,62037.0,62056.4,62007.2,62052.5,253.458
2026-06-07 12:27:00,62052.5,62145.2,62046.5,62080.1,232.643
2026-06-07 12:30:00,62080.1,62080.2,61951.0,62059.1,607.355
2026-06-07 12:33:00,62059.1,62215.7,62059.0,62124.3,582.565
2026-06-07 12:36:00,62124.2,62222.4,62094.7,62138.1,997.633
2026-06-07 12:39:00,62138.2,62171.1,62111.9,62114.8,403.334
2026-06-07 12:42:00,62114.8,62129.9,62080.0,62104.2,140.804
2026-06-07 12:45:00,62104.2,62171.3,62069.6,62069.7,211.071
2026-06-07 12:48:00,62069.7,62119.9,62026.5,62099.9,310.798
2026-06-07 12:51:00,62099.9,62122.2,62054.1,62116.6,165.914
2026-06-07 12:54:00,62116.5,62226.0,62116.5,62201.1,389.05
2026-06-07 12:57:00,62201.2,62209.8,62150.1,62204.3,231.407
2026-06-07 13:00:00,62204.4,62239.3,62185.7,62217.7,379.168
2026-06-07 13:03:00,62217.7,62230.0,62184.3,62222.2,195.728
2026-06-07 13:06:00,62222.1,62229.0,62172.4,62174.0,166.382
2026-06-07 13:09:00,62173.9,62215.0,62169.4,62189.0,194.645
2026-06-07 13:12:00,62188.9,62200.0,62154.6,62196.9,240.88
2026-06-07 13:15:00,62196.9,62200.0,62150.0,62199.9,296.661
2026-06-07 13:18:00,62200.0,62220.0,62185.9,62193.1,201.18
2026-06-07 13:21:00,62193.1,62230.0,62177.1,62228.8,796.49
2026-06-07 13:24:00,62228.8,62349.9,62228.8,62343.1,1634.841
2026-06-07 13:27:00,62343.1,62380.0,62312.7,62366.0,740.813
2026-06-07 13:30:00,62366.0,62399.9,62329.9,62399.7,707.246
2026-06-07 13:33:00,62399.8,62406.5,62217.4,62296.3,1156.603
2026-06-07 13:36:00,62296.3,62314.4,62222.6,62311.7,307.976
2026-06-07 13:39:00,62311.7,62350.0,62280.0,62280.0,363.39
2026-06-07 13:42:00,62280.0,62348.0,62280.0,62340.6,271.091
2026-06-07 13:45:00,62340.7,62340.7,62280.0,62299.8,490.425
2026-06-07 13:48:00,62299.8,62369.4,62293.6,62344.3,366.319
2026-06-07 13:51:00,62344.3,62462.7,62344.2,62440.0,549.272
2026-06-07 13:54:00,62440.1,62460.0,62393.3,62459.9,393.411
2026-06-07 13:57:00,62459.9,62553.9,62452.8,62500.0,1447.656
2026-06-07 14:00:00,62500.1,62520.0,62428.5,62440.0,520.627
2026-06-07 14:03:00,62440.0,62498.2,62427.6,62490.6,323.953
2026-06-07 14:06:00,62490.6,62636.9,62490.6,62630.3,995.595
2026-06-07 14:09:00,62630.4,62630.5,62355.9,62415.0,1311.663
2026-06-07 14:12:00,62414.9,62528.0,62389.0,62525.0,706.362
2026-06-07 14:15:00,62525.0,62781.6,62524.9,62749.2,1696.415
2026-06-07 14:18:00,62749.2,62942.4,62722.6,62778.2,2138.083
2026-06-07 14:21:00,62778.2,62788.7,62690.4,62698.3,495.671
2026-06-07 14:24:00,62698.2,62863.5,62693.6,62792.8,1314.639
2026-06-07 14:27:00,62792.7,62848.4,62730.5,62823.0,663.112
2026-06-07 14:30:00,62823.0,62864.3,62745.4,62837.5,516.674
2026-06-07 14:33:00,62837.4,62837.5,62756.3,62827.6,346.379
2026-06-07 14:36:00,62827.7,62887.5,62766.2,62776.3,559.033
2026-06-07 14:39:00,62776.3,62818.4,62758.1,62773.4,240.09
2026-06-07 14:42:00,62773.4,62811.5,62680.3,62799.8,412.097
2026-06-07 14:45:00,62799.9,62864.5,62715.8,62775.7,487.696
2026-06-07 14:48:00,62775.7,62795.4,62690.8,62712.2,187.219
2026-06-07 14:51:00,62712.3,62734.0,62607.5,62630.9,418.103
2026-06-07 14:54:00,62630.8,62640.0,62574.6,62596.7,514.809
2026-06-07 14:57:00,62596.8,62670.5,62596.7,62663.3,303.607
2026-06-07 15:00:00,62663.3,62668.0,62540.1,62585.6,373.377
2026-06-07 15:03:00,62585.6,62585.6,62503.6,62504.3,402.652
2026-06-07 15:06:00,62504.3,62533.1,62463.9,62533.0,507.9
2026-06-07 15:09:00,62533.1,62580.0,62483.1,62496.2,235.712
2026-06-07 15:12:00,62496.3,62550.0,62481.0,62513.3,291.693
2026-06-07 15:15:00,62513.3,62520.2,62361.5,62400.5,863.61
2026-06-07 15:18:00,62400.6,62502.4,62387.8,62497.7,356.558
2026-06-07 15:21:00,62497.7,62600.0,62490.0,62599.9,440.004
2026-06-07 15:24:00,62599.8,62617.3,62500.0,62500.0,374.578
2026-06-07 15:27:00,62500.1,62540.0,62476.1,62510.0,162.675
2026-06-07 15:30:00,62509.9,62545.8,62353.1,62372.3,497.417
2026-06-07 15:33:00,62372.4,62429.8,62357.4,62370.0,312.229
2026-06-07 15:36:00,62370.1,62410.0,62360.0,62383.2,287.277
2026-06-07 15:39:00,62383.1,62392.1,62352.4,62392.0,206.438
2026-06-07 15:42:00,62392.0,62439.0,62353.6,62379.9,199.993
2026-06-07 15:45:00,62379.9,62454.0,62377.8,62432.0,209.006
2026-06-07 15:48:00,62431.9,62443.8,62367.4,62387.9,177.12
2026-06-07 15:51:00,62388.0,62494.5,62385.0,62490.0,234.651
2026-06-07 15:54:00,62490.0,62547.8,62480.5,62499.9,250.735
2026-06-07 15:57:00,62499.9,62500.0,62440.0,62481.2,138.659
2026-06-07 16:00:00,62481.2,62534.9,62408.9,62436.7,262.691
2026-06-07 16:03:00,62436.6,62473.2,62338.3,62441.9,205.685
2026-06-07 16:06:00,62441.8,62441.9,62280.0,62310.0,372.837
2026-06-07 16:09:00,62310.1,62344.5,62279.0,62290.1,300.556
2026-06-07 16:12:00,62290.1,62348.0,62290.0,62336.6,251.221
2026-06-07 16:15:00,62336.6,62336.7,62283.1,62302.1,213.299
2026-06-07 16:18:00,62302.1,62407.6,62273.0,62323.5,410.326
2026-06-07 16:21:00,62323.4,62401.9,62289.4,62349.0,240.405
2026-06-07 16:24:00,62349.0,62409.9,62333.1,62395.1,290.919
2026-06-07 16:27:00,62395.1,62440.0,62322.6,62343.7,189.021
2026-06-07 16:30:00,62343.7,62420.8,62341.0,62341.0,329.639
2026-06-07 16:33:00,62341.0,62397.0,62333.0,62379.8,135.46
2026-06-07 16:36:00,62379.7,62450.1,62336.4,62426.0,420.597
2026-06-07 16:39:00,62425.9,62496.5,62425.9,62478.7,338.579
2026-06-07 16:42:00,62478.7,62495.4,62395.2,62426.0,231.651
2026-06-07 16:45:00,62426.0,62485.8,62387.6,62485.7,338.573
2026-06-07 16:48:00,62485.8,62485.8,62407.2,62462.3,122.916
2026-06-07 16:51:00,62462.3,62490.0,62425.5,62490.0,117.221
2026-06-07 16:54:00,62490.0,62529.3,62487.0,62494.1,302.856
2026-06-07 16:57:00,62494.0,62536.3,62476.0,62496.5,245.734
2026-06-07 17:00:00,62496.5,62535.8,62472.8,62497.6,162.575
2026-06-07 17:03:00,62497.5,62500.0,62413.8,62495.9,151.793
2026-06-07 17:06:00,62495.9,62633.7,62495.9,62621.9,560.41
2026-06-07 17:09:00,62621.9,62644.0,62598.1,62610.1,231.417
2026-06-07 17:12:00,62610.0,62659.0,62610.0,62659.0,173.165
2026-06-07 17:15:00,62658.9,62730.0,62634.9,62712.7,477.113
2026-06-07 17:18:00,62712.7,62727.9,62613.5,62622.6,265.851
2026-06-07 17:21:00,62622.7,62635.4,62553.6,62584.7,256.177
2026-06-07 17:24:00,62584.6,62647.6,62540.0,62580.9,285.016
2026-06-07 17:27:00,62580.8,62640.0,62565.6,62598.8,116.638
2026-06-07 17:30:00,62598.8,62610.5,62540.0,62540.0,156.132
2026-06-07 17:33:00,62540.1,62617.7,62540.0,62616.2,167.661
2026-06-07 17:36:00,62616.1,62616.2,62522.8,62530.9,228.54
2026-06-07 17:39:00,62530.9,62546.3,62164.1,62214.3,1999.899
2026-06-07 17:42:00,62214.4,62268.9,62005.9,62059.0,2504.042
2026-06-07 17:45:00,62059.1,62210.3,61865.0,61897.8,2061.277
2026-06-07 17:48:00,61897.8,62079.5,61810.6,62047.2,1982.012
2026-06-07 17:51:00,62047.2,62134.1,61901.0,61911.3,1019.877
2026-06-07 17:54:00,61911.2,61971.9,61866.5,61909.5,646.008
2026-06-07 17:57:00,61909.3,62010.9,61900.0,61916.6,426.808
2026-06-07 18:00:00,61916.7,61926.0,61848.1,61855.2,621.512
2026-06-07 18:03:00,61855.3,61877.1,61625.0,61797.7,2732.523
2026-06-07 18:06:00,61797.6,61881.4,61758.7,61875.1,517.027
2026-06-07 18:09:00,61875.1,61899.4,61733.0,61774.7,386.342
2026-06-07 18:12:00,61774.8,61787.3,61509.1,61623.8,3379.682
2026-06-07 18:15:00,61623.8,61803.2,61607.0,61797.8,980.346
2026-06-07 18:18:00,61797.8,61850.0,61759.9,61820.0,483.967
2026-06-07 18:21:00,61819.9,61844.4,61709.4,61715.6,429.775
2026-06-07 18:24:00,61715.7,61829.9,61715.6,61791.8,225.618
2026-06-07 18:27:00,61791.8,61981.1,61788.3,61871.1,870.531
2026-06-07 18:30:00,61871.1,61871.1,61789.4,61791.3,302.13
2026-06-07 18:33:00,61791.3,61808.8,61717.3,61717.8,464.699
2026-06-07 18:36:00,61717.8,61791.1,61680.0,61695.6,512.94
2026-06-07 18:39:00,61695.6,61756.5,61669.3,61717.0,417.21
2026-06-07 18:42:00,61717.0,61750.0,61619.9,61747.4,396.158
2026-06-07 18:45:00,61747.4,61782.3,61630.0,61650.0,402.452
2026-06-07 18:48:00,61650.0,61712.5,61612.2,61664.9,421.888
2026-06-07 18:51:00,61664.9,61700.6,61638.1,61678.7,204.597
2026-06-07 18:54:00,61678.7,61727.2,61661.4,61721.9,172.912
2026-06-07 18:57:00,61721.9,61828.9,61721.8,61822.4,344.744
2026-06-07 19:00:00,61822.5,61880.0,61753.3,61796.7,382.753
2026-06-07 19:03:00,61796.7,61823.3,61762.4,61762.5,202.483
2026-06-07 19:06:00,61762.5,61783.0,61637.4,61689.3,578.486
2026-06-07 19:09:00,61689.2,61720.1,61655.1,61668.1,256.418
2026-06-07 19:12:00,61668.1,61733.6,61668.0,61708.9,182.179
2026-06-07 19:15:00,61708.9,61750.0,61706.8,61718.0,144.77
2026-06-07 19:18:00,61718.0,61755.2,61660.3,61755.2,176.275
2026-06-07 19:21:00,61755.2,61794.8,61737.8,61744.8,159.053
2026-06-07 19:24:00,61744.9,61767.2,61694.3,61758.3,128.119
2026-06-07 19:27:00,61758.2,61758.2,61675.0,61675.0,105.014
2026-06-07 19:30:00,61675.1,61776.4,61675.0,61761.9,170.703
2026-06-07 19:33:00,61762.0,61776.6,61720.9,61773.5,139.945
2026-06-07 19:36:00,61773.5,61775.6,61730.0,61730.6,168.771
2026-06-07 19:39:00,61730.7,61770.7,61730.7,61767.9,152.713
2026-06-07 19:42:00,61767.9,61796.0,61762.4,61762.4,165.149
2026-06-07 19:45:00,61762.5,61877.0,61715.7,61877.0,378.624
2026-06-07 19:48:00,61877.0,62062.0,61841.8,61997.1,1111.074
2026-06-07 19:51:00,61997.0,62042.0,61881.6,62000.3,725.077
2026-06-07 19:54:00,62000.3,62130.0,61968.4,62041.0,1121.089
2026-06-07 19:57:00,62041.0,62117.8,62000.0,62057.7,319.747
2026-06-07 20:00:00,62057.8,62283.6,62057.8,62225.5,1777.519
2026-06-07 20:03:00,62225.5,62260.0,62167.7,62200.0,371.653
2026-06-07 20:06:00,62200.0,62247.0,62152.3,62152.4,323.407
2026-06-07 20:09:00,62152.4,62154.3,61920.4,61942.2,866.355
2026-06-07 20:12:00,61942.2,62000.3,61880.0,61966.0,620.686
2026-06-07 20:15:00,61966.0,61966.0,61763.1,61828.0,600.222
2026-06-07 20:18:00,61828.1,61847.2,61710.0,61791.4,547.471
2026-06-07 20:21:00,61791.4,61894.7,61791.3,61833.5,274.264
2026-06-07 20:24:00,61833.5,61895.0,61821.5,61888.1,141.974
2026-06-07 20:27:00,61888.0,61900.0,61850.2,61872.0,134.933
2026-06-07 20:30:00,61871.9,61871.9,61765.0,61765.1,244.568
2026-06-07 20:33:00,61765.0,61796.7,61650.0,61657.5,402.593
2026-06-07 20:36:00,61657.4,61832.4,61640.1,61776.7,573.709
2026-06-07 20:39:00,61776.7,61805.0,61724.8,61790.5,197.823
2026-06-07 20:42:00,61790.5,61832.8,61756.5,61805.8,243.314
2026-06-07 20:45:00,61805.8,61870.0,61700.0,61707.8,225.849
2026-06-07 20:48:00,61707.7,61776.7,61688.1,61707.8,333.814
2026-06-07 20:51:00,61707.7,61811.2,61707.6,61784.7,302.759
2026-06-07 20:54:00,61784.7,61863.4,61774.8,61846.3,285.265
2026-06-07 20:57:00,61846.2,61959.9,61793.1,61936.4,682.979
2026-06-07 21:00:00,61936.4,62080.4,61929.7,62015.7,783.802
2026-06-07 21:03:00,62015.6,62069.9,61923.3,62024.3,450.346
2026-06-07 21:06:00,62024.3,62050.0,61975.8,62037.4,260.204
2026-06-07 21:09:00,62037.3,62131.5,62037.0,62117.1,275.134
2026-06-07 21:12:00,62117.1,62117.3,62038.2,62072.8,212.298
2026-06-07 21:15:00,62072.8,62072.8,61968.9,62030.1,237.008
2026-06-07 21:18:00,62030.1,62054.9,61941.0,62018.2,189.389
2026-06-07 21:21:00,62018.1,62196.0,62018.1,62136.0,388.493
2026-06-07 21:24:00,62136.0,62136.0,61961.1,62022.3,387.607
2026-06-07 21:27:00,62022.3,62071.7,62002.4,62071.6,87.115
2026-06-07 21:30:00,62071.7,62099.6,61981.2,61987.6,267.725
2026-06-07 21:33:00,61987.7,62024.8,61947.8,61977.6,303.636
2026-06-07 21:36:00,61977.7,61999.9,61931.2,61947.4,430.044
2026-06-07 21:39:00,61947.5,62054.6,61935.0,61943.0,164.32
2026-06-07 21:42:00,61943.0,62177.0,61943.0,62131.0,436.445
2026-06-07 21:45:00,62130.9,62184.0,62071.8,62152.4,258.602
2026-06-07 21:48:00,62152.5,62228.0,62125.5,62228.0,294.181
2026-06-07 21:51:00,62227.9,62248.9,62190.8,62221.3,229.716
2026-06-07 21:54:00,62221.2,62327.0,62201.7,62205.7,593.316
2026-06-07 21:57:00,62205.6,62205.7,62105.5,62143.5,311.769
2026-06-07 22:00:00,62143.5,62262.9,62121.0,62236.5,168.372
2026-06-07 22:03:00,62236.5,62250.0,62191.6,62191.6,175.797
2026-06-07 22:06:00,62191.6,62225.0,62172.0,62210.0,97.068
2026-06-07 22:09:00,62209.9,62220.0,62140.0,62149.7,133.421
2026-06-07 22:12:00,62149.7,62180.1,62124.1,62124.2,103.007
2026-06-07 22:15:00,62124.1,62196.5,62123.9,62130.2,145.547
2026-06-07 22:18:00,62130.2,62200.0,62125.2,62173.3,85.878
2026-06-07 22:21:00,62173.2,62212.8,62150.4,62150.4,96.43
2026-06-07 22:24:00,62150.4,62174.0,61912.7,61996.4,655.706
2026-06-07 22:27:00,61996.5,62055.8,61965.0,62054.2,268.05
2026-06-07 22:30:00,62054.1,62120.0,62012.2,62086.8,153.792
2026-06-07 22:33:00,62086.8,62238.0,62077.8,62161.9,483.515
2026-06-07 22:36:00,62162.0,62279.7,62154.5,62264.9,268.5
2026-06-07 22:39:00,62265.0,62277.3,62200.0,62200.0,170.643
2026-06-07 22:42:00,62200.0,62300.0,62200.0,62259.3,165.423
2026-06-07 22:45:00,62259.2,62294.3,62222.6,62235.4,148.326
2026-06-07 22:48:00,62235.4,62273.5,62229.0,62253.5,119.32
2026-06-07 22:51:00,62253.6,62294.7,62200.0,62254.4,299.81
2026-06-07 22:54:00,62254.4,62256.0,62202.8,62208.1,87.238
2026-06-07 22:57:00,62208.1,62240.9,62208.1,62216.4,51.641
2026-06-07 23:00:00,62216.5,62268.0,62198.7,62244.8,232.618
2026-06-07 23:03:00,62244.8,62273.8,62198.0,62248.6,275.992
2026-06-07 23:06:00,62248.5,62289.5,62241.6,62254.5,99.209
2026-06-07 23:09:00,62254.4,62315.6,62195.2,62268.8,367.869
2026-06-07 23:12:00,62268.9,62288.9,62224.4,62238.2,130.756
2026-06-07 23:15:00,62238.3,62238.3,62181.0,62181.0,108.16
2026-06-07 23:18:00,62181.1,62200.0,62065.5,62173.7,506.773
2026-06-07 23:21:00,62173.8,62200.0,62061.6,62123.0,288.542
2026-06-07 23:24:00,62122.9,62174.6,62122.9,62145.1,57.104
2026-06-07 23:27:00,62145.1,62153.0,62121.0,62129.6,55.78
2026-06-07 23:30:00,62129.6,62218.5,62121.4,62186.8,118.234
2026-06-07 23:33:00,62186.7,62198.7,62120.4,62152.2,87.13
2026-06-07 23:36:00,62152.1,62199.1,62141.8,62199.0,69.619
2026-06-07 23:39:00,62199.0,62218.0,62179.5,62195.9,71.201
2026-06-07 23:42:00,62195.9,62267.2,62169.9,62246.9,86.937
2026-06-07 23:45:00,62246.9,62246.9,62107.4,62114.0,134.035
2026-06-07 23:48:00,62114.1,62155.4,62111.8,62153.9,69.552
2026-06-07 23:51:00,62153.9,62190.0,62150.0,62154.3,61.865
2026-06-07 23:54:00,62154.3,62185.6,62154.2,62180.4,45.641
2026-06-07 23:57:00,62180.3,62208.6,62167.7,62196.0,44.726
2026-06-08 00:00:00,62196.0,62255.0,62178.0,62255.0,95.939
2026-06-08 00:03:00,62255.0,62266.0,62188.9,62221.0,99.504
2026-06-08 00:06:00,62221.1,62225.0,62130.1,62160.3,140.047
2026-06-08 00:09:00,62160.3,62187.0,62142.7,62152.1,71.279
2026-06-08 00:12:00,62152.1,62183.9,62152.1,62173.0,35.901
2026-06-08 00:15:00,62173.1,62208.4,62171.2,62193.4,36.406
2026-06-08 00:18:00,62193.8,62207.8,62055.0,62060.9,137.702
2026-06-08 00:21:00,62060.9,62082.5,62028.0,62058.4,200.395
2026-06-08 00:24:00,62058.4,62082.2,62058.4,62080.0,71.31
2026-06-08 00:27:00,62079.9,62126.5,61989.0,62001.6,402.576
2026-06-08 00:30:00,62001.6,62009.1,61680.0,61712.0,1554.597
2026-06-08 00:33:00,61712.0,61866.9,61657.9,61686.0,853.625
2026-06-08 00:36:00,61686.1,61700.0,61577.0,61588.2,948.362
2026-06-08 00:39:00,61588.1,61746.4,61538.1,61704.2,819.511
2026-06-08 00:42:00,61704.2,61736.5,61617.2,61627.9,348.799
2026-06-08 00:45:00,61627.8,61627.8,61352.6,61366.1,2172.054
2026-06-08 00:48:00,61366.1,61398.5,61240.0,61339.9,1369.867
2026-06-08 00:51:00,61339.8,61489.2,61335.0,61470.5,677.694
2026-06-08 00:54:00,61470.5,61484.4,61280.0,61359.0,567.287
2026-06-08 00:57:00,61359.1,61472.5,61324.5,61456.1,324.065
2026-06-08 01:00:00,61456.1,61472.4,61325.0,61325.9,276.726
2026-06-08 01:03:00,61325.8,61414.4,61260.0,61285.1,446.082
2026-06-08 01:06:00,61285.1,61350.0,61270.0,61307.1,367.901
2026-06-08 01:09:00,61307.2,61322.6,61200.0,61292.5,712.976
2026-06-08 01:12:00,61292.5,61300.1,61165.5,61191.6,875.245
2026-06-08 01:15:00,61191.6,61280.6,61150.2,61197.1,420.333
2026-06-08 01:18:00,61197.0,61443.0,61185.1,61288.0,736.958
2026-06-08 01:21:00,61288.1,61443.6,61271.8,61275.7,1266.764
2026-06-08 01:24:00,61275.7,61335.6,61240.4,61281.1,474.755
2026-06-08 01:27:00,61281.1,61309.3,61240.0,61303.8,235.107
2026-06-08 01:30:00,61303.7,61345.0,61189.7,61329.6,474.742
2026-06-08 01:33:00,61329.5,61519.0,61329.5,61469.1,564.026
2026-06-08 01:36:00,61469.1,61549.5,61469.0,61493.6,323.262
2026-06-08 01:39:00,61493.5,61685.0,61493.3,61585.6,710.361
2026-06-08 01:42:00,61585.6,61603.4,61505.3,61555.7,558.444
2026-06-08 01:45:00,61555.7,61555.7,61425.5,61495.0,264.023
2026-06-08 01:48:00,61495.0,61667.9,61495.0,61603.2,436.545
2026-06-08 01:51:00,61603.3,61887.7,61597.8,61782.3,1159.781
2026-06-08 01:54:00,61782.0,61789.5,61682.3,61782.0,319.568
2026-06-08 01:57:00,61782.0,61782.0,61707.7,61715.1,113.583
2026-06-08 02:00:00,61715.1,61786.7,61709.0,61741.8,138.653
2026-06-08 02:03:00,61741.7,61800.0,61728.4,61780.2,195.107
2026-06-08 02:06:00,61780.2,61780.2,61679.9,61698.6,298.14
2026-06-08 02:09:00,61698.6,61714.1,61668.6,61694.7,124.034
2026-06-08 02:12:00,61694.6,61779.7,61694.6,61760.5,146.638
2026-06-08 02:15:00,61760.4,61788.0,61726.5,61788.0,197.336
2026-06-08 02:18:00,61788.0,61878.8,61760.8,61859.9,217.955
2026-06-08 02:21:00,61859.9,61949.3,61830.4,61851.5,289.508
2026-06-08 02:24:00,61851.4,61867.7,61806.2,61848.1,107.6
2026-06-08 02:27:00,61848.1,61914.8,61843.0,61843.0,109.45
2026-06-08 02:30:00,61843.1,61898.8,61815.2,61815.3,110.465
2026-06-08 02:33:00,61815.2,61815.2,61668.8,61740.1,320.952
2026-06-08 02:36:00,61740.0,61759.9,61700.0,61721.7,108.988
2026-06-08 02:39:00,61721.6,61817.7,61709.9,61817.7,204.945
2026-06-08 02:42:00,61817.8,61980.0,61814.8,61925.9,230.13
2026-06-08 02:45:00,61925.9,61980.0,61833.0,61846.5,166.523
2026-06-08 02:48:00,61846.5,61900.0,61736.5,61736.6,117.479
2026-06-08 02:51:00,61736.6,61778.7,61684.9,61773.2,204.178
2026-06-08 02:54:00,61773.2,61814.0,61753.6,61794.3,64.025
2026-06-08 02:57:00,61794.4,61828.7,61737.7,61754.3,82.031
2026-06-08 03:00:00,61754.3,61824.1,61746.5,61764.7,73.996
2026-06-08 03:03:00,61764.7,61786.0,61620.7,61762.5,587.255
2026-06-08 03:06:00,61762.5,61802.8,61710.2,61766.0,113.709
2026-06-08 03:09:00,61766.0,61807.6,61690.1,61690.6,358.366
2026-06-08 03:12:00,61690.6,61710.8,61677.4,61680.1,85.033
2026-06-08 03:15:00,61680.2,61735.5,61680.2,61686.1,68.647
2026-06-08 03:18:00,61686.2,61723.8,61634.8,61637.3,98.236
2026-06-08 03:21:00,61637.4,61676.0,61636.1,61637.0,140.392
2026-06-08 03:24:00,61637.0,61719.4,61618.5,61689.6,154.383
2026-06-08 03:27:00,61689.5,61768.1,61689.5,61755.0,212.853
2026-06-08 03:30:00,61754.9,61841.7,61690.3,61835.3,458.945
2026-06-08 03:33:00,61835.4,61872.2,61760.8,61763.0,269.567
2026-06-08 03:36:00,61763.0,61858.1,61713.0,61837.6,221.193
2026-06-08 03:39:00,61837.6,62013.9,61819.3,62013.9,399.547
2026-06-08 03:42:00,62013.8,63781.7,62013.8,63625.4,9455.942
2026-06-08 03:45:00,63625.4,64250.0,63221.7,63407.3,9966.029
2026-06-08 03:48:00,63407.2,63521.5,63041.8,63111.6,2726.055
2026-06-08 03:51:00,63111.5,63194.5,62950.3,62984.8,1571.707
2026-06-08 03:54:00,62984.8,63050.0,62854.6,63032.0,899.813
2026-06-08 03:57:00,63031.9,63097.9,62900.6,62968.2,644.522
2026-06-08 04:00:00,62968.2,63049.9,62780.9,62781.0,663.643
2026-06-08 04:03:00,62781.0,63133.4,62751.3,63105.1,836.87
2026-06-08 04:06:00,63105.1,63376.3,63074.1,63259.9,1426.013
2026-06-08 04:09:00,63259.9,63259.9,62994.6,63016.6,707.925
2026-06-08 04:12:00,63016.6,63154.5,62982.5,63133.3,292.826
2026-06-08 04:15:00,63133.4,63285.7,63116.0,63130.4,455.228
2026-06-08 04:18:00,63130.4,63191.9,63044.3,63128.8,315.636
2026-06-08 04:21:00,63128.8,63172.8,63070.5,63101.3,204.521
2026-06-08 04:24:00,63101.2,63101.6,62820.8,62880.5,504.177
2026-06-08 04:27:00,62880.6,62971.9,62816.0,62833.5,642.009
2026-06-08 04:30:00,62833.0,63034.0,62792.0,62952.1,581.83
2026-06-08 04:33:00,62952.2,62967.2,62769.7,62792.4,582.391
2026-06-08 04:36:00,62792.5,62847.2,62759.5,62827.9,562.424
2026-06-08 04:39:00,62827.9,62900.0,62774.6,62882.4,390.049
2026-06-08 04:42:00,62882.4,62994.0,62807.4,62979.9,314.254
2026-06-08 04:45:00,62980.0,63011.1,62779.2,62795.8,257.505
2026-06-08 04:48:00,62795.8,62921.4,62774.6,62921.4,366.867
2026-06-08 04:51:00,62921.4,62964.0,62819.0,62885.2,208.501
2026-06-08 04:54:00,62885.2,63171.6,62885.1,63161.6,553.888
2026-06-08 04:57:00,63161.6,63254.5,63161.6,63231.2,663.659
2026-06-08 05:00:00,63231.2,63292.8,63146.3,63291.8,510.488
2026-06-08 05:03:00,63291.7,63291.8,63087.4,63088.5,273.224
2026-06-08 05:06:00,63088.6,63218.8,63088.5,63190.1,198.272
2026-06-08 05:09:00,63190.2,63218.1,63140.7,63154.5,120.499
2026-06-08 05:12:00,63154.6,63280.4,63154.6,63265.5,258.991
2026-06-08 05:15:00,63265.6,63369.1,63224.8,63342.1,354.822
2026-06-08 05:18:00,63342.0,63429.9,63177.6,63198.1,729.954
2026-06-08 05:21:00,63198.0,63232.2,63073.6,63141.5,732.145
2026-06-08 05:24:00,63141.5,63199.5,63108.5,63182.8,191.013
2026-06-08 05:27:00,63182.8,63310.5,63178.1,63298.5,264.201
2026-06-08 05:30:00,63299.0,63316.3,63159.5,63168.3,492.013
2026-06-08 05:33:00,63168.2,63279.4,63113.8,63127.2,391.139
2026-06-08 05:36:00,63127.3,63264.2,63127.2,63191.5,400.29
2026-06-08 05:39:00,63191.4,63249.9,63111.3,63142.9,390.65
2026-06-08 05:42:00,63142.9,63225.9,63142.9,63215.4,237.575
2026-06-08 05:45:00,63215.3,63248.4,63134.1,63235.5,270.249
2026-06-08 05:48:00,63235.4,63246.9,63114.2,63206.4,233.291
2026-06-08 05:51:00,63206.3,63269.3,63137.8,63221.7,248.542
2026-06-08 05:54:00,63221.8,63424.4,63215.8,63363.5,498.314
2026-06-08 05:57:00,63363.5,63490.5,63346.1,63472.6,706.432
2026-06-08 06:00:00,63472.6,63584.8,63371.9,63416.6,980.526
2026-06-08 06:03:00,63416.6,63495.8,63386.5,63478.7,448.008
2026-06-08 06:06:00,63478.9,63713.0,63476.2,63654.6,794.827
2026-06-08 06:09:00,63654.6,63849.5,63611.6,63685.0,1860.204
2026-06-08 06:12:00,63685.0,63783.8,63650.3,63687.2,458.657
2026-06-08 06:15:00,63687.2,63698.5,63528.9,63552.6,391.568
2026-06-08 06:18:00,63552.6,63718.0,63536.0,63650.6,272.124
2026-06-08 06:21:00,63650.6,63767.7,63650.6,63720.4,353.961
2026-06-08 06:24:00,63720.5,63720.5,63551.7,63551.7,285.404
2026-06-08 06:27:00,63551.7,63630.4,63517.4,63599.2,240.849
2026-06-08 06:30:00,63599.3,63619.5,63419.0,63470.3,454.439
2026-06-08 06:33:00,63470.2,63483.2,63260.4,63312.8,874.813
2026-06-08 06:36:00,63312.9,63350.0,63275.5,63308.1,629.815
2026-06-08 06:39:00,63308.2,63329.8,63170.4,63205.5,500.26
2026-06-08 06:42:00,63205.5,63232.7,63020.1,63030.9,680.86
2026-06-08 06:45:00,63030.8,63045.1,62919.8,63033.3,1346.441
2026-06-08 06:48:00,63033.3,63149.0,62950.0,62956.9,835.46
2026-06-08 06:51:00,62957.0,63084.8,62950.1,63000.7,526.649
2026-06-08 06:54:00,63000.7,63000.7,62761.7,62918.7,1258.838
2026-06-08 06:57:00,62918.7,62980.0,62711.0,62797.2,916.873
2026-06-08 07:00:00,62797.2,63013.9,62676.8,62935.8,836.71
2026-06-08 07:03:00,62935.9,63071.3,62846.0,63013.7,395.742
2026-06-08 07:06:00,63013.7,63028.2,62922.4,63028.2,353.426
2026-06-08 07:09:00,63028.1,63074.7,62960.3,63052.8,390.697
2026-06-08 07:12:00,63052.8,63099.2,63012.6,63093.1,271.755
2026-06-08 07:15:00,63093.2,63161.5,63066.8,63081.9,561.753
2026-06-08 07:18:00,63081.9,63114.8,62958.6,62980.9,271.571
2026-06-08 07:21:00,62981.0,63143.4,62981.0,63004.5,212.407
2026-06-08 07:24:00,63004.5,63234.1,62985.0,63219.0,321.29
2026-06-08 07:27:00,63219.0,63222.0,63106.2,63188.0,427.473
2026-06-08 07:30:00,63188.0,63238.3,63083.7,63117.8,235.081
2026-06-08 07:33:00,63117.9,63160.3,62994.6,63040.6,173.69
2026-06-08 07:36:00,63040.7,63137.6,62990.6,62995.2,163.38
2026-06-08 07:39:00,62995.3,63080.0,62971.4,63027.4,166.707
2026-06-08 07:42:00,63027.5,63148.6,63023.5,63098.1,126.689
2026-06-08 07:45:00,63098.1,63098.1,62981.2,63038.3,153.957
2026-06-08 07:48:00,63038.2,63038.2,62932.9,62995.8,260.603
2026-06-08 07:51:00,62995.8,63067.9,62995.8,63055.3,120.366
2026-06-08 07:54:00,63055.3,63198.6,63035.6,63179.8,290.886
2026-06-08 07:57:00,63180.0,63187.3,62992.0,63081.3,210.772
2026-06-08 08:00:00,63081.4,63170.5,62976.6,63028.1,452.125
2026-06-08 08:03:00,63028.1,63028.1,62900.0,62900.1,275.539
2026-06-08 08:06:00,62900.0,63053.4,62881.9,63032.5,317.35
2026-06-08 08:09:00,63032.5,63104.1,62979.8,63004.0,436.539
2026-06-08 08:12:00,63004.0,63039.5,62991.3,63038.1,140.264
2026-06-08 08:15:00,63038.0,63038.1,62981.0,62993.7,98.828
2026-06-08 08:18:00,62993.6,63108.3,62912.2,63108.3,304.929
2026-06-08 08:21:00,63108.3,63117.2,63044.9,63048.5,116.926
2026-06-08 08:24:00,63048.6,63090.0,63037.6,63051.8,109.011
2026-06-08 08:27:00,63051.9,63109.7,63040.2,63097.2,130.247
2026-06-08 08:30:00,63097.2,63112.6,63042.3,63042.4,107.792
2026-06-08 08:33:00,63042.3,63055.8,62944.1,62960.1,174.699
2026-06-08 08:36:00,62960.1,63120.5,62957.2,63115.0,279.011
2026-06-08 08:39:00,63115.0,63438.2,63106.4,63287.8,1126.619
2026-06-08 08:42:00,63287.8,63299.1,63220.0,63253.2,292.248
2026-06-08 08:45:00,63253.1,63290.0,63210.6,63227.5,165.808
2026-06-08 08:48:00,63227.5,63246.0,63141.7,63243.0,216.696
2026-06-08 08:51:00,63242.9,63338.1,63203.3,63203.3,258.715
2026-06-08 08:54:00,63203.3,63250.0,63176.4,63194.5,126.143
2026-06-08 08:57:00,63194.6,63219.7,63117.3,63121.9,121.203
2026-06-08 09:00:00,63121.9,63205.4,63119.1,63164.9,125.041
2026-06-08 09:03:00,63164.9,63180.0,63147.0,63158.7,108.763
2026-06-08 09:06:00,63158.6,63162.0,63039.7,63048.2,232.812
2026-06-08 09:09:00,63048.3,63167.8,63043.4,63163.0,139.912
2026-06-08 09:12:00,63163.0,63181.1,63078.3,63120.1,133.982
2026-06-08 09:15:00,63120.0,63141.2,63078.6,63078.6,103.965
2026-06-08 09:18:00,63078.6,63088.5,63050.6,63064.8,96.865
2026-06-08 09:21:00,63064.8,63100.0,63046.4,63091.4,124.103
2026-06-08 09:24:00,63091.3,63150.3,63076.4,63150.0,155.894
2026-06-08 09:27:00,63149.9,63157.7,63082.2,63101.6,120.681
2026-06-08 09:30:00,63101.6,63150.0,63087.4,63087.4,112.305
2026-06-08 09:33:00,63087.4,63088.8,62913.0,62916.9,399.798
2026-06-08 09:36:00,62916.9,62944.9,62771.9,62907.7,642.313
2026-06-08 09:39:00,62907.7,62985.5,62905.4,62939.0,169.755
2026-06-08 09:42:00,62939.1,62981.5,62864.3,62981.5,207.718
2026-06-08 09:45:00,62981.5,63017.8,62902.1,63010.0,221.797
2026-06-08 09:48:00,63010.0,63017.2,62814.1,62830.2,246.364
2026-06-08 09:51:00,62830.2,62921.4,62809.1,62858.9,297.043
2026-06-08 09:54:00,62858.9,62948.9,62843.1,62930.0,104.012
2026-06-08 09:57:00,62929.9,62936.9,62892.1,62909.9,87.925
2026-06-08 10:00:00,62910.0,62962.5,62843.3,62928.5,104.54
2026-06-08 10:03:00,62928.4,62928.4,62758.3,62764.2,341.385
2026-06-08 10:06:00,62764.2,62810.7,62750.0,62755.1,265.162
2026-06-08 10:09:00,62755.2,62785.2,62711.2,62720.8,338.906
2026-06-08 10:12:00,62720.8,62723.7,62616.9,62676.8,705.695
2026-06-08 10:15:00,62676.7,62817.0,62672.9,62783.7,469.111
2026-06-08 10:18:00,62783.7,62860.6,62781.5,62800.1,233.798
2026-06-08 10:21:00,62800.1,62875.6,62725.3,62804.5,346.359
2026-06-08 10:24:00,62804.4,62809.0,62734.6,62779.1,241.311
2026-06-08 10:27:00,62779.1,62779.1,62637.4,62654.7,359.932
2026-06-08 10:30:00,62654.7,62800.0,62654.7,62799.9,245.138
2026-06-08 10:33:00,62800.0,62800.0,62677.0,62677.0,160.986
2026-06-08 10:36:00,62677.0,62677.0,62529.1,62596.5,784.046
2026-06-08 10:39:00,62596.4,62715.1,62577.0,62620.1,265.033
2026-06-08 10:42:00,62620.1,62620.1,62514.6,62550.6,400.487
2026-06-08 10:45:00,62550.7,62622.0,62460.0,62608.9,816.081
2026-06-08 10:48:00,62608.9,62650.0,62581.0,62590.2,284.75
2026-06-08 10:51:00,62590.2,62651.6,62587.7,62601.1,327.06
2026-06-08 10:54:00,62601.1,62631.0,62536.8,62591.6,207.456
2026-06-08 10:57:00,62591.6,62719.8,62586.7,62702.9,446.574
2026-06-08 11:00:00,62703.0,62714.9,62585.9,62613.7,203.415
2026-06-08 11:03:00,62613.7,62672.6,62486.9,62505.1,424.592
2026-06-08 11:06:00,62505.1,62569.2,62418.2,62510.2,497.908
2026-06-08 11:09:00,62510.3,62530.7,62378.5,62404.0,312.27
2026-06-08 11:12:00,62404.1,62508.6,62377.0,62446.7,373.647
2026-06-08 11:15:00,62446.7,62558.0,62426.1,62504.0,281.99
2026-06-08 11:18:00,62503.9,62591.3,62487.1,62580.1,300.861
2026-06-08 11:21:00,62580.1,62661.2,62561.2,62576.5,330.873
2026-06-08 11:24:00,62576.5,62758.7,62576.4,62729.4,461.518
2026-06-08 11:27:00,62729.4,62750.0,62662.8,62740.8,200.484
2026-06-08 11:30:00,62740.8,62936.6,62702.0,62826.0,803.255
2026-06-08 11:33:00,62826.0,62907.2,62795.3,62807.0,315.901
2026-06-08 11:36:00,62807.1,62884.7,62804.0,62855.5,193.912
2026-06-08 11:39:00,62855.4,62952.8,62845.9,62920.9,314.873
2026-06-08 11:42:00,62921.0,62943.0,62885.1,62915.0,161.32
2026-06-08 11:45:00,62915.0,62930.0,62850.0,62916.8,250.16
2026-06-08 11:48:00,62916.8,63119.7,62916.7,63000.0,896.196
2026-06-08 11:51:00,62999.9,63090.0,62981.9,63007.7,245.507
2026-06-08 11:54:00,63007.7,63043.9,62930.9,63007.5,202.131
2026-06-08 11:57:00,63007.5,63069.0,63001.3,63040.1,230.977
2026-06-08 12:00:00,63040.1,63052.0,63004.4,63035.2,154.87
2026-06-08 12:03:00,63035.2,63073.6,62973.2,62978.4,149.495
2026-06-08 12:06:00,62978.4,63016.8,62868.7,62906.1,681.877
2026-06-08 12:09:00,62906.2,62976.7,62902.8,62933.2,130.24
2026-06-08 12:12:00,62933.2,63021.8,62901.9,63002.9,259.845
2026-06-08 12:15:00,63003.0,63015.9,62946.3,62969.1,120.06
2026-06-08 12:18:00,62969.1,62969.1,62900.0,62939.6,206.302
2026-06-08 12:21:00,62939.6,62984.0,62935.2,62977.5,163.852
2026-06-08 12:24:00,62977.4,62987.6,62950.0,62968.7,86.302
2026-06-08 12:27:00,62968.7,62978.9,62916.7,62958.8,110.223
2026-06-08 12:30:00,62958.9,62994.9,62880.0,62890.7,176.347
2026-06-08 12:33:00,62890.7,62953.5,62782.8,62813.0,424.947
2026-06-08 12:36:00,62812.9,62934.7,62779.0,62921.4,267.784
2026-06-08 12:39:00,62921.4,63037.8,62889.6,63025.4,178.663
2026-06-08 12:42:00,63025.3,63178.0,63023.2,63058.6,565.968
2026-06-08 12:45:00,63058.6,63136.0,62944.5,63097.5,384.48
2026-06-08 12:48:00,63097.5,63147.0,63021.6,63130.2,148.967
2026-06-08 12:51:00,63130.2,63196.8,63104.9,63148.2,288.256
2026-06-08 12:54:00,63148.3,63187.0,63117.3,63173.0,231.952
2026-06-08 12:57:00,63172.9,63223.1,63136.6,63152.0,341.114
2026-06-08 13:00:00,63152.1,63248.6,63143.7,63146.7,567.343
2026-06-08 13:03:00,63146.7,63208.7,63129.8,63181.2,192.834
2026-06-08 13:06:00,63181.1,63212.8,63158.0,63175.0,215.554
2026-06-08 13:09:00,63175.0,63246.9,63142.7,63142.7,230.226
2026-06-08 13:12:00,63142.7,63142.7,63052.1,63084.6,217.261
2026-06-08 13:15:00,63084.5,63191.5,63072.6,63189.8,254.35
2026-06-08 13:18:00,63189.8,63320.9,63189.8,63284.5,540.138
2026-06-08 13:21:00,63284.6,63284.6,63209.0,63249.9,217.27
2026-06-08 13:24:00,63250.0,63304.8,63209.0,63277.8,209.203
2026-06-08 13:27:00,63277.9,63300.0,63215.6,63259.9,238.715
2026-06-08 13:30:00,63259.9,63259.9,63032.3,63160.4,528.671
2026-06-08 13:33:00,63160.4,63170.4,63098.8,63133.1,292.345
2026-06-08 13:36:00,63133.1,63200.0,63058.3,63105.2,164.592
2026-06-08 13:39:00,63105.2,63202.1,63070.1,63137.0,190.15
2026-06-08 13:42:00,63137.0,63162.0,63110.9,63159.8,74.224
2026-06-08 13:45:00,63159.8,63194.8,63010.8,63050.9,189.923
2026-06-08 13:48:00,63050.9,63123.1,63012.1,63015.1,143.588
2026-06-08 13:51:00,63015.1,63024.1,62955.7,63022.0,486.244
2026-06-08 13:54:00,63021.9,63089.0,63020.8,63073.4,145.672
2026-06-08 13:57:00,63073.5,63082.0,63001.3,63082.0,176.462
2026-06-08 14:00:00,63082.1,63096.0,63009.6,63085.0,113.099
2026-06-08 14:03:00,63085.0,63173.6,63077.2,63134.7,125.547
2026-06-08 14:06:00,63134.7,63158.8,63090.0,63146.0,104.542
2026-06-08 14:09:00,63146.1,63153.1,63062.2,63093.2,64.988
2026-06-08 14:12:00,63093.3,63156.3,63093.3,63136.6,115.865
2026-06-08 14:15:00,63136.7,63159.2,63019.0,63040.0,124.052
2026-06-08 14:18:00,63039.8,63122.1,63039.5,63049.5,137.208
2026-06-08 14:21:00,63049.6,63056.9,63000.0,63038.9,173.187
2026-06-08 14:24:00,63039.5,63066.5,63028.1,63061.3,76.859
2026-06-08 14:27:00,63061.4,63150.0,63048.7,63100.8,149.661
2026-06-08 14:30:00,63100.9,63205.1,63093.5,63200.2,138.665
2026-06-08 14:33:00,63200.1,63281.0,63193.0,63254.1,500.463
2026-06-08 14:36:00,63254.1,63283.7,63175.1,63204.7,322.199
2026-06-08 14:39:00,63204.8,63239.6,63102.7,63234.0,196.132
2026-06-08 14:42:00,63234.0,63320.0,63223.8,63306.4,311.816
2026-06-08 14:45:00,63306.4,63554.7,63259.9,63409.8,1374.475
2026-06-08 14:48:00,63409.8,63513.6,63388.9,63508.6,382.847
2026-06-08 14:51:00,63508.5,63545.8,63442.0,63462.5,349.912
2026-06-08 14:54:00,63462.4,63467.4,63362.2,63362.2,255.077
2026-06-08 14:57:00,63362.3,63395.4,63348.1,63355.1,226.105
2026-06-08 15:00:00,63355.1,63375.4,63282.5,63312.7,233.909
2026-06-08 15:03:00,63312.7,63312.8,63129.1,63136.2,493.74
2026-06-08 15:06:00,63136.3,63390.0,63136.2,63200.1,956.659
2026-06-08 15:09:00,63200.1,63309.5,63168.1,63179.2,253.741
2026-06-08 15:12:00,63179.2,63343.5,63179.1,63332.9,212.562
2026-06-08 15:15:00,63333.0,63417.7,63299.8,63368.1,254.478
2026-06-08 15:18:00,63368.0,63449.0,63352.1,63444.7,411.155
2026-06-08 15:21:00,63444.8,63444.8,63382.6,63391.8,247.708
2026-06-08 15:24:00,63391.8,63434.0,63386.2,63415.5,135.428
2026-06-08 15:27:00,63415.4,63473.8,63395.4,63469.9,168.532
2026-06-08 15:30:00,63469.9,63525.0,63355.5,63467.7,505.726
2026-06-08 15:33:00,63467.8,63477.5,63373.1,63408.4,155.385
2026-06-08 15:36:00,63408.4,63457.4,63393.7,63403.8,144.306
2026-06-08 15:39:00,63403.7,63422.8,63319.4,63367.5,354.281
2026-06-08 15:42:00,63367.5,63389.7,63332.8,63356.8,228.56
2026-06-08 15:45:00,63356.8,63356.8,63277.4,63278.5,322.462
2026-06-08 15:48:00,63278.5,63288.8,63210.0,63255.2,277.163
2026-06-08 15:51:00,63255.2,63264.3,63188.0,63203.9,176.313
2026-06-08 15:54:00,63203.9,63217.6,63080.4,63092.1,666.793
2026-06-08 15:57:00,63092.1,63125.0,63071.4,63121.5,212.867
2026-06-08 16:00:00,63121.4,63133.4,63099.3,63107.1,179.337
2026-06-08 16:03:00,63107.1,63396.0,63100.0,63229.1,1062.169
2026-06-08 16:06:00,63229.2,63255.9,63180.5,63189.4,308.988
2026-06-08 16:09:00,63189.4,63219.2,63176.4,63189.0,112.465
2026-06-08 16:12:00,63188.9,63236.7,63148.3,63180.7,130.506
2026-06-08 16:15:00,63180.7,63207.8,63053.4,63109.3,287.369
2026-06-08 16:18:00,63109.3,63152.0,63092.4,63140.0,171.117
2026-06-08 16:21:00,63140.0,63147.9,63055.6,63134.0,368.425
2026-06-08 16:24:00,63134.1,63145.0,63053.9,63078.8,312.664
2026-06-08 16:27:00,63078.7,63131.5,63078.7,63131.5,212.772
2026-06-08 16:30:00,63131.4,63137.6,63020.0,63052.5,438.697
2026-06-08 16:33:00,63052.5,63115.9,63040.0,63083.9,145.625
2026-06-08 16:36:00,63083.9,63198.9,63052.4,63167.9,532.716
2026-06-08 16:39:00,63167.9,63448.5,63167.8,63329.8,681.723
2026-06-08 16:42:00,63329.8,63417.3,63314.6,63410.9,302.006
2026-06-08 16:45:00,63410.9,63494.4,63335.7,63387.0,747.327
2026-06-08 16:48:00,63387.0,63547.9,63387.0,63467.2,684.107
2026-06-08 16:51:00,63467.2,63648.5,63467.1,63621.5,797.548
2026-06-08 16:54:00,63621.5,63645.5,63527.8,63603.3,825.081
2026-06-08 16:57:00,63603.3,63604.5,63545.2,63582.3,396.603
2026-06-08 17:00:00,63582.3,63639.1,63551.2,63630.2,380.211
2026-06-08 17:03:00,63630.1,63673.3,63503.4,63670.4,558.585
2026-06-08 17:06:00,63670.3,63861.3,63664.9,63827.1,1674.771
2026-06-08 17:09:00,63827.1,63839.1,63655.5,63679.1,532.496
2026-06-08 17:12:00,63679.0,63705.6,63590.9,63598.5,316.145
2026-06-08 17:15:00,63598.4,63636.5,63471.9,63472.5,486.913
2026-06-08 17:18:00,63472.5,63547.4,63444.0,63496.8,460.518
2026-06-08 17:21:00,63496.8,63499.8,63431.9,63466.9,229.038
2026-06-08 17:24:00,63466.8,63466.9,63380.5,63434.6,373.273
2026-06-08 17:27:00,63434.7,63492.0,63392.1,63450.1,483.798
2026-06-08 17:30:00,63450.1,63631.3,63189.8,63191.2,4045.795
2026-06-08 17:33:00,63191.2,63236.9,62740.7,62814.0,3369.585
2026-06-08 17:36:00,62814.0,63072.7,62755.2,63013.7,1438.467
2026-06-08 17:39:00,63013.8,63069.4,62950.0,63037.2,668.869
2026-06-08 17:42:00,63037.2,63037.2,62658.4,62683.9,935.379
2026-06-08 17:45:00,62683.9,62933.0,62675.6,62922.9,720.683
2026-06-08 17:48:00,62922.9,62964.6,62800.1,62897.2,402.133
2026-06-08 17:51:00,62897.2,62965.4,62819.1,62919.6,1041.609
2026-06-08 17:54:00,62919.6,63023.7,62904.3,62977.1,501.109
2026-06-08 17:57:00,62976.8,63072.8,62962.2,63068.0,513.457
2026-06-08 18:00:00,63067.9,63260.8,63067.9,63161.4,1160.462
2026-06-08 18:03:00,63161.4,63217.0,63151.6,63210.6,304.334
2026-06-08 18:06:00,63210.6,63466.9,63208.1,63320.2,1623.88
2026-06-08 18:09:00,63320.2,63444.4,63320.2,63385.6,637.264
2026-06-08 18:12:00,63385.6,63640.0,63385.5,63609.8,1122.451
2026-06-08 18:15:00,63609.7,63625.0,63501.1,63555.9,464.891
2026-06-08 18:18:00,63556.0,63605.6,63510.4,63510.4,406.361
2026-06-08 18:21:00,63510.4,63588.7,63486.2,63580.7,357.42
2026-06-08 18:24:00,63580.8,63666.0,63534.9,63632.4,428.457
2026-06-08 18:27:00,63632.3,63948.2,63632.3,63844.5,2761.536
2026-06-08 18:30:00,63844.6,63853.7,63712.1,63712.2,882.546
2026-06-08 18:33:00,63712.2,63800.0,63683.0,63706.6,453.02
2026-06-08 18:36:00,63706.5,63822.9,63687.0,63782.2,639.817
2026-06-08 18:39:00,63782.2,63881.9,63738.8,63813.7,447.34
2026-06-08 18:42:00,63813.6,63920.0,63744.1,63748.6,577.986
2026-06-08 18:45:00,63748.6,63800.0,63666.1,63680.3,378.246
2026-06-08 18:48:00,63680.2,63756.3,63639.0,63720.4,761.64
2026-06-08 18:51:00,63720.4,63903.1,63720.4,63738.9,2036.52
2026-06-08 18:54:00,63739.0,63745.5,63583.9,63597.1,590.245
2026-06-08 18:57:00,63597.1,63627.0,63540.0,63563.0,383.379
2026-06-08 19:00:00,63563.0,63641.5,63330.4,63393.5,1443.916
2026-06-08 19:03:00,63393.5,63676.0,63331.1,63657.0,872.624
2026-06-08 19:06:00,63656.6,63749.8,63480.1,63557.3,787.377
2026-06-08 19:09:00,63557.3,63598.9,63423.0,63473.9,477.213
2026-06-08 19:12:00,63474.0,63574.5,63410.6,63456.4,515.977
2026-06-08 19:15:00,63456.4,63666.1,63447.0,63505.2,499.157
2026-06-08 19:18:00,63505.2,63567.9,63384.6,63523.2,475.021
2026-06-08 19:21:00,63523.2,63850.9,63523.2,63777.1,718.043
2026-06-08 19:24:00,63777.2,63799.6,63657.2,63766.3,509.139
2026-06-08 19:27:00,63766.3,63783.3,63650.0,63720.6,341.574
2026-06-08 19:30:00,63720.5,63837.8,63650.7,63658.4,535.575
2026-06-08 19:33:00,63658.3,63720.5,63531.9,63600.2,445.285
2026-06-08 19:36:00,63600.2,63773.0,63575.4,63772.9,344.097
2026-06-08 19:39:00,63772.9,63837.0,63693.7,63810.2,422.163
2026-06-08 19:42:00,63810.1,63877.9,63770.0,63838.3,458.248
2026-06-08 19:45:00,63838.2,63844.4,63570.9,63672.6,968.777
2026-06-08 19:48:00,63672.6,63794.6,63629.0,63744.5,396.543
2026-06-08 19:51:00,63744.6,63839.0,63688.6,63839.0,429.85
2026-06-08 19:54:00,63839.0,63855.0,63652.5,63715.2,395.201
2026-06-08 19:57:00,63715.2,63834.5,63705.4,63725.1,317.178
2026-06-08 20:00:00,63725.1,63866.2,63723.2,63859.9,378.348
2026-06-08 20:03:00,63859.9,63914.3,63776.6,63801.4,522.132
2026-06-08 20:06:00,63801.3,63869.1,63744.4,63798.6,431.402
2026-06-08 20:09:00,63798.6,63888.0,63754.1,63828.6,674.31
2026-06-08 20:12:00,63828.3,63884.8,63753.5,63865.7,266.935
2026-06-08 20:15:00,63865.7,63914.3,63847.1,63881.8,471.398
2026-06-08 20:18:00,63881.8,63898.2,63788.2,63841.2,303.493
2026-06-08 20:21:00,63841.2,63906.1,63805.4,63846.2,305.828
2026-06-08 20:24:00,63846.3,63914.3,63826.7,63900.4,364.793
2026-06-08 20:27:00,63900.4,64075.6,63900.1,63933.7,2380.052
2026-06-08 20:30:00,63933.7,64079.2,63901.8,64043.8,699.293
2026-06-08 20:33:00,64043.8,64081.6,63840.4,63952.6,732.857
2026-06-08 20:36:00,63952.5,64020.2,63951.9,64018.7,327.924
2026-06-08 20:39:00,64018.7,64086.3,63985.3,64065.9,382.553
2026-06-08 20:42:00,64066.0,64178.6,64065.9,64155.4,1518.238
2026-06-08 20:45:00,64155.4,64169.5,63900.5,63906.3,858.417
2026-06-08 20:48:00,63906.3,64179.5,63901.8,64070.4,868.289
2026-06-08 20:51:00,64070.5,64099.6,64017.2,64056.1,484.32
2026-06-08 20:54:00,64056.2,64119.7,63983.2,63991.2,349.012
2026-06-08 20:57:00,63991.3,64084.8,63962.0,63966.1,416.718
2026-06-08 21:00:00,63966.0,63981.4,63829.9,63911.6,986.449
2026-06-08 21:03:00,63911.6,63927.2,63774.1,63788.9,893.057
2026-06-08 21:06:00,63788.9,63938.6,63774.5,63831.8,563.982
2026-06-08 21:09:00,63831.8,63869.0,63780.0,63799.8,279.249
2026-06-08 21:12:00,63799.9,63849.8,63756.1,63841.4,354.801
2026-06-08 21:15:00,63841.3,63849.4,63785.2,63821.5,214.377
2026-06-08 21:18:00,63821.4,63830.4,63760.0,63808.1,261.286
2026-06-08 21:21:00,63808.1,63996.4,63786.0,63885.1,595.837
2026-06-08 21:24:00,63885.0,63893.0,63773.6,63778.1,262.314
2026-06-08 21:27:00,63778.1,63778.1,63673.0,63745.4,538.564
2026-06-08 21:30:00,63745.3,63806.3,63642.1,63803.2,592.008
2026-06-08 21:33:00,63803.2,63869.2,63765.1,63853.7,263.648
2026-06-08 21:36:00,63853.8,63908.0,63761.9,63780.2,545.978
2026-06-08 21:39:00,63780.3,63848.3,63751.8,63844.4,124.127
2026-06-08 21:42:00,63844.3,63867.4,63761.1,63768.7,152.394
2026-06-08 21:45:00,63768.8,63883.8,63762.6,63871.0,135.455
2026-06-08 21:48:00,63870.9,63962.1,63870.1,63938.2,240.131
2026-06-08 21:51:00,63938.1,63976.8,63874.6,63917.3,387.697
2026-06-08 21:54:00,63917.4,64029.5,63917.3,63990.3,677.064
2026-06-08 21:57:00,63990.3,63990.3,63826.3,63836.8,422.256
2026-06-08 22:00:00,63836.8,63850.6,63730.0,63766.2,274.168
2026-06-08 22:03:00,63766.2,63784.8,63604.3,63617.0,620.487
2026-06-08 22:06:00,63616.9,63671.7,63550.5,63551.4,509.31
2026-06-08 22:09:00,63551.4,63739.8,63551.4,63725.2,434.995
2026-06-08 22:12:00,63725.2,63728.3,63592.9,63655.1,221.202
2026-06-08 22:15:00,63655.1,63667.2,63530.5,63604.2,627.592
2026-06-08 22:18:00,63604.2,63630.0,63550.6,63562.4,227.696
2026-06-08 22:21:00,63562.5,63574.4,63507.5,63537.4,365.021
2026-06-08 22:24:00,63537.4,63544.9,63463.9,63493.6,422.392
2026-06-08 22:27:00,63493.6,63526.2,63430.6,63496.8,363.76
2026-06-08 22:30:00,63496.8,63552.0,63353.7,63363.8,835.123
2026-06-08 22:33:00,63363.8,63544.2,63270.9,63519.8,1391.273
2026-06-08 22:36:00,63519.8,63558.1,63457.5,63491.8,335.243
2026-06-08 22:39:00,63491.7,63502.1,63340.0,63399.8,168.993
2026-06-08 22:42:00,63399.7,63448.1,63283.9,63322.9,939.987
2026-06-08 22:45:00,63323.0,63460.0,63322.9,63455.2,322.27
2026-06-08 22:48:00,63455.2,63463.6,63376.8,63460.0,231.091
2026-06-08 22:51:00,63460.1,63518.5,63460.0,63492.9,270.304
2026-06-08 22:54:00,63492.9,63594.4,63465.2,63570.4,268.175
2026-06-08 22:57:00,63570.4,63620.0,63515.0,63598.7,423.601
2026-06-08 23:00:00,63598.6,63598.7,63374.6,63417.8,361.958
2026-06-08 23:03:00,63417.8,63417.8,63300.0,63324.3,285.51
2026-06-08 23:06:00,63324.2,63417.5,63313.3,63417.5,188.66
2026-06-08 23:09:00,63417.5,63423.2,63261.0,63283.3,326.589
2026-06-08 23:12:00,63283.3,63364.3,63209.6,63347.2,645.499
2026-06-08 23:15:00,63347.2,63450.0,63347.2,63419.3,218.423
2026-06-08 23:18:00,63419.4,63476.2,63395.0,63457.3,159.37
2026-06-08 23:21:00,63457.2,63499.4,63436.6,63495.1,121.679
2026-06-08 23:24:00,63495.0,63499.3,63431.2,63463.6,75.105
2026-06-08 23:27:00,63463.6,63525.7,63463.5,63519.2,273.699
2026-06-08 23:30:00,63519.1,63614.0,63519.1,63609.3,290.66
2026-06-08 23:33:00,63609.2,63609.3,63542.6,63581.7,154.132
2026-06-08 23:36:00,63581.5,63609.2,63481.6,63520.8,200.494
2026-06-08 23:39:00,63520.8,63600.0,63501.7,63501.7,106.316
2026-06-08 23:42:00,63501.8,63593.9,63477.8,63560.8,259.673
2026-06-08 23:45:00,63560.8,63598.9,63500.6,63500.7,88.476
2026-06-08 23:48:00,63500.7,63541.8,63494.5,63516.4,88.387
2026-06-08 23:51:00,63516.4,63581.0,63497.5,63540.6,91.198
2026-06-08 23:54:00,63540.5,63568.5,63503.7,63540.9,66.744
2026-06-08 23:57:00,63540.9,63628.9,63522.2,63612.8,99.969
2026-06-09 00:00:00,63612.7,63659.1,63488.7,63557.5,255.971
2026-06-09 00:03:00,63557.4,63581.0,63472.6,63491.5,164.523
2026-06-09 00:06:00,63491.5,63491.5,63411.0,63455.3,114.098
2026-06-09 00:09:00,63455.3,63476.2,63394.0,63457.3,148.038
2026-06-09 00:12:00,63457.4,63515.2,63457.4,63461.7,120.008
2026-06-09 00:15:00,63461.6,63490.0,63365.5,63379.6,193.544
2026-06-09 00:18:00,63379.5,63386.3,63305.0,63332.2,321.053
2026-06-09 00:21:00,63332.3,63428.0,63320.6,63389.1,181.658
2026-06-09 00:24:00,63389.0,63473.2,63358.4,63471.1,166.462
2026-06-09 00:27:00,63471.7,63490.5,63407.7,63438.0,96.641
2026-06-09 00:30:00,63438.0,63500.0,63400.0,63499.9,105.848
2026-06-09 00:33:00,63499.9,63529.0,63435.0,63470.3,114.165
2026-06-09 00:36:00,63470.2,63517.7,63433.0,63452.4,82.459
2026-06-09 00:39:00,63452.3,63456.6,63349.1,63401.7,198.074
2026-06-09 00:42:00,63401.7,63482.0,63391.1,63393.4,123.578
2026-06-09 00:45:00,63393.4,63402.4,63332.1,63376.8,133.294
2026-06-09 00:48:00,63376.7,63503.3,63333.3,63478.4,310.685
2026-06-09 00:51:00,63478.4,63541.7,63424.6,63426.0,168.608
2026-06-09 00:54:00,63426.0,63472.7,63402.3,63446.4,104.2
2026-06-09 00:57:00,63446.4,63529.2,63446.4,63502.3,87.335
2026-06-09 01:00:00,63502.4,63572.1,63473.2,63473.3,206.0
2026-06-09 01:03:00,63473.3,63534.2,63457.4,63503.1,132.178
2026-06-09 01:06:00,63503.0,63505.4,63442.9,63476.1,68.168
2026-06-09 01:09:00,63476.1,63476.2,63401.0,63445.7,109.086
2026-06-09 01:12:00,63445.8,63496.2,63445.8,63450.1,78.603
2026-06-09 01:15:00,63450.1,63502.8,63422.0,63488.0,79.903
2026-06-09 01:18:00,63488.0,63523.5,63450.7,63488.6,199.246
2026-06-09 01:21:00,63488.6,63494.5,63363.0,63392.5,151.655
2026-06-09 01:24:00,63392.5,63422.9,63350.0,63376.8,130.335
2026-06-09 01:27:00,63376.8,63391.6,63317.7,63348.2,520.236
2026-06-09 01:30:00,63348.3,63406.0,63312.7,63338.2,222.173
2026-06-09 01:33:00,63338.2,63388.3,63331.1,63371.3,88.126
2026-06-09 01:36:00,63371.2,63393.9,63330.6,63338.3,95.734
2026-06-09 01:39:00,63338.3,63354.4,63266.3,63333.5,243.215
2026-06-09 01:42:00,63333.6,63352.0,63164.8,63224.3,683.789
2026-06-09 01:45:00,63224.4,63254.2,63120.4,63148.9,689.156
2026-06-09 01:48:00,63148.9,63219.0,63148.9,63196.0,250.019
2026-06-09 01:51:00,63195.9,63290.3,63174.1,63280.1,386.273
2026-06-09 01:54:00,63280.0,63280.1,63201.0,63239.1,274.238
2026-06-09 01:57:00,63239.2,63268.2,63130.7,63150.9,449.378
2026-06-09 02:00:00,63150.9,63248.4,63149.8,63221.9,196.145
2026-06-09 02:03:00,63222.0,63274.9,63205.9,63253.5,166.718
2026-06-09 02:06:00,63253.6,63291.9,63253.0,63291.1,106.153
2026-06-09 02:09:00,63291.0,63388.0,63291.0,63379.2,198.63
2026-06-09 02:12:00,63379.2,63379.2,63318.3,63355.2,74.996
2026-06-09 02:15:00,63355.1,63394.6,63334.6,63334.6,107.602
2026-06-09 02:18:00,63334.7,63400.0,63334.7,63367.4,88.624
2026-06-09 02:21:00,63367.5,63395.9,63361.1,63383.5,58.149
2026-06-09 02:24:00,63383.5,63431.5,63382.5,63431.5,80.143
2026-06-09 02:27:00,63431.5,63459.3,63407.2,63459.1,104.107
2026-06-09 02:30:00,63459.1,63548.5,63455.1,63542.7,335.147
2026-06-09 02:33:00,63542.7,63615.6,63522.1,63568.1,331.81
2026-06-09 02:36:00,63568.1,63721.3,63542.8,63675.0,636.724
2026-06-09 02:39:00,63675.1,63773.4,63671.1,63684.3,440.336
2026-06-09 02:42:00,63684.3,63736.8,63672.6,63691.7,134.185
2026-06-09 02:45:00,63691.7,63723.5,63631.8,63639.3,248.729
2026-06-09 02:48:00,63639.2,63716.3,63583.7,63699.3,212.801
2026-06-09 02:51:00,63699.4,63706.6,63614.2,63662.3,136.97
2026-06-09 02:54:00,63662.4,63744.5,63657.0,63717.2,113.449
2026-06-09 02:57:00,63717.2,63717.2,63662.3,63685.6,56.326
2026-06-09 03:00:00,63685.6,63696.0,63600.0,63643.6,119.013
2026-06-09 03:03:00,63643.6,63723.2,63643.6,63706.8,186.662
2026-06-09 03:06:00,63706.8,63757.4,63706.7,63709.1,148.638
2026-06-09 03:09:00,63709.0,63760.6,63695.6,63744.3,81.301
2026-06-09 03:12:00,63744.4,63832.5,63744.3,63801.7,314.824
2026-06-09 03:15:00,63801.6,63808.2,63715.5,63728.1,116.779
2026-06-09 03:18:00,63728.1,63763.0,63728.0,63757.8,86.943
2026-06-09 03:21:00,63757.8,63757.8,63713.7,63714.1,64.752
2026-06-09 03:24:00,63713.7,63728.0,63694.1,63712.4,121.577
2026-06-09 03:27:00,63712.3,63763.9,63690.7,63690.8,143.475
2026-06-09 03:30:00,63690.7,63690.7,63481.2,63510.9,640.41
2026-06-09 03:33:00,63510.8,63548.3,63480.5,63494.4,565.111
2026-06-09 03:36:00,63494.4,63515.5,63427.2,63456.3,451.289
2026-06-09 03:39:00,63456.1,63456.1,63379.9,63396.8,291.787
2026-06-09 03:42:00,63396.8,63420.7,63250.0,63257.0,451.017
2026-06-09 03:45:00,63257.0,63299.0,63230.0,63259.3,422.063
2026-06-09 03:48:00,63259.3,63274.3,63171.2,63270.2,401.83
2026-06-09 03:51:00,63270.2,63418.4,63262.2,63364.8,514.738
2026-06-09 03:54:00,63364.8,63364.8,63252.1,63294.0,283.909
2026-06-09 03:57:00,63294.0,63345.0,63286.6,63328.9,215.198
2026-06-09 04:00:00,63328.9,63359.3,63273.4,63343.2,212.118
2026-06-09 04:03:00,63343.1,63343.3,63205.6,63305.3,260.12
2026-06-09 04:06:00,63305.3,63341.2,63286.0,63308.3,217.008
2026-06-09 04:09:00,63308.4,63308.4,63265.3,63266.7,99.984
2026-06-09 04:12:00,63266.7,63277.7,63235.6,63265.9,128.527
2026-06-09 04:15:00,63265.9,63280.2,63215.5,63215.6,109.742
2026-06-09 04:18:00,63215.6,63307.5,63192.7,63297.7,174.314
2026-06-09 04:21:00,63297.7,63310.0,63271.3,63293.4,98.307
2026-06-09 04:24:00,63293.3,63367.8,63284.2,63323.0,251.451
2026-06-09 04:27:00,63322.9,63430.1,63296.4,63407.5,247.889
2026-06-09 04:30:00,63407.6,63480.7,63369.7,63381.3,196.469
2026-06-09 04:33:00,63381.3,63433.9,63366.0,63370.9,87.652
2026-06-09 04:36:00,63371.0,63513.6,63371.0,63513.5,197.953
2026-06-09 04:39:00,63513.6,63555.9,63431.1,63467.8,274.681
2026-06-09 04:42:00,63467.8,63555.9,63454.6,63551.8,136.881
2026-06-09 04:45:00,63551.7,63567.6,63258.3,63258.3,315.836
2026-06-09 04:48:00,63258.2,63270.6,63050.0,63105.1,759.0
2026-06-09 04:51:00,63105.1,63197.9,63040.9,63145.2,308.68
2026-06-09 04:54:00,63145.2,63189.5,63053.5,63089.3,218.927
2026-06-09 04:57:00,63089.3,63148.0,63078.1,63116.1,151.654
2026-06-09 05:00:00,63116.1,63136.1,62979.7,63065.2,671.01
2026-06-09 05:03:00,63065.2,63082.0,63002.5,63043.3,195.505
2026-06-09 05:06:00,63043.2,63170.2,63043.2,63129.2,213.79
2026-06-09 05:09:00,63129.1,63158.6,63069.3,63158.5,113.091
2026-06-09 05:12:00,63158.6,63168.6,63081.1,63107.0,163.501
2026-06-09 05:15:00,63106.9,63106.9,62983.5,62994.1,341.687
2026-06-09 05:18:00,62994.0,63028.2,62939.7,63019.5,425.174
2026-06-09 05:21:00,63019.4,63052.5,62996.2,63012.8,185.209
2026-06-09 05:24:00,63012.6,63050.0,62965.6,63050.0,229.119
2026-06-09 05:27:00,63049.9,63097.0,63040.4,63057.9,223.777
2026-06-09 05:30:00,63057.9,63126.5,63021.9,63119.3,287.265
2026-06-09 05:33:00,63119.3,63119.3,62988.1,63022.0,259.859
2026-06-09 05:36:00,63022.1,63100.0,62991.5,63055.2,211.667
2026-06-09 05:39:00,63055.3,63055.3,62982.6,63003.3,247.042
2026-06-09 05:42:00,63003.0,63041.6,62962.1,62974.7,200.509
2026-06-09 05:45:00,62974.7,63157.3,62948.2,63065.6,340.083
2026-06-09 05:48:00,63065.6,63109.4,62966.7,63010.0,203.664
2026-06-09 05:51:00,63009.9,63024.0,62851.3,62937.3,758.729
2026-06-09 05:54:00,62937.2,62937.3,62806.3,62933.0,994.667
2026-06-09 05:57:00,62932.9,62932.9,62638.4,62698.3,3323.838
2026-06-09 06:00:00,62698.3,62742.7,62525.0,62570.8,1788.885
2026-06-09 06:03:00,62570.7,62736.4,62562.4,62645.1,633.954
2026-06-09 06:06:00,62645.2,62688.5,62540.0,62544.4,493.303
2026-06-09 06:09:00,62544.5,62664.9,62540.6,62660.2,322.474
2026-06-09 06:12:00,62660.2,62734.3,62616.2,62677.5,846.276
2026-06-09 06:15:00,62677.6,62677.6,62460.4,62466.8,1201.663
2026-06-09 06:18:00,62466.7,62488.2,62381.2,62393.5,1470.929
2026-06-09 06:21:00,62393.6,62542.1,62393.5,62535.5,619.483
2026-06-09 06:24:00,62535.5,62608.1,62490.6,62540.1,858.622
2026-06-09 06:27:00,62540.1,62545.7,62450.0,62522.6,884.798
2026-06-09 06:30:00,62522.6,62687.4,62513.5,62648.8,952.009
2026-06-09 06:33:00,62648.7,62698.4,62591.0,62638.8,574.675
2026-06-09 06:36:00,62638.8,62686.3,62513.0,62558.4,436.25
2026-06-09 06:39:00,62558.5,62670.0,62558.5,62616.3,237.7
2026-06-09 06:42:00,62616.3,62680.0,62614.9,62626.8,211.345
2026-06-09 06:45:00,62626.7,62708.0,62586.8,62685.5,430.014
2026-06-09 06:48:00,62685.4,62698.2,62622.8,62691.7,274.011
2026-06-09 06:51:00,62691.7,62836.0,62665.2,62751.8,508.504
2026-06-09 06:54:00,62751.8,62788.8,62720.1,62759.9,295.214
2026-06-09 06:57:00,62760.0,62832.7,62750.0,62750.0,318.685
2026-06-09 07:00:00,62750.1,62800.0,62723.5,62758.9,199.643
2026-06-09 07:03:00,62758.9,62846.6,62738.3,62758.7,220.922
2026-06-09 07:06:00,62758.7,62815.8,62663.0,62681.7,317.645
2026-06-09 07:09:00,62681.7,62787.2,62675.0,62749.4,166.639
2026-06-09 07:12:00,62749.3,62765.5,62626.6,62677.8,290.606
2026-06-09 07:15:00,62677.8,62768.4,62677.7,62765.7,125.47
2026-06-09 07:18:00,62765.7,62827.3,62707.8,62712.3,161.779
2026-06-09 07:21:00,62712.3,62770.3,62667.5,62750.1,119.715
2026-06-09 07:24:00,62750.1,62762.1,62722.3,62748.4,73.513
2026-06-09 07:27:00,62748.4,62777.9,62731.3,62732.9,123.919
2026-06-09 07:30:00,62732.8,62824.8,62731.3,62787.9,163.746
2026-06-09 07:33:00,62788.1,62837.3,62696.8,62735.9,235.643
2026-06-09 07:36:00,62736.0,62798.7,62707.4,62780.3,129.478
2026-06-09 07:39:00,62780.3,62808.9,62712.7,62761.8,97.197
2026-06-09 07:42:00,62761.9,62761.9,62701.8,62706.5,147.224
2026-06-09 07:45:00,62706.5,62706.6,62588.1,62658.1,760.161
2026-06-09 07:48:00,62658.1,62658.1,62541.8,62553.5,342.015
2026-06-09 07:51:00,62553.5,62669.6,62545.4,62658.0,290.83
2026-06-09 07:54:00,62658.0,62716.3,62605.2,62630.1,136.674
2026-06-09 07:57:00,62630.1,62754.3,62626.6,62751.7,190.826
2026-06-09 08:00:00,62751.7,62806.3,62716.5,62731.7,172.292
2026-06-09 08:03:00,62731.8,62765.7,62585.3,62610.4,164.927
2026-06-09 08:06:00,62610.4,62633.2,62506.8,62532.7,275.657
2026-06-09 08:09:00,62532.7,62645.1,62519.2,62628.2,249.123
2026-06-09 08:12:00,62628.2,62646.8,62580.0,62629.3,249.447
2026-06-09 08:15:00,62629.2,62747.3,62629.2,62696.1,234.193
2026-06-09 08:18:00,62696.1,62737.5,62650.2,62650.2,111.891
2026-06-09 08:21:00,62650.0,62703.8,62619.2,62694.3,141.519
2026-06-09 08:24:00,62694.3,62794.6,62694.2,62790.5,155.533
2026-06-09 08:27:00,62790.5,62849.5,62780.9,62840.0,241.788
2026-06-09 08:30:00,62839.9,62914.2,62802.9,62813.9,561.353
2026-06-09 08:33:00,62813.9,62845.0,62776.5,62830.9,226.73
2026-06-09 08:36:00,62830.9,62869.7,62798.8,62805.6,141.202
2026-06-09 08:39:00,62805.7,62841.5,62780.3,62841.5,75.215
2026-06-09 08:42:00,62841.5,62894.0,62828.0,62879.5,252.923
2026-06-09 08:45:00,62879.5,62940.0,62876.8,62899.3,411.773
2026-06-09 08:48:00,62899.4,62945.8,62837.2,62872.0,371.788
2026-06-09 08:51:00,62872.0,62878.6,62780.0,62798.6,144.06
2026-06-09 08:54:00,62798.6,62798.6,62739.2,62790.4,216.406
2026-06-09 08:57:00,62790.2,62818.2,62766.5,62770.8,79.643
2026-06-09 09:00:00,62770.7,62830.7,62686.9,62732.0,206.572
2026-06-09 09:03:00,62731.9,62737.9,62664.3,62728.9,156.212
2026-06-09 09:06:00,62728.8,62746.4,62672.0,62680.1,95.183
2026-06-09 09:09:00,62680.1,62755.4,62680.0,62751.5,156.322
2026-06-09 09:12:00,62751.4,62801.2,62715.1,62791.7,108.122
2026-06-09 09:15:00,62791.7,62791.7,62737.6,62745.3,105.552
2026-06-09 09:18:00,62745.4,62818.0,62735.6,62764.0,164.849
2026-06-09 09:21:00,62764.1,62769.6,62720.0,62730.4,70.33
2026-06-09 09:24:00,62730.4,62733.5,62710.0,62729.4,36.246
2026-06-09 09:27:00,62729.4,62864.6,62729.4,62841.0,266.903
2026-06-09 09:30:00,62841.1,62849.7,62779.8,62812.0,126.572
2026-06-09 09:33:00,62811.9,62849.0,62715.4,62741.4,116.479
2026-06-09 09:36:00,62741.5,62864.0,62717.6,62862.0,188.398
2026-06-09 09:39:00,62862.0,62968.4,62850.0,62929.6,517.571
2026-06-09 09:42:00,62929.7,62936.1,62875.9,62876.0,171.505
2026-06-09 09:45:00,62875.9,62881.9,62841.0,62855.5,119.489
2026-06-09 09:48:00,62855.4,62877.5,62805.0,62877.5,146.455
2026-06-09 09:51:00,62877.5,62884.0,62824.2,62824.2,83.088
2026-06-09 09:54:00,62823.9,62835.5,62808.7,62811.8,65.685
2026-06-09 09:57:00,62811.8,62811.8,62760.2,62760.3,109.323
2026-06-09 10:00:00,62760.2,62820.9,62731.1,62794.0,141.822
2026-06-09 10:03:00,62794.0,63268.2,62777.8,63172.5,2722.487
2026-06-09 10:06:00,63172.6,63360.0,63145.2,63270.7,1272.651
2026-06-09 10:09:00,63270.7,63371.2,63218.3,63223.0,659.545
2026-06-09 10:12:00,63223.1,63232.7,63170.6,63213.5,546.319
2026-06-09 10:15:00,63213.6,63348.3,63183.7,63294.2,554.788
2026-06-09 10:18:00,63294.2,63402.0,63270.3,63344.7,637.158
2026-06-09 10:21:00,63344.7,63344.8,63221.7,63301.8,693.538
2026-06-09 10:24:00,63301.8,63312.5,63260.8,63260.9,171.859
2026-06-09 10:27:00,63260.8,63260.9,63213.7,63213.7,461.208
2026-06-09 10:30:00,63213.8,63244.5,63171.9,63173.8,270.657
2026-06-09 10:33:00,63173.7,63285.6,63163.4,63229.6,405.834
2026-06-09 10:36:00,63229.6,63229.7,63088.0,63103.7,417.912
2026-06-09 10:39:00,63103.7,63139.2,63089.5,63122.0,115.12
2026-06-09 10:42:00,63122.0,63245.7,63105.6,63223.8,207.33
2026-06-09 10:45:00,63223.7,63335.7,63223.7,63308.2,347.678
2026-06-09 10:48:00,63308.2,63322.0,63290.1,63295.0,129.759
2026-06-09 10:51:00,63295.0,63321.2,63270.3,63301.8,322.357
2026-06-09 10:54:00,63301.8,63326.6,63269.8,63297.7,110.494
2026-06-09 10:57:00,63297.7,63302.6,63280.0,63285.0,80.218
2026-06-09 11:00:00,63285.1,63397.0,63277.0,63393.5,348.826
2026-06-09 11:03:00,63393.6,63499.9,63369.8,63468.0,667.505
2026-06-09 11:06:00,63468.1,63489.9,63372.6,63404.7,331.391
2026-06-09 11:09:00,63404.8,63437.4,63369.8,63390.0,252.506
2026-06-09 11:12:00,63389.9,63427.3,63333.7,63347.9,224.916
2026-06-09 11:15:00,63348.0,63398.0,63340.0,63391.0,206.576
2026-06-09 11:18:00,63391.1,63423.1,63334.1,63352.2,265.21
2026-06-09 11:21:00,63352.3,63434.6,63322.9,63404.0,350.583
2026-06-09 11:24:00,63404.1,63409.9,63282.3,63299.0,316.822
2026-06-09 11:27:00,63299.0,63338.1,63286.3,63318.5,259.655
2026-06-09 11:30:00,63318.5,63345.3,63250.4,63284.5,386.568
2026-06-09 11:33:00,63284.6,63378.9,63273.1,63378.9,198.706
2026-06-09 11:36:00,63378.9,63400.8,63303.9,63367.2,444.105
2026-06-09 11:39:00,63367.3,63390.8,63289.6,63369.2,181.229
2026-06-09 11:42:00,63369.3,63373.8,63329.2,63348.3,88.191
2026-06-09 11:45:00,63348.2,63379.5,63319.0,63379.5,156.033
2026-06-09 11:48:00,63379.5,63417.4,63342.5,63417.4,224.112
2026-06-09 11:51:00,63417.4,63471.8,63408.1,63471.7,309.67
2026-06-09 11:54:00,63471.6,63487.1,63382.6,63423.4,268.521
2026-06-09 11:57:00,63423.4,63427.8,63383.2,63409.9,121.886
2026-06-09 12:00:00,63409.8,63444.5,63342.6,63345.4,641.804
2026-06-09 12:03:00,63345.3,63384.9,63343.6,63359.5,108.418
2026-06-09 12:06:00,63359.6,63390.0,63345.2,63375.0,129.182
2026-06-09 12:09:00,63374.9,63408.2,63296.2,63304.7,174.384
2026-06-09 12:12:00,63304.8,63331.4,63300.0,63326.7,174.414
2026-06-09 12:15:00,63326.8,63390.8,63326.7,63361.5,186.537
2026-06-09 12:18:00,63361.6,63379.1,63255.0,63257.6,290.252
2026-06-09 12:21:00,63257.6,63268.4,63202.6,63220.3,447.162
2026-06-09 12:24:00,63220.3,63285.3,63209.6,63257.9,156.477
2026-06-09 12:27:00,63257.9,63279.7,63246.4,63279.4,103.396
2026-06-09 12:30:00,63279.5,63370.0,63279.5,63308.5,174.406
2026-06-09 12:33:00,63308.5,63387.9,63308.4,63311.7,151.271
2026-06-09 12:36:00,63311.8,63400.0,63293.8,63397.2,166.831
2026-06-09 12:39:00,63397.3,63424.0,63391.1,63391.4,145.627
2026-06-09 12:42:00,63391.3,63393.4,63270.1,63271.7,115.117
2026-06-09 12:45:00,63271.7,63317.7,63233.2,63289.6,183.046
2026-06-09 12:48:00,63289.5,63344.0,63289.5,63300.9,133.34
2026-06-09 12:51:00,63300.9,63320.0,63282.4,63293.5,101.057
2026-06-09 12:54:00,63293.5,63293.7,63183.9,63184.3,202.384
2026-06-09 12:57:00,63184.4,63184.4,62970.6,62999.9,2454.413
2026-06-09 13:00:00,62999.9,63152.7,62999.9,63126.8,707.085
2026-06-09 13:03:00,63126.8,63140.2,63078.0,63088.8,309.762
2026-06-09 13:06:00,63088.8,63131.4,63051.4,63109.8,217.922
2026-06-09 13:09:00,63109.8,63179.7,63109.8,63174.9,122.948
2026-06-09 13:12:00,63174.8,63178.5,63150.5,63161.2,119.275
2026-06-09 13:15:00,63161.3,63188.8,63140.6,63159.3,106.776
2026-06-09 13:18:00,63159.2,63167.3,63136.4,63166.2,159.22
2026-06-09 13:21:00,63166.1,63175.4,63087.0,63158.9,214.4
2026-06-09 13:24:00,63158.8,63172.2,63148.4,63161.9,122.266
2026-06-09 13:27:00,63161.9,63174.1,63152.1,63170.8,108.287
2026-06-09 13:30:00,63170.9,63183.0,63081.1,63087.1,213.706
2026-06-09 13:33:00,63087.2,63124.7,62925.2,62968.0,831.125
2026-06-09 13:36:00,62967.9,62971.8,62646.0,62912.0,2156.442
2026-06-09 13:39:00,62912.0,62912.0,62731.2,62792.0,1289.349
2026-06-09 13:42:00,62792.0,62922.8,62792.0,62893.9,467.55
2026-06-09 13:45:00,62893.9,62935.9,62866.1,62866.2,277.645
2026-06-09 13:48:00,62866.1,62916.7,62850.1,62911.1,220.397
2026-06-09 13:51:00,62910.9,62935.7,62857.2,62920.1,198.643
2026-06-09 13:54:00,62920.1,62954.8,62888.7,62918.6,155.234
2026-06-09 13:57:00,62918.6,62920.0,62840.1,62840.1,116.717
2026-06-09 14:00:00,62840.1,62899.7,62768.8,62863.7,345.842
2026-06-09 14:03:00,62863.7,62918.2,62846.6,62891.0,123.473
2026-06-09 14:06:00,62890.9,62922.5,62850.7,62903.5,167.804
2026-06-09 14:09:00,62903.5,62956.0,62891.7,62948.7,191.388
2026-06-09 14:12:00,62948.7,62985.7,62936.2,62949.2,157.699
2026-06-09 14:15:00,62949.2,62976.2,62888.0,62914.7,221.658
2026-06-09 14:18:00,62914.6,62914.6,62825.1,62878.4,362.4
2026-06-09 14:21:00,62878.3,62950.0,62867.9,62877.1,241.496
2026-06-09 14:24:00,62877.1,62912.8,62807.5,62812.5,258.931
2026-06-09 14:27:00,62812.4,62831.1,62800.0,62816.9,269.041
2026-06-09 14:30:00,62817.0,62863.2,62800.0,62821.5,166.895
2026-06-09 14:33:00,62821.2,62821.2,62787.6,62815.0,129.758
2026-06-09 14:36:00,62815.0,62825.4,62666.5,62690.3,379.412
2026-06-09 14:39:00,62690.4,62776.0,62690.3,62737.9,323.683
2026-06-09 14:42:00,62737.9,62836.1,62734.4,62829.8,191.225
2026-06-09 14:45:00,62829.8,62910.0,62824.5,62858.9,386.683
2026-06-09 14:48:00,62858.9,62923.7,62856.5,62860.0,284.802
2026-06-09 14:51:00,62860.0,62916.1,62850.0,62850.0,214.885
2026-06-09 14:54:00,62850.1,62850.1,62820.0,62833.1,102.493
2026-06-09 14:57:00,62833.0,62841.1,62781.8,62781.8,289.914
2026-06-09 15:00:00,62781.7,62781.8,62703.1,62723.8,229.542
2026-06-09 15:03:00,62723.8,62732.0,62574.3,62657.3,1153.783
2026-06-09 15:06:00,62657.3,62707.8,62555.5,62604.1,509.967
2026-06-09 15:09:00,62604.1,62630.9,62574.6,62630.8,242.436
2026-06-09 15:12:00,62630.9,62649.8,62602.2,62643.4,134.147
2026-06-09 15:15:00,62643.4,62670.6,62632.0,62651.1,186.534
2026-06-09 15:18:00,62651.1,62665.3,62611.8,62647.3,232.202
2026-06-09 15:21:00,62647.4,62670.7,62631.3,62661.8,86.423
2026-06-09 15:24:00,62661.9,62674.5,62627.1,62674.5,109.507
2026-06-09 15:27:00,62674.4,62695.5,62674.4,62682.5,128.496
2026-06-09 15:30:00,62682.6,62736.1,62666.7,62703.7,229.418
2026-06-09 15:33:00,62703.7,62768.6,62703.7,62768.6,206.032
2026-06-09 15:36:00,62768.6,62768.6,62560.9,62613.4,797.198
2026-06-09 15:39:00,62613.3,62672.0,62576.7,62655.8,198.22
2026-06-09 15:42:00,62655.9,62746.4,62643.1,62745.6,176.113
2026-06-09 15:45:00,62745.4,62745.4,62673.0,62719.7,115.456
2026-06-09 15:48:00,62719.4,62741.0,62677.6,62741.0,127.459
2026-06-09 15:51:00,62740.9,62745.9,62665.2,62689.6,116.838
2026-06-09 15:54:00,62689.7,62745.9,62681.0,62730.2,90.56
2026-06-09 15:57:00,62730.1,62737.7,62692.9,62706.7,73.269
2026-06-09 16:00:00,62706.8,62728.8,62650.0,62673.2,121.117
2026-06-09 16:03:00,62673.1,62673.1,62602.0,62656.6,106.683
2026-06-09 16:06:00,62656.6,62696.9,62629.6,62650.3,82.003
2026-06-09 16:09:00,62650.3,62653.4,62625.9,62653.4,49.659
2026-06-09 16:12:00,62653.4,62692.6,62640.0,62669.3,107.981
2026-06-09 16:15:00,62669.0,62681.6,62613.3,62665.1,169.15
2026-06-09 16:18:00,62665.2,62674.0,62631.7,62633.6,59.5
2026-06-09 16:21:00,62633.7,62750.0,62630.3,62660.0,278.407
2026-06-09 16:24:00,62660.1,62802.7,62657.0,62785.5,751.974
2026-06-09 16:27:00,62785.4,62785.7,62750.0,62750.0,158.729
2026-06-09 16:30:00,62750.0,62786.9,62647.3,62653.0,227.192
2026-06-09 16:33:00,62653.0,62653.1,62520.9,62564.7,842.158
2026-06-09 16:36:00,62564.7,62647.3,62550.2,62624.4,165.171
2026-06-09 16:39:00,62624.4,62630.0,62548.4,62573.5,248.013
2026-06-09 16:42:00,62573.6,62583.5,62457.5,62493.9,741.68
2026-06-09 16:45:00,62493.9,62527.4,62490.2,62509.0,391.74
2026-06-09 16:48:00,62509.0,62517.6,62490.4,62494.1,229.633
2026-06-09 16:51:00,62494.0,62564.1,62460.7,62555.5,430.578
2026-06-09 16:54:00,62555.5,62609.4,62520.5,62543.1,356.229
2026-06-09 16:57:00,62543.1,62575.8,62543.0,62562.8,62.69
2026-06-09 17:00:00,62562.9,62603.7,62540.3,62569.2,232.389
2026-06-09 17:03:00,62569.2,62596.3,62557.2,62581.6,75.583
2026-06-09 17:06:00,62581.7,62581.7,62489.0,62523.5,153.851
2026-06-09 17:09:00,62523.4,62595.7,62520.4,62595.7,182.829
2026-06-09 17:12:00,62595.7,62640.9,62594.6,62596.1,249.029
2026-06-09 17:15:00,62596.0,62622.0,62589.0,62606.6,81.083
2026-06-09 17:18:00,62606.5,62618.7,62555.0,62606.6,171.656
2026-06-09 17:21:00,62606.6,62612.6,62581.2,62607.9,152.579
2026-06-09 17:24:00,62608.0,62609.0,62536.4,62579.8,171.975
2026-06-09 17:27:00,62579.9,62700.8,62579.8,62679.4,1640.655
2026-06-09 17:30:00,62679.5,62759.2,62658.4,62743.0,730.709
2026-06-09 17:33:00,62743.1,62834.1,62722.8,62757.7,577.502
2026-06-09 17:36:00,62757.6,62868.2,62753.6,62812.9,498.441
2026-06-09 17:39:00,62813.0,62827.6,62760.1,62776.6,157.092
2026-06-09 17:42:00,62776.7,62811.1,62696.9,62803.4,283.26
2026-06-09 17:45:00,62803.4,62818.0,62712.8,62755.9,166.245
2026-06-09 17:48:00,62755.8,62772.6,62734.5,62735.0,145.85
2026-06-09 17:51:00,62734.9,62735.0,62630.1,62632.5,209.925
2026-06-09 17:54:00,62632.5,62723.0,62632.5,62716.1,164.112
2026-06-09 17:57:00,62716.1,62716.2,62607.8,62622.1,184.312
2026-06-09 18:00:00,62622.1,62644.8,62582.7,62620.9,239.323
2026-06-09 18:03:00,62620.6,62620.6,62507.5,62552.2,343.972
2026-06-09 18:06:00,62552.3,62634.5,62529.4,62550.7,272.335
2026-06-09 18:09:00,62550.8,62585.8,62525.8,62545.6,203.225
2026-06-09 18:12:00,62545.6,62559.1,62481.3,62486.7,397.364
2026-06-09 18:15:00,62486.7,62529.7,62404.0,62500.4,746.803
2026-06-09 18:18:00,62500.4,62568.0,62500.3,62568.0,218.463
2026-06-09 18:21:00,62568.0,62588.0,62517.2,62546.0,177.081
2026-06-09 18:24:00,62546.0,62572.8,62527.2,62537.7,150.035
2026-06-09 18:27:00,62537.8,62645.2,62520.9,62611.6,229.603
2026-06-09 18:30:00,62611.6,62717.7,62568.5,62607.5,429.62
2026-06-09 18:33:00,62607.5,62665.7,62550.1,62664.7,244.904
2026-06-09 18:36:00,62664.7,62670.0,62600.5,62649.1,239.595
2026-06-09 18:39:00,62649.2,62649.9,62614.8,62620.7,104.476
2026-06-09 18:42:00,62620.8,62623.5,62511.9,62528.7,156.381
2026-06-09 18:45:00,62528.8,62543.4,62468.5,62469.9,300.924
2026-06-09 18:48:00,62469.9,62469.9,62288.0,62375.2,2028.823
2026-06-09 18:51:00,62375.3,62376.4,62248.7,62277.2,841.595
2026-06-09 18:54:00,62277.1,62313.1,62234.5,62262.0,650.586
2026-06-09 18:57:00,62262.3,62340.0,62262.3,62314.4,488.503
2026-06-09 19:00:00,62314.4,62485.2,62250.6,62420.5,978.014
2026-06-09 19:03:00,62420.5,62427.6,62252.5,62316.8,835.479
2026-06-09 19:06:00,62316.7,62316.7,62129.0,62223.6,1813.072
2026-06-09 19:09:00,62223.5,62285.1,62125.0,62244.4,671.802
2026-06-09 19:12:00,62244.4,62445.5,62243.9,62406.1,848.205
2026-06-09 19:15:00,62406.2,62424.2,62318.1,62381.7,542.82
2026-06-09 19:18:00,62381.7,62508.8,62314.5,62314.5,602.811
2026-06-09 19:21:00,62314.5,62512.9,62300.0,62384.3,946.48
2026-06-09 19:24:00,62384.3,62384.3,62255.1,62335.1,383.122
2026-06-09 19:27:00,62335.1,62377.2,62235.0,62244.4,428.706
2026-06-09 19:30:00,62244.4,62371.6,62236.6,62290.1,571.153
2026-06-09 19:33:00,62290.2,62329.9,62088.0,62171.1,1077.706
2026-06-09 19:36:00,62171.1,62253.4,62080.8,62194.0,1100.935
2026-06-09 19:39:00,62193.9,62203.6,61900.0,62070.1,2704.988
2026-06-09 19:42:00,62070.1,62143.5,61971.5,61986.9,1005.284
2026-06-09 19:45:00,61986.8,62055.7,61826.0,61861.4,1985.919
2026-06-09 19:48:00,61861.3,61876.3,61658.0,61707.9,2561.788
2026-06-09 19:51:00,61707.8,61821.7,61620.0,61757.9,2331.292
2026-06-09 19:54:00,61757.9,61876.0,61688.4,61755.1,1202.207
2026-06-09 19:57:00,61755.0,61793.8,61517.6,61572.2,2084.194
2026-06-09 20:00:00,61572.2,61616.6,61451.0,61574.7,2853.148
2026-06-09 20:03:00,61574.6,61692.6,61400.0,61446.1,2620.312
2026-06-09 20:06:00,61446.4,61511.1,61376.0,61423.6,1364.577
2026-06-09 20:09:00,61423.7,61510.0,61336.4,61468.2,1090.232
2026-06-09 20:12:00,61468.1,61473.0,61284.4,61329.8,1533.924
2026-06-09 20:15:00,61329.8,61349.9,61075.9,61134.4,3174.704
2026-06-09 20:18:00,61134.4,61243.2,61126.1,61205.4,1720.833
2026-06-09 20:21:00,61205.3,61348.9,61201.8,61259.8,1565.603
2026-06-09 20:24:00,61259.9,61408.8,61251.6,61297.6,1694.127
2026-06-09 20:27:00,61297.7,61519.9,61297.7,61511.6,1372.673
2026-06-09 20:30:00,61511.6,61537.4,61300.1,61354.9,1163.282
2026-06-09 20:33:00,61355.0,61477.7,61346.3,61380.6,681.578
2026-06-09 20:36:00,61380.5,61578.5,61375.1,61569.4,930.728
2026-06-09 20:39:00,61569.3,61668.9,61562.0,61586.0,1354.938
2026-06-09 20:42:00,61586.0,61680.9,61495.1,61620.7,856.828
2026-06-09 20:45:00,61620.7,61679.9,61550.0,61560.6,556.601
2026-06-09 20:48:00,61560.6,61620.7,61530.0,61590.3,488.507
2026-06-09 20:51:00,61590.3,61591.1,61362.6,61375.8,831.176
2026-06-09 20:54:00,61375.8,61466.2,61375.8,61412.1,436.218
2026-06-09 20:57:00,61412.0,61445.5,61269.0,61273.4,827.528
2026-06-09 21:00:00,61273.3,61397.5,61210.3,61212.6,769.886
2026-06-09 21:03:00,61212.6,61387.9,61200.0,61374.1,695.679
2026-06-09 21:06:00,61374.1,61379.5,61176.2,61208.1,1131.72
2026-06-09 21:09:00,61208.1,61386.4,61201.9,61317.2,743.653
2026-06-09 21:12:00,61317.2,61399.6,61276.3,61292.9,383.586
2026-06-09 21:15:00,61292.9,61344.3,61200.0,61224.9,713.546
2026-06-09 21:18:00,61225.0,61314.9,61222.0,61243.5,295.218
2026-06-09 21:21:00,61243.5,61387.8,61226.5,61253.0,577.311
2026-06-09 21:24:00,61253.3,61253.3,61034.4,61041.6,1760.673
2026-06-09 21:27:00,61041.7,61149.8,61001.0,61100.7,1346.402
2026-06-09 21:30:00,61100.6,61191.2,61081.0,61087.7,1254.984
2026-06-09 21:33:00,61087.6,61109.5,60929.0,60965.4,2087.592
2026-06-09 21:36:00,60965.5,61040.4,60911.0,60929.4,1427.593
2026-06-09 21:39:00,60929.4,61100.0,60908.8,61097.8,1098.434
2026-06-09 21:42:00,61097.8,61120.8,60968.8,60977.3,843.635
2026-06-09 21:45:00,60977.3,61008.4,60909.2,60920.5,808.423
2026-06-09 21:48:00,60920.6,61014.2,60827.7,60916.8,1592.6
2026-06-09 21:51:00,60916.8,61059.1,60876.1,61032.3,1356.709
2026-06-09 21:54:00,61032.3,61107.2,60890.0,60890.1,1178.919
2026-06-09 21:57:00,60890.1,61033.2,60890.1,61019.6,415.526
2026-06-09 22:00:00,61019.5,61135.4,60987.7,61131.3,839.618
2026-06-09 22:03:00,61131.3,61220.0,61071.7,61205.2,942.384
2026-06-09 22:06:00,61205.2,61297.1,60867.1,60879.1,2402.176
2026-06-09 22:09:00,60879.1,61040.0,60755.0,61000.6,3764.931
2026-06-09 22:12:00,61000.2,61230.7,60978.0,61217.2,1135.28
2026-06-09 22:15:00,61217.2,61430.0,61201.4,61375.1,2185.283
2026-06-09 22:18:00,61375.2,61375.2,61243.0,61292.9,1054.798
2026-06-09 22:21:00,61292.9,61360.7,61136.8,61251.7,727.098
2026-06-09 22:24:00,61251.8,61320.0,61150.0,61288.2,480.621
2026-06-09 22:27:00,61288.2,61490.0,61281.6,61367.5,1313.315
2026-06-09 22:30:00,61367.5,61527.6,61367.5,61489.8,1497.981
2026-06-09 22:33:00,61489.8,61659.3,61470.7,61546.8,2053.38
2026-06-09 22:36:00,61546.8,61564.7,61400.0,61411.5,713.72
2026-06-09 22:39:00,61411.3,61539.3,61367.0,61534.5,521.843
2026-06-09 22:42:00,61534.4,61637.3,61470.0,61577.7,440.133
2026-06-09 22:45:00,61577.7,61790.0,61550.6,61732.3,1057.009
2026-06-09 22:48:00,61732.2,61860.0,61725.6,61799.2,1418.888
2026-06-09 22:51:00,61799.2,61853.9,61702.0,61717.4,818.74
2026-06-09 22:54:00,61717.5,61783.2,61645.6,61698.4,421.763
2026-06-09 22:57:00,61698.3,61787.0,61692.3,61718.7,314.281
2026-06-09 23:00:00,61718.7,61759.8,61658.8,61746.0,406.726
2026-06-09 23:03:00,61746.0,61819.7,61705.8,61729.2,337.223
2026-06-09 23:06:00,61729.2,61774.8,61691.2,61734.2,373.765
2026-06-09 23:09:00,61734.2,61809.0,61685.4,61788.4,244.119
2026-06-09 23:12:00,61788.4,61789.9,61657.1,61660.8,211.907
2026-06-09 23:15:00,61660.9,61671.3,61602.2,61609.0,503.194
2026-06-09 23:18:00,61609.0,61673.5,61568.1,61673.3,504.764
2026-06-09 23:21:00,61673.4,61825.0,61628.0,61655.1,422.769
2026-06-09 23:24:00,61655.1,61731.2,61644.1,61704.4,254.601
2026-06-09 23:27:00,61704.0,61719.5,61657.4,61667.1,115.827
2026-06-09 23:30:00,61667.2,61749.7,61654.5,61662.7,296.066
2026-06-09 23:33:00,61662.6,61700.0,61580.2,61690.1,430.19
2026-06-09 23:36:00,61690.1,61800.0,61661.4,61777.0,283.261
2026-06-09 23:39:00,61777.0,61790.0,61650.1,61666.8,301.79
2026-06-09 23:42:00,61666.8,61741.2,61657.2,61719.8,197.855
2026-06-09 23:45:00,61719.8,61789.0,61678.1,61731.1,184.512
2026-06-09 23:48:00,61731.1,61939.0,61731.0,61823.0,1047.88
2026-06-09 23:51:00,61823.2,61853.1,61717.4,61760.1,275.612
2026-06-09 23:54:00,61760.2,61795.2,61630.1,61630.2,206.576
2026-06-09 23:57:00,61630.2,61749.0,61627.8,61704.8,166.91
2026-06-10 00:00:00,61704.8,61783.9,61656.5,61661.5,183.974
2026-06-10 00:03:00,61661.4,61745.8,61661.4,61708.8,186.704
2026-06-10 00:06:00,61708.8,61798.4,61708.8,61738.1,141.793
2026-06-10 00:09:00,61738.1,61764.6,61674.4,61687.3,313.994
2026-06-10 00:12:00,61687.2,61701.6,61563.3,61576.7,398.59
2026-06-10 00:15:00,61576.7,61661.2,61576.7,61628.5,241.02
2026-06-10 00:18:00,61628.5,61669.1,61619.6,61653.5,186.077
2026-06-10 00:21:00,61653.3,61724.3,61653.3,61706.6,160.06
2026-06-10 00:24:00,61706.5,61724.8,61641.8,61723.4,214.294
2026-06-10 00:27:00,61723.4,61800.0,61723.4,61756.1,230.895
2026-06-10 00:30:00,61756.2,61780.0,61702.5,61767.1,130.199
2026-06-10 00:33:00,61767.1,61890.0,61748.0,61837.3,388.923
2026-06-10 00:36:00,61837.3,61838.8,61765.0,61808.7,224.591
2026-06-10 00:39:00,61808.8,61838.3,61759.0,61767.6,264.132
2026-06-10 00:42:00,61767.7,61805.7,61744.8,61745.0,95.231
2026-06-10 00:45:00,61745.0,61759.3,61685.0,61736.6,202.511
2026-06-10 00:48:00,61736.6,61833.0,61712.8,61792.4,159.413
2026-06-10 00:51:00,61792.5,61848.5,61761.1,61830.4,161.568
2026-06-10 00:54:00,61830.5,61887.3,61780.8,61780.8,182.108
2026-06-10 00:57:00,61780.8,61845.5,61746.0,61844.2,97.138
2026-06-10 01:00:00,61844.2,62028.2,61820.6,61934.5,1101.531
2026-06-10 01:03:00,61934.5,61993.2,61895.2,61956.9,233.311
2026-06-10 01:06:00,61956.9,61959.9,61861.5,61863.5,220.484
2026-06-10 01:09:00,61863.4,61870.0,61730.7,61790.7,338.703
2026-06-10 01:12:00,61790.6,61866.2,61755.9,61852.3,166.501
2026-06-10 01:15:00,61852.4,61866.2,61762.1,61762.1,298.472
2026-06-10 01:18:00,61762.2,61974.7,61731.5,61974.6,479.669
2026-06-10 01:21:00,61974.5,62062.1,61945.8,61987.3,476.165
2026-06-10 01:24:00,61987.4,62071.0,61951.5,62046.1,376.411
2026-06-10 01:27:00,62046.1,62079.5,62026.7,62068.8,435.713
2026-06-10 01:30:00,62068.9,62099.9,61920.9,61938.9,669.139
2026-06-10 01:33:00,61938.8,62078.6,61936.4,62035.9,242.17
2026-06-10 01:36:00,62035.8,62061.2,61994.4,61995.7,157.436
2026-06-10 01:39:00,61995.7,62085.1,61988.1,62085.0,219.97
2026-06-10 01:42:00,62085.0,62187.9,62081.5,62186.8,781.052
2026-06-10 01:45:00,62186.8,62253.2,62112.9,62123.8,801.212
2026-06-10 01:48:00,62123.8,62167.0,62010.7,62011.0,227.129
2026-06-10 01:51:00,62010.9,62018.7,61973.1,61974.8,196.451
2026-06-10 01:54:00,61974.8,62006.9,61970.4,62000.0,97.341
2026-06-10 01:57:00,62000.0,62089.1,61999.9,62061.7,260.28
2026-06-10 02:00:00,62061.7,62061.7,61950.0,61970.1,188.454
2026-06-10 02:03:00,61970.1,62023.7,61970.0,62002.2,111.257
2026-06-10 02:06:00,62002.3,62106.4,62002.2,62068.0,122.016
2026-06-10 02:09:00,62068.0,62085.3,62036.8,62085.2,66.489
2026-06-10 02:12:00,62085.3,62155.4,62085.3,62099.7,124.484
2026-06-10 02:15:00,62099.7,62108.0,62031.2,62050.9,132.307
2026-06-10 02:18:00,62050.9,62061.6,62022.2,62025.6,72.282
2026-06-10 02:21:00,62025.6,62050.0,62015.0,62047.4,73.623
2026-06-10 02:24:00,62047.5,62087.6,62043.2,62061.7,85.258
2026-06-10 02:27:00,62061.7,62132.3,62061.7,62132.3,74.496
2026-06-10 02:30:00,62132.3,62149.8,62053.1,62055.0,278.086
2026-06-10 02:33:00,62055.1,62068.0,62007.9,62040.8,351.18
2026-06-10 02:36:00,62040.8,62110.6,62040.8,62062.6,100.231
2026-06-10 02:39:00,62062.6,62105.2,62062.6,62097.3,60.88
2026-06-10 02:42:00,62097.2,62139.2,62066.8,62109.3,496.871
2026-06-10 02:45:00,62109.3,62117.7,62004.4,62004.6,126.696
2026-06-10 02:48:00,62004.6,62012.8,61863.5,61875.8,710.356
2026-06-10 02:51:00,61875.8,61902.9,61791.3,61888.8,890.781
2026-06-10 02:54:00,61888.9,61906.1,61802.5,61811.6,311.161
2026-06-10 02:57:00,61811.6,61814.3,61738.1,61777.0,535.039
2026-06-10 03:00:00,61776.9,61841.4,61737.6,61779.8,354.955
2026-06-10 03:03:00,61779.7,61843.7,61779.7,61791.1,340.15
2026-06-10 03:06:00,61791.2,61866.3,61791.2,61859.3,106.516
2026-06-10 03:09:00,61859.4,61880.9,61815.5,61849.3,105.915
2026-06-10 03:12:00,61849.4,61849.8,61750.8,61767.0,183.293
2026-06-10 03:15:00,61767.0,61809.7,61720.0,61783.3,239.903
2026-06-10 03:18:00,61783.2,61800.0,61769.4,61778.6,110.085
2026-06-10 03:21:00,61778.7,61790.4,61688.0,61695.2,246.009
2026-06-10 03:24:00,61695.3,61697.5,61671.9,61689.0,181.424
2026-06-10 03:27:00,61689.0,61750.0,61660.0,61732.2,174.08
2026-06-10 03:30:00,61732.5,61748.4,61660.7,61675.7,136.047
2026-06-10 03:33:00,61675.6,61695.0,61633.0,61676.3,185.03
2026-06-10 03:36:00,61676.4,61708.2,61630.2,61708.2,175.934
2026-06-10 03:39:00,61708.2,61720.0,61690.4,61720.0,73.295
2026-06-10 03:42:00,61720.0,61823.3,61711.3,61803.8,230.223
2026-06-10 03:45:00,61803.8,61869.3,61776.8,61776.8,166.837
2026-06-10 03:48:00,61776.9,61918.0,61776.9,61917.9,213.761
2026-06-10 03:51:00,61918.0,61918.0,61830.2,61851.0,130.197
2026-06-10 03:54:00,61850.9,61862.0,61756.0,61762.8,122.493
2026-06-10 03:57:00,61762.8,61786.7,61753.1,61786.6,52.55
2026-06-10 04:00:00,61786.7,61880.0,61748.1,61880.0,153.71
2026-06-10 04:03:00,61880.0,61945.4,61848.6,61909.3,216.698
2026-06-10 04:06:00,61909.2,61922.0,61775.0,61833.0,173.734
2026-06-10 04:09:00,61832.9,61864.0,61747.5,61757.8,101.353
2026-06-10 04:12:00,61758.0,61833.7,61753.4,61822.3,112.669
2026-06-10 04:15:00,61822.2,61850.0,61798.2,61819.0,121.871
2026-06-10 04:18:00,61818.9,61819.0,61722.1,61726.8,165.239
2026-06-10 04:21:00,61726.7,61760.0,61657.0,61667.4,336.337
2026-06-10 04:24:00,61667.4,61753.4,61667.4,61675.2,232.068
2026-06-10 04:27:00,61675.1,61694.9,61637.8,61688.0,149.514
2026-06-10 04:30:00,61687.9,61743.1,61650.0,61730.0,192.661
2026-06-10 04:33:00,61729.9,61762.0,61684.2,61708.9,188.585
2026-06-10 04:36:00,61708.9,61769.8,61671.1,61765.1,202.518
2026-06-10 04:39:00,61765.0,61765.1,61613.0,61647.1,223.061
2026-06-10 04:42:00,61647.0,61736.4,61641.8,61713.9,122.681
2026-06-10 04:45:00,61713.9,61835.7,61691.6,61800.0,245.906
2026-06-10 04:48:00,61800.1,61850.0,61738.8,61836.5,156.38
2026-06-10 04:51:00,61836.4,61836.5,61713.8,61713.8,130.518
2026-06-10 04:54:00,61713.8,61788.2,61713.5,61769.8,91.365
2026-06-10 04:57:00,61769.8,61776.3,61640.3,61657.6,191.641
2026-06-10 05:00:00,61657.6,61694.5,61613.0,61675.5,159.634
2026-06-10 05:03:00,61675.8,61700.0,61519.0,61547.5,541.734
2026-06-10 05:06:00,61547.6,61600.8,61526.4,61548.0,279.926
2026-06-10 05:09:00,61548.0,61595.2,61548.0,61563.0,183.307
2026-06-10 05:12:00,61563.0,61614.4,61563.0,61607.3,115.412
2026-06-10 05:15:00,61607.4,61653.8,61586.6,61610.1,127.953
2026-06-10 05:18:00,61610.1,61631.4,61555.2,61581.7,177.403
2026-06-10 05:21:00,61581.6,61722.0,61559.4,61690.3,146.954
2026-06-10 05:24:00,61690.3,61714.8,61650.8,61671.9,118.498
2026-06-10 05:27:00,61671.9,61695.0,61647.4,61695.0,92.623
2026-06-10 05:30:00,61694.9,61770.3,61664.3,61764.7,286.072
2026-06-10 05:33:00,61764.7,61850.0,61750.9,61848.1,281.558
2026-06-10 05:36:00,61848.1,61864.0,61746.9,61761.0,189.365
2026-06-10 05:39:00,61761.0,61821.5,61730.0,61799.6,145.691
2026-06-10 05:42:00,61799.6,61824.6,61710.4,61803.7,170.833
2026-06-10 05:45:00,61803.8,61814.2,61710.0,61740.0,119.626
2026-06-10 05:48:00,61740.0,61795.0,61713.3,61713.3,119.051
2026-06-10 05:51:00,61713.3,61755.0,61690.6,61719.5,106.698
2026-06-10 05:54:00,61719.6,61769.6,61716.0,61726.1,74.435
2026-06-10 05:57:00,61726.2,61840.0,61714.0,61819.9,128.817
2026-06-10 06:00:00,61820.0,61843.1,61667.7,61668.0,125.575
2026-06-10 06:03:00,61668.0,61668.0,61556.0,61559.0,407.37
2026-06-10 06:06:00,61559.0,61634.5,61428.6,61606.5,754.477
2026-06-10 06:09:00,61606.4,61606.5,61464.2,61465.8,209.262
2026-06-10 06:12:00,61465.8,61544.4,61404.6,61491.3,356.627
2026-06-10 06:15:00,61491.4,61580.9,61465.4,61577.7,296.052
2026-06-10 06:18:00,61577.7,61666.0,61542.0,61591.1,255.046
2026-06-10 06:21:00,61591.2,61671.5,61577.9,61671.5,100.21
2026-06-10 06:24:00,61671.4,61783.9,61671.4,61778.6,280.423
2026-06-10 06:27:00,61778.5,61908.9,61778.5,61886.5,660.436
2026-06-10 06:30:00,61886.5,61918.5,61846.2,61865.0,358.331
2026-06-10 06:33:00,61864.9,61947.4,61827.8,61830.0,288.651
2026-06-10 06:36:00,61830.1,61839.6,61722.5,61737.5,241.953
2026-06-10 06:39:00,61737.5,61770.0,61638.8,61726.2,386.094
2026-06-10 06:42:00,61726.1,61819.0,61726.1,61797.4,188.429
2026-06-10 06:45:00,61797.3,61850.0,61755.6,61831.6,241.142
2026-06-10 06:48:00,61831.5,61860.0,61750.4,61761.2,190.727
2026-06-10 06:51:00,61761.1,61790.8,61720.0,61738.3,233.868
2026-06-10 06:54:00,61738.2,61806.9,61710.2,61783.9,247.233
2026-06-10 06:57:00,61784.0,61840.1,61751.0,61799.7,153.516
2026-06-10 07:00:00,61799.6,61835.0,61714.4,61834.5,220.606
2026-06-10 07:03:00,61834.4,61861.4,61779.6,61824.2,167.228
2026-06-10 07:06:00,61824.3,61824.3,61605.1,61642.0,267.894
2026-06-10 07:09:00,61642.0,61736.0,61614.5,61621.2,134.234
2026-06-10 07:12:00,61621.3,61636.8,61544.2,61604.9,209.076
2026-06-10 07:15:00,61604.8,61661.4,61580.0,61614.1,157.082
2026-06-10 07:18:00,61614.0,61816.7,61614.0,61750.4,220.592
2026-06-10 07:21:00,61750.4,61757.8,61687.0,61731.6,156.105
2026-06-10 07:24:00,61731.6,61761.3,61710.0,61712.1,83.493
2026-06-10 07:27:00,61712.0,61721.1,61649.7,61680.7,106.004
2026-06-10 07:30:00,61680.7,61807.9,61676.9,61780.9,244.96
2026-06-10 07:33:00,61781.0,61781.0,61605.6,61647.6,165.257
2026-06-10 07:36:00,61647.6,61689.4,61602.4,61603.1,268.608
2026-06-10 07:39:00,61603.1,61626.2,61544.7,61544.7,328.521
2026-06-10 07:42:00,61544.7,61561.1,61510.0,61526.7,280.329
2026-06-10 07:45:00,61527.0,61544.4,61305.5,61372.8,1093.971
2026-06-10 07:48:00,61372.8,61446.5,61331.8,61435.7,357.441
2026-06-10 07:51:00,61435.7,61487.6,61428.3,61431.5,178.298
2026-06-10 07:54:00,61431.6,61480.6,61331.8,61338.9,238.476
2026-06-10 07:57:00,61339.0,61466.0,61325.4,61466.0,209.613
2026-06-10 08:00:00,61466.0,61522.3,61270.4,61323.3,434.175
2026-06-10 08:03:00,61323.4,61345.9,61262.0,61298.3,316.011
2026-06-10 08:06:00,61298.2,61406.5,61264.2,61386.9,269.316
2026-06-10 08:09:00,61386.9,61395.2,61288.0,61330.3,343.475
2026-06-10 08:12:00,61330.4,61370.7,61271.0,61342.2,278.464
2026-06-10 08:15:00,61342.1,61354.0,61238.9,61259.0,312.356
2026-06-10 08:18:00,61258.9,61308.4,61215.0,61229.0,333.419
2026-06-10 08:21:00,61228.9,61257.3,61204.0,61214.1,309.759
2026-06-10 08:24:00,61214.1,61275.3,61201.0,61268.2,235.037
2026-06-10 08:27:00,61268.2,61315.0,61262.4,61271.3,233.278
2026-06-10 08:30:00,61271.4,61357.9,61250.0,61344.1,273.201
2026-06-10 08:33:00,61344.1,61431.0,61312.5,61430.9,187.459
2026-06-10 08:36:00,61431.0,61452.4,61373.0,61436.1,187.253
2026-06-10 08:39:00,61436.1,61452.5,61377.2,61412.7,141.368
2026-06-10 08:42:00,61412.6,61421.2,61378.8,61402.0,94.684
2026-06-10 08:45:00,61402.0,61458.4,61368.9,61388.1,162.649
2026-06-10 08:48:00,61388.0,61394.7,61306.0,61326.6,173.566
2026-06-10 08:51:00,61326.6,61385.7,61317.4,61368.3,104.395
2026-06-10 08:54:00,61368.2,61415.6,61363.4,61407.0,115.529
2026-06-10 08:57:00,61406.9,61571.1,61406.9,61540.0,497.661
2026-06-10 09:00:00,61540.0,61540.0,61423.2,61423.3,220.503
2026-06-10 09:03:00,61423.2,61484.8,61405.7,61435.3,248.353
2026-06-10 09:06:00,61435.3,61525.7,61414.4,61522.9,211.648
2026-06-10 09:09:00,61522.8,61522.9,61432.7,61432.8,83.264
2026-06-10 09:12:00,61432.8,61504.6,61432.8,61496.1,103.074
2026-06-10 09:15:00,61496.2,61545.1,61489.2,61505.9,196.976
2026-06-10 09:18:00,61505.9,61559.7,61455.7,61455.7,205.426
2026-06-10 09:21:00,61455.8,61505.4,61454.7,61487.9,96.973
2026-06-10 09:24:00,61488.0,61518.6,61476.1,61494.6,78.196
2026-06-10 09:27:00,61494.5,61521.7,61477.2,61518.2,90.457
2026-06-10 09:30:00,61518.3,61535.0,61473.0,61487.5,150.717
2026-06-10 09:33:00,61487.4,61496.4,61426.1,61475.7,115.247
2026-06-10 09:36:00,61475.7,61503.3,61453.8,61503.2,134.032
2026-06-10 09:39:00,61503.3,61534.2,61441.8,61443.1,144.238
2026-06-10 09:42:00,61443.0,61492.4,61406.0,61473.6,96.368
2026-06-10 09:45:00,61473.7,61500.0,61463.1,61470.1,140.653
2026-06-10 09:48:00,61470.1,61520.0,61459.8,61504.2,74.525
2026-06-10 09:51:00,61504.2,61504.2,61425.8,61478.6,72.678
2026-06-10 09:54:00,61478.7,61500.0,61455.7,61485.4,60.284
2026-06-10 09:57:00,61485.4,61485.4,61422.0,61440.8,66.335
2026-06-10 10:00:00,61440.7,61440.7,61288.0,61292.6,620.47
2026-06-10 10:03:00,61292.6,61332.8,61282.2,61322.7,173.475
2026-06-10 10:06:00,61322.8,61322.8,61160.1,61185.7,639.288
2026-06-10 10:09:00,61185.6,61280.4,61153.5,61193.7,386.48
2026-06-10 10:12:00,61193.7,61212.6,61175.3,61200.0,194.423
2026-06-10 10:15:00,61199.9,61288.8,61160.0,61274.9,296.536
2026-06-10 10:18:00,61275.0,61344.0,61263.8,61303.9,234.648
2026-06-10 10:21:00,61303.8,61312.3,61249.0,61256.0,123.385
2026-06-10 10:24:00,61256.1,61272.6,61204.3,61211.1,305.888
2026-06-10 10:27:00,61211.2,61269.6,61211.1,61269.6,87.173
2026-06-10 10:30:00,61269.6,61295.1,61168.8,61226.6,209.816
2026-06-10 10:33:00,61226.5,61265.5,61219.0,61257.9,164.582
2026-06-10 10:36:00,61258.0,61290.8,61114.2,61146.2,302.718
2026-06-10 10:39:00,61146.2,61166.5,61120.5,61136.6,157.439
2026-06-10 10:42:00,61136.6,61163.1,61099.0,61144.9,349.643
2026-06-10 10:45:00,61145.0,61146.3,61055.7,61138.8,541.912
2026-06-10 10:48:00,61138.8,61149.9,61045.7,61081.2,328.869
2026-06-10 10:51:00,61081.2,61153.1,61063.2,61135.8,308.309
2026-06-10 10:54:00,61135.8,61210.0,61100.0,61180.1,160.192
2026-06-10 10:57:00,61180.1,61237.0,61180.0,61237.0,186.628
2026-06-10 11:00:00,61236.9,61268.3,61167.8,61264.2,180.781
2026-06-10 11:03:00,61264.2,61303.8,61207.9,61235.9,137.935
2026-06-10 11:06:00,61236.0,61239.2,61156.0,61190.0,139.228
2026-06-10 11:09:00,61190.1,61261.4,61190.1,61241.8,105.166
2026-06-10 11:12:00,61241.7,61257.5,61211.6,61250.0,74.142
2026-06-10 11:15:00,61249.9,61266.8,61238.0,61249.7,125.798
2026-06-10 11:18:00,61249.7,61261.7,61180.0,61249.2,177.984
2026-06-10 11:21:00,61249.2,61288.1,61204.0,61288.1,119.309
2026-06-10 11:24:00,61288.0,61356.0,61288.0,61356.0,262.826
2026-06-10 11:27:00,61356.0,61368.0,61302.2,61321.6,126.904
2026-06-10 11:30:00,61321.6,61336.4,61281.7,61281.7,147.899
2026-06-10 11:33:00,61281.8,61373.8,61255.5,61337.9,143.269
2026-06-10 11:36:00,61337.9,61399.0,61300.0,61354.4,177.399
2026-06-10 11:39:00,61354.4,61375.0,61315.2,61356.6,122.303
2026-06-10 11:42:00,61356.6,61366.7,61323.5,61364.3,79.438
2026-06-10 11:45:00,61364.4,61420.0,61352.0,61420.0,176.871
2026-06-10 11:48:00,61420.0,61459.4,61360.0,61361.5,469.737
2026-06-10 11:51:00,61361.6,61387.6,61331.4,61344.8,401.332
2026-06-10 11:54:00,61344.9,61379.9,61291.5,61379.8,387.409
2026-06-10 11:57:00,61379.9,61385.4,61287.2,61317.1,152.4
2026-06-10 12:00:00,61317.1,61332.9,61135.7,61159.2,295.054
2026-06-10 12:03:00,61159.2,61189.7,61108.8,61147.8,322.174
2026-06-10 12:06:00,61147.7,61355.0,61147.7,61354.9,340.606
2026-06-10 12:09:00,61354.9,61432.3,61353.0,61353.0,408.951
2026-06-10 12:12:00,61353.1,61407.0,61350.0,61403.6,169.933
2026-06-10 12:15:00,61403.7,61488.0,61400.7,61488.0,321.731
2026-06-10 12:18:00,61488.0,61493.0,61388.9,61399.0,331.189
2026-06-10 12:21:00,61399.0,61451.9,61390.2,61450.3,129.635
2026-06-10 12:24:00,61450.3,61488.1,61428.8,61444.7,212.052
2026-06-10 12:27:00,61444.7,61448.3,61428.0,61436.5,64.039
2026-06-10 12:30:00,61436.4,61455.5,61400.7,61455.5,94.159
2026-06-10 12:33:00,61455.4,61547.0,61455.4,61481.2,616.75
2026-06-10 12:36:00,61481.2,61522.0,61462.0,61490.3,165.638
2026-06-10 12:39:00,61490.3,61568.4,61490.3,61525.8,328.161
2026-06-10 12:42:00,61525.8,61550.0,61488.0,61539.7,160.543
2026-06-10 12:45:00,61539.7,61642.2,61523.1,61626.0,603.044
2026-06-10 12:48:00,61625.9,61688.0,61619.1,61669.1,685.109
2026-06-10 12:51:00,61669.1,61682.5,61611.5,61630.8,232.101
2026-06-10 12:54:00,61630.8,61649.8,61584.6,61612.2,188.333
2026-06-10 12:57:00,61612.2,61627.8,61580.7,61614.8,127.497
2026-06-10 13:00:00,61614.8,61618.0,61528.5,61541.3,255.114
2026-06-10 13:03:00,61541.3,61783.4,61534.2,61691.5,747.248
2026-06-10 13:06:00,61691.5,61754.4,61668.5,61672.6,337.172
2026-06-10 13:09:00,61672.7,61723.5,61655.0,61697.6,139.4
2026-06-10 13:12:00,61697.7,61731.1,61688.0,61723.9,224.384
2026-06-10 13:15:00,61724.0,61726.6,61680.1,61720.0,215.285
2026-06-10 13:18:00,61719.9,61724.0,61633.3,61659.8,165.544
2026-06-10 13:21:00,61659.9,61748.9,61658.7,61713.2,209.156
2026-06-10 13:24:00,61713.3,61716.6,61645.2,61654.4,294.784
2026-06-10 13:27:00,61654.4,61676.1,61622.9,61654.3,524.243
2026-06-10 13:30:00,61654.3,61669.0,61610.6,61616.8,243.435
2026-06-10 13:33:00,61616.8,61641.0,61557.7,61623.2,274.242
2026-06-10 13:36:00,61623.1,61623.2,61527.9,61538.0,289.555
2026-06-10 13:39:00,61538.0,61680.0,61503.8,61680.0,322.153
2026-06-10 13:42:00,61680.0,61680.0,61572.6,61582.3,100.645
2026-06-10 13:45:00,61582.4,61707.6,61582.4,61679.3,130.274
2026-06-10 13:48:00,61679.4,61685.9,61571.9,61609.5,132.904
2026-06-10 13:51:00,61609.6,61615.0,61535.2,61550.0,154.673
2026-06-10 13:54:00,61550.1,61563.3,61454.0,61461.8,362.448
2026-06-10 13:57:00,61461.8,61508.0,61450.0,61508.0,201.168
2026-06-10 14:00:00,61507.9,61575.6,61424.7,61447.4,546.062
2026-06-10 14:03:00,61447.4,61474.6,61334.0,61379.3,617.206
2026-06-10 14:06:00,61379.3,61424.6,61369.2,61389.5,305.533
2026-06-10 14:09:00,61389.5,61398.4,61258.3,61300.0,657.584
2026-06-10 14:12:00,61300.0,61300.5,61206.8,61207.9,513.88
2026-06-10 14:15:00,61207.9,61245.8,61138.0,61198.9,1191.138
2026-06-10 14:18:00,61198.8,61219.0,61128.7,61175.8,586.141
2026-06-10 14:21:00,61175.9,61300.0,61175.8,61252.8,420.333
2026-06-10 14:24:00,61252.8,61254.0,61210.0,61253.9,247.175
2026-06-10 14:27:00,61254.0,61268.2,61210.1,61228.7,213.584
2026-06-10 14:30:00,61228.8,61288.0,61163.4,61212.0,348.783
2026-06-10 14:33:00,61211.9,61237.4,61162.0,61171.5,257.819
2026-06-10 14:36:00,61171.4,61230.8,61125.2,61127.4,266.881
2026-06-10 14:39:00,61127.5,61218.0,61090.0,61111.0,443.734
2026-06-10 14:42:00,61111.0,61156.7,61020.5,61032.4,551.12
2026-06-10 14:45:00,61032.5,61080.1,61012.2,61080.0,473.456
2026-06-10 14:48:00,61080.0,61110.8,60846.9,60922.3,1730.874
2026-06-10 14:51:00,60922.4,60953.7,60691.9,60893.9,2515.591
2026-06-10 14:54:00,60894.0,61070.0,60894.0,61068.2,929.099
2026-06-10 14:57:00,61068.2,61216.9,61068.2,61176.6,704.199
2026-06-10 15:00:00,61176.7,61268.2,61150.6,61226.5,652.266
2026-06-10 15:03:00,61226.5,61313.7,61226.4,61313.7,437.366
2026-06-10 15:06:00,61313.7,61390.0,61226.0,61379.7,659.309
2026-06-10 15:09:00,61379.7,61396.4,61246.4,61290.5,482.57
2026-06-10 15:12:00,61290.5,61300.0,61221.1,61234.3,275.557
2026-06-10 15:15:00,61234.3,61250.0,61121.2,61123.0,377.986
2026-06-10 15:18:00,61123.1,61215.4,61122.7,61215.4,281.308
2026-06-10 15:21:00,61215.4,61291.7,61200.0,61200.3,241.453
2026-06-10 15:24:00,61200.3,61376.8,61200.3,61359.7,235.537
2026-06-10 15:27:00,61359.7,61376.9,61290.8,61302.7,136.25
2026-06-10 15:30:00,61303.2,61321.1,61255.5,61262.2,365.345
2026-06-10 15:33:00,61262.3,61295.0,61155.0,61155.0,209.274
2026-06-10 15:36:00,61155.0,61190.5,61136.5,61175.5,150.907
2026-06-10 15:39:00,61175.4,61223.4,61133.1,61153.2,154.679
2026-06-10 15:42:00,61153.1,61269.0,61153.1,61205.4,311.472
2026-06-10 15:45:00,61205.4,61242.0,61113.2,61121.8,322.492
2026-06-10 15:48:00,61121.8,61187.0,61121.7,61135.0,240.794
2026-06-10 15:51:00,61135.4,61229.4,61129.1,61229.1,160.689
2026-06-10 15:54:00,61229.1,61254.2,61191.2,61217.7,136.819
2026-06-10 15:57:00,61217.6,61333.2,61217.6,61301.5,258.784
2026-06-10 16:00:00,61301.5,61426.7,61284.0,61355.6,465.96
2026-06-10 16:03:00,61355.7,61383.0,61286.7,61292.8,324.711
2026-06-10 16:06:00,61292.9,61333.1,61258.0,61271.4,198.904
2026-06-10 16:09:00,61271.4,61287.0,61230.2,61267.5,81.232
2026-06-10 16:12:00,61267.6,61313.5,61267.5,61281.9,59.998
2026-06-10 16:15:00,61281.8,61328.2,61275.5,61281.5,108.286
2026-06-10 16:18:00,61281.5,61337.3,61255.0,61333.2,101.349
2026-06-10 16:21:00,61333.2,61344.5,61250.0,61272.7,139.374
2026-06-10 16:24:00,61272.7,61350.0,61250.0,61338.5,108.496
2026-06-10 16:27:00,61338.6,61383.9,61307.2,61350.1,109.798
2026-06-10 16:30:00,61350.1,61406.0,61308.7,61394.4,222.236
2026-06-10 16:33:00,61394.3,61405.0,60921.9,61070.4,2115.7
2026-06-10 16:36:00,61070.3,61084.0,60824.5,61048.2,1608.411
2026-06-10 16:39:00,61048.2,61095.9,60958.8,61050.0,444.369
2026-06-10 16:42:00,61050.1,61154.3,60979.2,61138.1,388.96
2026-06-10 16:45:00,61138.1,61218.5,61058.7,61058.7,342.093
2026-06-10 16:48:00,61058.7,61112.8,61006.9,61091.7,264.882
2026-06-10 16:51:00,61091.8,61228.7,61091.7,61129.0,369.014
2026-06-10 16:54:00,61129.0,61140.2,60845.3,60983.2,779.22
2026-06-10 16:57:00,60983.2,60985.7,60890.0,60936.2,469.512
2026-06-10 17:00:00,60936.2,60990.0,60891.5,60893.0,356.439
2026-06-10 17:03:00,60893.1,61016.6,60893.0,60972.0,378.389
2026-06-10 17:06:00,60972.1,61006.4,60927.7,60965.9,324.531
2026-06-10 17:09:00,60965.9,60999.7,60926.3,60985.4,283.237
2026-06-10 17:12:00,60985.4,61033.4,60940.0,60990.6,207.107
2026-06-10 17:15:00,60990.5,61071.8,60943.0,61067.4,274.821
2026-06-10 17:18:00,61067.4,61087.7,60975.7,60996.0,207.989
2026-06-10 17:21:00,60996.0,61084.4,60996.0,61012.0,227.578
2026-06-10 17:24:00,61011.9,61058.4,60982.4,60986.3,159.438
2026-06-10 17:27:00,60986.2,61036.0,60986.2,61003.1,143.588
2026-06-10 17:30:00,61003.1,61012.8,60930.0,60993.1,214.193
2026-06-10 17:33:00,60993.1,61115.8,60993.1,61096.6,345.834
2026-06-10 17:36:00,61096.6,61135.0,61015.3,61034.3,291.928
2026-06-10 17:39:00,61034.3,61154.7,61034.3,61149.9,268.656
2026-06-10 17:42:00,61150.0,61195.2,61106.3,61161.0,414.492
2026-06-10 17:45:00,61161.1,61219.2,61078.4,61124.9,431.588
2026-06-10 17:48:00,61125.0,61128.1,61029.0,61059.6,192.113
2026-06-10 17:51:00,61059.5,61119.7,61013.7,61043.6,164.683
2026-06-10 17:54:00,61043.6,61105.8,61010.8,61100.1,303.214
2026-06-10 17:57:00,61100.0,61146.3,61066.2,61134.7,257.227
2026-06-10 18:00:00,61134.8,61694.8,61101.6,61621.8,5653.313
2026-06-10 18:03:00,61621.6,61918.0,61543.6,61557.0,3222.84
2026-06-10 18:06:00,61557.0,61739.3,61552.8,61725.2,1495.756
2026-06-10 18:09:00,61725.2,61730.0,61607.8,61669.0,743.665
2026-06-10 18:12:00,61669.0,61706.9,61600.2,61660.0,449.032
2026-06-10 18:15:00,61660.0,61755.0,61619.3,61700.1,906.872
2026-06-10 18:18:00,61700.0,61770.4,61690.0,61731.0,578.731
2026-06-10 18:21:00,61730.9,61730.9,61626.5,61665.0,346.011
2026-06-10 18:24:00,61665.0,61689.9,61603.0,61649.3,356.741
2026-06-10 18:27:00,61649.3,61666.0,61531.7,61531.7,549.724
2026-06-10 18:30:00,61531.8,61597.4,61470.3,61482.6,603.938
2026-06-10 18:33:00,61482.5,61517.0,61468.6,61516.3,350.639
2026-06-10 18:36:00,61516.3,61582.5,61516.3,61545.7,268.505
2026-06-10 18:39:00,61545.6,61554.9,61471.2,61494.1,253.193
2026-06-10 18:42:00,61494.2,61547.3,61471.2,61501.3,161.332
2026-06-10 18:45:00,61501.3,61507.1,61435.2,61443.9,269.588
2026-06-10 18:48:00,61444.0,61474.8,61430.1,61462.3,270.497
2026-06-10 18:51:00,61462.3,61560.5,61445.9,61506.0,394.119
2026-06-10 18:54:00,61506.0,61521.9,61406.8,61416.9,260.734
2026-06-10 18:57:00,61416.9,61561.0,61416.9,61531.1,250.883
2026-06-10 19:00:00,61531.1,61788.0,61474.7,61679.6,1720.386
2026-06-10 19:03:00,61679.5,61878.1,61620.1,61817.3,971.874
2026-06-10 19:06:00,61817.3,62178.0,61802.8,62077.3,3395.963
2026-06-10 19:09:00,62077.3,62198.1,62035.4,62055.8,1480.087
2026-06-10 19:12:00,62055.8,62357.4,62024.7,62357.4,2225.335
2026-06-10 19:15:00,62357.4,62380.0,62190.2,62274.6,1444.6
2026-06-10 19:18:00,62274.6,62445.0,62234.8,62288.5,1466.76
2026-06-10 19:21:00,62288.6,62304.1,62158.2,62164.7,757.338
2026-06-10 19:24:00,62164.7,62237.9,62128.4,62132.7,689.707
2026-06-10 19:27:00,62132.8,62220.0,62037.0,62123.9,1453.827
2026-06-10 19:30:00,62123.9,62133.6,61977.6,62075.0,1218.613
2026-06-10 19:33:00,62075.0,62200.0,62056.1,62141.4,695.129
2026-06-10 19:36:00,62140.6,62230.0,62130.0,62230.0,390.415
2026-06-10 19:39:00,62229.9,62230.0,62120.0,62152.4,412.357
2026-06-10 19:42:00,62152.3,62174.8,61960.5,61975.1,597.539
2026-06-10 19:45:00,61975.2,62045.7,61875.8,61923.1,1123.052
2026-06-10 19:48:00,61923.2,61943.3,61836.5,61852.4,731.612
2026-06-10 19:51:00,61852.3,62012.3,61830.0,61991.3,502.526
2026-06-10 19:54:00,61991.3,62142.9,61960.0,62029.2,452.356
2026-06-10 19:57:00,62029.3,62109.4,61989.7,62020.0,295.311
2026-06-10 20:00:00,62020.0,62039.6,61806.1,61936.1,566.769
2026-06-10 20:03:00,61936.1,62008.3,61874.8,61926.9,348.353
2026-06-10 20:06:00,61926.7,61926.7,61782.0,61809.6,506.332
2026-06-10 20:09:00,61809.6,62089.4,61809.6,62069.9,413.659
2026-06-10 20:12:00,62069.9,62088.9,61915.0,61915.0,320.615
2026-06-10 20:15:00,61915.0,62003.1,61864.2,61973.0,393.92
2026-06-10 20:18:00,61973.2,61983.8,61845.3,61902.7,387.703
2026-06-10 20:21:00,61902.7,61949.9,61841.0,61869.9,299.902
2026-06-10 20:24:00,61870.0,61987.6,61820.0,61858.6,726.484
2026-06-10 20:27:00,61858.6,62174.4,61785.5,62170.8,1230.355
2026-06-10 20:30:00,62170.9,62399.9,62127.7,62293.0,1529.743
2026-06-10 20:33:00,62293.0,62349.4,61973.9,61973.9,962.066
2026-06-10 20:36:00,61974.0,62028.0,61908.2,61950.3,574.78
2026-06-10 20:39:00,61950.4,62000.0,61834.8,61883.9,611.373
2026-06-10 20:42:00,61883.8,62010.8,61860.2,61908.0,391.763
2026-06-10 20:45:00,61908.1,61971.9,61814.0,61954.9,450.527
2026-06-10 20:48:00,61954.9,62159.1,61880.6,62153.9,769.631
2026-06-10 20:51:00,62154.0,62298.7,62153.9,62298.7,847.907
2026-06-10 20:54:00,62298.7,62331.0,62239.9,62263.0,705.72
2026-06-10 20:57:00,62263.0,62327.0,62212.3,62229.7,419.744
2026-06-10 21:00:00,62229.7,62354.3,62217.8,62286.0,480.737
2026-06-10 21:03:00,62286.1,62339.1,62260.0,62269.8,354.968
2026-06-10 21:06:00,62269.8,62334.8,62177.7,62183.8,624.656
2026-06-10 21:09:00,62183.8,62270.7,62157.4,62256.5,354.093
2026-06-10 21:12:00,62256.6,62397.0,62224.8,62363.6,692.778
2026-06-10 21:15:00,62363.7,62579.9,62266.3,62271.4,2106.969
2026-06-10 21:18:00,62271.5,62369.7,62085.7,62262.8,1824.163
2026-06-10 21:21:00,62262.8,62659.6,62262.8,62636.8,1621.98
2026-06-10 21:24:00,62636.8,62840.2,62593.3,62593.4,2847.037
2026-06-10 21:27:00,62593.3,62723.3,62576.0,62604.8,693.65
2026-06-10 21:30:00,62604.7,62617.1,62472.2,62477.8,759.295
2026-06-10 21:33:00,62477.8,62523.2,62414.1,62428.3,474.348
2026-06-10 21:36:00,62428.3,62578.1,62368.0,62368.0,702.81
2026-06-10 21:39:00,62368.0,62448.4,62318.2,62359.4,493.987
2026-06-10 21:42:00,62359.4,62417.8,62288.6,62309.9,317.331
2026-06-10 21:45:00,62309.9,62418.7,62287.7,62295.2,376.106
2026-06-10 21:48:00,62295.3,62323.5,62264.3,62264.4,318.176
2026-06-10 21:51:00,62264.4,62357.3,62229.9,62252.2,306.554
2026-06-10 21:54:00,62252.1,62253.7,62076.0,62179.1,773.672
2026-06-10 21:57:00,62179.2,62275.7,62179.2,62252.8,266.035
2026-06-10 22:00:00,62252.8,62280.0,62123.9,62218.2,344.193
2026-06-10 22:03:00,62218.2,62384.9,62190.7,62335.8,377.673
2026-06-10 22:06:00,62335.8,62369.8,62254.3,62316.2,284.722
2026-06-10 22:09:00,62316.1,62330.5,62224.0,62229.4,227.583
2026-06-10 22:12:00,62229.4,62267.4,62190.0,62192.4,136.901
2026-06-10 22:15:00,62192.4,62192.4,61959.1,61959.2,1112.34
2026-06-10 22:18:00,61959.2,62039.6,61891.2,61945.4,941.973
2026-06-10 22:21:00,61945.4,62172.4,61900.0,62095.0,954.707
2026-06-10 22:24:00,62095.0,62179.7,62037.7,62106.5,290.287
2026-06-10 22:27:00,62106.5,62197.7,62066.3,62194.5,233.849
2026-06-10 22:30:00,62194.6,62310.0,62166.0,62286.9,545.677
2026-06-10 22:33:00,62286.5,62330.3,62233.8,62240.1,464.823
2026-06-10 22:36:00,62240.2,62283.8,62121.0,62144.5,310.694
2026-06-10 22:39:00,62144.5,62165.1,61975.7,62058.4,540.503
2026-06-10 22:42:00,62058.4,62088.9,61991.9,62063.8,181.295
2026-06-10 22:45:00,62063.8,62169.5,62031.8,62084.1,224.552
2026-06-10 22:48:00,62084.1,62150.0,62078.1,62133.2,116.423
2026-06-10 22:51:00,62133.2,62133.2,61991.0,62039.5,247.573
2026-06-10 22:54:00,62039.6,62136.3,61995.8,62029.5,402.403
2026-06-10 22:57:00,62029.5,62054.4,61853.4,61871.3,851.101
2026-06-10 23:00:00,61871.3,61897.3,61630.9,61692.8,1449.204
2026-06-10 23:03:00,61692.8,61880.0,61690.1,61747.2,628.529
2026-06-10 23:06:00,61747.3,61800.0,61666.0,61700.0,387.068
2026-06-10 23:09:00,61700.0,61813.9,61620.3,61666.8,1756.528
2026-06-10 23:12:00,61666.8,61818.7,61616.0,61719.4,831.06
2026-06-10 23:15:00,61719.5,61916.6,61690.5,61908.4,618.371
2026-06-10 23:18:00,61908.7,62015.8,61811.0,61874.0,883.415
2026-06-10 23:21:00,61874.2,61923.3,61809.3,61853.4,319.845
2026-06-10 23:24:00,61853.4,61942.2,61832.0,61942.2,198.559
2026-06-10 23:27:00,61942.2,61977.2,61884.7,61944.5,204.327
2026-06-10 23:30:00,61944.4,62024.9,61903.5,62019.2,368.133
2026-06-10 23:33:00,62019.2,62108.0,61988.0,62098.9,420.634
2026-06-10 23:36:00,62099.0,62137.3,61911.0,61996.0,393.157
2026-06-10 23:39:00,61995.9,61999.2,61888.0,61963.5,165.15
2026-06-10 23:42:00,61963.4,61982.4,61885.5,61930.2,171.234
2026-06-10 23:45:00,61930.3,61975.0,61850.0,61850.0,185.245
2026-06-10 23:48:00,61850.0,61934.2,61848.6,61904.4,226.271
2026-06-10 23:51:00,61904.5,61943.8,61808.0,61913.4,323.673
2026-06-10 23:54:00,61913.3,61954.1,61831.3,61859.6,130.74
2026-06-10 23:57:00,61859.5,61993.8,61821.5,61992.3,133.341
2026-06-11 00:00:00,61992.2,61992.3,61892.1,61921.5,207.914
2026-06-11 00:03:00,61921.5,61956.6,61800.5,61832.7,349.832
2026-06-11 00:06:00,61832.8,61861.1,61755.2,61786.8,267.452
2026-06-11 00:09:00,61786.8,61802.9,61742.0,61742.1,223.445
2026-06-11 00:12:00,61742.1,61800.6,61712.3,61750.5,248.419
2026-06-11 00:15:00,61750.6,61760.0,61700.0,61723.6,213.307
2026-06-11 00:18:00,61723.7,61813.7,61552.0,61642.0,1055.099
2026-06-11 00:21:00,61641.9,61789.7,61641.9,61767.8,444.76
2026-06-11 00:24:00,61767.7,61813.6,61717.4,61771.1,379.72
2026-06-11 00:27:00,61771.2,61869.6,61771.2,61856.0,274.427
2026-06-11 00:30:00,61856.0,61880.0,61759.1,61817.1,177.302
2026-06-11 00:33:00,61817.0,61846.6,61705.6,61749.2,194.554
2026-06-11 00:36:00,61749.2,61910.0,61744.8,61897.9,351.457
2026-06-11 00:39:00,61897.8,61897.8,61755.5,61755.5,122.882
2026-06-11 00:42:00,61755.5,61780.0,61703.6,61718.0,156.526
2026-06-11 00:45:00,61718.0,61791.6,61648.0,61648.1,269.251
2026-06-11 00:48:00,61648.2,61729.8,61641.4,61675.2,190.113
2026-06-11 00:51:00,61675.3,61714.5,61646.2,61667.2,183.664
2026-06-11 00:54:00,61667.4,61807.9,61660.9,61694.1,177.46
2026-06-11 00:57:00,61694.1,61777.1,61680.4,61760.1,109.291
2026-06-11 01:00:00,61760.0,61866.8,61756.1,61842.3,306.704
2026-06-11 01:03:00,61842.2,61943.9,61839.5,61921.4,202.544
2026-06-11 01:06:00,61921.4,61987.0,61870.0,61981.4,213.007
2026-06-11 01:09:00,61981.3,62038.0,61913.8,61969.2,341.326
2026-06-11 01:12:00,61969.1,61994.1,61934.3,61988.4,110.323
2026-06-11 01:15:00,61988.3,62010.0,61891.4,61914.0,155.725
2026-06-11 01:18:00,61913.9,61953.3,61815.8,61942.2,574.743
2026-06-11 01:21:00,61942.2,61976.1,61884.7,61975.8,135.846
2026-06-11 01:24:00,61975.7,62006.3,61891.0,61978.9,181.252
2026-06-11 01:27:00,61978.8,62016.6,61895.6,61908.7,391.819
2026-06-11 01:30:00,61908.7,61921.2,61755.0,61820.2,337.485
2026-06-11 01:33:00,61820.2,61899.0,61725.0,61770.1,298.376
2026-06-11 01:36:00,61770.0,61833.5,61711.0,61742.1,225.932
2026-06-11 01:39:00,61742.1,61786.8,61644.4,61773.6,250.95
2026-06-11 01:42:00,61773.5,61802.1,61750.0,61781.1,121.676
2026-06-11 01:45:00,61781.2,61820.3,61707.4,61765.7,151.47
2026-06-11 01:48:00,61765.7,61824.3,61710.0,61735.9,104.48
2026-06-11 01:51:00,61736.0,61918.4,61725.7,61835.6,289.374
2026-06-11 01:54:00,61835.6,61916.2,61832.1,61882.7,106.128
2026-06-11 01:57:00,61882.6,61888.0,61856.8,61881.4,48.266
2026-06-11 02:00:00,61881.3,61881.3,61787.0,61832.7,217.501
2026-06-11 02:03:00,61832.7,61899.5,61832.7,61859.7,81.261
2026-06-11 02:06:00,61859.7,61896.9,61839.6,61844.2,88.986
2026-06-11 02:09:00,61844.2,61868.3,61817.1,61841.7,53.767
2026-06-11 02:12:00,61841.8,61850.5,61775.0,61775.0,196.116
2026-06-11 02:15:00,61775.0,61809.8,61714.6,61748.3,137.117
2026-06-11 02:18:00,61748.2,61804.1,61711.4,61718.9,119.189
2026-06-11 02:21:00,61719.0,61759.9,61673.9,61699.1,123.806
2026-06-11 02:24:00,61699.1,61750.0,61675.3,61699.9,87.709
2026-06-11 02:27:00,61700.0,61780.5,61680.0,61770.1,156.037
2026-06-11 02:30:00,61770.1,61773.1,61709.0,61726.8,177.873
2026-06-11 02:33:00,61726.7,61760.0,61623.0,61647.7,220.489
2026-06-11 02:36:00,61647.7,61687.0,61602.2,61608.1,248.084
2026-06-11 02:39:00,61608.2,61621.8,61472.7,61493.7,961.903
2026-06-11 02:42:00,61493.7,61536.6,61468.0,61519.2,328.469
2026-06-11 02:45:00,61519.2,61665.8,61519.2,61623.7,334.651
2026-06-11 02:48:00,61623.7,61623.7,61525.3,61573.9,234.11
2026-06-11 02:51:00,61573.9,61632.0,61533.3,61568.4,122.505
2026-06-11 02:54:00,61568.5,61572.6,61501.0,61553.6,135.085
2026-06-11 02:57:00,61553.6,61592.7,61541.3,61547.0,183.272
2026-06-11 03:00:00,61547.0,61666.6,61541.3,61659.0,169.006
2026-06-11 03:03:00,61659.0,61697.7,61613.0,61624.6,253.714
2026-06-11 03:06:00,61624.2,61636.6,61605.6,61624.4,81.035
2026-06-11 03:09:00,61624.4,61624.5,61570.8,61608.4,141.001
2026-06-11 03:12:00,61608.3,61657.9,61600.0,61653.9,89.449
2026-06-11 03:15:00,61653.9,61665.9,61610.6,61642.8,65.736
2026-06-11 03:18:00,61642.8,61661.2,61188.0,61337.6,2199.707
2026-06-11 03:21:00,61337.5,61337.5,61188.0,61199.9,725.889
2026-06-11 03:24:00,61200.0,61278.4,61200.0,61278.4,360.492
2026-06-11 03:27:00,61278.3,61338.4,61150.1,61327.3,854.898
2026-06-11 03:30:00,61327.4,61336.3,61160.0,61160.0,364.459
2026-06-11 03:33:00,61160.1,61233.2,61140.0,61159.0,517.99
2026-06-11 03:36:00,61159.0,61253.3,61144.7,61253.3,232.974
2026-06-11 03:39:00,61253.3,61303.5,61200.1,61200.1,278.567
2026-06-11 03:42:00,61200.1,61273.3,61178.0,61216.9,389.614
2026-06-11 03:45:00,61216.9,61216.9,61088.0,61099.5,690.802
2026-06-11 03:48:00,61099.5,61272.1,61068.6,61106.8,1212.39
2026-06-11 03:51:00,61106.9,61259.1,61106.9,61209.2,303.226
2026-06-11 03:54:00,61209.2,61305.0,61150.1,61242.4,397.815
2026-06-11 03:57:00,61242.3,61314.7,61197.1,61225.1,216.849
2026-06-11 04:00:00,61225.0,61416.1,61214.3,61367.5,492.855
2026-06-11 04:03:00,61367.2,61382.3,61260.6,61360.7,229.239
2026-06-11 04:06:00,61360.8,61382.3,61276.8,61371.8,404.516
2026-06-11 04:09:00,61371.8,61416.3,61337.3,61385.8,212.473
2026-06-11 04:12:00,61385.7,61547.9,61380.5,61536.2,812.326
2026-06-11 04:15:00,61536.1,61536.2,61415.8,61415.9,291.766
2026-06-11 04:18:00,61415.9,61463.7,61377.1,61415.4,170.327
2026-06-11 04:21:00,61415.4,61457.4,61353.0,61409.0,175.792
2026-06-11 04:24:00,61409.0,61445.0,61388.7,61396.4,102.192
2026-06-11 04:27:00,61396.3,61409.3,61334.8,61353.2,141.722
2026-06-11 04:30:00,61353.1,61353.1,61275.5,61323.0,256.679
2026-06-11 04:33:00,61323.1,61344.7,61305.6,61322.2,120.168
2026-06-11 04:36:00,61322.3,61336.6,61283.9,61286.7,118.57
2026-06-11 04:39:00,61286.8,61311.3,61162.6,61197.8,393.7
2026-06-11 04:42:00,61197.8,61213.6,61166.3,61180.6,248.079
2026-06-11 04:45:00,61180.6,61225.0,61135.8,61222.9,413.888
2026-06-11 04:48:00,61222.9,61478.4,61222.9,61443.3,734.341
2026-06-11 04:51:00,61443.3,61487.8,61411.9,61478.0,301.163
2026-06-11 04:54:00,61478.0,61499.0,61410.6,61447.3,162.745
2026-06-11 04:57:00,61447.2,61556.6,61439.7,61524.4,318.622
2026-06-11 05:00:00,61524.3,61553.2,61440.1,61498.1,251.446
2026-06-11 05:03:00,61498.2,61525.6,61438.8,61504.4,174.634
2026-06-11 05:06:00,61504.4,61553.0,61475.8,61482.8,155.914
2026-06-11 05:09:00,61482.9,61543.7,61447.8,61537.5,213.489
2026-06-11 05:12:00,61537.4,61582.1,61512.6,61517.3,135.313
2026-06-11 05:15:00,61517.3,61519.6,61464.6,61507.0,133.926
2026-06-11 05:18:00,61507.0,61522.1,61447.3,61466.3,105.275
2026-06-11 05:21:00,61466.3,61569.1,61466.2,61534.8,208.27
2026-06-11 05:24:00,61534.8,61534.8,61485.2,61492.3,85.918
2026-06-11 05:27:00,61492.3,61510.9,61469.3,61483.7,110.238
2026-06-11 05:30:00,61483.6,61632.8,61483.6,61590.5,441.488
2026-06-11 05:33:00,61590.5,61622.5,61535.7,61610.7,221.964
2026-06-11 05:36:00,61610.6,61654.0,61564.4,61600.0,256.7
2026-06-11 05:39:00,61599.9,61628.7,61550.0,61628.7,297.072
2026-06-11 05:42:00,61628.7,61672.2,61591.6,61654.7,179.617
2026-06-11 05:45:00,61654.6,61955.8,61654.6,61945.1,1500.081
2026-06-11 05:48:00,61945.2,61945.2,61797.5,61927.9,841.665
2026-06-11 05:51:00,61927.8,61954.7,61800.0,61823.4,651.471
2026-06-11 05:54:00,61823.3,61849.9,61760.0,61849.9,441.103
2026-06-11 05:57:00,61849.9,61861.1,61777.0,61860.5,187.878
2026-06-11 06:00:00,61860.5,61869.5,61810.0,61851.4,210.41
2026-06-11 06:03:00,61851.4,61872.0,61782.1,61831.7,177.868
2026-06-11 06:06:00,61831.8,61831.8,61754.3,61774.8,229.966
2026-06-11 06:09:00,61774.8,61808.0,61740.9,61808.0,122.74
2026-06-11 06:12:00,61808.0,61866.0,61750.1,61756.2,183.938
2026-06-11 06:15:00,61756.2,61906.4,61756.2,61836.3,161.482
2026-06-11 06:18:00,61836.6,61885.8,61835.9,61862.2,118.374
2026-06-11 06:21:00,61862.3,61899.5,61818.5,61843.4,115.708
2026-06-11 06:24:00,61843.4,61843.4,61781.8,61797.0,132.621
2026-06-11 06:27:00,61797.0,61860.0,61794.6,61794.6,157.115
2026-06-11 06:30:00,61794.6,61914.0,61793.5,61874.9,189.525
2026-06-11 06:33:00,61874.8,61987.6,61863.6,61964.4,323.364
2026-06-11 06:36:00,61964.5,61981.1,61881.4,61926.5,205.405
2026-06-11 06:39:00,61926.4,61956.5,61886.5,61948.7,146.398
2026-06-11 06:42:00,61948.6,62089.2,61939.0,62012.0,634.784
2026-06-11 06:45:00,62012.0,62142.2,61985.0,62081.7,685.959
2026-06-11 06:48:00,62081.7,62189.5,62063.3,62097.8,359.815
2026-06-11 06:51:00,62097.7,62157.9,62080.0,62155.2,238.126
2026-06-11 06:54:00,62155.1,62212.0,62132.1,62135.4,658.232
2026-06-11 06:57:00,62135.4,62150.0,62088.5,62149.9,193.069
2026-06-11 07:00:00,62149.8,62180.7,62088.0,62174.2,223.323
2026-06-11 07:03:00,62174.2,62184.4,62105.6,62125.8,152.335
2026-06-11 07:06:00,62125.9,62260.7,62066.0,62246.5,296.867
2026-06-11 07:09:00,62246.3,62350.0,62203.3,62334.1,661.647
2026-06-11 07:12:00,62334.1,62337.6,62219.4,62227.9,342.736
2026-06-11 07:15:00,62228.0,62270.5,62204.9,62237.4,196.264
2026-06-11 07:18:00,62237.3,62257.9,62180.0,62205.9,276.754
2026-06-11 07:21:00,62205.9,62268.4,62205.9,62229.5,181.894
2026-06-11 07:24:00,62229.6,62241.6,62141.1,62185.2,253.922
2026-06-11 07:27:00,62185.1,62232.5,62179.1,62180.3,140.368
2026-06-11 07:30:00,62180.4,62253.8,62146.1,62184.3,371.378
2026-06-11 07:33:00,62184.4,62243.8,62156.7,62198.1,184.122
2026-06-11 07:36:00,62198.2,62209.1,62121.0,62121.5,197.854
2026-06-11 07:39:00,62121.6,62140.9,62087.8,62087.9,213.274
2026-06-11 07:42:00,62087.9,62157.0,62080.0,62148.2,211.682
2026-06-11 07:45:00,62148.5,62234.5,62110.8,62230.0,181.891
2026-06-11 07:48:00,62230.1,62278.3,62177.6,62191.1,305.047
2026-06-11 07:51:00,62191.1,62191.2,62031.2,62055.1,359.331
2026-06-11 07:54:00,62055.1,62120.0,62040.5,62120.0,175.036
2026-06-11 07:57:00,62119.9,62133.3,62015.8,62033.5,182.055
2026-06-11 08:00:00,62033.5,62065.3,61930.0,61944.2,543.131
2026-06-11 08:03:00,61944.3,61984.9,61911.5,61974.7,328.931
2026-06-11 08:06:00,61974.7,62052.8,61969.8,62009.3,242.128
2026-06-11 08:09:00,62009.3,62076.8,62003.3,62061.1,181.214
2026-06-11 08:12:00,62061.1,62061.2,62019.4,62042.7,113.896
2026-06-11 08:15:00,62042.8,62045.0,61991.6,61998.7,139.982
2026-06-11 08:18:00,61998.7,62060.1,61974.2,62056.5,151.388
2026-06-11 08:21:00,62056.5,62082.7,62012.4,62065.1,109.204
2026-06-11 08:24:00,62065.1,62187.7,62058.0,62161.7,302.688
2026-06-11 08:27:00,62161.7,62200.0,62109.9,62113.5,232.016
2026-06-11 08:30:00,62113.5,62161.4,62112.5,62137.5,224.809
2026-06-11 08:33:00,62137.5,62161.2,62113.3,62117.3,104.203
2026-06-11 08:36:00,62117.3,62117.3,62030.6,62063.6,269.755
2026-06-11 08:39:00,62063.6,62105.6,62029.4,62039.3,102.987
2026-06-11 08:42:00,62039.3,62063.8,61975.6,62038.5,216.354
2026-06-11 08:45:00,62038.5,62099.1,62021.8,62074.1,144.966
2026-06-11 08:48:00,62074.1,62100.0,61997.5,61997.6,93.746
2026-06-11 08:51:00,61997.5,62056.1,61984.9,62031.2,79.271
2026-06-11 08:54:00,62031.2,62078.2,62029.2,62069.3,71.102
2026-06-11 08:57:00,62069.2,62087.4,62058.4,62081.0,70.979
2026-06-11 09:00:00,62081.1,62269.2,62078.3,62232.7,324.164
2026-06-11 09:03:00,62232.8,62552.5,62224.8,62396.5,2330.633
2026-06-11 09:06:00,62396.5,62412.2,62312.4,62346.0,472.967
2026-06-11 09:09:00,62346.0,62374.6,62320.4,62359.1,377.691
2026-06-11 09:12:00,62359.1,62394.1,62335.0,62338.9,345.011
2026-06-11 09:15:00,62338.8,62442.0,62338.8,62387.1,424.319
2026-06-11 09:18:00,62387.1,62462.4,62367.5,62431.3,597.69
2026-06-11 09:21:00,62431.3,62471.5,62394.2,62457.8,321.075
2026-06-11 09:24:00,62457.9,62922.0,62433.3,62695.2,3984.748
2026-06-11 09:27:00,62695.3,62779.0,62657.4,62657.5,667.431
2026-06-11 09:30:00,62657.5,62674.2,62556.7,62618.3,777.977
2026-06-11 09:33:00,62618.2,62642.3,62567.3,62588.9,295.697
2026-06-11 09:36:00,62588.9,62605.0,62554.5,62605.0,252.142
2026-06-11 09:39:00,62605.0,62663.7,62546.0,62658.7,375.537
2026-06-11 09:42:00,62658.7,62713.0,62635.8,62635.8,396.882
2026-06-11 09:45:00,62635.8,62680.2,62596.2,62610.5,199.339
2026-06-11 09:48:00,62610.5,62679.6,62573.4,62670.7,408.946
2026-06-11 09:51:00,62670.6,62679.6,62578.2,62604.0,142.247
2026-06-11 09:54:00,62604.1,62631.1,62566.3,62603.9,183.578
2026-06-11 09:57:00,62603.9,62603.9,62570.0,62590.2,230.522
2026-06-11 10:00:00,62590.3,62622.1,62560.9,62578.7,174.109
2026-06-11 10:03:00,62578.7,62588.0,62512.6,62544.1,318.415
2026-06-11 10:06:00,62544.1,62644.1,62539.2,62632.1,173.961
2026-06-11 10:09:00,62632.1,62670.0,62600.0,62604.9,235.538
2026-06-11 10:12:00,62605.0,62639.3,62592.0,62639.3,154.211
2026-06-11 10:15:00,62639.2,62745.7,62631.6,62739.2,324.407
2026-06-11 10:18:00,62739.1,62814.7,62684.3,62809.3,489.653
2026-06-11 10:21:00,62809.3,62827.0,62759.5,62772.7,433.858
2026-06-11 10:24:00,62772.7,62804.5,62743.8,62749.9,369.814
2026-06-11 10:27:00,62749.9,62750.0,62661.7,62692.9,405.181
2026-06-11 10:30:00,62692.8,62694.3,62557.8,62585.1,400.0
2026-06-11 10:33:00,62585.0,62587.5,62543.1,62549.9,163.85
2026-06-11 10:36:00,62550.0,62575.0,62527.5,62573.7,315.923
2026-06-11 10:39:00,62573.8,62611.7,62554.3,62566.4,233.115
2026-06-11 10:42:00,62566.4,62604.6,62563.6,62596.4,101.185
2026-06-11 10:45:00,62596.4,62681.1,62587.6,62658.6,191.592
2026-06-11 10:48:00,62658.5,62662.1,62597.9,62634.2,159.839
2026-06-11 10:51:00,62634.2,62696.7,62634.1,62646.6,104.959
2026-06-11 10:54:00,62646.6,62671.5,62604.9,62616.9,146.038
2026-06-11 10:57:00,62617.0,62626.1,62544.0,62605.4,115.98
2026-06-11 11:00:00,62605.3,62640.0,62562.8,62638.9,123.943
2026-06-11 11:03:00,62638.8,62658.4,62577.8,62585.4,93.526
2026-06-11 11:06:00,62585.4,62646.7,62579.6,62643.9,105.688
2026-06-11 11:09:00,62644.0,62644.0,62591.4,62635.0,88.845
2026-06-11 11:12:00,62634.9,62674.7,62629.9,62673.7,87.42
2026-06-11 11:15:00,62673.6,62683.2,62628.1,62628.1,97.935
2026-06-11 11:18:00,62627.8,62640.0,62599.0,62606.3,225.558
2026-06-11 11:21:00,62606.3,62659.8,62591.9,62659.8,199.296
2026-06-11 11:24:00,62659.8,62677.8,62598.5,62631.9,128.92
2026-06-11 11:27:00,62631.8,62653.5,62571.3,62581.7,122.992
2026-06-11 11:30:00,62581.7,62600.0,62569.9,62570.3,149.087
2026-06-11 11:33:00,62570.3,62600.0,62507.9,62551.6,268.415
2026-06-11 11:36:00,62551.6,62620.0,62530.9,62620.0,247.702
2026-06-11 11:39:00,62620.0,62695.8,62611.2,62686.9,241.049
2026-06-11 11:42:00,62686.8,62788.9,62686.8,62754.5,589.68
2026-06-11 11:45:00,62754.5,62859.7,62754.5,62776.0,633.564
2026-06-11 11:48:00,62775.9,62821.5,62703.7,62821.4,768.127
2026-06-11 11:51:00,62821.4,62993.4,62821.4,62913.9,1304.052
2026-06-11 11:54:00,62913.9,62970.6,62835.5,62847.8,734.929
2026-06-11 11:57:00,62847.8,62871.5,62820.7,62845.5,356.098
2026-06-11 12:00:00,62845.5,62919.0,62820.7,62897.8,221.379
2026-06-11 12:03:00,62897.8,62938.0,62866.5,62905.8,215.514
2026-06-11 12:06:00,62905.9,62966.5,62895.7,62945.4,269.944
2026-06-11 12:09:00,62945.4,62975.4,62877.4,62954.6,330.66
2026-06-11 12:12:00,62954.5,62959.9,62881.8,62919.8,225.078
2026-06-11 12:15:00,62919.9,62920.0,62812.6,62823.8,330.644
2026-06-11 12:18:00,62823.9,62828.7,62775.0,62790.9,280.387
2026-06-11 12:21:00,62790.8,62800.0,62761.3,62767.6,147.007
2026-06-11 12:24:00,62767.6,62783.7,62720.6,62734.0,357.285
2026-06-11 12:27:00,62733.9,62767.1,62733.9,62734.2,142.4
2026-06-11 12:30:00,62734.1,62764.7,62671.6,62671.6,324.541
2026-06-11 12:33:00,62671.7,62685.8,62631.1,62638.5,354.575
2026-06-11 12:36:00,62638.5,62649.7,62574.3,62624.9,490.601
2026-06-11 12:39:00,62624.9,62664.9,62603.6,62641.2,242.186
2026-06-11 12:42:00,62641.2,62641.5,62580.0,62623.0,286.988
2026-06-11 12:45:00,62623.1,62662.0,62610.0,62657.7,179.174
2026-06-11 12:48:00,62657.6,62716.4,62650.0,62715.2,330.087
2026-06-11 12:51:00,62715.2,62770.0,62691.2,62702.8,206.217
2026-06-11 12:54:00,62702.8,62742.0,62691.8,62707.0,116.524
2026-06-11 12:57:00,62706.9,62759.1,62706.9,62759.1,103.263
2026-06-11 13:00:00,62759.1,62812.2,62707.2,62724.9,191.199
2026-06-11 13:03:00,62724.9,62742.4,62683.9,62704.7,199.149
2026-06-11 13:06:00,62704.7,62726.6,62635.8,62638.5,153.378
2026-06-11 13:09:00,62638.5,62638.6,62578.4,62628.1,448.768
2026-06-11 13:12:00,62628.1,62666.9,62625.4,62647.3,168.63
2026-06-11 13:15:00,62647.4,62725.7,62647.3,62698.1,144.988
2026-06-11 13:18:00,62698.1,62706.9,62685.8,62699.7,140.306
2026-06-11 13:21:00,62699.7,62703.1,62657.0,62663.3,130.289
2026-06-11 13:24:00,62663.3,62700.0,62663.3,62695.0,199.076
2026-06-11 13:27:00,62694.9,62703.6,62691.7,62693.3,257.797
2026-06-11 13:30:00,62693.2,62759.6,62691.7,62738.0,292.498
2026-06-11 13:33:00,62738.0,62760.0,62720.0,62735.0,87.317
2026-06-11 13:36:00,62735.1,62762.5,62735.0,62759.2,82.593
2026-06-11 13:39:00,62759.2,62799.1,62755.3,62764.4,163.456
2026-06-11 13:42:00,62764.4,62856.5,62764.4,62799.9,305.275
2026-06-11 13:45:00,62799.9,62804.3,62770.8,62783.6,115.432
2026-06-11 13:48:00,62783.6,62821.9,62783.6,62796.7,252.482
2026-06-11 13:51:00,62796.8,62895.7,62796.7,62889.8,233.316
2026-06-11 13:54:00,62889.8,62915.3,62862.6,62878.5,481.706
2026-06-11 13:57:00,62878.6,62938.1,62874.8,62924.6,375.841
2026-06-11 14:00:00,62924.7,62931.4,62908.0,62908.0,752.432
2026-06-11 14:03:00,62908.0,62929.0,62908.0,62923.7,184.386
2026-06-11 14:06:00,62923.7,62925.0,62908.0,62908.0,139.641
2026-06-11 14:09:00,62908.0,62961.4,62908.0,62908.0,706.029
2026-06-11 14:12:00,62908.0,62908.1,62822.0,62832.6,527.669
2026-06-11 14:15:00,62832.5,62924.6,62829.7,62924.6,338.856
2026-06-11 14:18:00,62924.6,63043.1,62924.5,62944.0,1156.938
2026-06-11 14:21:00,62944.0,62973.7,62895.5,62911.0,228.347
2026-06-11 14:24:00,62911.0,62928.0,62884.0,62889.9,116.231
2026-06-11 14:27:00,62889.8,62927.3,62869.4,62927.2,144.069
2026-06-11 14:30:00,62927.2,62927.3,62882.2,62922.7,154.613
2026-06-11 14:33:00,62922.7,62937.0,62863.3,62863.3,140.593
2026-06-11 14:36:00,62863.3,62863.3,62815.3,62829.1,223.517
2026-06-11 14:39:00,62829.1,62853.9,62813.0,62813.1,170.31
2026-06-11 14:42:00,62813.1,62840.9,62790.0,62840.8,178.97
2026-06-11 14:45:00,62840.9,62840.9,62753.3,62771.3,316.587
2026-06-11 14:48:00,62771.3,62838.0,62771.3,62788.1,219.514
2026-06-11 14:51:00,62788.0,62788.1,62769.9,62782.8,173.328
2026-06-11 14:54:00,62782.9,62807.0,62763.4,62783.4,173.495
2026-06-11 14:57:00,62783.4,62800.0,62775.1,62794.6,99.69
2026-06-11 15:00:00,62794.2,62890.0,62791.9,62876.4,300.183
2026-06-11 15:03:00,62876.4,62941.7,62853.8,62888.4,512.808
2026-06-11 15:06:00,62888.3,62910.0,62888.3,62893.4,100.304
2026-06-11 15:09:00,62893.4,62912.9,62880.0,62880.0,171.442
2026-06-11 15:12:00,62880.0,62908.2,62880.0,62908.2,288.723
2026-06-11 15:15:00,62908.1,62908.1,62880.0,62880.0,89.066
2026-06-11 15:18:00,62880.0,62903.6,62880.0,62899.9,95.27
2026-06-11 15:21:00,62900.0,62970.7,62899.9,62918.1,333.11
2026-06-11 15:24:00,62918.1,62956.5,62892.7,62892.8,217.929
2026-06-11 15:27:00,62892.7,62922.7,62871.6,62899.9,134.296
2026-06-11 15:30:00,62900.0,62936.5,62861.9,62861.9,249.437
2026-06-11 15:33:00,62861.9,62871.8,62818.0,62851.2,216.495
2026-06-11 15:36:00,62851.2,62955.0,62839.5,62924.4,252.85
2026-06-11 15:39:00,62924.3,62924.3,62875.3,62907.0,129.707
2026-06-11 15:42:00,62907.0,62929.0,62884.2,62884.3,127.836
2026-06-11 15:45:00,62884.3,62906.1,62773.9,62797.5,174.249
2026-06-11 15:48:00,62797.5,62839.9,62771.0,62810.4,183.447
2026-06-11 15:51:00,62810.4,62836.6,62788.1,62824.5,124.111
2026-06-11 15:54:00,62824.4,62824.5,62795.7,62796.8,105.29
2026-06-11 15:57:00,62796.7,62845.8,62796.7,62824.5,86.797
2026-06-11 16:00:00,62824.6,62926.7,62816.3,62869.5,157.471
2026-06-11 16:03:00,62869.6,62888.8,62840.0,62881.1,116.757
2026-06-11 16:06:00,62881.1,62929.5,62881.1,62915.5,115.854
2026-06-11 16:09:00,62915.6,62915.6,62865.6,62887.4,92.93
2026-06-11 16:12:00,62887.4,62920.0,62875.0,62899.2,114.802
2026-06-11 16:15:00,62899.1,62942.0,62893.0,62940.0,87.487
2026-06-11 16:18:00,62939.9,62945.0,62923.9,62944.7,82.213
2026-06-11 16:21:00,62944.8,63086.9,62944.7,63001.1,1066.912
2026-06-11 16:24:00,63001.1,63158.0,63000.1,63030.5,2317.042
2026-06-11 16:27:00,63030.6,63188.0,63024.6,63120.3,2360.337
2026-06-11 16:30:00,63120.2,63158.8,63037.1,63143.4,798.515
2026-06-11 16:33:00,63143.5,63180.0,63119.1,63139.9,594.07
2026-06-11 16:36:00,63140.0,63147.4,63020.6,63099.9,441.171
2026-06-11 16:39:00,63099.9,63182.6,63090.3,63180.1,462.236
2026-06-11 16:42:00,63180.1,63180.1,63128.8,63164.5,212.594
2026-06-11 16:45:00,63164.5,63188.0,63117.5,63181.8,848.271
2026-06-11 16:48:00,63181.9,63181.9,63080.0,63097.2,349.476
2026-06-11 16:51:00,63097.2,63148.1,63080.5,63133.6,127.659
2026-06-11 16:54:00,63133.6,63147.0,63080.0,63080.0,221.516
2026-06-11 16:57:00,63080.1,63172.6,63071.8,63129.7,191.992
2026-06-11 17:00:00,63129.7,63235.9,63127.1,63184.5,981.623
2026-06-11 17:03:00,63184.6,63219.5,63136.8,63142.5,416.341
2026-06-11 17:06:00,63142.5,63142.5,63057.6,63061.5,232.37
2026-06-11 17:09:00,63061.5,63128.8,63061.5,63105.7,312.668
2026-06-11 17:12:00,63105.6,63126.0,63085.0,63103.9,135.398
2026-06-11 17:15:00,63103.9,63104.0,63077.7,63079.2,82.124
2026-06-11 17:18:00,63079.1,63126.5,63064.9,63107.9,264.21
2026-06-11 17:21:00,63108.0,63220.0,63101.4,63160.0,442.181
2026-06-11 17:24:00,63159.9,63160.0,63079.0,63095.1,125.094
2026-06-11 17:27:00,63095.0,63107.7,63071.8,63078.0,122.408
2026-06-11 17:30:00,63078.0,63085.4,63009.4,63026.0,435.984
2026-06-11 17:33:00,63026.0,63072.1,62973.8,63048.8,770.654
2026-06-11 17:36:00,63048.9,63084.3,62975.4,63012.6,317.941
2026-06-11 17:39:00,63012.6,63149.8,62980.0,63144.6,623.712
2026-06-11 17:42:00,63144.6,63173.8,63057.8,63125.3,585.985
2026-06-11 17:45:00,63125.4,63150.1,63089.8,63089.8,1140.494
2026-06-11 17:48:00,63089.8,63166.2,62922.1,62929.9,998.813
2026-06-11 17:51:00,62930.0,62956.1,62650.0,62750.8,4120.114
2026-06-11 17:54:00,62750.9,62824.2,62659.1,62769.5,1457.315
2026-06-11 17:57:00,62769.6,62773.2,62641.0,62660.1,720.458
2026-06-11 18:00:00,62660.0,62773.2,62455.8,62630.3,2920.54
2026-06-11 18:03:00,62630.3,62784.3,62551.3,62725.1,1077.628
2026-06-11 18:06:00,62725.1,62862.1,62716.3,62757.2,947.073
2026-06-11 18:09:00,62757.2,62834.0,62735.8,62822.4,535.472
2026-06-11 18:12:00,62822.3,62923.1,62740.0,62889.9,1293.423
2026-06-11 18:15:00,62889.9,62971.2,62827.4,62901.6,1043.852
2026-06-11 18:18:00,62901.6,62964.1,62827.9,62871.3,520.9
2026-06-11 18:21:00,62871.4,63029.3,62866.0,62924.8,772.056
2026-06-11 18:24:00,62924.9,63011.2,62908.8,62982.3,396.097
2026-06-11 18:27:00,62982.3,63011.0,62941.4,62978.3,254.716
2026-06-11 18:30:00,62978.3,62979.9,62868.9,62894.8,416.595
2026-06-11 18:33:00,62894.9,62943.4,62834.0,62890.1,471.575
2026-06-11 18:36:00,62890.1,62910.4,62866.8,62886.0,191.886
2026-06-11 18:39:00,62886.1,62908.8,62828.1,62840.9,196.806
2026-06-11 18:42:00,62841.0,62897.7,62840.9,62878.4,96.509
2026-06-11 18:45:00,62878.5,62933.0,62864.2,62914.4,209.257
2026-06-11 18:48:00,62914.4,63030.0,62912.9,62983.9,315.975
2026-06-11 18:51:00,62983.8,62990.6,62877.8,62880.0,258.983
2026-06-11 18:54:00,62880.1,62883.0,62766.0,62817.3,616.223
2026-06-11 18:57:00,62817.3,62820.0,62761.9,62792.4,542.375
2026-06-11 19:00:00,62792.4,62792.5,62644.7,62694.3,973.363
2026-06-11 19:03:00,62694.4,62842.2,62691.2,62837.1,379.27
2026-06-11 19:06:00,62837.1,62908.8,62752.0,62763.4,383.788
2026-06-11 19:09:00,62763.7,62861.8,62691.1,62720.3,614.92
2026-06-11 19:12:00,62720.3,62940.0,62686.0,62940.0,351.707
2026-06-11 19:15:00,62939.9,63100.0,62916.1,63031.7,2057.495
2026-06-11 19:18:00,63031.8,63132.5,62993.1,63113.5,1790.941
2026-06-11 19:21:00,63113.5,63200.0,63021.6,63196.6,1480.593
2026-06-11 19:24:00,63196.7,63200.0,63006.8,63006.9,1241.524
2026-06-11 19:27:00,63006.8,63050.0,62953.4,63046.1,436.334
2026-06-11 19:30:00,63046.1,63060.0,62954.4,62993.6,608.266
2026-06-11 19:33:00,62993.5,63050.0,62883.5,62892.8,373.851
2026-06-11 19:36:00,62892.6,62959.8,62864.4,62947.5,268.805
2026-06-11 19:39:00,62947.9,62955.0,62715.4,62818.1,598.663
2026-06-11 19:42:00,62818.0,62847.5,62731.8,62757.0,399.525
2026-06-11 19:45:00,62757.0,62839.9,62700.0,62783.4,514.911
2026-06-11 19:48:00,62783.4,62833.1,62697.0,62833.0,322.178
2026-06-11 19:51:00,62833.0,62936.6,62780.8,62898.9,421.229
2026-06-11 19:54:00,62898.9,62955.4,62838.0,62841.7,284.276
2026-06-11 19:57:00,62841.7,62994.0,62841.7,62982.3,552.376
2026-06-11 20:00:00,62982.2,63006.3,62851.8,62900.1,358.456
2026-06-11 20:03:00,62900.3,62937.4,62830.0,62925.9,239.072
2026-06-11 20:06:00,62926.0,63037.8,62893.6,62918.8,352.352
2026-06-11 20:09:00,62918.8,62922.8,62845.8,62866.5,133.369
2026-06-11 20:12:00,62866.5,62900.1,62811.2,62821.0,179.068
2026-06-11 20:15:00,62821.1,62898.6,62818.9,62855.2,131.389
2026-06-11 20:18:00,62855.3,62930.0,62833.6,62908.8,227.48
2026-06-11 20:21:00,62908.7,62982.0,62880.1,62900.6,189.905
2026-06-11 20:24:00,62900.6,62930.2,62743.6,62769.9,832.173
2026-06-11 20:27:00,62769.9,62840.4,62698.5,62699.6,682.083
2026-06-11 20:30:00,62699.6,62743.4,62494.6,62588.1,2335.804
2026-06-11 20:33:00,62588.1,62700.0,62582.7,62608.8,601.674
2026-06-11 20:36:00,62608.8,62818.1,62600.5,62767.5,523.473
2026-06-11 20:39:00,62767.5,62784.6,62659.9,62710.6,624.67
2026-06-11 20:42:00,62710.7,62829.0,62664.0,62664.5,514.085
2026-06-11 20:45:00,62664.5,62741.1,62642.4,62647.3,257.441
2026-06-11 20:48:00,62647.2,62754.8,62593.3,62741.4,285.012
2026-06-11 20:51:00,62741.4,62792.7,62692.9,62771.8,511.197
2026-06-11 20:54:00,62771.8,62783.7,62698.0,62736.0,106.763
2026-06-11 20:57:00,62736.1,62750.0,62675.4,62696.4,242.319
2026-06-11 21:00:00,62696.3,62718.8,62608.5,62696.5,272.021
2026-06-11 21:03:00,62696.5,62809.8,62644.0,62779.0,269.044
2026-06-11 21:06:00,62779.0,62834.7,62728.5,62826.1,246.705
2026-06-11 21:09:00,62826.1,62856.7,62779.3,62781.7,218.053
2026-06-11 21:12:00,62781.8,62789.5,62644.9,62652.9,177.435
2026-06-11 21:15:00,62653.0,62698.9,62570.8,62684.6,312.107
2026-06-11 21:18:00,62684.7,62684.7,62574.9,62589.3,269.326
2026-06-11 21:21:00,62589.3,62625.3,62535.3,62564.9,351.997
2026-06-11 21:24:00,62565.0,62650.0,62556.7,62650.0,220.058
2026-06-11 21:27:00,62649.9,62721.2,62644.8,62721.1,165.386
2026-06-11 21:30:00,62721.2,62787.7,62694.5,62719.7,409.623
2026-06-11 21:33:00,62719.7,62730.9,62638.8,62700.0,168.21
2026-06-11 21:36:00,62699.9,62808.5,62699.9,62792.1,214.005
2026-06-11 21:39:00,62792.1,62792.1,62694.1,62720.3,335.241
2026-06-11 21:42:00,62720.3,62798.8,62709.2,62798.7,114.442
2026-06-11 21:45:00,62798.8,62810.0,62750.1,62791.9,142.231
2026-06-11 21:48:00,62791.8,62796.6,62740.6,62740.7,95.288
2026-06-11 21:51:00,62740.6,62776.8,62605.0,62611.3,505.859
2026-06-11 21:54:00,62611.4,62621.5,62531.0,62591.2,328.047
2026-06-11 21:57:00,62591.2,62640.0,62580.0,62604.8,227.059
2026-06-11 22:00:00,62604.8,62615.7,62502.4,62579.8,622.179
2026-06-11 22:03:00,62579.9,62726.5,62572.4,62694.6,341.378
2026-06-11 22:06:00,62694.6,62780.0,62686.2,62722.2,332.232
2026-06-11 22:09:00,62722.1,62722.1,62631.2,62631.2,118.059
2026-06-11 22:12:00,62631.2,62683.0,62609.5,62629.0,89.575
2026-06-11 22:15:00,62629.0,62662.7,62582.8,62622.6,144.096
2026-06-11 22:18:00,62622.6,62657.5,62551.6,62607.4,202.994
2026-06-11 22:21:00,62607.4,62612.8,62545.1,62600.1,124.293
2026-06-11 22:24:00,62600.1,62636.4,62550.7,62566.3,161.65
2026-06-11 22:27:00,62566.3,62581.6,62546.5,62546.6,104.809
2026-06-11 22:30:00,62546.6,62595.4,62510.4,62516.4,483.222
2026-06-11 22:33:00,62516.4,62516.4,62333.0,62463.9,1606.516
2026-06-11 22:36:00,62463.8,62498.9,62443.0,62461.4,338.099
2026-06-11 22:39:00,62461.3,62541.3,62461.2,62474.5,222.328
2026-06-11 22:42:00,62474.5,62502.4,62390.8,62433.0,196.913
2026-06-11 22:45:00,62433.0,62480.0,62380.0,62456.9,276.36
2026-06-11 22:48:00,62456.9,62456.9,62339.4,62393.8,262.83
2026-06-11 22:51:00,62393.8,62404.1,62321.8,62368.4,248.15
2026-06-11 22:54:00,62368.3,62395.8,62327.1,62330.1,217.514
2026-06-11 22:57:00,62330.1,63028.6,62315.0,62981.1,3423.396
2026-06-11 23:00:00,62982.2,63450.0,62948.1,63438.0,6870.397
2026-06-11 23:03:00,63438.0,63455.1,63089.2,63217.9,2665.799
2026-06-11 23:06:00,63218.0,63234.6,63100.1,63210.7,924.25
2026-06-11 23:09:00,63210.8,63353.5,63155.1,63337.4,846.009
2026-06-11 23:12:00,63337.3,63358.0,63253.7,63302.4,763.53
2026-06-11 23:15:00,63302.4,63477.4,63278.2,63430.9,1840.724
2026-06-11 23:18:00,63430.9,63588.0,63356.2,63444.8,3458.634
2026-06-11 23:21:00,63444.8,63576.4,63409.9,63435.0,828.594
2026-06-11 23:24:00,63434.9,63459.1,63337.9,63392.3,477.016
2026-06-11 23:27:00,63392.3,63643.0,63360.0,63614.2,2326.013
2026-06-11 23:30:00,63614.2,63768.7,63583.7,63584.7,2536.083
2026-06-11 23:33:00,63584.8,63689.3,63392.2,63393.8,1180.161
2026-06-11 23:36:00,63393.9,63414.2,63301.0,63332.3,1007.227
2026-06-11 23:39:00,63332.3,63414.9,63283.4,63408.1,976.407
2026-06-11 23:42:00,63408.0,63484.0,63392.8,63444.8,442.113
2026-06-11 23:45:00,63444.7,63583.9,63440.2,63535.4,449.335
2026-06-11 23:48:00,63535.3,63570.0,63458.0,63517.9,296.833
2026-06-11 23:51:00,63517.9,63566.7,63327.6,63350.2,800.931
2026-06-11 23:54:00,63350.2,63416.6,63318.0,63416.6,264.691
2026-06-11 23:57:00,63416.7,63421.8,63336.1,63363.5,210.425
2026-06-12 00:00:00,63363.5,63439.5,63340.9,63370.2,239.773
2026-06-12 00:03:00,63370.2,63431.3,63344.0,63420.9,138.202
2026-06-12 00:06:00,63420.8,63500.0,63417.6,63483.9,209.162
2026-06-12 00:09:00,63483.9,63536.0,63465.3,63474.5,173.903
2026-06-12 00:12:00,63474.5,63518.3,63462.4,63512.6,200.95
2026-06-12 00:15:00,63512.6,63545.3,63485.0,63545.3,128.257
2026-06-12 00:18:00,63545.3,63545.3,63456.4,63483.4,149.093
2026-06-12 00:21:00,63483.4,63538.8,63452.0,63520.2,134.395
2026-06-12 00:24:00,63520.1,63523.9,63454.2,63508.7,270.741
2026-06-12 00:27:00,63508.7,63508.8,63425.6,63426.0,95.08
2026-06-12 00:30:00,63426.0,63578.9,63392.0,63525.1,367.84
2026-06-12 00:33:00,63525.1,63529.2,63453.4,63460.3,324.185
2026-06-12 00:36:00,63460.4,63467.5,63357.5,63388.8,262.894
2026-06-12 00:39:00,63388.8,63449.7,63350.4,63430.9,241.579
2026-06-12 00:42:00,63433.5,63540.0,63414.4,63499.1,1125.558
2026-06-12 00:45:00,63499.1,63627.6,63499.0,63618.6,977.526
2026-06-12 00:48:00,63618.7,63670.8,63566.0,63613.6,404.686
2026-06-12 00:51:00,63613.5,63669.2,63591.6,63653.8,340.834
2026-06-12 00:54:00,63653.7,63665.4,63584.0,63643.9,250.527
2026-06-12 00:57:00,63643.9,63644.0,63544.8,63560.0,199.581
2026-06-12 01:00:00,63560.0,63880.0,63556.2,63833.2,1978.786
2026-06-12 01:03:00,63833.1,63915.3,63672.8,63740.4,1177.486
2026-06-12 01:06:00,63740.4,63790.0,63695.0,63695.0,378.968
2026-06-12 01:09:00,63695.0,63765.9,63629.9,63753.7,327.627
2026-06-12 01:12:00,63753.7,63776.6,63631.1,63653.4,322.27
2026-06-12 01:15:00,63653.5,63680.0,63603.6,63679.1,362.542
2026-06-12 01:18:00,63679.1,63694.6,63564.6,63613.2,280.885
2026-06-12 01:21:00,63613.2,63670.0,63607.9,63650.5,223.536
2026-06-12 01:24:00,63650.5,63671.8,63591.2,63622.8,208.119
2026-06-12 01:27:00,63622.7,63641.3,63562.6,63567.6,277.557
2026-06-12 01:30:00,63567.7,63633.6,63500.0,63604.0,750.255
2026-06-12 01:33:00,63604.1,63621.3,63553.4,63612.4,346.935
2026-06-12 01:36:00,63612.3,63615.3,63516.4,63536.2,143.969
2026-06-12 01:39:00,63536.1,63540.2,63452.8,63493.1,267.83
2026-06-12 01:42:00,63493.0,63506.4,63469.6,63499.9,130.036
2026-06-12 01:45:00,63499.9,63511.5,63466.4,63511.4,108.747
2026-06-12 01:48:00,63511.4,63516.3,63493.5,63504.9,67.422
2026-06-12 01:51:00,63504.9,63509.0,63428.4,63454.6,281.163
2026-06-12 01:54:00,63454.6,63465.6,63391.8,63391.8,291.029
2026-06-12 01:57:00,63391.8,63427.0,63290.3,63342.3,606.474
2026-06-12 02:00:00,63342.0,63362.4,63308.9,63349.2,216.794
2026-06-12 02:03:00,63349.1,63381.6,63314.5,63314.5,232.422
2026-06-12 02:06:00,63314.6,63320.9,63289.0,63302.2,140.802
2026-06-12 02:09:00,63302.1,63344.4,63276.0,63287.2,257.742
2026-06-12 02:12:00,63287.2,63287.2,63255.0,63255.0,208.475
2026-06-12 02:15:00,63255.1,63266.8,63235.8,63257.1,167.315
2026-06-12 02:18:00,63257.0,63262.3,63240.0,63250.9,82.853
2026-06-12 02:21:00,63250.8,63372.5,63245.3,63364.2,358.964
2026-06-12 02:24:00,63364.3,63376.7,63349.4,63371.9,149.73
2026-06-12 02:27:00,63371.9,63378.5,63342.0,63361.9,126.34
2026-06-12 02:30:00,63361.9,63408.7,63359.7,63372.2,146.65
2026-06-12 02:33:00,63372.2,63461.3,63370.0,63436.6,187.226
2026-06-12 02:36:00,63436.5,63458.2,63424.1,63455.0,89.689
2026-06-12 02:39:00,63455.0,63455.0,63425.7,63443.1,61.851
2026-06-12 02:42:00,63443.0,63571.5,63443.0,63520.9,256.324
2026-06-12 02:45:00,63521.0,63521.0,63480.2,63486.7,67.126
2026-06-12 02:48:00,63486.6,63497.4,63474.3,63481.3,82.223
2026-06-12 02:51:00,63481.3,63532.5,63465.7,63520.9,89.379
2026-06-12 02:54:00,63520.8,63520.8,63415.7,63417.6,112.972
2026-06-12 02:57:00,63417.6,63449.9,63408.7,63449.8,50.627
2026-06-12 03:00:00,63449.8,63486.0,63449.8,63485.9,53.426
2026-06-12 03:03:00,63486.0,63486.0,63422.6,63435.8,110.981
2026-06-12 03:06:00,63435.9,63490.0,63435.9,63486.3,60.562
2026-06-12 03:09:00,63486.4,63506.5,63446.9,63465.6,54.757
2026-06-12 03:12:00,63465.6,63501.0,63460.8,63501.0,89.842
2026-06-12 03:15:00,63501.0,63532.5,63492.0,63520.1,110.618
2026-06-12 03:18:00,63520.0,63549.0,63494.2,63494.2,80.311
2026-06-12 03:21:00,63494.3,63539.1,63486.8,63507.9,63.586
2026-06-12 03:24:00,63507.8,63507.8,63423.2,63426.8,269.989
2026-06-12 03:27:00,63426.5,63487.4,63420.2,63487.2,134.091
2026-06-12 03:30:00,63487.3,63553.5,63467.5,63533.7,140.582
2026-06-12 03:33:00,63533.7,63610.9,63533.7,63562.9,190.177
2026-06-12 03:36:00,63562.8,63627.5,63544.6,63604.2,162.577
2026-06-12 03:39:00,63604.3,63633.3,63575.7,63582.5,91.977
2026-06-12 03:42:00,63582.6,63605.0,63548.5,63598.9,108.71
2026-06-12 03:45:00,63599.0,63640.6,63566.4,63614.7,144.711
2026-06-12 03:48:00,63614.7,63614.7,63579.6,63590.3,68.259
2026-06-12 03:51:00,63590.4,63590.4,63513.9,63535.9,123.319
2026-06-12 03:54:00,63535.8,63546.4,63500.0,63518.9,96.969
2026-06-12 03:57:00,63519.0,63569.9,63510.1,63558.4,91.382
2026-06-12 04:00:00,63558.4,63609.1,63531.5,63531.5,115.591
2026-06-12 04:03:00,63531.5,63550.2,63465.2,63525.1,183.616
2026-06-12 04:06:00,63525.1,63543.5,63485.8,63485.9,70.457
2026-06-12 04:09:00,63485.9,63527.8,63471.1,63477.1,82.65
2026-06-12 04:12:00,63477.0,63480.0,63457.5,63471.0,57.873
2026-06-12 04:15:00,63471.0,63493.3,63431.3,63431.3,142.422
2026-06-12 04:18:00,63431.3,63505.9,63425.0,63502.5,97.468
2026-06-12 04:21:00,63502.4,63506.8,63480.0,63494.1,64.764
2026-06-12 04:24:00,63494.1,63550.0,63488.0,63504.7,137.774
2026-06-12 04:27:00,63504.6,63520.0,63466.9,63467.1,44.817
2026-06-12 04:30:00,63467.1,63469.1,63373.2,63413.4,206.193
2026-06-12 04:33:00,63413.4,63413.4,63333.5,63392.7,193.434
2026-06-12 04:36:00,63392.7,63392.8,63330.5,63337.8,93.837
2026-06-12 04:39:00,63337.7,63356.8,63328.1,63347.7,95.128
2026-06-12 04:42:00,63347.6,63391.0,63347.6,63375.9,97.203
2026-06-12 04:45:00,63375.9,63406.3,63357.4,63360.1,78.857
2026-06-12 04:48:00,63360.0,63395.0,63350.0,63366.5,112.84
2026-06-12 04:51:00,63366.6,63400.1,63356.3,63397.9,74.537
2026-06-12 04:54:00,63398.0,63398.0,63350.5,63380.9,50.887
2026-06-12 04:57:00,63381.0,63389.7,63340.0,63349.5,56.792
2026-06-12 05:00:00,63349.5,63467.8,63349.5,63451.4,494.563
2026-06-12 05:03:00,63451.3,63497.3,63431.2,63458.5,354.447
2026-06-12 05:06:00,63458.5,63486.7,63443.9,63473.3,89.513
2026-06-12 05:09:00,63473.3,63712.3,63461.2,63637.2,956.051
2026-06-12 05:12:00,63637.2,63637.2,63593.6,63604.7,132.247
2026-06-12 05:15:00,63604.8,63626.6,63578.3,63578.3,176.727
2026-06-12 05:18:00,63578.4,63588.5,63550.0,63555.0,92.187
2026-06-12 05:21:00,63554.9,63554.9,63491.0,63506.4,101.402
2026-06-12 05:24:00,63506.4,63609.2,63506.4,63599.9,566.242
2026-06-12 05:27:00,63599.9,63609.9,63563.6,63597.9,248.455
2026-06-12 05:30:00,63598.0,63603.1,63531.7,63548.7,681.804
2026-06-12 05:33:00,63548.5,63588.7,63511.1,63567.4,136.217
2026-06-12 05:36:00,63567.4,63777.0,63559.2,63720.1,1091.082
2026-06-12 05:39:00,63720.0,63720.0,63661.9,63664.1,167.223
2026-06-12 05:42:00,63664.0,63710.0,63650.0,63709.9,102.78
2026-06-12 05:45:00,63709.9,63709.9,63583.3,63593.0,209.509
2026-06-12 05:48:00,63592.9,63633.0,63592.9,63610.9,89.604
2026-06-12 05:51:00,63611.0,63647.8,63566.1,63569.4,89.043
2026-06-12 05:54:00,63569.5,63580.0,63519.9,63520.0,115.178
2026-06-12 05:57:00,63519.9,63604.7,63489.8,63586.9,161.201
2026-06-12 06:00:00,63586.8,63609.1,63531.8,63596.3,86.081
2026-06-12 06:03:00,63596.3,63648.4,63586.4,63638.3,195.079
2026-06-12 06:06:00,63638.3,63718.6,63614.7,63684.3,310.784
2026-06-12 06:09:00,63684.4,63684.4,63622.0,63651.6,131.373
2026-06-12 06:12:00,63651.7,63675.8,63610.4,63626.1,132.06
2026-06-12 06:15:00,63626.0,63664.1,63617.2,63651.9,95.338
2026-06-12 06:18:00,63651.9,63661.0,63629.7,63634.7,59.955
2026-06-12 06:21:00,63634.7,63692.0,63634.7,63682.7,149.437
2026-06-12 06:24:00,63682.7,63700.0,63672.2,63682.3,105.871
2026-06-12 06:27:00,63682.2,63682.3,63604.8,63617.7,133.575
2026-06-12 06:30:00,63617.7,63617.7,63443.5,63445.4,413.454
2026-06-12 06:33:00,63445.5,63510.3,63443.7,63450.0,168.151
2026-06-12 06:36:00,63450.1,63504.4,63448.6,63471.7,118.619
2026-06-12 06:39:00,63471.7,63519.3,63452.2,63459.0,246.808
2026-06-12 06:42:00,63459.1,63472.4,63432.3,63455.8,295.954
2026-06-12 06:45:00,63455.7,63510.0,63423.2,63454.0,242.626
2026-06-12 06:48:00,63454.0,63466.6,63372.6,63392.6,274.751
2026-06-12 06:51:00,63392.6,63420.7,63358.0,63363.3,198.179
2026-06-12 06:54:00,63363.3,63380.8,63309.9,63319.1,225.074
2026-06-12 06:57:00,63319.1,63340.1,63271.6,63326.4,503.964
2026-06-12 07:00:00,63326.4,63380.0,63325.4,63370.5,207.215
2026-06-12 07:03:00,63370.6,63390.0,63283.0,63290.1,211.499
2026-06-12 07:06:00,63290.0,63320.0,63282.9,63319.3,214.889
2026-06-12 07:09:00,63319.3,63349.7,63302.2,63325.7,133.063
2026-06-12 07:12:00,63325.8,63389.0,63325.7,63345.5,162.177
2026-06-12 07:15:00,63345.6,63412.8,63345.5,63379.3,188.006
2026-06-12 07:18:00,63379.3,63438.3,63370.9,63390.9,177.762
2026-06-12 07:21:00,63390.9,63423.1,63380.0,63400.0,78.501
2026-06-12 07:24:00,63399.9,63441.1,63370.1,63370.1,320.914
2026-06-12 07:27:00,63370.1,63403.0,63352.9,63402.9,84.585
2026-06-12 07:30:00,63402.9,63474.3,63402.9,63474.2,98.754
2026-06-12 07:33:00,63474.3,63475.0,63441.1,63474.9,72.609
2026-06-12 07:36:00,63474.9,63517.9,63474.1,63500.3,215.004
2026-06-12 07:39:00,63500.3,63758.4,63500.0,63663.9,764.313
2026-06-12 07:42:00,63663.9,63695.4,63629.5,63640.1,178.173
2026-06-12 07:45:00,63640.1,63666.9,63581.8,63581.9,164.545
2026-06-12 07:48:00,63581.9,63611.9,63558.0,63605.9,112.412
2026-06-12 07:51:00,63605.9,63633.4,63577.9,63614.9,143.488
2026-06-12 07:54:00,63614.8,63653.6,63555.0,63555.1,168.187
2026-06-12 07:57:00,63555.0,63555.1,63491.5,63529.7,317.417
2026-06-12 08:00:00,63529.7,63575.8,63527.2,63555.8,114.544
2026-06-12 08:03:00,63555.9,63575.6,63460.0,63491.2,176.026
2026-06-12 08:06:00,63491.2,63593.3,63483.3,63567.3,91.352
2026-06-12 08:09:00,63567.2,63617.6,63550.8,63557.2,137.981
2026-06-12 08:12:00,63557.2,63608.2,63550.8,63608.2,44.653
2026-06-12 08:15:00,63608.2,63608.2,63566.5,63584.4,55.624
2026-06-12 08:18:00,63584.4,63592.0,63559.1,63569.9,154.592
2026-06-12 08:21:00,63570.0,63588.4,63550.5,63564.2,181.446
2026-06-12 08:24:00,63564.3,63573.7,63558.4,63559.7,48.244
2026-06-12 08:27:00,63559.7,63603.4,63524.1,63589.3,168.638
2026-06-12 08:30:00,63589.2,63620.1,63562.8,63563.7,147.368
2026-06-12 08:33:00,63563.6,63580.0,63529.6,63534.2,111.938
2026-06-12 08:36:00,63534.2,63562.9,63526.1,63531.8,54.266
2026-06-12 08:39:00,63531.7,63562.4,63527.7,63543.8,41.897
2026-06-12 08:42:00,63543.8,63543.9,63479.2,63501.0,149.167
2026-06-12 08:45:00,63501.0,63501.0,63463.2,63471.6,75.65
2026-06-12 08:48:00,63471.6,63476.1,63421.2,63428.1,89.111
2026-06-12 08:51:00,63428.0,63443.1,63366.0,63383.0,141.76
2026-06-12 08:54:00,63383.1,63400.9,63314.7,63385.1,277.168
2026-06-12 08:57:00,63385.0,63422.6,63367.0,63403.8,137.243
2026-06-12 09:00:00,63403.8,63476.2,63403.7,63437.8,119.399
2026-06-12 09:03:00,63437.7,63498.9,63427.1,63461.9,186.69
2026-06-12 09:06:00,63461.9,63465.0,63430.8,63451.3,57.537
2026-06-12 09:09:00,63451.3,63461.2,63424.3,63443.1,74.014
2026-06-12 09:12:00,63443.1,63455.3,63410.8,63444.5,61.889
2026-06-12 09:15:00,63444.4,63474.0,63423.3,63465.4,81.149
2026-06-12 09:18:00,63465.2,63497.0,63431.3,63447.4,49.508
2026-06-12 09:21:00,63447.4,63486.6,63447.4,63483.7,49.389
2026-06-12 09:24:00,63483.6,63500.0,63475.3,63481.9,48.994
2026-06-12 09:27:00,63481.9,63500.0,63477.3,63490.0,73.092
2026-06-12 09:30:00,63490.1,63499.0,63444.6,63453.8,178.532
2026-06-12 09:33:00,63453.7,63493.1,63450.2,63466.7,75.261
2026-06-12 09:36:00,63466.6,63472.6,63391.2,63468.5,148.297
2026-06-12 09:39:00,63468.5,63529.3,63446.1,63508.4,145.82
2026-06-12 09:42:00,63508.3,63509.5,63440.8,63468.7,105.09
2026-06-12 09:45:00,63468.7,63713.7,63468.7,63629.4,1419.439
2026-06-12 09:48:00,63629.3,63670.1,63611.0,63629.9,360.982
2026-06-12 09:51:00,63629.9,63753.9,63629.4,63700.0,608.363
2026-06-12 09:54:00,63700.1,63759.9,63681.1,63759.8,314.912
2026-06-12 09:57:00,63759.9,63788.3,63729.9,63763.8,322.443
2026-06-12 10:00:00,63763.7,63843.2,63717.9,63741.7,791.164
2026-06-12 10:03:00,63741.7,63795.7,63680.8,63703.3,371.359
2026-06-12 10:06:00,63703.2,63716.5,63672.9,63679.4,125.966
2026-06-12 10:09:00,63679.4,63713.6,63667.3,63678.5,211.55
2026-06-12 10:12:00,63678.6,63706.2,63654.9,63692.6,143.811
2026-06-12 10:15:00,63692.5,63732.4,63675.0,63686.0,164.372
2026-06-12 10:18:00,63686.0,63706.3,63681.3,63687.0,71.977
2026-06-12 10:21:00,63686.9,63711.0,63680.1,63680.1,93.82
2026-06-12 10:24:00,63680.1,63690.5,63665.0,63678.0,120.204
2026-06-12 10:27:00,63677.9,63689.9,63655.4,63670.4,128.59
2026-06-12 10:30:00,63670.5,63695.4,63584.0,63594.6,267.165
2026-06-12 10:33:00,63594.6,63628.5,63591.7,63602.8,113.907
2026-06-12 10:36:00,63602.8,63631.1,63534.3,63553.8,164.314
2026-06-12 10:39:00,63553.8,63567.5,63418.6,63418.7,890.04
2026-06-12 10:42:00,63418.7,63438.6,63383.7,63405.1,1183.939
2026-06-12 10:45:00,63405.1,63499.5,63404.6,63480.4,577.644
2026-06-12 10:48:00,63480.4,63499.5,63465.6,63474.9,188.262
2026-06-12 10:51:00,63474.9,63479.7,63438.6,63438.6,115.327
2026-06-12 10:54:00,63438.6,63466.8,63415.7,63444.6,161.21
2026-06-12 10:57:00,63444.7,63460.4,63440.0,63457.2,128.41
2026-06-12 11:00:00,63457.1,63470.0,63415.9,63415.9,98.538
2026-06-12 11:03:00,63415.9,63443.6,63397.4,63423.2,178.262
2026-06-12 11:06:00,63423.2,63428.4,63333.1,63337.8,254.646
2026-06-12 11:09:00,63337.9,63364.4,63305.0,63350.5,335.216
2026-06-12 11:12:00,63350.5,63379.2,63343.0,63362.8,255.513
2026-06-12 11:15:00,63362.8,63381.7,63320.7,63346.5,260.142
2026-06-12 11:18:00,63346.4,63376.8,63269.1,63269.2,237.408
2026-06-12 11:21:00,63269.1,63349.2,63265.4,63319.6,213.106
2026-06-12 11:24:00,63319.6,63359.3,63319.6,63348.7,143.608
2026-06-12 11:27:00,63348.7,63377.5,63309.4,63317.6,280.424
2026-06-12 11:30:00,63317.6,63365.5,63300.0,63363.0,141.551
2026-06-12 11:33:00,63363.0,63385.9,63336.4,63377.2,130.364
2026-06-12 11:36:00,63377.2,63383.1,63311.7,63350.0,218.67
2026-06-12 11:39:00,63350.4,63350.4,63239.6,63296.6,355.411
2026-06-12 11:42:00,63296.7,63296.7,63250.0,63272.4,166.495
2026-06-12 11:45:00,63272.4,63272.5,63130.7,63134.8,763.989
2026-06-12 11:48:00,63134.7,63176.1,63133.1,63137.2,418.931
2026-06-12 11:51:00,63137.2,63154.8,63062.8,63153.9,479.398
2026-06-12 11:54:00,63154.0,63180.1,63122.5,63159.1,192.993
2026-06-12 11:57:00,63159.1,63163.7,63121.0,63121.0,108.567
2026-06-12 12:00:00,63121.0,63121.0,63008.2,63037.5,573.357
2026-06-12 12:03:00,63037.6,63039.8,62852.1,62915.3,1765.659
2026-06-12 12:06:00,62915.2,62928.9,62800.0,62825.2,1096.417
2026-06-12 12:09:00,62825.2,62942.8,62825.1,62916.7,561.61
2026-06-12 12:12:00,62916.6,62931.5,62892.2,62899.1,324.797
2026-06-12 12:15:00,62899.2,62987.0,62892.4,62983.1,444.747
2026-06-12 12:18:00,62983.1,62983.8,62929.5,62929.6,290.984
2026-06-12 12:21:00,62929.6,62956.0,62904.7,62932.4,203.748
2026-06-12 12:24:00,62932.3,62956.0,62922.0,62955.9,107.944
2026-06-12 12:27:00,62956.0,62997.1,62950.0,62955.9,196.336
2026-06-12 12:30:00,62956.0,63080.4,62956.0,63050.1,644.311
2026-06-12 12:33:00,63050.1,63087.8,63031.5,63083.1,195.812
2026-06-12 12:36:00,63083.1,63096.4,63025.0,63071.7,242.948
2026-06-12 12:39:00,63071.7,63074.9,63000.1,63007.0,193.487
2026-06-12 12:42:00,63007.0,63050.4,62950.0,62957.0,269.582
2026-06-12 12:45:00,62957.0,62991.7,62919.9,62991.7,316.621
2026-06-12 12:48:00,62991.7,63057.4,62985.4,63039.0,137.156
2026-06-12 12:51:00,63039.0,63048.5,62958.6,63003.7,150.112
2026-06-12 12:54:00,63003.7,63025.2,62985.8,62995.8,92.125
2026-06-12 12:57:00,62995.8,63010.5,62974.4,62994.4,103.618
2026-06-12 13:00:00,62994.5,63023.0,62982.2,63003.5,126.088
2026-06-12 13:03:00,63003.5,63020.0,62968.0,63006.8,140.649
2026-06-12 13:06:00,63006.9,63006.9,62946.1,62994.6,188.705
2026-06-12 13:09:00,62994.6,63063.2,62989.0,63058.8,208.22
2026-06-12 13:12:00,63058.8,63062.7,63026.6,63026.6,237.646
2026-06-12 13:15:00,63026.7,63043.1,62990.3,63000.1,190.146
2026-06-12 13:18:00,63000.0,63017.9,62985.9,62989.1,140.758
2026-06-12 13:21:00,62989.1,63000.0,62977.1,62977.1,166.783
2026-06-12 13:24:00,62977.2,63180.8,62974.6,63142.1,510.886
2026-06-12 13:27:00,63142.1,63166.4,63061.2,63066.5,529.537
2026-06-12 13:30:00,63066.5,63164.7,63063.9,63150.0,337.95
2026-06-12 13:33:00,63150.1,63168.0,63100.0,63164.8,278.372
2026-06-12 13:36:00,63164.8,63256.2,63163.2,63254.0,567.56
2026-06-12 13:39:00,63254.1,63290.0,63241.0,63267.6,335.825
2026-06-12 13:42:00,63267.5,63319.3,63266.3,63266.4,459.823
2026-06-12 13:45:00,63266.3,63399.4,63252.4,63367.8,559.007
2026-06-12 13:48:00,63367.7,63449.7,63357.4,63437.5,648.28
2026-06-12 13:51:00,63437.5,63587.0,63437.4,63490.0,989.162
2026-06-12 13:54:00,63490.1,63516.0,63433.5,63454.4,360.986
2026-06-12 13:57:00,63454.4,63513.6,63454.4,63500.0,212.041
2026-06-12 14:00:00,63500.0,63512.4,63440.0,63455.5,199.811
2026-06-12 14:03:00,63455.4,63500.0,63414.0,63428.6,236.1
2026-06-12 14:06:00,63428.7,63445.1,63399.0,63444.7,245.747
2026-06-12 14:09:00,63444.7,63469.2,63388.2,63391.0,194.954
2026-06-12 14:12:00,63390.9,63395.7,63346.3,63360.9,278.721
2026-06-12 14:15:00,63361.0,63431.9,63324.5,63400.1,246.146
2026-06-12 14:18:00,63400.0,63425.9,63381.8,63392.2,101.12
2026-06-12 14:21:00,63392.2,63453.2,63382.7,63441.2,134.911
2026-06-12 14:24:00,63441.1,63456.2,63419.4,63451.4,100.387
2026-06-12 14:27:00,63451.4,63456.4,63432.1,63440.5,69.012
2026-06-12 14:30:00,63440.5,63487.9,63420.1,63468.0,159.0
2026-06-12 14:33:00,63468.1,63468.1,63398.3,63427.6,203.338
2026-06-12 14:36:00,63427.8,63533.2,63427.8,63461.9,274.932
2026-06-12 14:39:00,63462.0,63518.1,63458.0,63503.9,132.245
2026-06-12 14:42:00,63504.0,63567.7,63475.8,63536.4,409.175
2026-06-12 14:45:00,63536.3,63580.0,63518.1,63534.9,214.385
2026-06-12 14:48:00,63534.9,63597.5,63523.5,63569.9,212.183
2026-06-12 14:51:00,63569.9,63689.0,63565.1,63627.0,670.753
2026-06-12 14:54:00,63627.1,63687.7,63627.0,63687.7,191.851
2026-06-12 14:57:00,63687.6,63768.3,63687.6,63735.0,943.194
2026-06-12 15:00:00,63735.0,63888.0,63731.7,63857.1,1017.241
2026-06-12 15:03:00,63857.0,63929.9,63829.1,63876.6,1078.144
2026-06-12 15:06:00,63876.5,63881.4,63806.2,63825.6,580.506
2026-06-12 15:09:00,63825.7,63852.9,63796.3,63805.2,289.533
2026-06-12 15:12:00,63805.3,63881.7,63805.2,63854.2,255.692
2026-06-12 15:15:00,63854.2,63913.1,63796.5,63879.8,343.247
2026-06-12 15:18:00,63879.9,63886.8,63799.5,63834.9,249.392
2026-06-12 15:21:00,63834.8,63834.9,63762.3,63768.4,237.01
2026-06-12 15:24:00,63768.4,63816.9,63749.3,63771.0,234.827
2026-06-12 15:27:00,63771.0,63783.6,63719.8,63729.5,242.388
2026-06-12 15:30:00,63729.5,63729.5,63657.6,63708.5,317.459
2026-06-12 15:33:00,63708.5,63717.0,63664.8,63668.0,240.09
2026-06-12 15:36:00,63668.0,63722.0,63668.0,63720.9,135.434
2026-06-12 15:39:00,63721.0,63824.0,63690.6,63711.8,417.259
2026-06-12 15:42:00,63711.8,63742.0,63683.8,63741.0,165.465
2026-06-12 15:45:00,63741.0,63756.3,63686.5,63735.4,141.681
2026-06-12 15:48:00,63735.4,63756.8,63699.1,63710.0,441.754
2026-06-12 15:51:00,63710.0,63747.2,63706.9,63739.4,129.337
2026-06-12 15:54:00,63739.4,63782.4,63575.4,63575.4,569.398
2026-06-12 15:57:00,63575.4,63593.8,63541.9,63582.6,403.249
2026-06-12 16:00:00,63582.7,63670.0,63575.9,63669.9,329.014
2026-06-12 16:03:00,63670.0,63720.7,63639.2,63686.7,129.08
2026-06-12 16:06:00,63686.8,63727.4,63661.2,63704.6,98.009
2026-06-12 16:09:00,63704.7,63720.0,63640.9,63640.9,145.982
2026-06-12 16:12:00,63641.0,63654.8,63630.3,63654.7,95.014
2026-06-12 16:15:00,63654.7,63670.8,63635.0,63661.0,71.24
2026-06-12 16:18:00,63661.0,63713.0,63660.9,63690.4,92.997
2026-06-12 16:21:00,63690.3,63694.0,63658.6,63679.5,63.473
2026-06-12 16:24:00,63679.6,63697.0,63651.1,63673.2,91.765
2026-06-12 16:27:00,63673.2,63708.8,63628.0,63665.1,127.605
2026-06-12 16:30:00,63665.2,63763.1,63651.2,63755.3,144.503
2026-06-12 16:33:00,63755.2,63853.7,63750.0,63832.9,486.37
2026-06-12 16:36:00,63832.6,63853.8,63771.2,63771.3,197.815
2026-06-12 16:39:00,63771.3,63771.3,63711.8,63753.6,131.415
2026-06-12 16:42:00,63753.6,63820.0,63745.1,63792.7,140.644
2026-06-12 16:45:00,63792.7,63819.8,63760.6,63761.3,122.297
2026-06-12 16:48:00,63761.3,63788.9,63724.8,63767.8,112.627
2026-06-12 16:51:00,63767.8,63820.0,63765.1,63819.9,99.852
2026-06-12 16:54:00,63819.9,63846.9,63796.6,63800.1,157.09
2026-06-12 16:57:00,63800.0,63818.0,63786.6,63792.0,147.258
2026-06-12 17:00:00,63792.1,63792.1,63693.4,63699.1,223.987
2026-06-12 17:03:00,63699.0,63725.3,63650.0,63672.9,215.897
2026-06-12 17:06:00,63672.9,63690.5,63656.0,63668.3,127.444
2026-06-12 17:09:00,63668.3,63772.8,63656.0,63749.9,199.006
2026-06-12 17:12:00,63749.8,63771.0,63730.5,63763.2,134.874
2026-06-12 17:15:00,63763.1,63855.8,63758.7,63799.9,304.78
2026-06-12 17:18:00,63800.0,63808.0,63779.2,63787.8,87.064
2026-06-12 17:21:00,63787.9,63804.0,63762.0,63804.0,104.238
2026-06-12 17:24:00,63804.0,63817.0,63763.7,63790.1,137.355
2026-06-12 17:27:00,63790.1,63790.1,63729.4,63729.4,106.514
2026-06-12 17:30:00,63729.4,63729.5,63613.8,63716.5,444.094
2026-06-12 17:33:00,63716.4,63745.1,63625.4,63643.3,166.831
2026-06-12 17:36:00,63643.4,63673.8,63613.6,63652.8,166.89
2026-06-12 17:39:00,63652.8,63677.2,63622.2,63630.0,123.629
2026-06-12 17:42:00,63630.0,63630.1,63586.1,63599.9,230.987
2026-06-12 17:45:00,63600.0,63634.4,63583.3,63623.4,155.785
2026-06-12 17:48:00,63623.3,63651.9,63562.9,63562.9,175.821
2026-06-12 17:51:00,63562.9,63582.2,63522.6,63564.1,260.032
2026-06-12 17:54:00,63564.1,63564.2,63502.5,63505.1,251.316
2026-06-12 17:57:00,63505.1,63505.2,63426.0,63435.5,545.586
2026-06-12 18:00:00,63435.6,63497.1,63415.4,63487.0,361.011
2026-06-12 18:03:00,63486.9,63543.0,63486.0,63492.4,239.161
2026-06-12 18:06:00,63492.4,63500.0,63423.9,63423.9,156.813
2026-06-12 18:09:00,63423.9,63437.6,63358.2,63419.1,595.669
2026-06-12 18:12:00,63419.2,63459.7,63363.0,63401.8,256.455
2026-06-12 18:15:00,63401.9,63464.0,63377.4,63460.0,216.389
2026-06-12 18:18:00,63459.9,63514.7,63431.5,63466.6,460.447
2026-06-12 18:21:00,63466.7,63505.8,63431.8,63472.5,132.644
2026-06-12 18:24:00,63472.5,63472.6,63331.9,63398.5,445.044
2026-06-12 18:27:00,63398.4,63465.4,63392.5,63433.7,212.756
2026-06-12 18:30:00,63433.8,63469.4,63364.6,63426.2,251.566
2026-06-12 18:33:00,63426.2,63426.2,63390.6,63418.7,212.815
2026-06-12 18:36:00,63418.8,63449.8,63393.9,63439.2,111.207
2026-06-12 18:39:00,63439.1,63481.2,63395.2,63395.3,219.138
2026-06-12 18:42:00,63395.3,63458.1,63330.4,63456.2,215.093
2026-06-12 18:45:00,63456.3,63465.4,63413.1,63429.0,253.422
2026-06-12 18:48:00,63428.9,63507.9,63428.9,63471.1,267.911
2026-06-12 18:51:00,63471.0,63471.0,63355.3,63355.4,156.074
2026-06-12 18:54:00,63355.3,63397.5,63355.3,63375.7,168.808
2026-06-12 18:57:00,63375.8,63384.5,63321.5,63381.0,193.346
2026-06-12 19:00:00,63381.0,63427.3,63208.2,63253.8,1191.578
2026-06-12 19:03:00,63253.8,63352.7,63188.0,63323.6,615.286
2026-06-12 19:06:00,63323.5,63333.0,63240.1,63303.7,330.087
2026-06-12 19:09:00,63303.6,63385.6,63079.0,63137.2,1791.94
2026-06-12 19:12:00,63137.1,63158.3,63020.6,63107.8,1115.148
2026-06-12 19:15:00,63107.8,63197.5,63090.0,63150.0,669.536
2026-06-12 19:18:00,63150.0,63218.8,63073.8,63212.5,449.269
2026-06-12 19:21:00,63212.5,63240.0,63130.4,63130.4,365.708
2026-06-12 19:24:00,63130.4,63151.2,63070.2,63100.3,329.471
2026-06-12 19:27:00,63100.2,63213.3,63100.2,63200.3,328.983
2026-06-12 19:30:00,63200.3,63462.3,63160.4,63348.2,1440.679
2026-06-12 19:33:00,63348.1,63441.7,63301.0,63318.4,520.778
2026-06-12 19:36:00,63318.5,63532.0,63314.8,63397.8,825.215
2026-06-12 19:39:00,63397.7,63430.0,63351.1,63392.4,327.529
2026-06-12 19:42:00,63392.3,63430.1,63320.0,63418.1,310.789
2026-06-12 19:45:00,63418.1,63536.9,63402.6,63458.1,408.064
2026-06-12 19:48:00,63458.2,63460.0,63360.1,63413.2,251.744
2026-06-12 19:51:00,63413.1,63487.5,63280.7,63352.8,509.555
2026-06-12 19:54:00,63352.7,63580.0,63352.7,63514.7,647.207
2026-06-12 19:57:00,63514.7,63647.8,63514.7,63603.0,715.986
2026-06-12 20:00:00,63603.0,63666.6,63544.8,63561.9,700.648
2026-06-12 20:03:00,63561.9,63718.3,63524.2,63661.6,637.349
2026-06-12 20:06:00,63661.6,63768.8,63624.5,63715.9,928.061
2026-06-12 20:09:00,63715.9,63745.6,63558.4,63583.3,466.075
2026-06-12 20:12:00,63583.3,63624.7,63450.0,63483.2,580.185
2026-06-12 20:15:00,63483.2,63543.8,63450.0,63470.1,284.985
2026-06-12 20:18:00,63470.1,63619.7,63434.0,63619.5,330.911
2026-06-12 20:21:00,63619.5,63949.9,63532.0,63853.2,2108.788
2026-06-12 20:24:00,63853.3,63974.0,63820.0,63936.2,1349.955
2026-06-12 20:27:00,63936.0,63988.0,63878.3,63971.0,926.88
2026-06-12 20:30:00,63971.1,64164.7,63944.9,64070.2,2849.828
2026-06-12 20:33:00,64070.3,64107.6,63859.3,63998.1,1350.224
2026-06-12 20:36:00,63998.2,64166.0,63987.1,64079.7,1120.902
2026-06-12 20:39:00,64079.6,64246.6,64042.5,64199.9,1948.532
2026-06-12 20:42:00,64199.9,64354.7,64126.6,64345.7,2304.742
2026-06-12 20:45:00,64345.8,64362.6,64240.0,64309.5,1561.967
2026-06-12 20:48:00,64309.4,64320.0,64183.6,64201.7,1472.476
2026-06-12 20:51:00,64201.7,64246.0,64167.5,64208.9,1030.865
2026-06-12 20:54:00,64208.8,64285.4,64206.5,64248.2,837.255
2026-06-12 20:57:00,64248.4,64270.1,64084.6,64099.9,1103.202
2026-06-12 21:00:00,64100.0,64100.0,63966.7,63980.0,1428.043
2026-06-12 21:03:00,63980.0,64045.1,63824.7,64033.3,1782.856
2026-06-12 21:06:00,64033.3,64039.0,63837.1,63851.9,624.462
2026-06-12 21:09:00,63851.9,63948.2,63806.6,63825.7,1128.306
2026-06-12 21:12:00,63825.6,63893.2,63766.3,63873.4,657.421
2026-06-12 21:15:00,63873.3,63909.4,63737.0,63748.4,1176.846
2026-06-12 21:18:00,63748.3,63763.8,63642.1,63734.7,1000.539
2026-06-12 21:21:00,63734.8,63820.0,63700.0,63792.6,1047.161
2026-06-12 21:24:00,63792.5,63833.0,63630.3,63670.2,634.322
2026-06-12 21:27:00,63670.2,63689.4,63504.2,63557.0,943.265
2026-06-12 21:30:00,63557.1,63665.9,63500.0,63500.1,1225.248
2026-06-12 21:33:00,63500.1,63709.9,63477.5,63633.0,1086.685
2026-06-12 21:36:00,63632.9,63769.3,63629.2,63725.1,469.385
2026-06-12 21:39:00,63725.2,63729.9,63667.5,63706.1,306.8
2026-06-12 21:42:00,63706.0,63942.6,63706.0,63827.6,1307.628
2026-06-12 21:45:00,63827.5,63970.0,63811.5,63825.6,843.97
2026-06-12 21:48:00,63825.6,63866.2,63733.4,63733.4,487.424
2026-06-12 21:51:00,63733.4,63830.3,63726.8,63753.4,266.709
2026-06-12 21:54:00,63753.4,63890.0,63747.4,63882.6,351.529
2026-06-12 21:57:00,63882.6,63895.3,63822.0,63873.2,137.494
2026-06-12 22:00:00,63873.1,63906.5,63832.5,63879.6,283.22
2026-06-12 22:03:00,63879.7,63904.8,63760.4,63760.4,186.702
2026-06-12 22:06:00,63760.2,63932.1,63760.2,63918.4,192.967
2026-06-12 22:09:00,63918.3,63974.8,63885.5,63885.5,272.172
2026-06-12 22:12:00,63885.5,63897.1,63738.4,63817.4,304.925
2026-06-12 22:15:00,63817.5,63873.3,63795.4,63862.2,155.804
2026-06-12 22:18:00,63861.9,63957.1,63846.2,63899.7,226.346
2026-06-12 22:21:00,63899.6,63940.1,63873.6,63913.3,172.097
2026-06-12 22:24:00,63913.3,63918.0,63841.3,63884.4,140.525
2026-06-12 22:27:00,63884.4,63954.7,63884.4,63951.2,115.323
2026-06-12 22:30:00,63951.2,64009.3,63893.9,63908.0,487.582
2026-06-12 22:33:00,63908.0,64033.1,63890.0,64000.2,383.22
2026-06-12 22:36:00,64000.3,64083.3,63980.0,63983.3,537.567
2026-06-12 22:39:00,63983.4,64007.0,63914.0,63926.6,158.358
2026-06-12 22:42:00,63926.5,63927.2,63840.3,63875.6,272.008
2026-06-12 22:45:00,63875.5,63890.9,63826.1,63856.8,166.421
2026-06-12 22:48:00,63856.8,63856.9,63783.1,63822.4,166.427
2026-06-12 22:51:00,63822.8,63845.9,63740.0,63755.8,181.031
2026-06-12 22:54:00,63755.8,63793.5,63747.0,63769.8,152.85
2026-06-12 22:57:00,63770.0,63805.8,63708.0,63793.7,193.295
2026-06-12 23:00:00,63793.8,63824.8,63724.4,63771.2,195.95
2026-06-12 23:03:00,63771.1,63814.2,63750.0,63784.8,148.945
2026-06-12 23:06:00,63784.9,63888.2,63753.6,63821.1,238.201
2026-06-12 23:09:00,63821.1,63832.4,63756.7,63803.5,181.52
2026-06-12 23:12:00,63803.5,63843.0,63770.1,63797.5,130.419
2026-06-12 23:15:00,63797.5,63838.2,63788.5,63813.9,81.259
2026-06-12 23:18:00,63813.8,63844.8,63798.4,63803.3,109.103
2026-06-12 23:21:00,63803.3,63854.9,63770.2,63829.1,196.625
2026-06-12 23:24:00,63829.1,63829.1,63785.7,63792.4,151.318
2026-06-12 23:27:00,63792.4,63836.9,63789.2,63836.9,85.406
2026-06-12 23:30:00,63836.9,63874.7,63826.1,63862.7,126.918
2026-06-12 23:33:00,63862.6,63878.6,63796.7,63801.3,110.388
2026-06-12 23:36:00,63801.2,63837.6,63679.7,63711.2,402.287
2026-06-12 23:39:00,63711.2,63891.1,63711.2,63891.1,252.636
2026-06-12 23:42:00,63891.0,63907.0,63784.6,63784.6,174.343
2026-06-12 23:45:00,63784.6,63812.2,63682.8,63709.4,198.403
2026-06-12 23:48:00,63709.3,63721.9,63650.0,63674.1,244.611
2026-06-12 23:51:00,63674.1,63697.6,63655.5,63671.9,96.434
2026-06-12 23:54:00,63672.0,63741.2,63671.9,63693.7,146.934
2026-06-12 23:57:00,63693.6,63753.3,63675.4,63748.8,128.584
2026-06-13 00:00:00,63748.9,63790.0,63695.2,63766.9,74.932
2026-06-13 00:03:00,63766.8,63775.7,63718.1,63722.2,99.403
2026-06-13 00:06:00,63722.3,63799.6,63722.2,63778.5,74.365
2026-06-13 00:09:00,63778.4,63889.1,63778.4,63876.2,243.379
2026-06-13 00:12:00,63876.1,63876.1,63828.0,63838.8,90.827
2026-06-13 00:15:00,63838.8,63876.5,63811.2,63818.5,141.964
2026-06-13 00:18:00,63818.5,63835.2,63771.5,63774.6,92.431
2026-06-13 00:21:00,63774.5,63806.3,63744.3,63759.0,107.27
2026-06-13 00:24:00,63759.0,63783.1,63720.3,63742.9,109.866
2026-06-13 00:27:00,63742.9,63743.0,63647.9,63661.8,179.634
2026-06-13 00:30:00,63661.8,63707.6,63655.6,63707.5,107.964
2026-06-13 00:33:00,63707.4,63759.6,63705.4,63710.0,108.033
2026-06-13 00:36:00,63709.9,63715.9,63651.1,63696.5,134.082
2026-06-13 00:39:00,63696.6,63731.2,63641.9,63645.3,94.393
2026-06-13 00:42:00,63645.4,63694.3,63636.3,63680.0,66.56
2026-06-13 00:45:00,63679.9,63687.1,63611.5,63662.6,170.844
2026-06-13 00:48:00,63662.5,63730.2,63662.5,63677.3,122.223
2026-06-13 00:51:00,63677.3,63677.3,63655.0,63671.6,110.232
2026-06-13 00:54:00,63671.6,63755.8,63671.6,63736.9,98.296
2026-06-13 00:57:00,63736.8,63751.6,63691.3,63700.7,55.964
2026-06-13 01:00:00,63700.7,63705.0,63612.0,63627.7,262.66
2026-06-13 01:03:00,63627.6,63642.3,63600.5,63612.1,128.309
2026-06-13 01:06:00,63612.2,63790.8,63612.2,63723.6,481.487
2026-06-13 01:09:00,63723.6,63735.2,63670.8,63684.1,194.622
2026-06-13 01:12:00,63684.0,63687.3,63602.0,63615.6,155.151
2026-06-13 01:15:00,63615.5,63638.9,63578.2,63586.9,161.009
2026-06-13 01:18:00,63586.9,63636.3,63567.9,63582.1,145.695
2026-06-13 01:21:00,63582.0,63628.9,63569.3,63569.3,110.638
2026-06-13 01:24:00,63569.4,63602.8,63569.3,63574.9,143.99
2026-06-13 01:27:00,63574.9,63590.5,63555.0,63555.1,312.017
2026-06-13 01:30:00,63555.0,63605.5,63552.3,63572.8,365.488
2026-06-13 01:33:00,63572.7,63645.0,63563.6,63603.1,259.933
2026-06-13 01:36:00,63603.2,63664.4,63603.2,63641.9,170.788
2026-06-13 01:39:00,63641.9,63641.9,63523.6,63545.8,197.162
2026-06-13 01:42:00,63545.8,63598.0,63536.3,63598.0,139.394
2026-06-13 01:45:00,63597.9,63613.2,63502.0,63502.1,172.477
2026-06-13 01:48:00,63502.0,63520.0,63487.5,63519.9,152.676
2026-06-13 01:51:00,63520.0,63523.5,63496.0,63507.4,67.661
2026-06-13 01:54:00,63507.5,63509.4,63480.0,63491.6,223.753
2026-06-13 01:57:00,63491.7,63504.0,63482.2,63500.0,163.397
2026-06-13 02:00:00,63500.0,63542.2,63489.9,63529.2,227.057
2026-06-13 02:03:00,63529.2,63529.2,63482.3,63500.1,162.62
2026-06-13 02:06:00,63500.1,63526.3,63500.0,63505.2,77.329
2026-06-13 02:09:00,63505.2,63552.3,63486.4,63523.9,150.321
2026-06-13 02:12:00,63523.9,63531.7,63483.5,63495.7,70.151
2026-06-13 02:15:00,63495.8,63508.1,63420.0,63421.8,507.893
2026-06-13 02:18:00,63421.8,63438.2,63390.2,63426.0,286.205
2026-06-13 02:21:00,63425.9,63425.9,63352.3,63406.0,287.021
2026-06-13 02:24:00,63405.9,63444.4,63359.4,63431.7,231.314
2026-06-13 02:27:00,63431.7,63444.5,63413.1,63417.9,87.502
2026-06-13 02:30:00,63418.2,63462.8,63415.2,63454.6,91.29
2026-06-13 02:33:00,63454.6,63457.3,63413.0,63454.5,122.593
2026-06-13 02:36:00,63454.4,63522.6,63435.0,63517.5,153.197
2026-06-13 02:39:00,63517.4,63573.9,63517.4,63560.0,169.011
2026-06-13 02:42:00,63560.0,63608.1,63539.4,63574.2,198.065
2026-06-13 02:45:00,63574.3,63603.4,63574.2,63601.5,82.346
2026-06-13 02:48:00,63601.6,63601.6,63553.0,63553.0,75.277
2026-06-13 02:51:00,63553.1,63564.0,63526.8,63534.7,111.247
2026-06-13 02:54:00,63534.7,63534.7,63503.4,63513.3,68.567
2026-06-13 02:57:00,63513.3,63513.3,63471.6,63485.6,129.72
2026-06-13 03:00:00,63485.7,63541.6,63483.0,63541.6,72.931
2026-06-13 03:03:00,63541.6,63541.6,63472.1,63483.4,126.642
2026-06-13 03:06:00,63483.5,63547.8,63483.4,63532.3,43.405
2026-06-13 03:09:00,63532.3,63546.8,63517.3,63517.4,25.912
2026-06-13 03:12:00,63517.4,63550.0,63500.0,63511.6,67.941
2026-06-13 03:15:00,63511.6,63528.5,63432.9,63438.7,101.572
2026-06-13 03:18:00,63438.8,63494.4,63433.7,63433.7,181.035
2026-06-13 03:21:00,63433.7,63465.3,63413.5,63430.1,128.038
2026-06-13 03:24:00,63430.2,63474.1,63430.1,63440.5,94.532
2026-06-13 03:27:00,63440.4,63502.3,63426.5,63450.1,203.384
2026-06-13 03:30:00,63450.0,63511.7,63446.2,63482.7,166.354
2026-06-13 03:33:00,63482.6,63514.9,63461.7,63506.3,185.981
2026-06-13 03:36:00,63506.3,63513.5,63470.6,63470.7,101.478
2026-06-13 03:39:00,63470.6,63532.3,63451.1,63451.1,213.307
2026-06-13 03:42:00,63451.1,63489.5,63451.1,63486.9,54.117
2026-06-13 03:45:00,63487.0,63500.0,63462.1,63462.1,44.776
2026-06-13 03:48:00,63462.1,63522.0,63461.9,63514.2,63.439
2026-06-13 03:51:00,63514.2,63633.3,63514.2,63581.7,272.617
2026-06-13 03:54:00,63581.7,63605.9,63575.0,63577.0,123.849
2026-06-13 03:57:00,63576.9,63580.5,63562.4,63570.6,65.272
2026-06-13 04:00:00,63570.7,63590.2,63500.1,63500.1,102.408
2026-06-13 04:03:00,63500.1,63503.5,63435.6,63499.9,162.645
2026-06-13 04:06:00,63499.9,63509.0,63482.5,63500.9,42.753
2026-06-13 04:09:00,63500.9,63501.9,63445.0,63466.0,140.739
2026-06-13 04:12:00,63466.0,63484.1,63463.2,63481.5,53.802
2026-06-13 04:15:00,63481.6,63509.5,63472.4,63481.1,135.053
2026-06-13 04:18:00,63481.1,63500.4,63468.0,63490.6,158.138
2026-06-13 04:21:00,63490.5,63490.6,63460.0,63476.0,37.682
2026-06-13 04:24:00,63476.1,63483.8,63466.5,63479.4,35.921
2026-06-13 04:27:00,63479.3,63489.7,63468.0,63482.8,54.237
2026-06-13 04:30:00,63482.8,63485.9,63419.4,63419.7,173.939
2026-06-13 04:33:00,63419.6,63450.0,63418.8,63427.7,107.021
2026-06-13 04:36:00,63427.7,63485.3,63416.6,63462.4,66.207
2026-06-13 04:39:00,63462.4,63462.8,63425.0,63450.1,34.588
2026-06-13 04:42:00,63450.0,63450.1,63420.5,63440.1,52.662
2026-06-13 04:45:00,63440.1,63475.4,63417.6,63422.1,64.477
2026-06-13 04:48:00,63422.2,63424.3,63394.3,63397.3,66.499
2026-06-13 04:51:00,63397.3,63420.0,63397.0,63414.0,67.499
2026-06-13 04:54:00,63414.1,63453.8,63412.0,63431.9,91.591
2026-06-13 04:57:00,63431.9,63443.6,63421.5,63424.2,58.026
2026-06-13 05:00:00,63424.2,63455.7,63408.3,63408.3,86.086
2026-06-13 05:03:00,63408.4,63480.3,63408.3,63462.6,133.972
2026-06-13 05:06:00,63462.6,63462.6,63418.3,63439.2,34.291
2026-06-13 05:09:00,63439.1,63547.5,63439.1,63500.3,162.715
2026-06-13 05:12:00,63500.3,63516.8,63469.3,63477.0,78.902
2026-06-13 05:15:00,63477.0,63512.8,63477.0,63494.4,90.734
2026-06-13 05:18:00,63494.4,63526.7,63485.4,63515.3,71.563
2026-06-13 05:21:00,63515.3,63546.6,63515.3,63539.9,60.364
2026-06-13 05:24:00,63539.9,63554.7,63534.4,63537.5,73.546
2026-06-13 05:27:00,63537.4,63550.3,63531.8,63547.0,67.013
2026-06-13 05:30:00,63547.0,63574.4,63531.9,63571.8,112.044
2026-06-13 05:33:00,63571.9,63571.9,63508.3,63543.1,140.333
2026-06-13 05:36:00,63543.2,63580.6,63523.2,63523.3,59.807
2026-06-13 05:39:00,63523.2,63564.6,63505.9,63538.2,173.273
2026-06-13 05:42:00,63538.2,63567.9,63515.0,63559.2,179.591
2026-06-13 05:45:00,63559.2,63563.1,63528.0,63528.8,58.87
2026-06-13 05:48:00,63529.1,63535.6,63510.1,63528.5,72.251
2026-06-13 05:51:00,63528.4,63573.0,63528.4,63567.8,69.577
2026-06-13 05:54:00,63567.8,63569.9,63507.2,63532.3,108.812
2026-06-13 05:57:00,63532.2,63533.5,63500.0,63500.0,83.647
2026-06-13 06:00:00,63500.0,63542.6,63480.0,63537.3,73.987
2026-06-13 06:03:00,63537.4,63569.9,63515.2,63531.7,62.053
2026-06-13 06:06:00,63531.7,63567.9,63531.6,63566.1,65.795
2026-06-13 06:09:00,63566.1,63600.0,63561.9,63564.0,207.684
2026-06-13 06:12:00,63564.1,63574.1,63553.4,63559.9,46.456
2026-06-13 06:15:00,63559.8,63594.2,63534.2,63567.6,70.265
2026-06-13 06:18:00,63567.7,63567.7,63533.6,63535.5,96.675
2026-06-13 06:21:00,63535.6,63548.2,63525.2,63547.2,103.132
2026-06-13 06:24:00,63547.1,63594.7,63547.1,63592.5,56.394
2026-06-13 06:27:00,63592.5,63625.2,63569.1,63573.9,110.518
2026-06-13 06:30:00,63573.9,63601.0,63573.9,63592.3,65.929
2026-06-13 06:33:00,63592.3,63602.9,63585.0,63597.9,70.152
2026-06-13 06:36:00,63597.9,63689.7,63597.9,63654.7,238.55
2026-06-13 06:39:00,63654.7,63654.7,63597.8,63611.0,125.408
2026-06-13 06:42:00,63611.1,63637.1,63605.3,63625.5,89.688
2026-06-13 06:45:00,63625.5,63652.6,63620.1,63620.1,99.281
2026-06-13 06:48:00,63620.0,63620.1,63575.1,63575.2,88.725
2026-06-13 06:51:00,63575.1,63624.8,63575.1,63617.1,124.542
2026-06-13 06:54:00,63617.2,63627.0,63584.2,63606.0,63.023
2026-06-13 06:57:00,63606.1,63629.2,63602.2,63629.2,57.969
2026-06-13 07:00:00,63629.3,63629.3,63608.8,63629.2,47.705
2026-06-13 07:03:00,63629.2,63647.7,63619.8,63635.3,106.007
2026-06-13 07:06:00,63635.4,63693.0,63635.3,63659.4,116.043
2026-06-13 07:09:00,63659.4,63669.9,63648.0,63664.8,72.699
2026-06-13 07:12:00,63664.9,63828.4,63664.8,63725.0,660.483
2026-06-13 07:15:00,63725.1,63814.0,63725.0,63792.7,237.251
2026-06-13 07:18:00,63792.7,63799.4,63755.7,63758.2,102.089
2026-06-13 07:21:00,63758.3,63810.0,63756.9,63796.7,96.913
2026-06-13 07:24:00,63796.7,63796.8,63764.4,63764.6,91.436
2026-06-13 07:27:00,63764.5,63801.1,63753.7,63801.0,115.298
2026-06-13 07:30:00,63801.1,63802.5,63756.3,63772.3,161.007
2026-06-13 07:33:00,63772.4,63799.0,63751.8,63751.8,57.376
2026-06-13 07:36:00,63751.7,63775.8,63748.1,63775.8,65.79
2026-06-13 07:39:00,63775.8,63806.9,63736.1,63747.3,108.15
2026-06-13 07:42:00,63747.3,63770.3,63736.3,63762.2,35.454
2026-06-13 07:45:00,63762.1,63762.2,63731.0,63762.2,69.768
2026-06-13 07:48:00,63762.1,63775.1,63731.0,63731.0,52.915
2026-06-13 07:51:00,63731.0,63750.0,63708.6,63732.1,267.103
2026-06-13 07:54:00,63732.1,63732.1,63685.9,63710.5,116.478
2026-06-13 07:57:00,63710.5,63710.6,63649.0,63684.9,269.254
2026-06-13 08:00:00,63684.9,63698.1,63650.3,63650.3,110.173
2026-06-13 08:03:00,63650.3,63678.4,63640.7,63652.7,127.829
2026-06-13 08:06:00,63652.8,63686.5,63652.7,63682.5,82.319
2026-06-13 08:09:00,63682.4,63682.5,63650.0,63650.0,77.794
2026-06-13 08:12:00,63650.0,63668.4,63585.6,63590.9,246.578
2026-06-13 08:15:00,63590.9,63608.9,63567.9,63570.0,124.027
2026-06-13 08:18:00,63570.0,63570.1,63520.0,63525.2,209.678
2026-06-13 08:21:00,63525.2,63556.8,63517.8,63555.9,84.433
2026-06-13 08:24:00,63555.9,63590.0,63555.5,63588.5,77.576
2026-06-13 08:27:00,63588.6,63628.2,63588.5,63612.0,114.253
2026-06-13 08:30:00,63612.1,63665.5,63612.1,63659.5,129.161
2026-06-13 08:33:00,63659.6,63680.2,63649.8,63678.3,60.993
2026-06-13 08:36:00,63678.3,63695.0,63650.5,63654.6,104.14
2026-06-13 08:39:00,63654.5,63682.2,63645.1,63645.1,154.383
2026-06-13 08:42:00,63645.2,63670.5,63625.3,63626.4,64.215
2026-06-13 08:45:00,63626.4,63647.9,63626.4,63629.0,32.956
2026-06-13 08:48:00,63629.1,63629.1,63539.8,63539.8,233.586
2026-06-13 08:51:00,63539.7,63548.4,63521.4,63526.5,102.795
2026-06-13 08:54:00,63526.5,63554.8,63523.0,63538.5,198.214
2026-06-13 08:57:00,63538.4,63538.5,63360.0,63479.7,1110.051
2026-06-13 09:00:00,63479.6,63494.4,63446.3,63449.9,155.333
2026-06-13 09:03:00,63449.8,63474.2,63449.8,63474.2,106.268
2026-06-13 09:06:00,63474.2,63477.5,63450.0,63463.9,59.648
2026-06-13 09:09:00,63464.0,63484.8,63450.0,63467.5,141.451
2026-06-13 09:12:00,63467.5,63471.6,63460.0,63471.5,25.436
2026-06-13 09:15:00,63471.6,63482.6,63468.0,63474.8,43.064
2026-06-13 09:18:00,63474.8,63478.9,63460.0,63460.1,68.6
2026-06-13 09:21:00,63460.0,63519.3,63460.0,63513.1,115.605
2026-06-13 09:24:00,63513.0,63525.3,63502.0,63522.6,45.647
2026-06-13 09:27:00,63522.8,63525.0,63492.4,63494.4,75.248
2026-06-13 09:30:00,63494.4,63538.5,63481.7,63526.1,69.178
2026-06-13 09:33:00,63526.1,63533.9,63463.8,63493.8,105.196
2026-06-13 09:36:00,63493.9,63507.0,63454.0,63457.6,50.616
2026-06-13 09:39:00,63457.6,63474.4,63444.9,63474.4,91.31
2026-06-13 09:42:00,63474.4,63482.0,63474.3,63481.9,23.014
2026-06-13 09:45:00,63482.0,63494.5,63462.8,63480.5,80.639
2026-06-13 09:48:00,63480.6,63519.0,63480.5,63500.8,45.8
2026-06-13 09:51:00,63500.8,63558.1,63500.8,63518.7,72.245
2026-06-13 09:54:00,63518.7,63523.2,63512.4,63523.1,39.915
2026-06-13 09:57:00,63523.2,63523.2,63508.3,63508.5,35.635
2026-06-13 10:00:00,63508.4,63545.8,63497.5,63545.8,50.483
2026-06-13 10:03:00,63545.8,63597.9,63533.8,63580.1,138.137
2026-06-13 10:06:00,63580.0,63580.6,63555.0,63577.8,57.328
2026-06-13 10:09:00,63577.7,63587.9,63570.0,63587.8,57.217
2026-06-13 10:12:00,63587.7,63594.9,63571.6,63585.1,59.464
2026-06-13 10:15:00,63585.1,63585.1,63576.6,63584.1,25.771
2026-06-13 10:18:00,63584.0,63619.1,63584.0,63619.1,84.583
2026-06-13 10:21:00,63619.0,63619.1,63567.8,63567.8,61.643
2026-06-13 10:24:00,63567.8,63584.0,63511.2,63517.0,58.276
2026-06-13 10:27:00,63517.0,63517.1,63473.2,63475.2,87.086
2026-06-13 10:30:00,63475.2,63514.0,63456.0,63509.0,105.328
2026-06-13 10:33:00,63509.0,63524.1,63482.3,63482.3,43.005
2026-06-13 10:36:00,63482.4,63512.7,63478.4,63509.2,47.242
2026-06-13 10:39:00,63509.1,63546.9,63509.1,63540.0,46.241
2026-06-13 10:42:00,63540.0,63550.3,63530.4,63530.4,45.896
2026-06-13 10:45:00,63530.4,63530.5,63506.7,63519.9,42.634
2026-06-13 10:48:00,63519.9,63564.8,63519.9,63533.8,58.817
2026-06-13 10:51:00,63533.9,63547.7,63533.8,63536.0,16.882
2026-06-13 10:54:00,63536.1,63543.1,63508.0,63529.0,50.463
2026-06-13 10:57:00,63529.1,63563.7,63514.4,63536.3,69.258
2026-06-13 11:00:00,63536.2,63560.0,63530.6,63541.3,124.571
2026-06-13 11:03:00,63541.3,63550.2,63519.2,63519.2,45.175
2026-06-13 11:06:00,63519.2,63523.9,63505.9,63515.0,72.491
2026-06-13 11:09:00,63515.0,63555.9,63500.0,63555.8,71.957
2026-06-13 11:12:00,63555.9,63562.5,63519.7,63546.5,156.634
2026-06-13 11:15:00,63546.5,63553.3,63485.9,63492.7,56.446
2026-06-13 11:18:00,63492.7,63518.0,63492.7,63518.0,26.154
2026-06-13 11:21:00,63517.9,63526.8,63466.6,63496.9,69.032
2026-06-13 11:24:00,63496.8,63510.8,63492.8,63504.4,36.807
2026-06-13 11:27:00,63504.4,63555.0,63504.4,63554.9,23.265
2026-06-13 11:30:00,63554.9,63584.7,63518.1,63530.0,224.436
2026-06-13 11:33:00,63530.0,63548.0,63525.0,63541.3,30.446
2026-06-13 11:36:00,63541.2,63567.8,63528.0,63559.1,37.971
2026-06-13 11:39:00,63559.1,63576.5,63559.0,63565.2,29.905
2026-06-13 11:42:00,63565.1,63565.2,63546.6,63550.0,35.518
2026-06-13 11:45:00,63549.9,63550.0,63516.3,63544.0,39.015
2026-06-13 11:48:00,63544.0,63589.0,63536.9,63589.0,72.704
2026-06-13 11:51:00,63589.0,63603.4,63576.9,63589.3,42.974
2026-06-13 11:54:00,63589.4,63616.4,63560.0,63616.4,91.525
2026-06-13 11:57:00,63616.4,63646.5,63600.0,63646.5,88.495
2026-06-13 12:00:00,63646.5,63674.1,63612.5,63646.9,188.759
2026-06-13 12:03:00,63646.9,63666.0,63646.9,63657.4,106.782
2026-06-13 12:06:00,63657.3,63660.0,63637.0,63646.7,86.142
2026-06-13 12:09:00,63646.9,63654.1,63638.6,63638.6,41.402
2026-06-13 12:12:00,63638.6,63650.0,63638.6,63644.4,36.591
2026-06-13 12:15:00,63644.4,63669.9,63644.4,63667.9,97.395
2026-06-13 12:18:00,63667.8,63676.9,63653.9,63656.5,89.45
2026-06-13 12:21:00,63656.4,63699.0,63654.2,63688.9,97.801
2026-06-13 12:24:00,63689.0,63700.0,63688.9,63693.0,91.886
2026-06-13 12:27:00,63693.0,63720.2,63688.9,63707.2,113.439
2026-06-13 12:30:00,63707.2,63708.8,63662.2,63662.2,115.864
2026-06-13 12:33:00,63662.3,63674.2,63655.0,63674.1,98.79
2026-06-13 12:36:00,63674.2,63674.2,63637.1,63661.4,95.62
2026-06-13 12:39:00,63661.4,63688.0,63661.4,63688.0,54.335
2026-06-13 12:42:00,63688.0,63724.7,63687.9,63692.9,156.238
2026-06-13 12:45:00,63692.8,63692.9,63645.1,63667.7,57.461
2026-06-13 12:48:00,63667.8,63700.0,63664.7,63686.9,91.347
2026-06-13 12:51:00,63686.9,63709.8,63685.4,63702.3,60.011
2026-06-13 12:54:00,63702.4,63759.1,63690.0,63728.8,203.17
2026-06-13 12:57:00,63728.9,63777.7,63728.9,63749.4,215.394
2026-06-13 13:00:00,63749.4,63763.2,63720.1,63720.2,112.438
2026-06-13 13:03:00,63720.1,63795.7,63713.3,63782.1,352.033
2026-06-13 13:06:00,63782.1,63790.6,63777.0,63790.0,210.78
2026-06-13 13:09:00,63790.0,63790.8,63781.7,63787.0,113.039
2026-06-13 13:12:00,63787.0,63810.0,63765.4,63800.1,352.498
2026-06-13 13:15:00,63800.0,63879.0,63797.8,63816.6,1092.293
2026-06-13 13:18:00,63816.5,63848.4,63770.7,63833.3,603.47
2026-06-13 13:21:00,63833.3,63837.6,63775.0,63816.5,423.33
2026-06-13 13:24:00,63816.5,63826.4,63774.4,63779.2,289.793
2026-06-13 13:27:00,63779.1,63823.9,63777.0,63823.9,176.005
2026-06-13 13:30:00,63823.9,63825.0,63764.9,63784.0,566.74
2026-06-13 13:33:00,63783.9,63787.9,63760.0,63760.7,133.795
2026-06-13 13:36:00,63760.7,63767.8,63739.7,63757.3,134.523
2026-06-13 13:39:00,63757.3,63859.9,63743.3,63782.7,555.511
2026-06-13 13:42:00,63782.7,63782.9,63758.2,63762.3,129.367
2026-06-13 13:45:00,63762.3,63798.8,63749.2,63782.5,186.842
2026-06-13 13:48:00,63782.4,63808.3,63764.1,63764.1,79.008
2026-06-13 13:51:00,63764.1,63775.0,63735.4,63739.7,139.347
2026-06-13 13:54:00,63739.7,63786.5,63729.8,63770.9,101.219
2026-06-13 13:57:00,63770.9,63799.2,63770.9,63777.4,105.135
2026-06-13 14:00:00,63777.4,63834.5,63771.0,63782.4,282.69
2026-06-13 14:03:00,63782.3,63896.5,63776.1,63882.6,230.372
2026-06-13 14:06:00,63882.6,63889.8,63830.1,63848.4,169.938
2026-06-13 14:09:00,63848.4,63882.0,63832.3,63882.0,176.162
2026-06-13 14:12:00,63882.0,63882.0,63844.6,63847.8,76.51
2026-06-13 14:15:00,63847.8,63847.9,63837.1,63839.0,54.942
2026-06-13 14:18:00,63839.1,63839.1,63798.3,63814.5,132.331
2026-06-13 14:21:00,63814.4,63819.1,63775.2,63787.9,83.616
2026-06-13 14:24:00,63787.9,63788.0,63770.3,63783.8,67.025
2026-06-13 14:27:00,63783.8,63796.7,63771.5,63771.6,56.17
2026-06-13 14:30:00,63771.5,63819.4,63769.2,63785.8,166.394
2026-06-13 14:33:00,63785.9,63790.1,63750.9,63790.1,65.992
2026-06-13 14:36:00,63790.0,63813.0,63775.6,63775.6,66.381
2026-06-13 14:39:00,63775.6,63785.4,63760.4,63763.9,55.587
2026-06-13 14:42:00,63763.9,63784.7,63763.9,63780.4,72.246
2026-06-13 14:45:00,63780.3,63804.3,63780.3,63790.0,55.795
2026-06-13 14:48:00,63790.0,63833.0,63788.1,63832.9,65.586
2026-06-13 14:51:00,63832.9,63833.0,63790.6,63790.6,37.02
2026-06-13 14:54:00,63790.7,63810.0,63769.1,63778.1,82.94
2026-06-13 14:57:00,63778.2,63788.0,63778.1,63787.9,30.779
2026-06-13 15:00:00,63788.0,63800.0,63788.0,63791.8,34.741
2026-06-13 15:03:00,63791.8,63799.1,63770.2,63785.5,37.958
2026-06-13 15:06:00,63785.4,63785.4,63757.0,63770.9,43.426
2026-06-13 15:09:00,63771.0,63790.0,63762.1,63786.1,121.866
2026-06-13 15:12:00,63786.1,63786.3,63770.1,63784.8,34.382
2026-06-13 15:15:00,63784.7,63788.0,63757.0,63759.0,51.678
2026-06-13 15:18:00,63759.1,63763.9,63722.0,63724.7,145.982
2026-06-13 15:21:00,63724.7,63743.2,63711.4,63722.9,146.013
2026-06-13 15:24:00,63722.9,63744.3,63722.9,63744.3,46.908
2026-06-13 15:27:00,63744.3,63744.3,63708.2,63709.9,58.133
2026-06-13 15:30:00,63709.9,63733.1,63708.2,63733.0,79.526
2026-06-13 15:33:00,63733.0,63736.7,63683.1,63736.7,159.689
2026-06-13 15:36:00,63736.8,63754.5,63736.7,63750.4,118.524
2026-06-13 15:39:00,63750.4,63750.5,63721.0,63738.5,58.996
2026-06-13 15:42:00,63738.5,63754.5,63732.6,63754.5,33.703
2026-06-13 15:45:00,63754.5,63760.0,63719.7,63730.6,33.748
2026-06-13 15:48:00,63730.6,63760.4,63730.6,63750.4,135.399
2026-06-13 15:51:00,63750.5,63750.5,63721.3,63739.3,110.179
2026-06-13 15:54:00,63739.4,63761.6,63739.3,63761.6,44.348
2026-06-13 15:57:00,63761.6,63761.6,63735.4,63746.1,113.264
2026-06-13 16:00:00,63746.1,63789.0,63746.1,63788.1,98.874
2026-06-13 16:03:00,63788.1,63817.4,63788.0,63799.1,274.726
2026-06-13 16:06:00,63799.0,63821.7,63796.1,63807.6,74.73
2026-06-13 16:09:00,63807.7,63823.8,63790.0,63790.0,110.466
2026-06-13 16:12:00,63790.0,63866.0,63784.8,63820.0,289.933
2026-06-13 16:15:00,63819.9,63857.6,63819.9,63848.0,152.032
2026-06-13 16:18:00,63848.0,63861.0,63835.5,63854.6,154.297
2026-06-13 16:21:00,63854.6,63883.2,63840.0,63846.9,373.408
2026-06-13 16:24:00,63846.9,63847.0,63766.8,63783.5,190.713
2026-06-13 16:27:00,63783.6,63813.0,63783.6,63812.9,72.916
2026-06-13 16:30:00,63813.0,63852.4,63809.4,63817.1,75.605
2026-06-13 16:33:00,63817.1,63833.2,63817.1,63830.3,60.765
2026-06-13 16:36:00,63830.3,63865.2,63826.6,63860.0,93.716
2026-06-13 16:39:00,63860.0,63934.8,63855.0,63880.6,422.569
2026-06-13 16:42:00,63880.5,63906.7,63879.0,63894.0,139.677
2026-06-13 16:45:00,63894.1,63933.9,63894.0,63918.6,323.682
2026-06-13 16:48:00,63918.5,63949.9,63918.5,63924.9,197.591
2026-06-13 16:51:00,63924.9,63925.0,63892.6,63896.6,105.911
2026-06-13 16:54:00,63896.7,63929.8,63896.6,63922.2,124.022
2026-06-13 16:57:00,63922.2,63940.0,63922.2,63922.6,96.842
2026-06-13 17:00:00,63922.2,63922.2,63872.2,63888.6,105.649
2026-06-13 17:03:00,63888.5,63905.5,63878.2,63901.9,92.956
2026-06-13 17:06:00,63901.9,63905.6,63859.0,63868.5,95.736
2026-06-13 17:09:00,63868.4,63888.0,63867.4,63888.0,71.62
2026-06-13 17:12:00,63888.0,63888.1,63874.2,63879.4,53.755
2026-06-13 17:15:00,63879.3,63879.4,63866.9,63874.0,44.024
2026-06-13 17:18:00,63874.1,63892.7,63861.4,63892.7,103.037
2026-06-13 17:21:00,63892.6,63897.2,63885.5,63894.1,44.188
2026-06-13 17:24:00,63894.1,63901.5,63877.0,63901.5,62.236
2026-06-13 17:27:00,63901.5,63938.0,63901.5,63936.1,100.822
2026-06-13 17:30:00,63936.1,63936.1,63903.8,63912.5,107.439
2026-06-13 17:33:00,63912.6,63928.9,63904.3,63913.8,69.685
2026-06-13 17:36:00,63913.8,63920.4,63889.3,63909.1,106.806
2026-06-13 17:39:00,63909.0,63915.2,63882.6,63915.0,89.256
2026-06-13 17:42:00,63915.0,63924.3,63903.2,63903.2,40.803
2026-06-13 17:45:00,63903.2,63915.1,63890.0,63915.1,56.023
2026-06-13 17:48:00,63915.0,63919.8,63904.3,63912.0,44.489
2026-06-13 17:51:00,63912.1,63938.5,63895.6,63938.4,147.85
2026-06-13 17:54:00,63938.5,63938.5,63902.2,63930.9,108.533
2026-06-13 17:57:00,63931.0,63948.0,63904.7,63926.9,248.479
2026-06-13 18:00:00,63926.9,63976.6,63926.8,63966.2,209.809
2026-06-13 18:03:00,63966.2,63992.5,63966.1,63984.8,227.012
2026-06-13 18:06:00,63984.9,63984.9,63963.2,63979.9,141.879
2026-06-13 18:09:00,63979.9,63979.9,63970.0,63978.8,76.014
2026-06-13 18:12:00,63978.8,63983.7,63970.0,63970.1,229.651
2026-06-13 18:15:00,63970.0,64088.0,63970.0,64037.3,783.572
2026-06-13 18:18:00,64037.3,64095.0,64007.0,64081.1,870.583
2026-06-13 18:21:00,64081.1,64081.2,64052.0,64052.0,200.524
2026-06-13 18:24:00,64052.1,64168.0,64052.0,64168.0,544.393
2026-06-13 18:27:00,64167.9,64187.7,64096.7,64103.1,453.521
2026-06-13 18:30:00,64103.0,64117.8,64039.7,64039.7,276.182
2026-06-13 18:33:00,64039.7,64120.1,64039.7,64115.0,208.157
2026-06-13 18:36:00,64115.0,64131.2,64098.3,64117.3,175.522
2026-06-13 18:39:00,64117.2,64130.0,64095.1,64124.4,149.367
2026-06-13 18:42:00,64124.5,64139.6,64120.8,64137.8,136.611
2026-06-13 18:45:00,64137.9,64139.6,64100.0,64122.2,131.884
2026-06-13 18:48:00,64122.2,64129.7,64080.3,64115.6,116.948
2026-06-13 18:51:00,64115.5,64156.9,64110.2,64156.9,115.367
2026-06-13 18:54:00,64156.9,64200.0,64148.0,64170.1,545.612
2026-06-13 18:57:00,64170.1,64195.3,64168.2,64192.8,160.054
2026-06-13 19:00:00,64192.8,64192.8,64129.7,64155.0,202.017
2026-06-13 19:03:00,64154.9,64208.2,64131.0,64208.1,267.392
2026-06-13 19:06:00,64208.1,64208.2,64182.2,64199.1,196.128
2026-06-13 19:09:00,64199.0,64217.0,64175.2,64192.6,155.663
2026-06-13 19:12:00,64192.7,64200.0,64130.0,64130.0,157.28
2026-06-13 19:15:00,64130.1,64130.1,64061.1,64065.4,301.761
2026-06-13 19:18:00,64065.3,64160.8,64026.7,64081.6,789.457
2026-06-13 19:21:00,64081.6,64112.8,64050.2,64057.3,291.802
2026-06-13 19:24:00,64057.4,64062.9,64026.6,64059.3,151.491
2026-06-13 19:27:00,64059.2,64090.1,64059.0,64071.0,203.957
2026-06-13 19:30:00,64071.0,64122.0,64052.3,64122.0,176.458
2026-06-13 19:33:00,64122.0,64153.6,64109.0,64114.7,265.858
2026-06-13 19:36:00,64114.6,64121.7,64092.1,64113.7,242.782
2026-06-13 19:39:00,64113.7,64140.0,64105.2,64121.2,92.365
2026-06-13 19:42:00,64121.2,64144.3,64121.1,64122.1,64.613
2026-06-13 19:45:00,64122.0,64153.6,64120.2,64153.4,99.076
2026-06-13 19:48:00,64153.3,64153.5,64111.2,64111.9,61.689
2026-06-13 19:51:00,64112.0,64112.0,64072.0,64099.9,121.927
2026-06-13 19:54:00,64099.8,64106.0,64074.0,64106.0,86.014
2026-06-13 19:57:00,64106.0,64122.4,64096.2,64096.2,69.514
2026-06-13 20:00:00,64096.3,64139.9,64096.2,64127.3,74.826
2026-06-13 20:03:00,64127.3,64160.0,64109.0,64159.9,73.442
2026-06-13 20:06:00,64160.0,64187.4,64143.0,64180.0,97.707
2026-06-13 20:09:00,64179.9,64180.0,64161.9,64170.1,54.408
2026-06-13 20:12:00,64170.0,64170.0,64140.1,64143.6,102.819
2026-06-13 20:15:00,64143.5,64177.0,64141.1,64177.0,78.628
2026-06-13 20:18:00,64176.9,64186.9,64174.1,64181.5,101.577
2026-06-13 20:21:00,64181.6,64208.8,64160.1,64192.6,145.873
2026-06-13 20:24:00,64192.7,64199.6,64173.3,64195.2,67.21
2026-06-13 20:27:00,64195.2,64195.3,64180.7,64189.7,102.129
2026-06-13 20:30:00,64189.8,64194.0,64147.2,64166.3,176.948
2026-06-13 20:33:00,64166.4,64243.2,64150.6,64243.1,295.45
2026-06-13 20:36:00,64243.2,64243.2,64163.2,64163.3,256.284
2026-06-13 20:39:00,64163.2,64271.5,64163.2,64233.9,282.865
2026-06-13 20:42:00,64233.8,64272.6,64233.8,64251.2,185.291
2026-06-13 20:45:00,64251.3,64285.1,64239.4,64271.7,186.846
2026-06-13 20:48:00,64271.8,64271.8,64191.9,64218.3,220.468
2026-06-13 20:51:00,64218.3,64321.0,64218.3,64268.1,579.709
2026-06-13 20:54:00,64268.1,64268.1,64241.4,64244.8,85.282
2026-06-13 20:57:00,64244.9,64257.6,64244.8,64253.6,103.896
2026-06-13 21:00:00,64253.6,64291.5,64251.6,64280.7,336.603
2026-06-13 21:03:00,64280.7,64284.0,64240.3,64250.1,196.193
2026-06-13 21:06:00,64250.0,64312.7,64250.0,64298.5,207.122
2026-06-13 21:09:00,64298.4,64323.0,64284.6,64309.9,211.114
2026-06-13 21:12:00,64309.9,64319.4,64204.7,64207.3,240.824
2026-06-13 21:15:00,64207.3,64207.4,64157.0,64195.3,259.024
2026-06-13 21:18:00,64195.3,64207.6,64190.0,64204.8,88.994
2026-06-13 21:21:00,64204.7,64274.0,64187.5,64270.1,227.511
2026-06-13 21:24:00,64270.1,64307.8,64252.5,64279.9,300.443
2026-06-13 21:27:00,64279.9,64284.1,64265.0,64265.0,117.421
2026-06-13 21:30:00,64265.1,64280.0,64211.4,64227.2,417.607
2026-06-13 21:33:00,64227.2,64227.2,63950.7,63999.9,2093.401
2026-06-13 21:36:00,64000.0,64089.8,63950.0,64088.8,581.79
2026-06-13 21:39:00,64088.7,64088.8,64047.8,64070.4,188.85
2026-06-13 21:42:00,64070.3,64074.4,64023.9,64054.6,225.839
2026-06-13 21:45:00,64054.6,64057.5,63948.0,64004.5,523.882
2026-06-13 21:48:00,64004.6,64055.1,63990.3,63995.7,313.223
2026-06-13 21:51:00,63995.7,64042.9,63955.7,63974.0,269.894
2026-06-13 21:54:00,63973.9,64018.0,63933.5,63997.0,334.163
2026-06-13 21:57:00,63997.0,64034.1,63948.9,63952.1,634.052
2026-06-13 22:00:00,63952.1,63997.0,63952.1,63981.0,104.128
2026-06-13 22:03:00,63981.1,63997.0,63934.7,63974.8,194.129
2026-06-13 22:06:00,63974.8,63998.7,63947.2,63998.7,88.562
2026-06-13 22:09:00,63998.7,64035.0,63987.8,64035.0,86.168
2026-06-13 22:12:00,64034.9,64038.0,64008.6,64020.5,62.174
2026-06-13 22:15:00,64020.5,64134.2,63980.4,63988.0,755.263
2026-06-13 22:18:00,63988.0,64016.1,63862.9,63900.5,835.619
2026-06-13 22:21:00,63900.4,63956.0,63883.6,63946.3,203.085
2026-06-13 22:24:00,63946.2,64012.7,63946.2,63994.8,157.067
2026-06-13 22:27:00,63994.9,64000.0,63945.4,63996.2,145.397
2026-06-13 22:30:00,63996.1,64029.4,63953.7,63957.8,177.004
2026-06-13 22:33:00,63957.8,63960.5,63920.0,63955.7,144.6
2026-06-13 22:36:00,63955.7,63987.6,63955.6,63981.7,83.851
2026-06-13 22:39:00,63981.6,63985.2,63912.4,63912.5,183.091
2026-06-13 22:42:00,63912.4,63958.9,63906.0,63928.8,159.486
2026-06-13 22:45:00,63928.9,63980.0,63902.0,63971.2,119.29
2026-06-13 22:48:00,63971.2,64009.1,63970.9,64005.0,123.804
2026-06-13 22:51:00,64004.9,64022.4,63990.8,64008.2,90.661
2026-06-13 22:54:00,64008.2,64008.2,63992.5,63993.0,62.948
2026-06-13 22:57:00,63993.0,64060.9,63980.0,64060.8,208.432
2026-06-13 23:00:00,64060.9,64087.6,64028.0,64063.6,144.262
2026-06-13 23:03:00,64063.6,64089.9,64060.3,64080.0,201.131
2026-06-13 23:06:00,64080.0,64090.1,64065.1,64065.2,86.822
2026-06-13 23:09:00,64065.3,64080.8,64050.2,64068.9,85.481
2026-06-13 23:12:00,64068.9,64075.5,64066.0,64070.8,68.662
2026-06-13 23:15:00,64070.8,64086.0,63995.0,64019.5,224.306
2026-06-13 23:18:00,64019.6,64054.2,63958.9,63974.3,208.931
2026-06-13 23:21:00,63974.3,63985.2,63948.5,63969.7,188.453
2026-06-13 23:24:00,63969.7,63969.7,63905.3,63933.6,239.551
2026-06-13 23:27:00,63933.6,63968.1,63928.5,63939.7,187.478
2026-06-13 23:30:00,63939.7,63979.1,63939.6,63970.9,286.703
2026-06-13 23:33:00,63970.8,64004.9,63961.6,64004.9,72.387
2026-06-13 23:36:00,64004.9,64032.0,64004.9,64032.0,82.809
2026-06-13 23:39:00,64032.0,64039.5,64014.6,64024.4,45.065
2026-06-13 23:42:00,64024.5,64039.3,64020.1,64026.5,74.374
2026-06-13 23:45:00,64026.4,64063.8,64026.4,64049.4,96.27
2026-06-13 23:48:00,64049.4,64057.9,63999.9,64012.0,230.435
2026-06-13 23:51:00,64012.1,64080.0,64012.0,64079.9,96.966
2026-06-13 23:54:00,64080.0,64160.3,64079.9,64127.1,279.833
2026-06-13 23:57:00,64127.2,64182.7,64127.1,64160.0,269.828
2026-06-14 00:00:00,64159.9,64185.7,64135.2,64139.9,97.343
2026-06-14 00:03:00,64140.0,64183.8,64139.9,64183.8,64.5
2026-06-14 00:06:00,64183.8,64219.4,64181.0,64201.5,157.946
2026-06-14 00:09:00,64201.5,64247.8,64201.5,64234.7,143.934
2026-06-14 00:12:00,64234.6,64247.7,64205.2,64230.0,68.876
2026-06-14 00:15:00,64230.0,64239.9,64193.7,64207.7,91.394
2026-06-14 00:18:00,64207.6,64207.7,64013.0,64069.1,577.356
2026-06-14 00:21:00,64069.1,64090.0,64053.3,64081.5,85.215
2026-06-14 00:24:00,64081.4,64102.4,64067.3,64101.9,115.822
2026-06-14 00:27:00,64102.0,64136.2,64102.0,64122.7,179.108
2026-06-14 00:30:00,64122.7,64159.0,64122.6,64150.8,83.257
2026-06-14 00:33:00,64150.7,64169.9,64114.2,64124.5,142.805
2026-06-14 00:36:00,64124.5,64138.2,64111.1,64123.3,64.796
2026-06-14 00:39:00,64123.2,64167.5,64123.2,64135.6,40.109
2026-06-14 00:42:00,64135.7,64164.0,64135.6,64164.0,22.317
2026-06-14 00:45:00,64164.0,64164.0,64116.3,64116.4,54.431
2026-06-14 00:48:00,64116.4,64149.8,64113.4,64143.5,34.826
2026-06-14 00:51:00,64143.5,64154.9,64131.6,64146.9,37.491
2026-06-14 00:54:00,64146.9,64167.5,64118.6,64128.9,67.896
2026-06-14 00:57:00,64128.9,64155.7,64113.5,64154.5,51.3
2026-06-14 01:00:00,64154.7,64161.6,64126.4,64137.6,40.907
2026-06-14 01:03:00,64137.5,64211.2,64116.7,64200.2,417.498
2026-06-14 01:06:00,64200.1,64230.0,64200.1,64214.0,167.432
2026-06-14 01:09:00,64214.0,64290.1,64151.2,64234.0,1139.518
2026-06-14 01:12:00,64233.9,64263.6,64230.1,64255.6,146.032
2026-06-14 01:15:00,64255.6,64273.9,64248.0,64261.9,100.317
2026-06-14 01:18:00,64261.9,64298.7,64252.1,64286.9,238.201
2026-06-14 01:21:00,64286.9,64291.8,64270.0,64274.0,81.206
2026-06-14 01:24:00,64274.0,64298.0,64270.2,64289.0,85.932
2026-06-14 01:27:00,64289.1,64293.0,64260.1,64264.2,71.531
2026-06-14 01:30:00,64264.2,64264.3,64225.4,64229.4,107.488
2026-06-14 01:33:00,64229.5,64254.5,64222.6,64226.6,91.074
2026-06-14 01:36:00,64226.7,64226.7,64195.3,64219.9,86.418
2026-06-14 01:39:00,64219.9,64260.0,64219.8,64240.3,80.661
2026-06-14 01:42:00,64240.3,64256.0,64227.4,64244.1,82.076
2026-06-14 01:45:00,64244.1,64260.0,64230.1,64259.9,43.774
2026-06-14 01:48:00,64259.9,64260.0,64222.5,64222.5,44.681
2026-06-14 01:51:00,64222.5,64234.5,64205.5,64209.5,42.859
2026-06-14 01:54:00,64209.5,64226.9,64206.1,64212.3,34.703
2026-06-14 01:57:00,64212.3,64226.5,64208.9,64213.3,54.531
2026-06-14 02:00:00,64213.3,64222.6,64200.0,64200.0,30.039
2026-06-14 02:03:00,64200.0,64229.6,64200.0,64218.5,42.527
2026-06-14 02:06:00,64218.5,64233.9,64208.9,64233.9,32.222
2026-06-14 02:09:00,64233.9,64233.9,64200.9,64209.8,50.188
2026-06-14 02:12:00,64209.8,64216.1,64204.6,64216.1,17.65
2026-06-14 02:15:00,64216.1,64223.9,64208.7,64220.3,31.159
2026-06-14 02:18:00,64220.4,64255.0,64212.1,64255.0,66.318
2026-06-14 02:21:00,64254.9,64254.9,64213.8,64229.5,53.374
2026-06-14 02:24:00,64229.6,64259.9,64229.5,64249.7,62.924
2026-06-14 02:27:00,64249.8,64252.4,64244.9,64252.4,24.645
2026-06-14 02:30:00,64252.4,64284.5,64251.4,64284.5,69.278
2026-06-14 02:33:00,64284.5,64285.7,64269.6,64270.5,33.078
2026-06-14 02:36:00,64270.4,64270.5,64235.5,64255.8,76.625
2026-06-14 02:39:00,64255.9,64270.0,64238.8,64246.2,53.206
2026-06-14 02:42:00,64246.2,64246.2,64190.0,64206.7,84.4
2026-06-14 02:45:00,64206.8,64242.8,64193.0,64229.1,50.189
2026-06-14 02:48:00,64229.1,64229.2,64204.7,64208.6,24.177
2026-06-14 02:51:00,64208.6,64208.7,64194.6,64200.6,28.514
2026-06-14 02:54:00,64200.6,64220.2,64189.6,64220.1,102.413
2026-06-14 02:57:00,64220.0,64229.9,64213.3,64216.9,71.686
2026-06-14 03:00:00,64217.0,64249.0,64216.9,64245.9,61.402
2026-06-14 03:03:00,64245.9,64265.0,64240.6,64259.9,93.365
2026-06-14 03:06:00,64259.9,64287.8,64259.9,64287.8,90.933
2026-06-14 03:09:00,64287.8,64668.8,64287.7,64598.5,3300.947
2026-06-14 03:12:00,64598.6,64738.0,64500.8,64537.9,1698.877
2026-06-14 03:15:00,64537.9,64550.0,64448.0,64475.7,550.823
2026-06-14 03:18:00,64475.6,64500.0,64445.0,64459.2,246.251
2026-06-14 03:21:00,64459.1,64499.0,64419.3,64499.0,225.394
2026-06-14 03:24:00,64499.0,64499.0,64454.3,64472.5,229.142
2026-06-14 03:27:00,64472.5,64494.1,64406.2,64435.2,244.193
2026-06-14 03:30:00,64435.2,64435.3,64378.9,64383.0,180.809
2026-06-14 03:33:00,64383.0,64419.8,64368.6,64374.6,154.288
2026-06-14 03:36:00,64374.7,64411.9,64349.3,64406.3,170.871
2026-06-14 03:39:00,64406.4,64406.4,64350.0,64363.0,199.689
2026-06-14 03:42:00,64363.1,64390.9,64350.2,64387.2,153.704
2026-06-14 03:45:00,64387.3,64387.3,64352.0,64352.0,144.009
2026-06-14 03:48:00,64352.1,64439.9,64351.5,64429.9,190.334
2026-06-14 03:51:00,64429.9,64435.9,64405.5,64409.5,97.07
2026-06-14 03:54:00,64409.5,64492.3,64402.1,64487.8,207.642
2026-06-14 03:57:00,64487.8,64508.5,64477.0,64483.6,93.861
2026-06-14 04:00:00,64483.5,64503.6,64470.1,64483.9,149.8
2026-06-14 04:03:00,64483.9,64529.0,64457.0,64521.2,281.389
2026-06-14 04:06:00,64521.1,64522.3,64460.1,64465.6,87.493
2026-06-14 04:09:00,64465.6,64482.2,64459.0,64463.0,93.534
2026-06-14 04:12:00,64463.1,64489.0,64463.0,64485.0,156.133
2026-06-14 04:15:00,64485.0,64495.2,64454.2,64455.5,73.089
2026-06-14 04:18:00,64455.5,64480.0,64455.3,64468.6,42.034
2026-06-14 04:21:00,64468.6,64478.0,64452.4,64460.3,96.917
2026-06-14 04:24:00,64460.2,64460.3,64409.0,64433.6,229.31
2026-06-14 04:27:00,64433.6,64449.0,64413.3,64413.4,48.614
2026-06-14 04:30:00,64413.4,64443.3,64407.5,64430.1,100.833
2026-06-14 04:33:00,64430.0,64432.0,64406.4,64409.4,45.265
2026-06-14 04:36:00,64409.5,64430.4,64405.4,64410.9,61.75
2026-06-14 04:39:00,64411.0,64427.0,64404.1,64424.1,71.521
2026-06-14 04:42:00,64424.1,64424.1,64409.6,64410.0,53.959
2026-06-14 04:45:00,64410.0,64500.0,64408.9,64491.1,167.268
2026-06-14 04:48:00,64491.2,64572.0,64491.1,64524.1,273.384
2026-06-14 04:51:00,64524.1,64530.8,64508.4,64520.0,69.976
2026-06-14 04:54:00,64520.1,64520.1,64415.8,64415.9,117.476
2026-06-14 04:57:00,64415.8,64443.0,64407.6,64423.2,104.663
2026-06-14 05:00:00,64423.4,64434.5,64410.6,64410.7,61.852
2026-06-14 05:03:00,64410.6,64431.9,64408.5,64422.1,95.953
2026-06-14 05:06:00,64422.2,64458.8,64414.9,64458.7,46.302
2026-06-14 05:09:00,64458.8,64462.9,64415.0,64440.0,161.734
2026-06-14 05:12:00,64440.0,64442.1,64417.7,64417.7,66.721
2026-06-14 05:15:00,64417.7,64419.7,64387.6,64393.6,122.715
2026-06-14 05:18:00,64393.7,64393.7,64350.5,64365.7,194.7
2026-06-14 05:21:00,64365.7,64368.0,64354.6,64368.0,59.977
2026-06-14 05:24:00,64367.9,64405.5,64367.9,64405.5,152.174
2026-06-14 05:27:00,64405.4,64428.1,64381.5,64418.2,137.284
2026-06-14 05:30:00,64418.3,64418.3,64338.8,64404.9,221.558
2026-06-14 05:33:00,64405.0,64428.8,64357.0,64422.3,105.526
2026-06-14 05:36:00,64422.4,64448.1,64395.4,64395.5,122.596
2026-06-14 05:39:00,64395.5,64401.8,64379.3,64380.8,84.255
2026-06-14 05:42:00,64380.9,64395.0,64375.0,64395.0,47.649
2026-06-14 05:45:00,64395.0,64427.0,64390.4,64401.8,54.911
2026-06-14 05:48:00,64401.8,64401.8,64355.0,64381.9,72.135
2026-06-14 05:51:00,64381.9,64459.1,64374.5,64449.5,134.257
2026-06-14 05:54:00,64449.5,64463.0,64414.6,64456.7,75.429
2026-06-14 05:57:00,64456.8,64500.0,64432.7,64432.7,189.351
2026-06-14 06:00:00,64432.7,64515.6,64430.0,64505.7,97.687
2026-06-14 06:03:00,64505.7,64512.5,64487.4,64504.9,83.175
2026-06-14 06:06:00,64505.0,64532.3,64504.1,64513.0,99.265
2026-06-14 06:09:00,64512.9,64533.0,64508.4,64523.4,88.126
2026-06-14 06:12:00,64523.4,64531.9,64504.2,64525.1,91.119
2026-06-14 06:15:00,64525.1,64545.4,64517.1,64525.0,101.295
2026-06-14 06:18:00,64525.1,64548.6,64500.0,64503.0,99.282
2026-06-14 06:21:00,64503.0,64508.0,64475.9,64502.8,64.498
2026-06-14 06:24:00,64502.8,64516.0,64487.3,64492.3,63.452
2026-06-14 06:27:00,64492.3,64535.4,64487.0,64519.3,164.619
2026-06-14 06:30:00,64519.2,64538.3,64496.9,64499.6,97.258
2026-06-14 06:33:00,64499.6,64499.9,64466.4,64495.9,71.495
2026-06-14 06:36:00,64495.9,64578.9,64495.9,64558.1,142.679
2026-06-14 06:39:00,64558.1,64665.9,64558.0,64630.0,485.666
2026-06-14 06:42:00,64630.1,64642.6,64596.4,64596.4,162.715
2026-06-14 06:45:00,64596.4,64682.2,64596.4,64621.1,303.258
2026-06-14 06:48:00,64621.1,64645.1,64610.3,64612.2,87.773
2026-06-14 06:51:00,64612.1,64654.8,64600.0,64600.0,130.644
2026-06-14 06:54:00,64600.1,64629.3,64594.0,64617.6,68.82
2026-06-14 06:57:00,64617.5,64622.8,64581.4,64618.1,88.355
2026-06-14 07:00:00,64618.1,64618.1,64558.0,64570.4,108.523
2026-06-14 07:03:00,64570.4,64601.5,64541.7,64566.2,118.426
2026-06-14 07:06:00,64566.2,64571.9,64528.0,64529.9,78.18
2026-06-14 07:09:00,64530.0,64559.6,64521.1,64559.0,175.926
2026-06-14 07:12:00,64559.0,64584.3,64532.0,64532.1,141.689
2026-06-14 07:15:00,64532.0,64588.6,64530.0,64588.6,76.406
2026-06-14 07:18:00,64588.6,64602.1,64579.4,64585.4,56.885
2026-06-14 07:21:00,64585.3,64600.0,64582.1,64591.9,34.52
2026-06-14 07:24:00,64591.9,64591.9,64559.0,64559.8,41.72
2026-06-14 07:27:00,64559.8,64559.9,64527.6,64534.1,141.991
2026-06-14 07:30:00,64534.0,64546.8,64527.4,64546.7,110.489
2026-06-14 07:33:00,64546.8,64565.8,64546.7,64562.4,73.53
2026-06-14 07:36:00,64562.4,64583.0,64562.3,64581.3,57.425
2026-06-14 07:39:00,64581.3,64588.0,64555.0,64586.5,230.916
2026-06-14 07:42:00,64586.5,64606.4,64586.5,64587.0,127.675
2026-06-14 07:45:00,64587.0,64587.0,64574.9,64574.9,24.759
2026-06-14 07:48:00,64575.0,64602.9,64563.5,64563.5,113.374
2026-06-14 07:51:00,64563.5,64563.6,64537.7,64541.6,96.292
2026-06-14 07:54:00,64541.5,64544.2,64489.8,64492.3,208.976
2026-06-14 07:57:00,64492.4,64517.6,64479.8,64503.1,148.484
2026-06-14 08:00:00,64503.1,64516.9,64492.7,64515.9,106.811
2026-06-14 08:03:00,64515.9,64524.2,64500.0,64519.1,129.99
2026-06-14 08:06:00,64519.2,64523.9,64504.2,64515.0,71.183
2026-06-14 08:09:00,64514.9,64523.9,64487.7,64494.5,115.67
2026-06-14 08:12:00,64494.5,64496.7,64470.0,64476.8,73.357
2026-06-14 08:15:00,64476.9,64476.9,64436.7,64443.1,116.218
2026-06-14 08:18:00,64443.1,64477.1,64443.1,64466.1,50.607
2026-06-14 08:21:00,64466.0,64466.0,64447.2,64458.9,55.8
2026-06-14 08:24:00,64458.9,64469.8,64448.6,64461.0,72.833
2026-06-14 08:27:00,64461.0,64468.8,64450.0,64450.0,61.063
2026-06-14 08:30:00,64450.1,64482.0,64431.2,64479.9,77.583
2026-06-14 08:33:00,64479.8,64479.9,64448.0,64465.3,57.249
2026-06-14 08:36:00,64465.2,64466.1,64455.0,64466.1,45.913
2026-06-14 08:39:00,64466.2,64491.2,64442.9,64475.9,261.682
2026-06-14 08:42:00,64475.9,64475.9,64456.1,64456.1,19.894
2026-06-14 08:45:00,64456.1,64481.7,64453.6,64477.3,46.327
2026-06-14 08:48:00,64477.3,64510.3,64477.2,64493.8,86.1
2026-06-14 08:51:00,64493.8,64496.0,64483.0,64492.7,41.805
2026-06-14 08:54:00,64492.6,64492.7,64481.1,64492.7,46.323
2026-06-14 08:57:00,64492.7,64498.0,64490.7,64490.9,26.245
2026-06-14 09:00:00,64490.9,64499.9,64474.2,64474.2,59.563
2026-06-14 09:03:00,64474.3,64500.0,64474.2,64475.2,122.879
2026-06-14 09:06:00,64475.1,64480.0,64433.8,64447.4,115.457
2026-06-14 09:09:00,64447.4,64447.4,64441.7,64444.2,31.01
2026-06-14 09:12:00,64444.2,64469.7,64421.7,64450.2,242.793
2026-06-14 09:15:00,64450.1,64460.0,64435.9,64459.7,117.1
2026-06-14 09:18:00,64459.7,64486.4,64427.1,64475.0,926.135
2026-06-14 09:21:00,64475.0,64485.0,64470.8,64485.0,230.444
2026-06-14 09:24:00,64484.9,64509.0,64473.5,64509.0,466.591
2026-06-14 09:27:00,64508.9,64518.4,64489.5,64515.0,248.535
2026-06-14 09:30:00,64515.0,64532.8,64495.3,64495.3,114.346
2026-06-14 09:33:00,64495.3,64495.4,64482.1,64486.9,59.165
2026-06-14 09:36:00,64486.9,64490.9,64473.9,64473.9,21.584
2026-06-14 09:39:00,64473.9,64479.8,64457.2,64457.2,55.406
2026-06-14 09:42:00,64457.2,64468.8,64457.2,64465.0,45.802
2026-06-14 09:45:00,64465.0,64479.0,64438.2,64479.0,176.968
2026-06-14 09:48:00,64478.9,64489.0,64467.3,64473.7,88.388
2026-06-14 09:51:00,64473.8,64473.8,64463.8,64466.5,25.938
2026-06-14 09:54:00,64466.4,64466.5,64452.2,64459.0,83.62
2026-06-14 09:57:00,64459.1,64459.1,64431.8,64431.9,75.31
2026-06-14 10:00:00,64432.0,64432.0,64423.3,64431.9,84.736
2026-06-14 10:03:00,64431.9,64432.0,64423.0,64423.1,76.575
2026-06-14 10:06:00,64423.1,64423.1,64393.4,64400.7,160.167
2026-06-14 10:09:00,64400.7,64400.7,64365.2,64381.2,218.68
2026-06-14 10:12:00,64381.2,64381.3,64350.8,64351.3,202.785
2026-06-14 10:15:00,64351.2,64358.7,64281.0,64339.9,474.447
2026-06-14 10:18:00,64339.9,64350.0,64319.8,64329.9,123.118
2026-06-14 10:21:00,64330.0,64335.2,64291.9,64297.7,110.342
2026-06-14 10:24:00,64297.7,64339.9,64297.6,64336.2,97.291
2026-06-14 10:27:00,64336.1,64352.1,64299.9,64300.0,304.628
2026-06-14 10:30:00,64300.0,64356.8,64299.9,64340.1,251.83
2026-06-14 10:33:00,64340.0,64349.9,64337.4,64345.9,62.301
2026-06-14 10:36:00,64345.8,64357.8,64334.5,64353.2,48.491
2026-06-14 10:39:00,64353.1,64353.2,64308.1,64321.2,141.188
2026-06-14 10:42:00,64321.2,64334.4,64290.6,64334.4,144.504
2026-06-14 10:45:00,64334.4,64336.4,64305.5,64305.9,109.875
2026-06-14 10:48:00,64305.9,64326.6,64305.8,64326.6,49.766
2026-06-14 10:51:00,64326.6,64326.6,64313.9,64317.0,33.082
2026-06-14 10:54:00,64317.0,64320.7,64281.1,64285.0,111.984
2026-06-14 10:57:00,64285.0,64292.8,64260.1,64273.8,192.122
2026-06-14 11:00:00,64273.7,64282.6,64260.0,64267.9,79.235
2026-06-14 11:03:00,64267.9,64280.0,64260.3,64278.8,48.917
2026-06-14 11:06:00,64278.8,64305.0,64271.9,64305.0,81.736
2026-06-14 11:09:00,64305.0,64339.5,64305.0,64332.1,75.214
2026-06-14 11:12:00,64332.0,64378.5,64330.3,64330.3,165.852
2026-06-14 11:15:00,64330.3,64345.8,64328.3,64328.3,57.406
2026-06-14 11:18:00,64328.3,64342.1,64327.0,64342.1,36.527
2026-06-14 11:21:00,64342.1,64358.5,64339.2,64339.2,74.704
2026-06-14 11:24:00,64339.3,64339.3,64308.7,64310.6,58.544
2026-06-14 11:27:00,64310.5,64345.0,64300.3,64318.1,253.664
2026-06-14 11:30:00,64318.1,64399.1,64318.1,64388.2,84.563
2026-06-14 11:33:00,64388.2,64413.7,64374.1,64395.0,171.721
2026-06-14 11:36:00,64395.1,64432.0,64392.0,64425.1,155.877
2026-06-14 11:39:00,64425.2,64450.1,64403.7,64437.9,221.833
2026-06-14 11:42:00,64437.8,64449.0,64416.7,64438.9,153.466
2026-06-14 11:45:00,64438.9,64439.1,64414.1,64414.2,56.329
2026-06-14 11:48:00,64414.2,64430.8,64395.1,64397.8,148.513
2026-06-14 11:51:00,64397.9,64397.9,64343.5,64343.6,115.758
2026-06-14 11:54:00,64343.6,64353.7,64300.1,64300.1,119.839
2026-06-14 11:57:00,64300.1,64358.0,64295.5,64354.6,179.753
2026-06-14 12:00:00,64354.7,64358.3,64296.3,64299.9,108.873
2026-06-14 12:03:00,64299.9,64311.5,64265.0,64271.9,184.068
2026-06-14 12:06:00,64271.8,64271.8,64213.9,64232.0,570.686
2026-06-14 12:09:00,64232.0,64252.8,64210.2,64250.0,134.636
2026-06-14 12:12:00,64250.0,64250.0,64208.5,64210.9,172.174
2026-06-14 12:15:00,64210.8,64243.6,64210.8,64241.5,215.068
2026-06-14 12:18:00,64241.5,64252.7,64235.0,64238.5,76.129
2026-06-14 12:21:00,64238.5,64261.0,64219.0,64228.9,237.415
2026-06-14 12:24:00,64228.8,64259.2,64221.7,64253.8,108.854
2026-06-14 12:27:00,64253.9,64271.8,64250.0,64258.0,144.691
2026-06-14 12:30:00,64258.0,64265.4,64249.9,64255.3,83.107
2026-06-14 12:33:00,64255.2,64255.4,64233.0,64233.0,138.59
2026-06-14 12:36:00,64233.0,64233.1,64186.5,64204.4,272.779
2026-06-14 12:39:00,64204.3,64216.8,64194.2,64216.7,88.838
2026-06-14 12:42:00,64216.8,64223.9,64189.6,64193.2,176.91
2026-06-14 12:45:00,64193.2,64262.7,64193.2,64257.8,111.268
2026-06-14 12:48:00,64257.8,64299.7,64257.8,64290.7,317.354
2026-06-14 12:51:00,64290.6,64313.8,64290.6,64300.9,79.326
2026-06-14 12:54:00,64300.9,64337.0,64300.9,64321.4,135.172
2026-06-14 12:57:00,64321.5,64335.6,64319.1,64321.8,65.898
2026-06-14 13:00:00,64321.9,64321.9,64291.6,64291.7,71.808
2026-06-14 13:03:00,64291.6,64317.7,64279.5,64282.8,97.426
2026-06-14 13:06:00,64282.9,64304.1,64262.7,64274.8,92.007
2026-06-14 13:09:00,64274.8,64289.6,64269.2,64273.2,66.788
2026-06-14 13:12:00,64273.2,64294.8,64265.9,64271.2,87.119
2026-06-14 13:15:00,64271.2,64381.7,64271.2,64381.7,140.385
2026-06-14 13:18:00,64381.6,64395.3,64365.6,64381.1,160.051
2026-06-14 13:21:00,64381.2,64383.8,64371.0,64380.1,78.354
2026-06-14 13:24:00,64380.0,64412.7,64380.0,64408.6,102.364
2026-06-14 13:27:00,64408.5,64412.0,64388.1,64392.0,107.071
2026-06-14 13:30:00,64392.1,64400.0,64368.8,64368.9,118.847
2026-06-14 13:33:00,64368.8,64384.0,64353.2,64364.7,63.582
2026-06-14 13:36:00,64364.7,64415.2,64364.7,64409.5,99.901
2026-06-14 13:39:00,64409.5,64433.3,64402.9,64402.9,117.17
2026-06-14 13:42:00,64403.0,64417.2,64389.6,64409.1,57.783
2026-06-14 13:45:00,64409.1,64469.0,64409.0,64464.1,180.028
2026-06-14 13:48:00,64464.1,64486.9,64464.1,64470.1,172.434
2026-06-14 13:51:00,64470.0,64481.4,64451.2,64465.7,138.245
2026-06-14 13:54:00,64465.7,64470.4,64431.6,64439.1,76.456
2026-06-14 13:57:00,64439.0,64451.9,64435.0,64451.9,36.607
2026-06-14 14:00:00,64451.9,64451.9,64420.0,64420.1,49.936
2026-06-14 14:03:00,64420.1,64447.1,64407.3,64447.0,51.826
2026-06-14 14:06:00,64447.1,64478.7,64447.1,64477.1,73.66
2026-06-14 14:09:00,64477.1,64477.1,64423.6,64441.3,54.288
2026-06-14 14:12:00,64441.2,64450.0,64432.5,64432.6,48.378
2026-06-14 14:15:00,64432.6,64450.0,64432.6,64450.0,26.028
2026-06-14 14:18:00,64450.0,64450.0,64425.1,64442.3,115.443
2026-06-14 14:21:00,64442.2,64442.3,64408.8,64422.9,48.271
2026-06-14 14:24:00,64423.0,64447.3,64407.1,64424.8,59.247
2026-06-14 14:27:00,64424.9,64431.4,64416.0,64423.1,40.95
2026-06-14 14:30:00,64423.1,64423.1,64380.2,64406.1,118.496
2026-06-14 14:33:00,64406.1,64439.1,64404.1,64438.1,58.241
2026-06-14 14:36:00,64438.0,64438.0,64407.4,64421.4,39.631
2026-06-14 14:39:00,64421.4,64421.5,64414.7,64414.7,25.442
2026-06-14 14:42:00,64414.8,64414.8,64387.9,64388.1,71.51
2026-06-14 14:45:00,64388.1,64396.0,64360.4,64363.6,100.417
2026-06-14 14:48:00,64363.6,64363.7,64281.1,64307.8,378.51
2026-06-14 14:51:00,64307.9,64329.0,64307.8,64324.0,90.944
2026-06-14 14:54:00,64324.0,64324.0,64291.4,64315.9,98.239
2026-06-14 14:57:00,64315.9,64327.8,64302.8,64322.1,63.101
2026-06-14 15:00:00,64322.2,64383.9,64308.7,64375.3,120.884
2026-06-14 15:03:00,64375.5,64469.7,64375.4,64433.2,248.011
2026-06-14 15:06:00,64433.2,64449.9,64429.8,64449.9,28.63
2026-06-14 15:09:00,64449.9,64572.6,64449.9,64552.6,473.857
2026-06-14 15:12:00,64552.6,64558.0,64486.9,64521.4,335.735
2026-06-14 15:15:00,64521.3,64548.0,64505.3,64536.7,142.313
2026-06-14 15:18:00,64536.6,64552.2,64520.0,64549.2,214.461
2026-06-14 15:21:00,64549.3,64593.1,64543.2,64570.6,302.737
2026-06-14 15:24:00,64570.7,64581.7,64570.0,64576.1,92.504
2026-06-14 15:27:00,64576.0,64590.0,64576.0,64584.7,97.016
2026-06-14 15:30:00,64584.8,64584.8,64533.0,64567.5,292.437
2026-06-14 15:33:00,64567.5,64567.6,64510.8,64510.8,94.585
2026-06-14 15:36:00,64510.9,64511.3,64487.6,64493.3,84.337
2026-06-14 15:39:00,64493.4,64535.8,64490.5,64490.6,107.201
2026-06-14 15:42:00,64490.6,64499.3,64452.8,64499.2,295.506
2026-06-14 15:45:00,64499.2,64525.1,64483.3,64525.1,105.719
2026-06-14 15:48:00,64525.0,64527.9,64505.8,64516.6,60.437
2026-06-14 15:51:00,64516.6,64586.6,64516.6,64586.6,286.069
2026-06-14 15:54:00,64586.6,64616.0,64567.5,64571.1,226.995
2026-06-14 15:57:00,64571.2,64572.2,64559.9,64563.9,62.289
2026-06-14 16:00:00,64563.9,64603.1,64553.8,64596.5,133.865
2026-06-14 16:03:00,64596.5,64640.6,64579.3,64617.6,142.181
2026-06-14 16:06:00,64617.6,64622.1,64600.3,64600.3,105.834
2026-06-14 16:09:00,64600.4,64600.4,64576.4,64595.2,58.635
2026-06-14 16:12:00,64595.2,64595.2,64566.9,64571.5,48.262
2026-06-14 16:15:00,64571.5,64582.4,64522.0,64523.7,149.292
2026-06-14 16:18:00,64523.7,64538.6,64500.0,64509.2,119.221
2026-06-14 16:21:00,64509.2,64525.7,64509.2,64525.6,34.478
2026-06-14 16:24:00,64525.6,64525.7,64473.4,64473.7,71.741
2026-06-14 16:27:00,64473.7,64497.9,64473.7,64485.4,52.706
2026-06-14 16:30:00,64485.5,64487.1,64459.2,64461.2,137.563
2026-06-14 16:33:00,64461.2,64461.3,64429.0,64431.0,158.456
2026-06-14 16:36:00,64431.0,64487.0,64419.3,64478.8,129.783
2026-06-14 16:39:00,64478.8,64523.4,64478.8,64504.7,106.4
2026-06-14 16:42:00,64504.7,64545.8,64492.9,64528.9,106.271
2026-06-14 16:45:00,64528.9,64537.1,64499.5,64502.6,71.769
2026-06-14 16:48:00,64502.6,64514.0,64477.0,64490.0,43.34
2026-06-14 16:51:00,64490.1,64520.0,64477.0,64519.9,86.168
2026-06-14 16:54:00,64520.0,64520.0,64504.5,64504.6,37.605
2026-06-14 16:57:00,64504.5,64563.4,64504.5,64543.6,98.58
2026-06-14 17:00:00,64543.6,64584.1,64542.6,64573.8,60.862
2026-06-14 17:03:00,64573.7,64614.4,64570.1,64600.1,137.101
2026-06-14 17:06:00,64600.0,64605.3,64587.1,64592.7,118.131
2026-06-14 17:09:00,64592.7,64592.7,64574.6,64585.4,66.213
2026-06-14 17:12:00,64585.3,64593.9,64581.0,64581.0,37.261
2026-06-14 17:15:00,64581.1,64581.1,64557.1,64569.1,62.652
2026-06-14 17:18:00,64569.1,64592.6,64559.9,64591.5,122.679
2026-06-14 17:21:00,64591.5,64593.5,64591.5,64592.4,37.139
2026-06-14 17:24:00,64592.4,64613.5,64540.0,64540.1,154.095
2026-06-14 17:27:00,64540.0,64540.0,64504.8,64511.7,92.973
2026-06-14 17:30:00,64511.7,64530.0,64510.4,64520.8,66.478
2026-06-14 17:33:00,64520.9,64531.2,64515.1,64521.9,56.965
2026-06-14 17:36:00,64521.9,64522.0,64460.0,64465.1,225.168
2026-06-14 17:39:00,64465.1,64473.7,64434.7,64464.7,163.985
2026-06-14 17:42:00,64464.7,64479.8,64446.0,64446.0,121.994
2026-06-14 17:45:00,64446.1,64466.3,64441.3,64460.2,61.972
2026-06-14 17:48:00,64460.1,64475.2,64446.0,64463.9,219.684
2026-06-14 17:51:00,64464.0,64480.9,64463.9,64468.0,73.626
2026-06-14 17:54:00,64468.0,64478.4,64450.0,64450.1,72.617
2026-06-14 17:57:00,64450.1,64450.1,64431.4,64434.8,64.798
2026-06-14 18:00:00,64434.8,64446.7,64359.9,64383.8,274.407
2026-06-14 18:03:00,64383.7,64383.8,64337.0,64337.3,209.544
2026-06-14 18:06:00,64337.3,64361.4,64289.0,64311.6,332.846
2026-06-14 18:09:00,64311.5,64316.7,64296.1,64312.8,197.642
2026-06-14 18:12:00,64312.7,64333.5,64308.0,64328.7,165.437
2026-06-14 18:15:00,64328.6,64342.6,64269.1,64277.1,466.822
2026-06-14 18:18:00,64277.1,64305.8,64272.0,64281.4,105.383
2026-06-14 18:21:00,64281.4,64290.9,64255.9,64255.9,197.667
2026-06-14 18:24:00,64256.0,64297.0,64256.0,64283.4,153.122
2026-06-14 18:27:00,64283.4,64300.1,64283.3,64296.8,64.057
2026-06-14 18:30:00,64296.7,64359.4,64296.7,64327.9,229.581
2026-06-14 18:33:00,64327.9,64343.1,64292.5,64318.9,108.934
2026-06-14 18:36:00,64318.9,64345.7,64318.9,64321.6,139.681
2026-06-14 18:39:00,64321.5,64332.8,64270.0,64288.6,279.112
2026-06-14 18:42:00,64288.6,64330.0,64288.6,64330.0,99.89
2026-06-14 18:45:00,64330.0,64369.0,64329.9,64366.3,104.766
2026-06-14 18:48:00,64366.3,64366.3,64283.7,64316.5,112.581
2026-06-14 18:51:00,64316.6,64316.8,64281.8,64290.7,102.572
2026-06-14 18:54:00,64290.6,64314.1,64290.6,64291.1,65.8
2026-06-14 18:57:00,64291.0,64300.0,64209.6,64243.3,317.526
2026-06-14 19:00:00,64243.3,64290.6,64215.0,64235.7,317.738
2026-06-14 19:03:00,64235.6,64269.0,64207.3,64236.6,176.056
2026-06-14 19:06:00,64236.7,64296.8,64235.4,64263.3,172.574
2026-06-14 19:09:00,64263.4,64279.1,64245.0,64272.4,74.329
2026-06-14 19:12:00,64272.4,64354.5,64272.4,64328.7,232.429
2026-06-14 19:15:00,64328.6,64358.0,64305.2,64310.6,89.266
2026-06-14 19:18:00,64310.6,64311.9,64266.9,64267.0,75.449
2026-06-14 19:21:00,64266.9,64283.1,64261.0,64274.1,90.055
2026-06-14 19:24:00,64274.1,64297.4,64250.0,64288.3,112.341
2026-06-14 19:27:00,64288.3,64290.7,64269.2,64287.5,43.143
2026-06-14 19:30:00,64287.4,64293.8,64240.0,64248.2,95.623
2026-06-14 19:33:00,64248.2,64297.9,64230.2,64292.5,106.504
2026-06-14 19:36:00,64292.5,64313.1,64292.4,64303.9,85.79
2026-06-14 19:39:00,64304.0,64304.0,64260.4,64274.4,55.238
2026-06-14 19:42:00,64274.4,64286.1,64224.2,64275.6,141.693
2026-06-14 19:45:00,64275.5,64275.6,64199.0,64234.0,237.974
2026-06-14 19:48:00,64234.0,64270.0,64219.8,64229.9,278.037
2026-06-14 19:51:00,64230.0,64296.3,64205.2,64236.8,309.58
2026-06-14 19:54:00,64236.9,64243.2,64210.9,64217.8,188.598
2026-06-14 19:57:00,64217.9,64232.4,64115.6,64120.5,806.026
2026-06-14 20:00:00,64120.4,64143.7,64031.7,64069.5,813.282
2026-06-14 20:03:00,64069.5,64081.2,63859.6,63906.6,1854.946
2026-06-14 20:06:00,63906.5,63969.2,63891.3,63907.3,695.864
2026-06-14 20:09:00,63907.3,63957.5,63866.7,63880.0,668.399
2026-06-14 20:12:00,63880.0,63919.1,63851.0,63908.5,416.72
2026-06-14 20:15:00,63908.5,63953.5,63859.6,63921.0,356.232
2026-06-14 20:18:00,63921.0,63921.0,63840.0,63892.8,390.773
2026-06-14 20:21:00,63892.9,63943.6,63830.0,63931.6,449.111
2026-06-14 20:24:00,63931.6,63940.0,63872.3,63921.6,276.979
2026-06-14 20:27:00,63921.7,63960.2,63911.2,63953.7,248.512
2026-06-14 20:30:00,63953.7,64123.8,63945.8,64087.8,983.833
2026-06-14 20:33:00,64087.8,64120.0,64078.0,64098.0,274.667
2026-06-14 20:36:00,64097.9,64105.1,64069.9,64089.9,131.804
2026-06-14 20:39:00,64090.0,64099.9,64060.5,64062.1,190.315
2026-06-14 20:42:00,64062.2,64096.3,64042.1,64072.0,181.157
2026-06-14 20:45:00,64072.1,64094.0,64041.6,64050.1,103.932
2026-06-14 20:48:00,64050.1,64050.2,63971.2,64011.0,339.066
2026-06-14 20:51:00,64011.1,64087.1,64007.0,64046.9,202.365
2026-06-14 20:54:00,64047.0,64057.5,63956.1,64001.4,395.874
2026-06-14 20:57:00,64001.4,64055.1,63980.7,64034.7,245.308
2026-06-14 21:00:00,64034.7,64034.8,63990.0,64011.5,301.99
2026-06-14 21:03:00,64011.5,64047.5,63972.3,64041.4,167.928
2026-06-14 21:06:00,64041.4,64093.1,64022.8,64039.0,136.382
2026-06-14 21:09:00,64039.0,64039.0,64004.6,64009.8,83.405
2026-06-14 21:12:00,64009.9,64038.3,64000.2,64001.7,103.322
2026-06-14 21:15:00,64001.7,64006.3,63972.3,63994.7,99.93
2026-06-14 21:18:00,63994.7,64031.2,63994.7,64017.1,76.415
2026-06-14 21:21:00,64017.1,64036.8,64000.0,64029.3,76.503
2026-06-14 21:24:00,64029.4,64053.5,64001.1,64018.3,131.261
2026-06-14 21:27:00,64018.3,64018.4,63991.2,63995.2,55.733
2026-06-14 21:30:00,63995.2,64035.9,63982.1,64016.5,128.444
2026-06-14 21:33:00,64016.5,64041.0,63970.7,64023.2,171.675
2026-06-14 21:36:00,64023.2,64039.1,64009.6,64030.0,61.883
2026-06-14 21:39:00,64029.9,64110.0,63988.1,64109.9,200.278
2026-06-14 21:42:00,64109.9,64111.1,64077.4,64078.4,119.416
2026-06-14 21:45:00,64078.5,64108.0,64064.1,64065.3,119.802
2026-06-14 21:48:00,64065.3,64085.2,64054.4,64085.2,53.962
2026-06-14 21:51:00,64085.2,64110.4,64070.0,64110.4,52.354
2026-06-14 21:54:00,64110.3,64183.4,64110.3,64135.0,373.786
2026-06-14 21:57:00,64135.0,64135.1,64105.0,64110.5,85.761
2026-06-14 22:00:00,64110.4,64126.0,64101.0,64115.6,79.03
2026-06-14 22:03:00,64115.7,64170.1,64115.6,64150.5,64.724
2026-06-14 22:06:00,64150.5,64155.2,64131.2,64131.3,77.632
2026-06-14 22:09:00,64131.2,64136.8,64114.4,64115.1,72.637
2026-06-14 22:12:00,64115.2,64135.3,64115.1,64130.2,65.546
2026-06-14 22:15:00,64130.2,64144.3,64049.9,64060.9,314.416
2026-06-14 22:18:00,64060.8,64065.0,63929.5,63974.3,590.388
2026-06-14 22:21:00,63974.3,64008.8,63960.0,63963.0,158.542
2026-06-14 22:24:00,63962.9,63966.9,63901.3,63943.9,335.822
2026-06-14 22:27:00,63943.9,63944.0,63905.0,63913.8,197.9
2026-06-14 22:30:00,63913.8,63950.0,63888.3,63950.0,337.368
2026-06-14 22:33:00,63950.0,64000.0,63937.2,63970.3,146.969
2026-06-14 22:36:00,63970.3,63970.4,63890.4,63918.3,281.42
2026-06-14 22:39:00,63918.3,63934.9,63899.9,63926.7,217.0
2026-06-14 22:42:00,63926.7,63950.0,63923.6,63932.0,72.274
2026-06-14 22:45:00,63932.1,63970.9,63930.0,63932.7,106.776
2026-06-14 22:48:00,63932.8,63947.0,63886.3,63898.3,177.75
2026-06-14 22:51:00,63898.4,63926.8,63886.0,63915.1,117.287
2026-06-14 22:54:00,63915.0,63915.2,63881.6,63895.5,75.638
2026-06-14 22:57:00,63895.4,63898.3,63865.1,63874.5,158.343
2026-06-14 23:00:00,63874.5,63893.9,63852.7,63887.2,240.513
2026-06-14 23:03:00,63887.2,63937.7,63887.1,63923.2,175.802
2026-06-14 23:06:00,63923.2,63944.7,63730.0,63742.1,1069.997
2026-06-14 23:09:00,63742.2,63835.2,63730.0,63832.2,393.042
2026-06-14 23:12:00,63832.2,63833.0,63810.5,63815.6,96.213
2026-06-14 23:15:00,63815.5,63857.5,63800.0,63857.5,155.102
2026-06-14 23:18:00,63857.4,63857.4,63742.0,63753.6,320.684
2026-06-14 23:21:00,63753.7,63772.2,63735.5,63743.8,265.992
2026-06-14 23:24:00,63743.9,63749.7,63650.0,63715.5,753.342
2026-06-14 23:27:00,63715.4,63730.0,63666.0,63706.1,308.946
2026-06-14 23:30:00,63706.2,63736.4,63672.2,63709.4,351.857
2026-06-14 23:33:00,63709.3,63772.7,63709.3,63739.4,109.276
2026-06-14 23:36:00,63739.4,63739.4,63688.6,63692.1,217.942
2026-06-14 23:39:00,63692.1,63726.6,63660.6,63683.0,392.756
2026-06-14 23:42:00,63683.0,63716.2,63683.0,63711.2,94.883
2026-06-14 23:45:00,63711.2,63761.4,63683.7,63687.1,176.885
2026-06-14 23:48:00,63687.0,63700.1,63652.0,63680.2,137.8
2026-06-14 23:51:00,63680.1,63695.6,63650.9,63678.2,169.784
2026-06-14 23:54:00,63678.2,63715.6,63678.1,63710.4,125.059
2026-06-14 23:57:00,63710.4,63715.4,63678.0,63693.2,194.933
2026-06-15 00:00:00,63693.2,63753.4,63693.1,63702.7,303.559
2026-06-15 00:03:00,63702.6,63734.1,63702.6,63729.7,119.369
2026-06-15 00:06:00,63729.8,63760.9,63717.4,63749.5,117.042
2026-06-15 00:09:00,63749.5,63763.8,63738.3,63753.9,67.409
2026-06-15 00:12:00,63753.8,63772.4,63742.2,63742.3,58.82
2026-06-15 00:15:00,63742.2,63781.0,63742.2,63753.7,230.014
2026-06-15 00:18:00,63753.8,63782.1,63736.1,63760.9,119.692
2026-06-15 00:21:00,63761.0,63779.6,63760.9,63776.6,47.148
2026-06-15 00:24:00,63776.7,63791.9,63757.8,63764.7,79.468
2026-06-15 00:27:00,63764.8,63788.5,63764.7,63783.9,56.615
2026-06-15 00:30:00,63783.9,63796.9,63767.8,63767.9,72.693
2026-06-15 00:33:00,63767.9,63791.0,63767.8,63782.3,86.522
2026-06-15 00:36:00,63782.4,63782.4,63702.0,63733.6,101.361
2026-06-15 00:39:00,63733.6,63781.2,63733.6,63781.1,38.833
2026-06-15 00:42:00,63781.1,63821.8,63757.5,63757.6,130.582
2026-06-15 00:45:00,63757.6,63830.0,63757.5,63827.1,80.641
2026-06-15 00:48:00,63827.1,63830.9,63784.5,63791.9,120.033
2026-06-15 00:51:00,63791.9,63792.0,63770.0,63787.8,68.183
2026-06-15 00:54:00,63787.8,63787.8,63774.6,63777.8,38.339
2026-06-15 00:57:00,63777.8,63785.1,63755.5,63770.3,63.051
2026-06-15 01:00:00,63770.3,63797.0,63753.8,63785.0,109.721
2026-06-15 01:03:00,63784.9,63809.7,63784.9,63787.2,49.933
2026-06-15 01:06:00,63787.2,63806.2,63787.2,63788.7,40.858
2026-06-15 01:09:00,63788.8,63790.2,63725.8,63725.8,52.439
2026-06-15 01:12:00,63725.8,63739.1,63721.0,63732.6,53.212
2026-06-15 01:15:00,63732.6,63739.0,63716.6,63723.0,43.562
2026-06-15 01:18:00,63723.0,63750.1,63719.1,63739.1,75.313
2026-06-15 01:21:00,63739.0,63749.1,63739.0,63746.8,29.073
2026-06-15 01:24:00,63746.8,63772.8,63746.8,63759.1,62.758
2026-06-15 01:27:00,63759.0,63782.4,63759.0,63777.3,41.374
2026-06-15 01:30:00,63777.4,63840.0,63777.4,63811.0,273.092
2026-06-15 01:33:00,63811.0,63811.0,63785.6,63794.9,101.541
2026-06-15 01:36:00,63794.8,63800.0,63761.5,63771.7,92.457
2026-06-15 01:39:00,63771.8,63799.5,63771.7,63799.5,56.131
2026-06-15 01:42:00,63799.4,63807.4,63787.3,63792.4,115.547
2026-06-15 01:45:00,63792.3,63815.2,63792.3,63815.2,37.738
2026-06-15 01:48:00,63815.2,63876.8,63801.8,63873.1,231.938
2026-06-15 01:51:00,63873.1,63897.4,63850.0,63878.9,187.928
2026-06-15 01:54:00,63878.9,63908.8,63877.5,63893.0,103.121
2026-06-15 01:57:00,63893.1,63940.0,63892.8,63900.3,204.189
2026-06-15 02:00:00,63900.2,63914.0,63887.8,63897.1,62.845
2026-06-15 02:03:00,63897.1,64062.7,63888.4,64038.9,708.156
2026-06-15 02:06:00,64038.9,64070.0,63981.8,64019.4,404.707
2026-06-15 02:09:00,64019.3,64019.4,63986.9,64014.9,75.954
2026-06-15 02:12:00,64014.9,64022.7,64009.9,64016.0,71.477
2026-06-15 02:15:00,64015.9,64024.2,64006.1,64006.2,78.023
2026-06-15 02:18:00,64006.1,64017.1,63991.6,64000.0,64.133
2026-06-15 02:21:00,64000.0,64054.4,64000.0,64040.3,78.338
2026-06-15 02:24:00,64040.3,64040.3,64000.5,64020.0,54.353
2026-06-15 02:27:00,64020.0,64020.0,63968.5,63978.1,71.391
2026-06-15 02:30:00,63978.2,64007.3,63973.4,63990.3,77.629
2026-06-15 02:33:00,63990.4,64019.8,63982.8,64012.2,75.854
2026-06-15 02:36:00,64012.2,64012.3,63990.8,63994.1,59.063
2026-06-15 02:39:00,63994.2,64004.9,63984.6,64000.0,103.604
2026-06-15 02:42:00,64000.0,64080.9,63990.0,64076.0,351.053
2026-06-15 02:45:00,64076.0,64493.2,64075.9,64373.4,2617.11
2026-06-15 02:48:00,64373.3,64999.9,64361.7,64800.0,5496.519
2026-06-15 02:51:00,64800.0,64800.0,64627.4,64750.0,828.176
2026-06-15 02:54:00,64750.0,64934.2,64744.5,64835.2,1128.513
2026-06-15 02:57:00,64835.2,64899.2,64560.5,64750.1,1195.431
2026-06-15 03:00:00,64750.1,64891.8,64645.9,64764.7,787.518
2026-06-15 03:03:00,64764.7,64952.3,64764.7,64842.3,1492.652
2026-06-15 03:06:00,64842.2,64934.8,64818.7,64924.7,717.196
2026-06-15 03:09:00,64924.7,65444.0,64913.4,65249.8,5443.981
2026-06-15 03:12:00,65249.7,65298.9,65150.2,65235.2,1015.277
2026-06-15 03:15:00,65235.2,65457.8,65235.2,65324.1,1450.561
2026-06-15 03:18:00,65324.0,65652.0,65255.6,65512.1,2463.515
2026-06-15 03:21:00,65512.0,65553.8,65389.1,65411.4,1024.173
2026-06-15 03:24:00,65411.4,65460.9,65363.6,65426.3,526.055
2026-06-15 03:27:00,65426.3,65469.8,65268.6,65284.4,842.083
2026-06-15 03:30:00,65284.4,65492.9,65240.1,65391.2,1176.423
2026-06-15 03:33:00,65391.2,65513.9,65023.1,65070.1,2232.546
2026-06-15 03:36:00,65070.2,65189.9,64918.2,64941.9,1858.32
2026-06-15 03:39:00,64941.9,65150.0,64941.9,65150.0,929.812
2026-06-15 03:42:00,65150.0,65283.9,65079.8,65090.0,959.893
2026-06-15 03:45:00,65090.1,65131.9,64968.2,64979.1,631.341
2026-06-15 03:48:00,64979.1,65185.5,64965.2,65100.2,858.517
2026-06-15 03:51:00,65100.2,65228.3,65100.2,65211.9,407.012
2026-06-15 03:54:00,65211.8,65217.8,65087.8,65100.0,295.981
2026-06-15 03:57:00,65100.0,65221.4,65078.6,65178.6,353.421
2026-06-15 04:00:00,65178.7,65256.4,65139.3,65165.7,373.76
2026-06-15 04:03:00,65165.7,65345.2,65140.0,65327.2,550.446
2026-06-15 04:06:00,65327.1,65399.0,65327.1,65363.4,496.289
2026-06-15 04:09:00,65363.3,65375.0,65278.4,65350.2,318.863
2026-06-15 04:12:00,65350.2,65555.0,65340.9,65439.6,1210.728
2026-06-15 04:15:00,65439.6,65463.2,65364.8,65369.2,352.655
2026-06-15 04:18:00,65369.2,65468.3,65350.0,65432.3,372.683
2026-06-15 04:21:00,65432.3,65467.5,65371.0,65389.6,226.149
2026-06-15 04:24:00,65389.7,65444.3,65354.2,65399.8,272.751
2026-06-15 04:27:00,65399.8,65409.8,65303.4,65389.2,368.698
2026-06-15 04:30:00,65389.2,65400.0,65300.1,65331.2,257.76
2026-06-15 04:33:00,65331.2,65342.9,65229.0,65229.1,462.839
2026-06-15 04:36:00,65229.0,65492.9,65217.0,65476.0,614.103
2026-06-15 04:39:00,65476.1,65538.0,65385.8,65534.9,422.22
2026-06-15 04:42:00,65534.9,65596.6,65492.2,65529.8,914.586
2026-06-15 04:45:00,65529.7,65644.3,65529.7,65561.0,893.487
2026-06-15 04:48:00,65560.9,65577.1,65479.8,65500.0,328.763
2026-06-15 04:51:00,65499.9,65515.0,65470.3,65497.5,420.569
2026-06-15 04:54:00,65497.5,65637.9,65497.4,65621.3,308.553
2026-06-15 04:57:00,65621.3,65716.7,65585.1,65647.6,1369.321
2026-06-15 05:00:00,65647.6,65715.3,65502.1,65511.2,907.694
2026-06-15 05:03:00,65511.2,65646.8,65488.5,65614.0,475.42
2026-06-15 05:06:00,65613.9,65636.6,65574.7,65600.0,200.704
2026-06-15 05:09:00,65600.0,65600.0,65555.0,65582.3,167.073
2026-06-15 05:12:00,65582.2,65587.2,65531.1,65531.2,133.038
2026-06-15 05:15:00,65531.3,65600.0,65519.9,65600.0,267.091
2026-06-15 05:18:00,65599.9,65656.7,65586.6,65621.2,233.392
2026-06-15 05:21:00,65621.1,65715.6,65621.1,65700.0,337.95
2026-06-15 05:24:00,65699.9,65775.0,65680.8,65705.9,840.829
2026-06-15 05:27:00,65705.9,65734.2,65700.7,65702.1,220.517
2026-06-15 05:30:00,65702.1,65732.9,65666.0,65678.0,497.108
2026-06-15 05:33:00,65678.1,65689.0,65583.5,65644.9,394.999
2026-06-15 05:36:00,65645.0,65780.0,65622.4,65706.6,540.129
2026-06-15 05:39:00,65706.5,65760.0,65681.2,65704.1,270.954
2026-06-15 05:42:00,65704.1,65880.0,65691.3,65848.4,904.46
2026-06-15 05:45:00,65848.4,65848.4,65685.1,65729.9,734.919
2026-06-15 05:48:00,65730.0,65736.6,65661.2,65714.0,343.449
2026-06-15 05:51:00,65714.1,65748.2,65630.0,65672.0,347.107
2026-06-15 05:54:00,65672.0,65712.1,65656.9,65712.0,191.677
2026-06-15 05:57:00,65712.1,65749.2,65695.5,65720.1,264.287
2026-06-15 06:00:00,65720.2,65734.3,65566.9,65617.0,1418.517
2026-06-15 06:03:00,65617.0,65627.2,65449.7,65545.7,999.4
2026-06-15 06:06:00,65545.6,65570.0,65522.0,65542.6,259.861
2026-06-15 06:09:00,65542.5,65542.5,65469.1,65484.7,553.124
2026-06-15 06:12:00,65484.8,65508.0,65444.0,65507.9,353.335
2026-06-15 06:15:00,65508.0,65530.4,65468.8,65530.3,241.424
2026-06-15 06:18:00,65530.4,65579.2,65500.0,65500.1,291.076
2026-06-15 06:21:00,65500.1,65527.9,65491.0,65518.9,122.325
2026-06-15 06:24:00,65518.9,65580.1,65514.7,65556.8,167.005
2026-06-15 06:27:00,65556.7,65610.0,65556.7,65591.4,149.83
2026-06-15 06:30:00,65591.4,65595.7,65442.5,65470.2,271.529
2026-06-15 06:33:00,65470.2,65470.3,65314.3,65410.1,1017.418
2026-06-15 06:36:00,65410.1,65479.9,65367.6,65459.0,620.779
2026-06-15 06:39:00,65459.0,65459.1,65383.0,65440.4,212.347
2026-06-15 06:42:00,65440.5,65478.6,65440.4,65472.2,246.887
2026-06-15 06:45:00,65472.2,65489.0,65407.6,65475.3,186.567
2026-06-15 06:48:00,65475.4,65485.7,65372.2,65394.7,185.458
2026-06-15 06:51:00,65394.7,65409.3,65342.4,65400.0,154.075
2026-06-15 06:54:00,65399.9,65411.2,65319.0,65380.3,153.336
2026-06-15 06:57:00,65380.2,65415.8,65362.0,65362.0,116.116
2026-06-15 07:00:00,65361.9,65453.1,65345.0,65446.7,208.814
2026-06-15 07:03:00,65446.7,65457.7,65416.9,65430.6,101.882
2026-06-15 07:06:00,65430.5,65566.4,65428.6,65565.9,441.094
2026-06-15 07:09:00,65565.8,65705.6,65562.1,65618.4,847.757
2026-06-15 07:12:00,65618.5,65674.1,65603.9,65674.1,225.325
2026-06-15 07:15:00,65674.1,65674.1,65605.3,65631.5,226.227
2026-06-15 07:18:00,65631.5,65642.5,65497.4,65507.9,185.982
2026-06-15 07:21:00,65508.0,65527.8,65490.0,65514.2,94.234
2026-06-15 07:24:00,65514.3,65514.3,65459.2,65476.9,250.879
2026-06-15 07:27:00,65476.9,65489.0,65439.3,65482.6,190.103
2026-06-15 07:30:00,65482.6,65487.5,65400.0,65460.5,328.336
2026-06-15 07:33:00,65460.6,65577.8,65453.4,65543.1,272.364
2026-06-15 07:36:00,65543.0,65615.3,65534.6,65601.5,255.701
2026-06-15 07:39:00,65601.5,65617.0,65568.4,65591.6,127.524
2026-06-15 07:42:00,65591.7,65632.8,65591.6,65623.4,105.748
2026-06-15 07:45:00,65623.3,65749.0,65623.3,65710.0,380.643
2026-06-15 07:48:00,65710.1,65710.1,65647.8,65650.4,181.721
2026-06-15 07:51:00,65650.3,65687.5,65637.0,65657.2,128.551
2026-06-15 07:54:00,65657.1,65679.9,65620.8,65641.0,113.136
2026-06-15 07:57:00,65641.1,65652.7,65589.6,65609.4,274.088
2026-06-15 08:00:00,65609.4,65638.7,65570.0,65584.8,207.595
2026-06-15 08:03:00,65584.8,65584.8,65544.0,65579.9,133.67
2026-06-15 08:06:00,65579.9,65636.0,65579.9,65600.0,163.469
2026-06-15 08:09:00,65600.0,65615.2,65565.3,65583.4,137.28
2026-06-15 08:12:00,65583.3,65590.5,65532.6,65532.7,109.483
2026-06-15 08:15:00,65532.6,65540.8,65434.4,65438.7,217.534
2026-06-15 08:18:00,65438.8,65470.0,65436.0,65467.3,107.461
2026-06-15 08:21:00,65467.3,65476.8,65407.6,65435.8,154.766
2026-06-15 08:24:00,65435.9,65435.9,65400.0,65422.9,210.838
2026-06-15 08:27:00,65422.8,65433.5,65383.6,65429.3,313.712
2026-06-15 08:30:00,65429.3,65435.0,65393.4,65434.4,164.858
2026-06-15 08:33:00,65434.4,65550.0,65434.3,65541.7,601.12
2026-06-15 08:36:00,65541.7,65545.1,65506.0,65520.2,83.215
2026-06-15 08:39:00,65520.1,65631.7,65520.1,65625.8,178.51
2026-06-15 08:42:00,65625.8,65699.0,65601.1,65695.1,607.869
2026-06-15 08:45:00,65695.1,65708.8,65650.0,65700.1,373.637
2026-06-15 08:48:00,65700.1,65705.9,65651.0,65700.1,331.445
2026-06-15 08:51:00,65700.1,65700.1,65642.6,65678.9,379.35
2026-06-15 08:54:00,65679.0,65696.0,65664.1,65695.9,209.768
2026-06-15 08:57:00,65695.9,65706.0,65656.1,65701.0,256.241
2026-06-15 09:00:00,65700.9,65703.5,65690.0,65694.1,160.158
2026-06-15 09:03:00,65694.0,65732.1,65690.0,65716.9,224.641
2026-06-15 09:06:00,65716.9,65768.0,65680.6,65714.2,661.97
2026-06-15 09:09:00,65714.1,65789.0,65655.8,65783.0,794.295
2026-06-15 09:12:00,65782.9,65912.7,65771.4,65881.7,1449.809
2026-06-15 09:15:00,65881.7,65950.0,65805.8,65925.1,1137.148
2026-06-15 09:18:00,65925.1,65996.8,65868.0,65879.4,840.831
2026-06-15 09:21:00,65879.5,65940.0,65853.6,65898.7,344.638
2026-06-15 09:24:00,65898.8,65943.8,65892.0,65937.7,234.124
2026-06-15 09:27:00,65937.6,65937.7,65864.6,65894.7,221.692
2026-06-15 09:30:00,65894.6,65894.7,65805.1,65813.9,246.213
2026-06-15 09:33:00,65813.9,65820.3,65735.8,65773.3,320.508
2026-06-15 09:36:00,65773.2,65789.5,65723.7,65748.1,190.941
2026-06-15 09:39:00,65748.1,65770.5,65710.6,65740.3,243.135
2026-06-15 09:42:00,65740.3,65745.0,65680.0,65692.8,320.914
2026-06-15 09:45:00,65692.7,65700.0,65678.9,65699.9,170.73
2026-06-15 09:48:00,65700.0,65745.7,65699.9,65741.7,114.104
2026-06-15 09:51:00,65741.8,65741.8,65716.3,65716.4,89.997
2026-06-15 09:54:00,65716.4,65727.9,65677.2,65682.4,121.698
2026-06-15 09:57:00,65682.4,65710.0,65666.2,65685.6,190.397
2026-06-15 10:00:00,65685.6,65709.9,65650.6,65693.3,160.442
2026-06-15 10:03:00,65693.2,65696.6,65671.6,65689.0,109.534
2026-06-15 10:06:00,65689.0,65689.1,65634.0,65648.9,156.839
2026-06-15 10:09:00,65648.9,65664.0,65615.0,65627.0,156.363
2026-06-15 10:12:00,65627.0,65662.6,65616.5,65653.9,131.545
2026-06-15 10:15:00,65653.9,65678.8,65628.5,65672.7,103.819
2026-06-15 10:18:00,65672.7,65678.2,65630.0,65630.0,113.292
2026-06-15 10:21:00,65630.0,65660.3,65629.9,65653.6,71.474
2026-06-15 10:24:00,65653.5,65666.6,65601.8,65631.4,218.643
2026-06-15 10:27:00,65631.4,65650.1,65612.1,65612.2,101.23
2026-06-15 10:30:00,65612.2,65620.8,65577.8,65599.9,176.848
2026-06-15 10:33:00,65600.0,65609.5,65580.5,65609.0,112.73
2026-06-15 10:36:00,65609.0,65631.8,65602.7,65627.2,90.651
2026-06-15 10:39:00,65627.2,65659.1,65600.0,65649.1,263.672
2026-06-15 10:42:00,65649.1,65660.0,65621.5,65660.0,121.9
2026-06-15 10:45:00,65660.0,65688.0,65655.5,65666.1,162.232
2026-06-15 10:48:00,65666.0,65725.6,65666.0,65715.3,119.414
2026-06-15 10:51:00,65715.3,65844.7,65714.3,65799.0,668.318
2026-06-15 10:54:00,65799.0,65813.0,65773.5,65788.0,147.71
2026-06-15 10:57:00,65788.1,65815.0,65713.3,65799.9,201.806
2026-06-15 11:00:00,65800.0,65806.9,65780.0,65780.0,101.358
2026-06-15 11:03:00,65780.0,65780.1,65727.9,65767.1,110.396
2026-06-15 11:06:00,65767.0,65767.8,65670.9,65670.9,149.416
2026-06-15 11:09:00,65670.9,65714.6,65670.9,65710.7,87.465
2026-06-15 11:12:00,65710.8,65710.8,65690.3,65690.4,44.619
2026-06-15 11:15:00,65690.4,65711.1,65675.1,65711.0,85.181
2026-06-15 11:18:00,65711.1,65750.2,65711.1,65750.2,82.127
2026-06-15 11:21:00,65750.2,65800.0,65735.1,65800.0,100.489
2026-06-15 11:24:00,65799.9,65820.0,65799.9,65813.1,115.412
2026-06-15 11:27:00,65813.1,65837.4,65808.3,65828.1,125.072
2026-06-15 11:30:00,65828.0,65834.5,65786.0,65792.0,136.728
2026-06-15 11:33:00,65792.1,65850.0,65788.1,65837.7,335.234
2026-06-15 11:36:00,65837.7,65888.8,65837.6,65853.9,282.959
2026-06-15 11:39:00,65853.8,65858.9,65811.3,65850.0,156.419
2026-06-15 11:42:00,65849.9,65878.7,65831.9,65856.3,116.442
2026-06-15 11:45:00,65856.4,65873.9,65824.3,65873.9,127.428
2026-06-15 11:48:00,65873.9,65886.4,65830.0,65840.1,111.125
2026-06-15 11:51:00,65840.0,65888.0,65826.2,65868.1,267.648
2026-06-15 11:54:00,65868.1,65933.0,65867.9,65928.4,421.926
2026-06-15 11:57:00,65928.4,65931.9,65904.3,65904.4,170.548
2026-06-15 12:00:00,65904.3,65917.2,65828.0,65837.7,326.133
2026-06-15 12:03:00,65837.7,65850.0,65760.6,65763.3,437.605
2026-06-15 12:06:00,65763.4,65798.0,65716.4,65772.2,398.855
2026-06-15 12:09:00,65772.2,65780.9,65738.4,65769.6,134.948
2026-06-15 12:12:00,65769.6,65792.4,65769.5,65778.4,59.035
2026-06-15 12:15:00,65778.4,65807.1,65766.5,65807.1,120.659
2026-06-15 12:18:00,65807.1,65858.5,65805.8,65824.4,183.42
2026-06-15 12:21:00,65824.4,65858.0,65823.5,65839.0,100.647
2026-06-15 12:24:00,65839.1,65841.1,65814.3,65827.9,55.996
2026-06-15 12:27:00,65828.0,65828.0,65772.9,65773.0,128.106
2026-06-15 12:30:00,65773.0,65773.0,65650.0,65713.1,390.637
2026-06-15 12:33:00,65713.2,65759.7,65682.1,65749.9,123.247
2026-06-15 12:36:00,65750.0,65780.0,65731.2,65777.5,114.659
2026-06-15 12:39:00,65777.5,65836.1,65750.0,65800.0,152.409
2026-06-15 12:42:00,65800.0,65807.7,65781.7,65781.7,85.176
2026-06-15 12:45:00,65781.7,65858.1,65781.6,65841.0,158.466
2026-06-15 12:48:00,65840.9,65885.0,65823.2,65835.2,116.225
2026-06-15 12:51:00,65835.1,65880.6,65831.8,65875.1,137.735
2026-06-15 12:54:00,65875.0,65978.1,65875.0,65919.8,584.654
2026-06-15 12:57:00,65919.9,65958.8,65888.9,65924.2,298.254
2026-06-15 13:00:00,65924.3,65924.3,65752.3,65752.4,491.094
2026-06-15 13:03:00,65752.3,65758.7,65712.0,65739.0,358.413
2026-06-15 13:06:00,65739.1,65740.1,65697.2,65708.7,227.626
2026-06-15 13:09:00,65708.8,65720.0,65705.0,65705.1,168.977
2026-06-15 13:12:00,65705.1,65729.1,65692.0,65711.5,386.004
2026-06-15 13:15:00,65711.5,65711.5,65675.0,65681.3,185.246
2026-06-15 13:18:00,65681.4,65681.4,65629.8,65638.0,203.591
2026-06-15 13:21:00,65638.0,65719.9,65637.9,65712.1,264.619
2026-06-15 13:24:00,65712.1,65752.3,65619.0,65632.3,471.726
2026-06-15 13:27:00,65632.3,65643.0,65580.0,65642.3,467.842
2026-06-15 13:30:00,65642.4,65670.1,65590.0,65670.1,367.349
2026-06-15 13:33:00,65670.1,65727.9,65666.0,65707.5,196.175
2026-06-15 13:36:00,65707.5,65712.9,65662.1,65662.1,145.302
2026-06-15 13:39:00,65662.1,65697.6,65662.1,65670.8,152.788
2026-06-15 13:42:00,65670.9,65701.0,65669.7,65701.0,92.789
2026-06-15 13:45:00,65701.0,65724.3,65680.0,65684.0,87.703
2026-06-15 13:48:00,65684.0,65691.0,65607.0,65615.1,248.189
2026-06-15 13:51:00,65615.2,65628.2,65589.3,65602.1,115.971
2026-06-15 13:54:00,65602.1,65653.0,65580.3,65653.0,193.666
2026-06-15 13:57:00,65653.0,65664.2,65599.9,65643.3,242.426
2026-06-15 14:00:00,65643.3,65666.0,65625.7,65653.4,127.856
2026-06-15 14:03:00,65653.3,65697.8,65653.3,65685.8,74.75
2026-06-15 14:06:00,65685.8,65692.8,65678.6,65685.1,65.894
2026-06-15 14:09:00,65685.0,65694.3,65660.3,65688.1,81.101
2026-06-15 14:12:00,65688.0,65762.0,65688.0,65734.9,134.044
2026-06-15 14:15:00,65734.9,65768.1,65726.7,65745.0,132.042
2026-06-15 14:18:00,65744.9,65745.0,65701.2,65701.3,181.784
2026-06-15 14:21:00,65701.3,65708.6,65623.9,65645.1,161.748
2026-06-15 14:24:00,65645.1,65685.3,65594.1,65644.5,945.072
2026-06-15 14:27:00,65644.4,65656.9,65619.8,65619.9,165.551
2026-06-15 14:30:00,65620.0,65650.2,65619.9,65649.9,177.847
2026-06-15 14:33:00,65649.9,65650.0,65625.1,65642.4,89.296
2026-06-15 14:36:00,65642.4,65680.0,65642.4,65668.9,146.281
2026-06-15 14:39:00,65668.8,65668.9,65627.9,65646.0,118.33
2026-06-15 14:42:00,65646.0,65650.0,65638.1,65645.1,43.486
2026-06-15 14:45:00,65645.1,65739.3,65635.8,65729.9,175.778
2026-06-15 14:48:00,65729.9,65740.1,65670.2,65670.3,140.676
2026-06-15 14:51:00,65670.2,65687.0,65644.4,65644.4,83.79
2026-06-15 14:54:00,65644.5,65664.1,65618.9,65653.5,116.889
2026-06-15 14:57:00,65653.5,65653.6,65612.0,65612.1,119.414
2026-06-15 15:00:00,65612.1,65618.8,65590.1,65594.1,129.529
2026-06-15 15:03:00,65594.1,65594.2,65515.5,65542.8,408.046
2026-06-15 15:06:00,65542.8,65542.9,65485.8,65490.6,267.064
2026-06-15 15:09:00,65490.5,65554.8,65469.0,65544.0,246.478
2026-06-15 15:12:00,65544.0,65578.3,65520.8,65540.7,199.881
2026-06-15 15:15:00,65540.7,65540.7,65489.7,65504.2,184.672
2026-06-15 15:18:00,65504.2,65553.5,65478.8,65545.2,238.1
2026-06-15 15:21:00,65545.3,65552.0,65532.2,65533.3,94.847
2026-06-15 15:24:00,65533.4,65557.5,65521.6,65557.5,132.595
2026-06-15 15:27:00,65557.5,65590.3,65551.6,65559.9,213.394
2026-06-15 15:30:00,65559.8,65590.5,65545.2,65590.5,95.159
2026-06-15 15:33:00,65590.5,65679.4,65587.4,65657.3,219.591
2026-06-15 15:36:00,65657.4,65666.8,65636.3,65645.4,98.336
2026-06-15 15:39:00,65645.4,65698.5,65645.3,65687.9,182.032
2026-06-15 15:42:00,65687.9,65724.0,65687.9,65700.2,176.379
2026-06-15 15:45:00,65700.3,65700.3,65674.9,65682.9,80.246
2026-06-15 15:48:00,65682.9,65683.7,65663.4,65670.3,68.172
2026-06-15 15:51:00,65670.4,65695.9,65670.3,65692.3,71.631
2026-06-15 15:54:00,65692.2,65721.4,65691.2,65710.5,106.436
2026-06-15 15:57:00,65710.5,65710.5,65666.0,65678.3,95.689
2026-06-15 16:00:00,65678.3,65685.0,65668.5,65685.0,51.658
2026-06-15 16:03:00,65685.0,65690.0,65679.6,65690.0,49.641
2026-06-15 16:06:00,65690.0,65709.5,65685.4,65685.4,77.778
2026-06-15 16:09:00,65685.4,65711.5,65666.9,65705.6,109.62
2026-06-15 16:12:00,65705.6,65722.6,65701.4,65722.6,74.391
2026-06-15 16:15:00,65722.6,65740.0,65715.9,65740.0,100.742
2026-06-15 16:18:00,65739.9,65743.5,65682.2,65705.6,491.166
2026-06-15 16:21:00,65705.7,65724.4,65695.5,65724.4,78.777
2026-06-15 16:24:00,65724.4,65934.3,65717.8,65846.1,5079.542
2026-06-15 16:27:00,65846.0,65897.0,65802.9,65884.7,588.253
2026-06-15 16:30:00,65884.7,65936.0,65807.3,65853.0,964.914
2026-06-15 16:33:00,65853.1,65920.0,65833.0,65900.3,258.345
2026-06-15 16:36:00,65900.3,65966.0,65870.7,65936.9,790.241
2026-06-15 16:39:00,65936.9,65988.0,65915.0,65943.9,476.638
2026-06-15 16:42:00,65943.9,65960.0,65899.9,65899.9,282.761
2026-06-15 16:45:00,65900.0,65986.8,65894.7,65980.5,499.304
2026-06-15 16:48:00,65980.6,66280.0,65977.1,66170.1,3755.309
2026-06-15 16:51:00,66170.1,66298.1,66143.0,66261.8,1066.211
2026-06-15 16:54:00,66261.9,66346.2,66252.1,66276.0,3062.556
2026-06-15 16:57:00,66275.9,66293.3,66169.9,66222.0,1037.865
2026-06-15 17:00:00,66222.0,66269.9,66112.7,66137.8,786.481
2026-06-15 17:03:00,66137.8,66230.0,66134.8,66159.9,482.816
2026-06-15 17:06:00,66159.9,66176.0,66088.0,66147.0,364.491
2026-06-15 17:09:00,66146.9,66184.3,66144.5,66165.3,347.779
2026-06-15 17:12:00,66165.3,66188.0,66114.1,66118.5,205.527
2026-06-15 17:15:00,66118.4,66160.0,66083.2,66132.6,361.266
2026-06-15 17:18:00,66132.6,66174.0,66116.2,66171.0,241.109
2026-06-15 17:21:00,66170.9,66217.0,66142.8,66182.2,206.559
2026-06-15 17:24:00,66182.2,66207.5,66153.5,66199.9,144.486
2026-06-15 17:27:00,66199.8,66200.0,66160.8,66192.0,117.743
2026-06-15 17:30:00,66192.0,66218.9,66134.6,66142.3,284.298
2026-06-15 17:33:00,66142.2,66170.0,66056.4,66115.2,365.928
2026-06-15 17:36:00,66115.3,66200.0,66115.3,66144.4,260.22
2026-06-15 17:39:00,66144.5,66283.0,66144.4,66243.8,811.39
2026-06-15 17:42:00,66243.9,66266.1,66226.0,66249.1,292.04
2026-06-15 17:45:00,66249.1,66276.5,66143.2,66184.3,398.196
2026-06-15 17:48:00,66184.0,66300.0,66151.9,66168.9,737.083
2026-06-15 17:51:00,66168.8,66235.8,66160.7,66230.1,126.64
2026-06-15 17:54:00,66230.0,66262.9,66226.6,66244.4,157.503
2026-06-15 17:57:00,66244.4,66252.2,66191.2,66243.3,216.201
2026-06-15 18:00:00,66243.3,66280.0,66151.5,66190.3,601.711
2026-06-15 18:03:00,66190.3,66256.4,66190.2,66228.2,914.207
2026-06-15 18:06:00,66228.2,66293.8,66228.1,66273.0,430.918
2026-06-15 18:09:00,66273.0,66374.3,66267.0,66325.2,1892.058
2026-06-15 18:12:00,66325.1,66441.0,66325.1,66441.0,1045.971
2026-06-15 18:15:00,66440.9,66500.0,66381.3,66432.1,1295.725
2026-06-15 18:18:00,66432.1,66543.2,66428.7,66520.1,935.376
2026-06-15 18:21:00,66520.1,66535.6,66487.4,66518.2,506.171
2026-06-15 18:24:00,66518.3,66570.0,66509.0,66523.7,551.576
2026-06-15 18:27:00,66523.6,66542.9,66500.8,66528.5,351.189
2026-06-15 18:30:00,66528.5,66596.2,66435.2,66456.5,1061.572
2026-06-15 18:33:00,66456.5,66529.7,66447.4,66522.6,358.419
2026-06-15 18:36:00,66522.6,66665.8,66511.2,66653.3,1451.096
2026-06-15 18:39:00,66653.4,66656.8,66518.3,66564.6,756.477
2026-06-15 18:42:00,66564.5,66627.0,66557.6,66579.8,1022.455
2026-06-15 18:45:00,66579.9,66762.1,66557.6,66704.5,1940.289
2026-06-15 18:48:00,66704.5,66840.0,66695.2,66828.8,1846.074
2026-06-15 18:51:00,66828.9,66850.0,66735.1,66835.2,986.617
2026-06-15 18:54:00,66835.2,66915.2,66794.3,66805.1,1456.477
2026-06-15 18:57:00,66805.0,66851.0,66780.6,66801.8,758.883
2026-06-15 19:00:00,66801.7,66840.8,66655.0,66832.6,1539.211
2026-06-15 19:03:00,66832.6,66853.8,66731.3,66776.6,607.972
2026-06-15 19:06:00,66776.5,66803.0,66680.4,66722.9,555.351
2026-06-15 19:09:00,66722.9,66731.7,66408.4,66494.1,2814.953
2026-06-15 19:12:00,66494.0,66547.3,66435.6,66541.3,724.093
2026-06-15 19:15:00,66541.4,66563.5,66460.0,66487.2,573.031
2026-06-15 19:18:00,66487.2,66622.8,66476.8,66610.2,471.656
2026-06-15 19:21:00,66610.1,66621.4,66491.8,66495.0,376.154
2026-06-15 19:24:00,66495.0,66495.0,66376.1,66420.3,813.517
2026-06-15 19:27:00,66420.3,66466.2,66375.1,66410.8,431.514
2026-06-15 19:30:00,66410.8,66420.0,66265.0,66286.6,1306.469
2026-06-15 19:33:00,66286.5,66409.2,66265.0,66399.1,737.143
2026-06-15 19:36:00,66399.1,66433.2,66311.7,66342.6,854.614
2026-06-15 19:39:00,66342.7,66358.8,66266.3,66354.6,421.899
2026-06-15 19:42:00,66354.9,66425.0,66340.3,66416.4,411.285
2026-06-15 19:45:00,66416.4,66496.0,66401.8,66485.2,413.632
2026-06-15 19:48:00,66485.2,66535.6,66442.2,66455.2,536.764
2026-06-15 19:51:00,66455.2,66493.1,66401.2,66442.6,230.42
2026-06-15 19:54:00,66442.5,66485.2,66367.7,66479.1,363.683
2026-06-15 19:57:00,66479.1,66530.0,66464.1,66530.0,210.106
2026-06-15 20:00:00,66530.0,66530.0,66458.6,66484.1,241.771
2026-06-15 20:03:00,66484.1,66524.3,66465.1,66496.1,193.623
2026-06-15 20:06:00,66496.1,66496.1,66388.9,66451.7,225.756
2026-06-15 20:09:00,66451.6,66509.2,66427.0,66495.5,285.494
2026-06-15 20:12:00,66495.4,66517.8,66472.9,66500.0,187.419
2026-06-15 20:15:00,66500.0,66634.2,66500.0,66625.7,443.29
2026-06-15 20:18:00,66625.8,66644.4,66560.7,66593.8,495.923
2026-06-15 20:21:00,66593.8,66615.0,66571.3,66590.1,110.914
2026-06-15 20:24:00,66590.1,66629.9,66584.9,66624.1,205.837
2026-06-15 20:27:00,66624.0,66646.8,66552.0,66552.3,376.795
2026-06-15 20:30:00,66552.4,66661.3,66541.5,66600.4,353.617
2026-06-15 20:33:00,66600.4,66647.7,66578.2,66620.0,144.928
2026-06-15 20:36:00,66620.0,66635.3,66580.6,66631.0,219.952
2026-06-15 20:39:00,66631.1,66642.8,66574.1,66595.6,172.468
2026-06-15 20:42:00,66595.5,66611.4,66563.2,66587.4,188.623
2026-06-15 20:45:00,66587.5,66610.3,66547.9,66610.3,164.992
2026-06-15 20:48:00,66610.3,66697.5,66609.9,66676.3,380.213
2026-06-15 20:51:00,66676.3,66681.9,66609.5,66635.4,313.162
2026-06-15 20:54:00,66635.4,66660.0,66620.3,66660.0,109.661
2026-06-15 20:57:00,66660.0,66666.0,66614.8,66617.1,116.018
2026-06-15 21:00:00,66617.1,66696.1,66574.0,66611.3,443.584
2026-06-15 21:03:00,66611.3,66649.7,66573.4,66649.7,260.457
2026-06-15 21:06:00,66649.6,66821.7,66649.6,66814.6,683.752
2026-06-15 21:09:00,66814.7,66840.8,66755.8,66812.5,613.095
2026-06-15 21:12:00,66812.5,66880.0,66800.0,66871.7,610.737
2026-06-15 21:15:00,66871.6,67199.0,66871.6,67152.7,3692.327
2026-06-15 21:18:00,67152.7,67191.8,67088.0,67124.0,1365.836
2026-06-15 21:21:00,67124.0,67224.6,67101.6,67219.7,1291.594
2026-06-15 21:24:00,67219.7,67255.4,67130.8,67149.2,1374.709
2026-06-15 21:27:00,67149.1,67255.0,67149.1,67248.5,862.538
2026-06-15 21:30:00,67248.5,67248.6,67088.6,67104.0,993.463
2026-06-15 21:33:00,67104.0,67149.9,67093.5,67129.5,548.585
2026-06-15 21:36:00,67129.5,67140.0,67059.7,67091.8,356.064
2026-06-15 21:39:00,67091.9,67250.0,67079.4,67170.0,531.373
2026-06-15 21:42:00,67170.0,67254.5,67160.0,67210.8,596.644
2026-06-15 21:45:00,67210.7,67228.0,67082.9,67083.0,563.633
2026-06-15 21:48:00,67083.1,67120.4,67051.1,67075.1,531.232
2026-06-15 21:51:00,67075.1,67168.0,67060.0,67131.6,241.283
2026-06-15 21:54:00,67131.6,67195.3,67131.5,67166.5,314.918
2026-06-15 21:57:00,67166.6,67174.0,67100.7,67149.4,277.741
2026-06-15 22:00:00,67149.5,67226.6,67149.4,67186.4,305.193
2026-06-15 22:03:00,67186.4,67200.0,67142.9,67192.2,167.112
2026-06-15 22:06:00,67192.2,67237.3,67127.2,67150.6,368.594
2026-06-15 22:09:00,67150.5,67180.0,67110.7,67166.9,243.4
2026-06-15 22:12:00,67166.8,67219.9,67101.0,67129.2,369.471
2026-06-15 22:15:00,67129.3,67179.5,67088.8,67088.9,357.089
2026-06-15 22:18:00,67088.8,67096.8,67055.0,67096.8,252.265
2026-06-15 22:21:00,67096.7,67110.1,67068.8,67093.3,200.664
2026-06-15 22:24:00,67093.2,67166.6,67090.1,67146.4,219.375
2026-06-15 22:27:00,67146.3,67174.0,67119.6,67122.3,140.753
2026-06-15 22:30:00,67122.3,67122.4,67000.1,67000.1,645.261
2026-06-15 22:33:00,67000.2,67000.2,66801.3,66897.6,2174.902
2026-06-15 22:36:00,66897.5,66897.6,66792.5,66837.7,545.099
2026-06-15 22:39:00,66837.8,66859.7,66713.2,66785.4,738.969
2026-06-15 22:42:00,66785.4,66881.2,66785.3,66869.8,441.882
2026-06-15 22:45:00,66869.7,66952.8,66827.0,66937.6,301.614
2026-06-15 22:48:00,66937.6,66937.6,66757.0,66766.0,350.223
2026-06-15 22:51:00,66766.1,66803.7,66736.5,66781.4,249.705
2026-06-15 22:54:00,66781.5,66842.3,66781.4,66834.6,206.717
2026-06-15 22:57:00,66834.6,66866.6,66774.8,66782.9,197.056
2026-06-15 23:00:00,66782.8,66815.1,66685.0,66686.8,408.531
2026-06-15 23:03:00,66686.9,66750.0,66635.1,66749.9,524.481
2026-06-15 23:06:00,66749.9,66844.6,66749.8,66829.0,235.661
2026-06-15 23:09:00,66829.1,66852.4,66792.0,66809.9,156.702
2026-06-15 23:12:00,66810.0,66899.9,66809.7,66850.1,174.639
2026-06-15 23:15:00,66850.1,66886.2,66816.6,66862.3,164.652
2026-06-15 23:18:00,66862.3,66911.3,66845.8,66867.1,170.727
2026-06-15 23:21:00,66867.1,66917.0,66823.3,66877.0,204.726
2026-06-15 23:24:00,66877.1,66909.0,66817.0,66838.3,165.983
2026-06-15 23:27:00,66838.4,66840.0,66800.2,66820.7,136.377
2026-06-15 23:30:00,66820.7,66830.0,66756.5,66806.8,162.181
2026-06-15 23:33:00,66806.8,66842.0,66756.0,66792.4,131.395
2026-06-15 23:36:00,66792.4,66843.2,66792.4,66802.6,88.626
2026-06-15 23:39:00,66802.6,66900.0,66681.2,66693.2,838.897
2026-06-15 23:42:00,66693.2,66777.7,66678.5,66777.7,174.195
2026-06-15 23:45:00,66777.7,66840.8,66765.8,66822.7,167.171
2026-06-15 23:48:00,66822.7,66822.7,66771.8,66806.9,68.905
2026-06-15 23:51:00,66806.9,66856.3,66780.0,66832.5,97.055
2026-06-15 23:54:00,66832.6,66856.9,66774.0,66808.4,165.741
2026-06-15 23:57:00,66808.4,66830.3,66790.0,66791.2,78.097
2026-06-16 00:00:00,66791.2,66820.0,66710.0,66819.9,462.214
2026-06-16 00:03:00,66820.0,66844.7,66777.2,66787.6,95.776
2026-06-16 00:06:00,66787.5,66824.8,66762.6,66823.0,89.581
2026-06-16 00:09:00,66823.0,66823.0,66773.1,66773.1,74.052
2026-06-16 00:12:00,66773.1,66791.1,66750.0,66765.4,112.29
2026-06-16 00:15:00,66765.5,66818.8,66765.4,66815.2,147.979
2026-06-16 00:18:00,66815.1,66888.0,66811.3,66854.8,178.868
2026-06-16 00:21:00,66854.8,66854.9,66768.5,66803.8,124.409
2026-06-16 00:24:00,66803.9,66850.0,66777.1,66797.8,104.584
2026-06-16 00:27:00,66797.8,66801.0,66720.0,66726.1,195.435
2026-06-16 00:30:00,66726.1,66800.0,66687.4,66800.0,137.13
2026-06-16 00:33:00,66799.9,66828.3,66777.7,66828.2,108.788
2026-06-16 00:36:00,66828.2,66835.5,66803.0,66825.9,90.358
2026-06-16 00:39:00,66825.8,66856.1,66812.4,66850.1,102.386
2026-06-16 00:42:00,66850.0,66850.1,66807.0,66822.1,116.774
2026-06-16 00:45:00,66822.1,66851.6,66805.0,66805.1,73.283
2026-06-16 00:48:00,66805.1,66805.1,66302.4,66473.1,2036.21
2026-06-16 00:51:00,66473.2,66548.0,66393.1,66547.3,412.259
2026-06-16 00:54:00,66547.4,66621.9,66515.7,66612.3,337.002
2026-06-16 00:57:00,66612.2,66622.0,66480.1,66495.0,313.435
2026-06-16 01:00:00,66495.0,66636.9,66493.3,66636.8,318.19
2026-06-16 01:03:00,66636.8,66669.9,66613.6,66648.0,238.583
2026-06-16 01:06:00,66648.1,66655.6,66571.9,66619.2,238.799
2026-06-16 01:09:00,66619.1,66675.0,66619.1,66632.4,161.889
2026-06-16 01:12:00,66632.3,66691.7,66621.4,66690.5,160.649
2026-06-16 01:15:00,66690.5,66719.7,66576.9,66577.0,336.306
2026-06-16 01:18:00,66577.0,66602.2,66539.4,66570.3,245.224
2026-06-16 01:21:00,66570.3,66623.0,66534.3,66603.5,175.816
2026-06-16 01:24:00,66603.5,66626.7,66579.1,66579.1,137.745
2026-06-16 01:27:00,66579.1,66596.2,66453.3,66579.2,431.746
2026-06-16 01:30:00,66579.1,66605.2,66456.8,66588.5,309.786
2026-06-16 01:33:00,66588.6,66603.5,66520.0,66525.6,173.743
2026-06-16 01:36:00,66525.6,66594.8,66521.0,66558.8,118.36
2026-06-16 01:39:00,66558.9,66564.6,66533.4,66542.5,78.448
2026-06-16 01:42:00,66542.3,66566.5,66515.6,66530.7,132.986
2026-06-16 01:45:00,66530.7,66532.7,66482.3,66506.5,134.873
2026-06-16 01:48:00,66506.6,66521.0,66484.0,66520.9,91.654
2026-06-16 01:51:00,66520.9,66570.0,66505.6,66528.3,57.344
2026-06-16 01:54:00,66528.3,66558.0,66515.4,66554.0,91.275
2026-06-16 01:57:00,66554.1,66567.9,66520.2,66544.0,59.762
2026-06-16 02:00:00,66544.0,66614.2,66544.0,66558.1,105.767
2026-06-16 02:03:00,66558.1,66658.2,66558.1,66622.3,193.21
2026-06-16 02:06:00,66622.3,66630.6,66594.1,66624.6,53.018
2026-06-16 02:09:00,66624.5,66639.6,66609.8,66620.1,58.013
2026-06-16 02:12:00,66620.1,66625.2,66551.8,66551.8,76.024
2026-06-16 02:15:00,66551.8,66551.8,66445.0,66526.6,213.428
2026-06-16 02:18:00,66526.5,66539.2,66473.4,66483.9,85.614
2026-06-16 02:21:00,66483.8,66530.5,66480.0,66513.7,68.639
2026-06-16 02:24:00,66513.7,66517.2,66473.4,66491.4,47.189
2026-06-16 02:27:00,66491.5,66499.5,66462.0,66489.6,95.538
2026-06-16 02:30:00,66489.6,66499.5,66461.9,66491.1,126.37
2026-06-16 02:33:00,66491.2,66491.2,66459.8,66482.4,88.897
2026-06-16 02:36:00,66482.4,66496.5,66391.2,66397.6,226.585
2026-06-16 02:39:00,66397.7,66493.5,66397.6,66493.5,134.701
2026-06-16 02:42:00,66493.6,66498.7,66429.5,66490.1,112.032
2026-06-16 02:45:00,66490.1,66495.9,66486.2,66486.3,53.049
2026-06-16 02:48:00,66486.2,66518.8,66486.2,66518.8,70.17
2026-06-16 02:51:00,66518.8,66534.6,66497.2,66507.4,86.437
2026-06-16 02:54:00,66507.4,66534.8,66434.0,66434.1,111.1
2026-06-16 02:57:00,66434.1,66467.3,66356.9,66379.4,342.199
2026-06-16 03:00:00,66379.3,66423.9,66284.8,66419.2,677.952
2026-06-16 03:03:00,66419.2,66444.0,66387.8,66430.0,179.429
2026-06-16 03:06:00,66430.0,66444.0,66412.9,66436.3,53.136
2026-06-16 03:09:00,66436.4,66436.4,66392.6,66412.5,100.909
2026-06-16 03:12:00,66412.6,66430.0,66376.1,66402.4,72.209
2026-06-16 03:15:00,66402.3,66415.0,66350.9,66351.8,94.606
2026-06-16 03:18:00,66351.8,66398.0,66351.7,66394.6,81.492
2026-06-16 03:21:00,66394.7,66416.9,66388.0,66388.1,146.437
2026-06-16 03:24:00,66388.1,66388.1,66330.0,66345.5,113.536
2026-06-16 03:27:00,66346.0,66361.8,66326.5,66337.1,74.028
2026-06-16 03:30:00,66337.1,66410.6,66337.1,66410.6,98.404
2026-06-16 03:33:00,66410.5,66435.9,66399.0,66419.9,60.189
2026-06-16 03:36:00,66419.9,66439.2,66404.2,66426.8,49.273
2026-06-16 03:39:00,66426.7,66446.2,66408.2,66431.4,80.756
2026-06-16 03:42:00,66431.3,66431.3,66321.0,66326.1,251.619
2026-06-16 03:45:00,66326.1,66382.8,66316.8,66363.5,128.935
2026-06-16 03:48:00,66363.4,66363.4,66326.2,66333.9,68.692
2026-06-16 03:51:00,66333.8,66364.8,66215.0,66242.8,497.266
2026-06-16 03:54:00,66242.8,66250.0,66067.2,66089.0,1106.852
2026-06-16 03:57:00,66089.0,66213.9,66065.1,66131.1,396.01
2026-06-16 04:00:00,66131.1,66154.9,66068.7,66094.3,505.375
2026-06-16 04:03:00,66094.3,66281.8,66094.3,66262.0,383.494
2026-06-16 04:06:00,66262.1,66309.4,66212.7,66280.9,166.756
2026-06-16 04:09:00,66280.9,66346.0,66259.8,66259.9,153.503
2026-06-16 04:12:00,66259.9,66279.9,66230.5,66263.6,120.538
2026-06-16 04:15:00,66263.5,66301.5,66170.6,66200.0,289.357
2026-06-16 04:18:00,66200.1,66297.9,66166.9,66244.4,783.123
2026-06-16 04:21:00,66244.4,66266.1,66190.9,66190.9,141.054
2026-06-16 04:24:00,66191.0,66211.7,66168.5,66197.8,140.159
2026-06-16 04:27:00,66197.8,66239.1,66166.9,66170.0,123.774
2026-06-16 04:30:00,66170.0,66200.0,66150.0,66166.4,121.556
2026-06-16 04:33:00,66166.4,66249.4,66152.3,66249.3,141.628
2026-06-16 04:36:00,66249.4,66258.0,66161.2,66216.9,131.234
2026-06-16 04:39:00,66216.9,66255.3,66208.2,66239.0,91.582
2026-06-16 04:42:00,66239.1,66244.5,66208.0,66236.0,77.531
2026-06-16 04:45:00,66236.1,66267.7,66175.0,66221.4,116.961
2026-06-16 04:48:00,66221.4,66221.4,66141.7,66158.9,163.939
2026-06-16 04:51:00,66159.0,66178.1,66114.1,66141.9,171.078
2026-06-16 04:54:00,66141.9,66188.0,66118.1,66171.1,84.69
2026-06-16 04:57:00,66171.1,66258.1,66160.0,66199.4,140.41
2026-06-16 05:00:00,66199.4,66208.0,66140.2,66182.8,155.835
2026-06-16 05:03:00,66182.9,66214.0,66150.0,66150.0,110.538
2026-06-16 05:06:00,66150.0,66198.4,66086.6,66192.0,216.623
2026-06-16 05:09:00,66192.0,66211.4,66152.0,66174.9,97.594
2026-06-16 05:12:00,66174.9,66246.3,66173.1,66243.9,113.667
2026-06-16 05:15:00,66244.0,66276.0,66210.0,66251.4,174.397
2026-06-16 05:18:00,66251.4,66312.4,66235.0,66305.0,168.0
2026-06-16 05:21:00,66305.0,66320.0,66283.1,66315.9,161.938
2026-06-16 05:24:00,66315.9,66335.5,66300.0,66320.0,185.991
2026-06-16 05:27:00,66320.0,66320.1,66285.8,66285.9,150.519
2026-06-16 05:30:00,66285.9,66292.0,66235.0,66247.1,201.878
2026-06-16 05:33:00,66247.0,66287.6,66236.8,66280.1,157.89
2026-06-16 05:36:00,66280.1,66342.8,66280.1,66327.7,211.937
2026-06-16 05:39:00,66327.6,66371.4,66327.6,66353.7,210.186
2026-06-16 05:42:00,66353.7,66359.0,66345.4,66350.9,124.711
2026-06-16 05:45:00,66350.9,66383.4,66332.3,66332.7,201.402
2026-06-16 05:48:00,66332.6,66357.6,66321.8,66321.8,131.92
2026-06-16 05:51:00,66321.9,66321.9,66250.3,66260.9,203.615
2026-06-16 05:54:00,66260.9,66262.9,66197.2,66262.7,228.427
2026-06-16 05:57:00,66262.7,66281.2,66199.4,66210.9,134.698
2026-06-16 06:00:00,66210.8,66330.0,66204.0,66330.0,149.246
2026-06-16 06:03:00,66330.0,66333.1,66250.0,66312.7,92.81
2026-06-16 06:06:00,66312.5,66357.4,66285.9,66355.9,122.834
2026-06-16 06:09:00,66355.8,66424.4,66331.9,66420.0,343.75
2026-06-16 06:12:00,66420.0,66426.9,66374.7,66374.8,192.057
2026-06-16 06:15:00,66374.8,66400.0,66352.4,66388.0,127.059
2026-06-16 06:18:00,66388.1,66388.1,66251.9,66252.0,178.773
2026-06-16 06:21:00,66252.1,66314.4,66250.0,66304.9,116.133
2026-06-16 06:24:00,66305.0,66305.0,66217.0,66217.6,111.933
2026-06-16 06:27:00,66217.6,66245.9,66201.1,66216.9,190.26
2026-06-16 06:30:00,66216.8,66269.6,66206.6,66249.6,135.617
2026-06-16 06:33:00,66249.6,66299.9,66246.1,66289.5,94.305
2026-06-16 06:36:00,66289.6,66331.9,66241.3,66287.0,309.315
2026-06-16 06:39:00,66287.0,66293.7,66251.4,66269.1,86.306
2026-06-16 06:42:00,66269.1,66288.8,66237.4,66247.1,104.9
2026-06-16 06:45:00,66247.1,66270.1,66220.0,66247.3,111.909
2026-06-16 06:48:00,66247.4,66300.0,66227.0,66296.5,181.39
2026-06-16 06:51:00,66296.5,66317.0,66279.9,66316.9,68.315
2026-06-16 06:54:00,66317.0,66335.4,66277.9,66314.8,129.005
2026-06-16 06:57:00,66314.9,66345.9,66314.8,66335.0,69.131
2026-06-16 07:00:00,66335.0,66378.6,66328.1,66362.5,94.201
2026-06-16 07:03:00,66362.5,66367.4,66332.6,66332.6,102.298
2026-06-16 07:06:00,66332.7,66364.5,66325.9,66349.0,100.167
2026-06-16 07:09:00,66349.0,66370.0,66340.5,66356.9,62.932
2026-06-16 07:12:00,66356.8,66356.8,66313.0,66325.8,80.392
2026-06-16 07:15:00,66325.7,66359.6,66322.2,66351.8,83.838
2026-06-16 07:18:00,66351.8,66379.0,66330.0,66371.2,125.457
2026-06-16 07:21:00,66371.1,66388.8,66326.3,66326.4,131.423
2026-06-16 07:24:00,66326.4,66352.7,66293.0,66304.3,112.272
2026-06-16 07:27:00,66304.3,66324.6,66284.9,66309.9,115.728
2026-06-16 07:30:00,66309.9,66310.0,66239.0,66310.0,179.693
2026-06-16 07:33:00,66309.9,66327.0,66285.0,66294.9,123.345
2026-06-16 07:36:00,66294.8,66331.8,66275.6,66306.3,51.061
2026-06-16 07:39:00,66306.3,66306.3,66105.0,66131.8,583.487
2026-06-16 07:42:00,66131.7,66138.1,66014.2,66028.2,902.363
2026-06-16 07:45:00,66028.2,66125.7,66028.1,66080.1,315.646
2026-06-16 07:48:00,66080.1,66080.1,66010.0,66025.7,378.09
2026-06-16 07:51:00,66025.8,66044.1,66010.0,66019.1,239.779
2026-06-16 07:54:00,66019.1,66022.9,65952.6,65964.1,687.45
2026-06-16 07:57:00,65964.0,65978.1,65721.0,65735.4,1945.661
2026-06-16 08:00:00,65735.3,65889.0,65717.6,65874.0,977.148
2026-06-16 08:03:00,65873.9,65890.0,65745.4,65798.7,489.915
2026-06-16 08:06:00,65798.6,65889.6,65784.6,65868.7,297.163
2026-06-16 08:09:00,65868.7,65884.6,65836.7,65858.9,226.795
2026-06-16 08:12:00,65858.8,65858.9,65814.0,65849.6,175.509
2026-06-16 08:15:00,65849.6,65858.8,65824.5,65836.9,164.243
2026-06-16 08:18:00,65836.9,65844.8,65801.3,65801.4,137.246
2026-06-16 08:21:00,65801.4,65827.3,65769.3,65769.3,172.116
2026-06-16 08:24:00,65769.4,65788.7,65682.1,65720.0,561.044
2026-06-16 08:27:00,65720.0,65742.8,65655.0,65714.1,491.993
2026-06-16 08:30:00,65714.0,65758.0,65650.6,65757.9,378.736
2026-06-16 08:33:00,65758.0,65821.0,65746.5,65746.5,481.488
2026-06-16 08:36:00,65746.6,65779.2,65696.9,65734.4,244.836
2026-06-16 08:39:00,65734.4,65791.5,65734.3,65759.9,168.72
2026-06-16 08:42:00,65759.9,65786.9,65750.0,65779.0,147.835
2026-06-16 08:45:00,65779.0,65779.7,65710.7,65716.1,132.177
2026-06-16 08:48:00,65716.0,65752.2,65635.5,65636.1,217.686
2026-06-16 08:51:00,65636.2,65765.3,65607.1,65765.2,370.054
2026-06-16 08:54:00,65765.3,65970.0,65753.6,65970.0,852.871
2026-06-16 08:57:00,65969.9,65978.6,65927.1,65946.2,427.405
2026-06-16 09:00:00,65946.3,65985.0,65939.9,65975.6,267.728
2026-06-16 09:03:00,65975.7,66034.0,65975.6,66021.1,439.606
2026-06-16 09:06:00,66021.1,66043.0,65996.6,66022.0,237.006
2026-06-16 09:09:00,66022.0,66086.0,66021.8,66058.8,243.049
2026-06-16 09:12:00,66058.9,66099.1,66050.3,66095.3,341.144
2026-06-16 09:15:00,66095.2,66132.7,66095.2,66117.9,426.244
2026-06-16 09:18:00,66117.9,66140.0,66101.4,66101.4,287.105
2026-06-16 09:21:00,66101.3,66113.7,66059.0,66059.1,307.677
2026-06-16 09:24:00,66059.1,66090.0,66052.8,66090.0,282.568
2026-06-16 09:27:00,66090.0,66145.4,66089.9,66125.4,351.396
2026-06-16 09:30:00,66125.4,66171.8,66121.0,66164.4,226.198
2026-06-16 09:33:00,66164.4,66252.2,66164.4,66240.0,500.141
2026-06-16 09:36:00,66240.1,66240.1,66122.3,66158.1,409.134
2026-06-16 09:39:00,66158.2,66181.5,66143.7,66174.9,187.491
2026-06-16 09:42:00,66175.0,66179.5,66099.0,66117.8,190.027
2026-06-16 09:45:00,66117.8,66134.1,66085.1,66096.8,190.795
2026-06-16 09:48:00,66096.9,66105.8,66066.0,66070.3,160.39
2026-06-16 09:51:00,66070.4,66082.9,66018.0,66043.7,300.437
2026-06-16 09:54:00,66043.8,66067.4,66039.9,66049.8,78.932
2026-06-16 09:57:00,66049.7,66063.3,65943.9,65944.0,508.452
2026-06-16 10:00:00,65943.9,65944.0,65768.7,65852.1,1135.662
2026-06-16 10:03:00,65852.1,65892.3,65809.6,65827.3,292.063
2026-06-16 10:06:00,65827.3,65867.5,65804.1,65849.1,159.678
2026-06-16 10:09:00,65849.1,65876.2,65822.3,65876.2,243.525
2026-06-16 10:12:00,65876.2,65880.1,65805.0,65855.0,228.336
2026-06-16 10:15:00,65855.1,65870.5,65805.1,65863.6,123.543
2026-06-16 10:18:00,65863.5,65874.7,65820.4,65835.8,212.121
2026-06-16 10:21:00,65835.9,65843.3,65813.4,65833.6,120.292
2026-06-16 10:24:00,65833.5,65833.6,65780.0,65807.2,144.166
2026-06-16 10:27:00,65807.3,65867.8,65797.4,65811.1,143.95
2026-06-16 10:30:00,65811.1,65951.1,65811.1,65951.0,282.719
2026-06-16 10:33:00,65951.1,65968.0,65921.0,65948.3,199.246
2026-06-16 10:36:00,65948.3,65948.4,65866.8,65917.3,357.381
2026-06-16 10:39:00,65917.2,65987.8,65917.2,65964.0,239.936
2026-06-16 10:42:00,65963.9,66041.9,65958.8,65988.0,296.818
2026-06-16 10:45:00,65988.1,65995.7,65930.7,65949.4,121.79
2026-06-16 10:48:00,65949.4,66048.4,65949.4,66030.4,210.951
2026-06-16 10:51:00,66030.4,66090.9,66023.6,66054.9,187.662
2026-06-16 10:54:00,66055.0,66080.0,66029.1,66029.1,92.816
2026-06-16 10:57:00,66029.1,66047.4,66007.2,66041.1,100.489
2026-06-16 11:00:00,66041.2,66070.8,65992.3,66014.8,161.144
2026-06-16 11:03:00,66014.7,66054.7,65974.1,66035.3,239.896
2026-06-16 11:06:00,66035.3,66079.0,66021.9,66075.0,177.362
2026-06-16 11:09:00,66074.9,66091.2,66063.5,66078.5,125.864
2026-06-16 11:12:00,66078.4,66078.4,66031.6,66060.1,68.968
2026-06-16 11:15:00,66060.1,66119.9,66060.0,66060.5,169.7
2026-06-16 11:18:00,66060.4,66075.3,66023.6,66063.9,88.424
2026-06-16 11:21:00,66063.8,66100.0,66063.8,66079.0,92.595
2026-06-16 11:24:00,66079.1,66079.1,66021.9,66048.7,140.387
2026-06-16 11:27:00,66048.7,66056.3,66019.6,66028.0,161.959
2026-06-16 11:30:00,66028.1,66100.0,66025.1,66099.9,175.82
2026-06-16 11:33:00,66100.0,66133.3,66077.3,66098.6,175.219
2026-06-16 11:36:00,66098.5,66115.4,66060.0,66086.4,82.297
2026-06-16 11:39:00,66086.4,66159.6,66079.2,66147.9,123.28
2026-06-16 11:42:00,66147.8,66167.9,66141.0,66153.4,159.101
2026-06-16 11:45:00,66153.4,66179.5,66117.0,66179.3,154.225
2026-06-16 11:48:00,66179.5,66240.0,66179.5,66192.6,460.753
2026-06-16 11:51:00,66192.3,66230.6,66178.2,66224.3,99.205
2026-06-16 11:54:00,66224.3,66235.0,66188.3,66223.6,136.024
2026-06-16 11:57:00,66223.6,66324.6,66219.2,66306.6,528.364
2026-06-16 12:00:00,66306.6,66341.8,66270.0,66272.1,307.112
2026-06-16 12:03:00,66272.1,66350.0,66257.3,66328.8,288.838
2026-06-16 12:06:00,66328.9,66543.5,66320.6,66490.8,1288.732
2026-06-16 12:09:00,66490.9,66490.9,66388.0,66401.1,374.408
2026-06-16 12:12:00,66401.1,66411.8,66360.1,66361.1,199.201
2026-06-16 12:15:00,66361.1,66444.1,66353.2,66425.1,296.575
2026-06-16 12:18:00,66425.1,66480.0,66417.1,66477.0,224.881
2026-06-16 12:21:00,66476.9,66505.9,66456.0,66456.0,271.046
2026-06-16 12:24:00,66456.1,66500.0,66456.0,66492.3,123.382
2026-06-16 12:27:00,66492.3,66492.4,66402.3,66406.4,164.913
2026-06-16 12:30:00,66406.3,66424.2,66337.7,66342.0,320.118
2026-06-16 12:33:00,66342.0,66397.4,66341.6,66381.8,169.285
2026-06-16 12:36:00,66381.7,66497.0,66370.3,66478.2,142.675
2026-06-16 12:39:00,66478.3,66478.3,66415.2,66415.3,147.722
2026-06-16 12:42:00,66415.2,66415.3,66306.0,66306.0,187.268
2026-06-16 12:45:00,66306.0,66396.7,66278.3,66379.9,292.763
2026-06-16 12:48:00,66380.0,66450.7,66361.1,66361.2,1162.684
2026-06-16 12:51:00,66361.1,66376.5,66293.3,66318.7,132.449
2026-06-16 12:54:00,66318.7,66360.0,66306.2,66316.8,76.416
2026-06-16 12:57:00,66316.8,66338.7,66300.0,66301.4,98.116
2026-06-16 13:00:00,66301.4,66374.2,66280.0,66355.0,255.315
2026-06-16 13:03:00,66354.9,66367.3,66338.0,66364.2,70.663
2026-06-16 13:06:00,66364.2,66376.5,66323.1,66352.3,82.73
2026-06-16 13:09:00,66352.3,66399.0,66319.9,66320.0,151.209
2026-06-16 13:12:00,66319.9,66320.0,66284.5,66288.5,122.863
2026-06-16 13:15:00,66288.5,66320.0,66272.1,66318.1,145.474
2026-06-16 13:18:00,66318.0,66342.0,66272.2,66342.0,128.632
2026-06-16 13:21:00,66342.0,66344.9,66313.9,66325.6,125.511
2026-06-16 13:24:00,66325.5,66334.0,66314.3,66318.5,68.136
2026-06-16 13:27:00,66318.4,66350.0,66315.7,66341.7,72.572
2026-06-16 13:30:00,66341.8,66410.6,66326.2,66341.8,200.422
2026-06-16 13:33:00,66341.8,66356.1,66310.5,66352.6,165.51
2026-06-16 13:36:00,66352.6,66362.8,66315.1,66335.7,88.058
2026-06-16 13:39:00,66335.7,66435.6,66332.8,66424.7,137.543
2026-06-16 13:42:00,66424.7,66472.1,66410.1,66435.8,197.39
2026-06-16 13:45:00,66435.9,66540.0,66435.8,66539.1,354.502
2026-06-16 13:48:00,66539.1,66541.9,66358.3,66358.3,500.96
2026-06-16 13:51:00,66358.2,66410.8,66344.9,66410.7,218.363
2026-06-16 13:54:00,66410.8,66487.7,66410.8,66479.7,152.05
2026-06-16 13:57:00,66479.7,66538.6,66479.6,66518.9,206.545
2026-06-16 14:00:00,66518.9,66589.0,66511.8,66552.4,1156.22
2026-06-16 14:03:00,66552.4,66625.0,66531.5,66560.9,668.046
2026-06-16 14:06:00,66560.8,66600.0,66461.9,66468.5,356.727
2026-06-16 14:09:00,66468.5,66546.7,66468.5,66514.7,244.002
2026-06-16 14:12:00,66514.6,66585.5,66506.1,66583.4,188.043
2026-06-16 14:15:00,66583.4,66585.1,66530.1,66567.4,198.166
2026-06-16 14:18:00,66567.4,66769.2,66563.6,66764.8,946.084
2026-06-16 14:21:00,66764.8,66820.0,66725.8,66801.0,1041.829
2026-06-16 14:24:00,66801.0,66956.7,66783.5,66909.9,1415.965
2026-06-16 14:27:00,66909.9,66947.3,66843.7,66863.9,659.055
2026-06-16 14:30:00,66863.9,66884.6,66755.6,66869.4,730.673
2026-06-16 14:33:00,66869.3,66871.1,66780.1,66803.9,356.375
2026-06-16 14:36:00,66803.8,66828.2,66730.3,66744.1,320.203
2026-06-16 14:39:00,66744.2,66744.7,66708.1,66725.4,323.603
2026-06-16 14:42:00,66725.4,66741.6,66690.7,66735.7,203.95
2026-06-16 14:45:00,66735.7,66735.7,66635.2,66640.2,354.093
2026-06-16 14:48:00,66640.2,66651.8,66525.0,66567.3,451.413
2026-06-16 14:51:00,66567.3,66615.0,66567.1,66613.1,225.105
2026-06-16 14:54:00,66613.1,66645.9,66571.4,66615.2,179.532
2026-06-16 14:57:00,66615.2,66615.2,66570.0,66581.4,94.541
2026-06-16 15:00:00,66581.4,66660.0,66574.8,66617.3,155.373
2026-06-16 15:03:00,66617.3,66706.4,66586.1,66650.0,281.594
2026-06-16 15:06:00,66650.1,66650.1,66546.7,66573.2,238.992
2026-06-16 15:09:00,66573.2,66658.1,66563.3,66654.8,174.138
2026-06-16 15:12:00,66654.8,66669.8,66613.0,66669.8,149.075
2026-06-16 15:15:00,66669.8,66699.6,66555.0,66572.1,128.136
2026-06-16 15:18:00,66572.2,66572.2,66440.1,66454.0,481.225
2026-06-16 15:21:00,66453.9,66548.9,66449.0,66546.8,218.688
2026-06-16 15:24:00,66546.8,66559.8,66512.0,66522.4,72.936
2026-06-16 15:27:00,66522.4,66522.4,66461.0,66478.4,165.954
2026-06-16 15:30:00,66478.5,66506.8,66463.2,66468.8,150.073
2026-06-16 15:33:00,66468.9,66533.2,66468.8,66526.3,156.121
2026-06-16 15:36:00,66526.3,66563.1,66506.3,66535.0,122.645
2026-06-16 15:39:00,66535.1,66553.5,66496.6,66496.6,123.385
2026-06-16 15:42:00,66496.6,66509.9,66483.1,66509.9,134.821
2026-06-16 15:45:00,66509.8,66594.9,66509.8,66570.9,202.582
2026-06-16 15:48:00,66571.0,66699.0,66566.2,66699.0,560.276
2026-06-16 15:51:00,66699.0,66755.5,66637.5,66667.9,570.59
2026-06-16 15:54:00,66667.8,66674.6,66606.1,66606.1,170.482
2026-06-16 15:57:00,66606.1,66649.9,66598.9,66633.4,247.649
2026-06-16 16:00:00,66633.4,66637.5,66539.2,66609.2,194.614
2026-06-16 16:03:00,66609.1,66632.8,66587.4,66605.6,64.084
2026-06-16 16:06:00,66605.6,66623.7,66590.7,66623.3,126.701
2026-06-16 16:09:00,66623.3,66623.3,66540.4,66555.7,84.542
2026-06-16 16:12:00,66555.8,66585.4,66555.7,66579.9,124.394
2026-06-16 16:15:00,66579.9,66592.4,66525.3,66578.9,72.7
2026-06-16 16:18:00,66579.0,66579.0,66489.6,66565.9,167.846
2026-06-16 16:21:00,66566.0,66583.2,66515.3,66523.0,202.685
2026-06-16 16:24:00,66522.9,66554.4,66492.2,66506.3,135.638
2026-06-16 16:27:00,66506.4,66506.4,66451.1,66476.1,222.632
2026-06-16 16:30:00,66476.1,66552.4,66476.1,66552.3,116.743
2026-06-16 16:33:00,66552.4,66619.3,66523.9,66531.6,202.473
2026-06-16 16:36:00,66531.5,66537.0,66420.6,66442.0,242.331
2026-06-16 16:39:00,66442.1,66464.7,66402.4,66450.0,250.686
2026-06-16 16:42:00,66450.0,66493.4,66435.3,66484.0,99.368
2026-06-16 16:45:00,66484.1,66539.4,66467.9,66516.8,136.027
2026-06-16 16:48:00,66516.9,66556.8,66475.0,66548.9,100.215
2026-06-16 16:51:00,66548.9,66550.0,66428.0,66437.0,110.68
2026-06-16 16:54:00,66436.9,66440.9,66359.4,66392.8,338.193
2026-06-16 16:57:00,66392.9,66463.9,66368.4,66445.1,229.746
2026-06-16 17:00:00,66445.0,66452.6,66371.8,66390.4,193.047
2026-06-16 17:03:00,66390.4,66398.5,66338.8,66379.9,209.869
2026-06-16 17:06:00,66380.0,66380.0,66325.4,66365.0,223.539
2026-06-16 17:09:00,66365.0,66378.6,66345.0,66373.3,121.904
2026-06-16 17:12:00,66373.3,66381.2,66361.2,66376.9,93.272
2026-06-16 17:15:00,66376.9,66399.8,66346.5,66348.7,128.687
2026-06-16 17:18:00,66348.8,66402.8,66348.7,66398.4,106.231
2026-06-16 17:21:00,66398.4,66442.3,66345.2,66352.1,149.789
2026-06-16 17:24:00,66352.2,66412.3,66352.1,66400.1,74.316
2026-06-16 17:27:00,66400.1,66463.7,66400.1,66456.0,252.98
2026-06-16 17:30:00,66456.0,66463.5,66400.0,66400.1,245.89
2026-06-16 17:33:00,66400.1,66411.1,66370.0,66370.1,113.876
2026-06-16 17:36:00,66370.1,66497.0,66370.0,66460.4,307.474
2026-06-16 17:39:00,66460.4,66538.0,66458.0,66458.1,311.835
2026-06-16 17:42:00,66458.1,66536.7,66458.1,66520.0,204.464
2026-06-16 17:45:00,66519.9,66648.7,66519.9,66591.5,831.653
2026-06-16 17:48:00,66591.5,66650.0,66541.9,66609.1,441.386
2026-06-16 17:51:00,66609.2,66635.6,66527.6,66574.0,149.469
2026-06-16 17:54:00,66574.0,66588.0,66510.1,66552.5,195.923
2026-06-16 17:57:00,66552.6,66565.4,66537.7,66552.5,72.951
2026-06-16 18:00:00,66552.5,66677.3,66526.7,66632.2,425.093
2026-06-16 18:03:00,66632.2,66787.1,66628.9,66710.4,745.909
2026-06-16 18:06:00,66710.3,66710.4,66565.5,66577.5,256.122
2026-06-16 18:09:00,66577.6,66609.8,66410.0,66429.1,710.768
2026-06-16 18:12:00,66429.2,66493.0,66418.8,66460.1,268.351
2026-06-16 18:15:00,66460.0,66463.2,66408.5,66443.1,226.025
2026-06-16 18:18:00,66443.2,66472.3,66341.7,66352.9,354.978
2026-06-16 18:21:00,66352.9,66378.6,66325.2,66378.6,388.807
2026-06-16 18:24:00,66378.5,66412.5,66345.9,66382.0,156.797
2026-06-16 18:27:00,66381.9,66445.5,66381.9,66390.5,204.228
2026-06-16 18:30:00,66390.5,66435.6,66336.8,66425.2,273.418
2026-06-16 18:33:00,66425.1,66433.2,66282.2,66321.6,432.105
2026-06-16 18:36:00,66321.6,66359.3,66129.4,66131.9,1260.171
2026-06-16 18:39:00,66131.9,66183.3,65970.0,65996.8,1381.055
2026-06-16 18:42:00,65996.7,66177.0,65991.9,66173.9,550.737
2026-06-16 18:45:00,66173.8,66240.1,66150.0,66196.6,478.374
2026-06-16 18:48:00,66196.7,66233.6,66151.8,66165.7,296.909
2026-06-16 18:51:00,66165.6,66172.8,66067.1,66116.8,283.768
2026-06-16 18:54:00,66116.9,66151.3,66053.6,66082.2,282.37
2026-06-16 18:57:00,66082.2,66118.3,65988.0,65988.1,567.784
2026-06-16 19:00:00,65988.0,66137.0,65977.0,66127.8,850.276
2026-06-16 19:03:00,66127.8,66129.5,65929.7,66027.3,742.863
2026-06-16 19:06:00,66027.3,66038.0,65893.2,66038.0,795.228
2026-06-16 19:09:00,66038.0,66100.0,65988.0,66092.7,511.69
2026-06-16 19:12:00,66092.6,66131.9,66059.0,66100.0,471.9
2026-06-16 19:15:00,66099.9,66149.5,66056.3,66094.3,426.53
2026-06-16 19:18:00,66094.3,66180.0,66077.8,66078.0,489.763
2026-06-16 19:21:00,66078.1,66117.5,65961.8,66030.8,354.736
2026-06-16 19:24:00,66030.9,66098.8,65996.8,66042.3,322.742
2026-06-16 19:27:00,66042.3,66079.8,66000.0,66012.7,180.972
2026-06-16 19:30:00,66012.8,66147.9,66012.8,66147.9,352.5
2026-06-16 19:33:00,66147.9,66239.3,66115.1,66177.0,432.932
2026-06-16 19:36:00,66177.0,66217.7,66000.0,66064.9,754.61
2026-06-16 19:39:00,66064.8,66123.7,66000.3,66063.0,327.048
2026-06-16 19:42:00,66063.0,66089.0,65980.0,65999.9,308.303
2026-06-16 19:45:00,65999.9,66036.2,65820.0,65820.1,930.897
2026-06-16 19:48:00,65820.0,65857.9,65650.0,65715.4,2289.61
2026-06-16 19:51:00,65715.3,65756.6,65461.1,65499.9,1978.726
2026-06-16 19:54:00,65500.0,65710.2,65499.9,65667.2,1014.566
2026-06-16 19:57:00,65667.2,65692.6,65510.9,65524.2,639.659
2026-06-16 20:00:00,65524.2,65592.9,65360.0,65361.0,1887.451
2026-06-16 20:03:00,65360.9,65642.5,65328.8,65559.3,1510.309
2026-06-16 20:06:00,65559.2,65637.8,65536.3,65600.6,509.345
2026-06-16 20:09:00,65600.7,65720.7,65598.8,65710.2,604.438
2026-06-16 20:12:00,65710.3,65710.3,65614.6,65663.9,421.123
2026-06-16 20:15:00,65664.0,65749.9,65634.4,65650.8,446.852
2026-06-16 20:18:00,65650.8,65709.0,65600.0,65661.1,309.844
2026-06-16 20:21:00,65661.1,65720.8,65629.1,65652.9,262.449
2026-06-16 20:24:00,65653.0,65680.0,65614.1,65642.7,237.784
2026-06-16 20:27:00,65642.6,65717.4,65574.3,65630.2,370.382
2026-06-16 20:30:00,65630.2,65730.8,65580.0,65730.7,332.379
2026-06-16 20:33:00,65730.6,65775.6,65625.3,65769.7,342.958
2026-06-16 20:36:00,65769.8,65818.6,65729.4,65783.4,649.061
2026-06-16 20:39:00,65783.4,65843.7,65750.0,65807.0,640.509
2026-06-16 20:42:00,65807.0,65856.0,65754.9,65834.0,281.498
2026-06-16 20:45:00,65833.9,65885.0,65807.5,65820.3,423.192
2026-06-16 20:48:00,65820.3,65844.0,65726.0,65726.0,321.267
2026-06-16 20:51:00,65726.0,65800.2,65704.0,65756.8,876.231
2026-06-16 20:54:00,65756.8,65812.5,65700.1,65744.1,233.136
2026-06-16 20:57:00,65744.0,65798.4,65683.8,65789.6,230.346
2026-06-16 21:00:00,65789.7,65876.4,65783.5,65797.1,268.579
2026-06-16 21:03:00,65797.1,65971.6,65780.0,65971.6,505.532
2026-06-16 21:06:00,65971.6,65981.5,65853.5,65865.7,441.976
2026-06-16 21:09:00,65865.7,65865.7,65790.1,65839.0,234.944
2026-06-16 21:12:00,65838.9,65861.1,65802.0,65814.6,177.788
2026-06-16 21:15:00,65814.7,65814.7,65667.5,65761.1,459.58
2026-06-16 21:18:00,65761.1,65854.2,65698.2,65854.2,286.613
2026-06-16 21:21:00,65854.1,65946.4,65830.9,65933.1,458.624
2026-06-16 21:24:00,65933.1,65960.0,65908.9,65949.9,278.992
2026-06-16 21:27:00,65950.0,65965.0,65841.8,65841.8,216.734
2026-06-16 21:30:00,65841.8,65932.3,65836.1,65868.6,181.327
2026-06-16 21:33:00,65868.7,65908.4,65850.9,65851.0,118.232
2026-06-16 21:36:00,65850.9,65859.5,65781.1,65799.1,248.566
2026-06-16 21:39:00,65799.1,65853.8,65792.6,65844.7,147.376
2026-06-16 21:42:00,65844.7,65844.8,65738.5,65744.2,275.465
2026-06-16 21:45:00,65744.3,65780.0,65717.7,65780.0,239.814
2026-06-16 21:48:00,65780.0,65784.7,65720.0,65753.0,138.023
2026-06-16 21:51:00,65753.1,65788.6,65732.3,65788.5,127.079
2026-06-16 21:54:00,65788.5,65800.1,65717.7,65733.7,147.604
2026-06-16 21:57:00,65733.7,65764.1,65692.1,65764.1,255.892
2026-06-16 22:00:00,65764.1,65772.2,65682.5,65706.5,132.054
2026-06-16 22:03:00,65706.4,65758.3,65676.5,65757.0,129.811
2026-06-16 22:06:00,65756.9,65811.0,65700.1,65802.2,126.852
2026-06-16 22:09:00,65802.1,65846.1,65772.8,65803.0,122.692
2026-06-16 22:12:00,65803.0,65829.4,65770.1,65784.7,74.093
2026-06-16 22:15:00,65784.7,65800.4,65737.2,65748.6,79.032
2026-06-16 22:18:00,65748.6,65748.6,65690.1,65742.0,107.233
2026-06-16 22:21:00,65742.0,65748.8,65681.4,65686.5,80.376
2026-06-16 22:24:00,65686.5,65749.5,65675.2,65728.8,306.958
2026-06-16 22:27:00,65729.3,65767.0,65728.8,65730.8,250.569
2026-06-16 22:30:00,65730.9,65777.5,65726.2,65748.2,207.654
2026-06-16 22:33:00,65748.1,65784.6,65708.8,65731.0,117.361
2026-06-16 22:36:00,65731.1,65798.2,65709.6,65751.6,97.154
2026-06-16 22:39:00,65751.7,65829.7,65737.1,65799.1,115.384
2026-06-16 22:42:00,65799.1,65799.2,65761.5,65761.5,55.301
2026-06-16 22:45:00,65761.6,65820.0,65750.0,65819.9,58.262
2026-06-16 22:48:00,65820.0,65846.8,65731.3,65731.3,132.474
2026-06-16 22:51:00,65731.3,65743.6,65677.1,65736.6,119.352
2026-06-16 22:54:00,65736.6,65782.5,65720.0,65731.1,113.862
2026-06-16 22:57:00,65731.1,65752.2,65710.0,65725.4,120.82
2026-06-16 23:00:00,65725.4,65735.8,65682.1,65735.8,94.229
2026-06-16 23:03:00,65735.7,65800.0,65714.6,65748.0,116.154
2026-06-16 23:06:00,65747.9,65781.4,65705.4,65722.5,81.365
2026-06-16 23:09:00,65722.5,65737.8,65690.4,65712.6,79.579
2026-06-16 23:12:00,65712.7,65726.2,65690.0,65726.2,72.255
2026-06-16 23:15:00,65726.2,65888.0,65707.7,65857.6,276.561
2026-06-16 23:18:00,65857.5,65953.4,65825.3,65910.7,413.031
2026-06-16 23:21:00,65910.7,65991.7,65884.4,65950.3,513.502
2026-06-16 23:24:00,65950.3,65973.4,65885.0,65885.0,161.981
2026-06-16 23:27:00,65885.0,65976.6,65866.1,65946.2,421.925
2026-06-16 23:30:00,65946.2,66174.6,65921.1,66158.4,1048.046
2026-06-16 23:33:00,66158.4,66246.1,66056.0,66081.8,918.728
2026-06-16 23:36:00,66081.9,66113.3,66045.0,66075.2,236.601
2026-06-16 23:39:00,66075.2,66093.3,66055.8,66068.8,96.029
2026-06-16 23:42:00,66068.7,66129.3,66068.7,66105.1,197.031
2026-06-16 23:45:00,66105.1,66106.6,65987.0,66052.9,283.342
2026-06-16 23:48:00,66053.0,66087.2,65950.2,65953.8,208.1
2026-06-16 23:51:00,65953.8,65969.9,65902.0,65909.0,370.619
2026-06-16 23:54:00,65908.9,65922.5,65861.0,65892.7,174.473
2026-06-16 23:57:00,65892.8,65892.8,65839.0,65885.5,160.876
2026-06-17 00:00:00,65885.5,65950.0,65872.0,65902.2,182.716
2026-06-17 00:03:00,65902.2,65910.6,65850.1,65865.8,113.929
2026-06-17 00:06:00,65865.9,65870.0,65767.0,65781.9,306.865
2026-06-17 00:09:00,65781.9,65815.6,65769.0,65787.4,203.677
2026-06-17 00:12:00,65787.4,65830.6,65781.6,65817.4,111.661
2026-06-17 00:15:00,65817.3,65850.0,65808.7,65842.5,86.091
2026-06-17 00:18:00,65842.6,65911.2,65842.5,65887.5,309.349
2026-06-17 00:21:00,65887.5,65887.5,65821.1,65844.7,134.585
2026-06-17 00:24:00,65844.8,65847.5,65812.2,65819.4,105.823
2026-06-17 00:27:00,65819.3,65828.1,65792.1,65822.4,239.572
2026-06-17 00:30:00,65822.5,65822.5,65657.6,65663.7,392.825
2026-06-17 00:33:00,65663.8,65696.3,65633.1,65648.5,369.921
2026-06-17 00:36:00,65648.6,65715.4,65620.4,65715.4,330.107
2026-06-17 00:39:00,65715.4,65764.3,65623.8,65675.6,428.59
2026-06-17 00:42:00,65675.6,65689.3,65637.6,65640.4,151.297
2026-06-17 00:45:00,65640.4,65640.4,65529.0,65592.7,413.082
2026-06-17 00:48:00,65592.8,65661.0,65563.6,65661.0,274.129
2026-06-17 00:51:00,65660.9,65700.0,65660.0,65664.0,125.69
2026-06-17 00:54:00,65664.0,65700.0,65646.8,65652.6,111.16
2026-06-17 00:57:00,65652.7,65697.3,65631.7,65678.6,145.394
2026-06-17 01:00:00,65678.6,65760.0,65664.6,65689.2,335.923
2026-06-17 01:03:00,65689.3,65707.8,65637.0,65637.0,108.055
2026-06-17 01:06:00,65637.1,65648.8,65586.4,65586.6,151.68
2026-06-17 01:09:00,65586.6,65606.4,65570.0,65592.9,113.359
2026-06-17 01:12:00,65592.8,65619.6,65570.8,65616.9,104.616
2026-06-17 01:15:00,65616.9,65706.8,65616.9,65630.4,186.169
2026-06-17 01:18:00,65630.4,65648.0,65590.0,65595.9,314.436
2026-06-17 01:21:00,65596.2,65604.9,65532.1,65555.8,123.845
2026-06-17 01:24:00,65555.9,65592.1,65536.0,65550.2,435.021
2026-06-17 01:27:00,65550.2,65656.6,65541.6,65653.2,350.589
2026-06-17 01:30:00,65653.2,65653.3,65561.3,65565.5,278.438
2026-06-17 01:33:00,65565.5,65632.9,65565.5,65601.6,100.867
2026-06-17 01:36:00,65601.7,65637.0,65565.4,65600.4,179.648
2026-06-17 01:39:00,65600.4,65709.5,65595.0,65701.7,125.909
2026-06-17 01:42:00,65701.7,65737.1,65686.9,65737.1,184.343
2026-06-17 01:45:00,65737.0,65790.6,65714.8,65732.2,194.403
2026-06-17 01:48:00,65732.1,65777.3,65719.2,65770.1,95.36
2026-06-17 01:51:00,65770.1,65819.7,65766.0,65769.0,156.462
2026-06-17 01:54:00,65769.0,65769.1,65723.1,65736.5,96.241
2026-06-17 01:57:00,65736.5,65736.5,65660.0,65695.1,156.563
2026-06-17 02:00:00,65695.2,65727.2,65690.0,65727.1,56.904
2026-06-17 02:03:00,65727.1,65752.7,65693.8,65728.7,245.059
2026-06-17 02:06:00,65728.6,65785.4,65728.6,65771.5,59.708
2026-06-17 02:09:00,65771.4,65789.9,65765.8,65773.9,54.417
2026-06-17 02:12:00,65773.9,65811.0,65773.9,65808.6,224.17
2026-06-17 02:15:00,65808.5,65811.0,65791.1,65804.4,52.923
2026-06-17 02:18:00,65804.4,65815.7,65792.7,65801.0,70.535
2026-06-17 02:21:00,65801.1,65832.7,65801.1,65821.4,71.625
2026-06-17 02:24:00,65821.3,65832.7,65813.3,65818.2,52.28
2026-06-17 02:27:00,65818.2,65824.0,65807.7,65824.0,62.116
2026-06-17 02:30:00,65824.0,65847.7,65803.7,65807.6,251.057
2026-06-17 02:33:00,65807.7,65847.7,65807.6,65818.4,146.066
2026-06-17 02:36:00,65818.4,65864.3,65818.3,65845.6,78.105
2026-06-17 02:39:00,65845.6,65908.4,65831.5,65853.9,173.824
2026-06-17 02:42:00,65853.8,65893.1,65844.8,65885.3,51.932
2026-06-17 02:45:00,65885.3,65888.0,65730.2,65730.3,453.093
2026-06-17 02:48:00,65730.3,65734.9,65679.8,65715.8,224.87
2026-06-17 02:51:00,65715.9,65715.9,65703.5,65706.2,55.7
2026-06-17 02:54:00,65706.3,65723.6,65691.8,65691.9,53.186
2026-06-17 02:57:00,65691.8,65696.4,65691.8,65696.4,22.647
2026-06-17 03:00:00,65696.3,65724.1,65696.3,65712.0,58.539
2026-06-17 03:03:00,65712.0,65712.1,65672.5,65677.4,89.027
2026-06-17 03:06:00,65677.4,65677.4,65635.9,65638.3,127.324
2026-06-17 03:09:00,65638.3,65679.6,65609.8,65672.1,162.279
2026-06-17 03:12:00,65672.1,65707.8,65672.1,65702.9,64.878
2026-06-17 03:15:00,65702.8,65719.2,65676.6,65702.2,89.783
2026-06-17 03:18:00,65702.3,65750.0,65702.3,65744.7,154.433
2026-06-17 03:21:00,65744.7,65750.0,65741.7,65741.7,168.377
2026-06-17 03:24:00,65741.8,65750.0,65733.3,65749.9,99.931
2026-06-17 03:27:00,65750.0,65750.0,65732.9,65741.2,88.68
2026-06-17 03:30:00,65741.3,65744.7,65677.5,65688.6,148.92
2026-06-17 03:33:00,65688.7,65730.2,65688.6,65721.6,74.297
2026-06-17 03:36:00,65721.5,65746.5,65721.5,65746.4,74.33
2026-06-17 03:39:00,65746.5,65847.4,65730.1,65827.9,749.526
2026-06-17 03:42:00,65827.9,65851.9,65801.3,65811.1,185.955
2026-06-17 03:45:00,65811.2,65823.2,65797.2,65823.2,50.553
2026-06-17 03:48:00,65823.1,65855.0,65781.7,65781.7,88.582
2026-06-17 03:51:00,65781.7,65781.7,65721.4,65721.4,118.481
2026-06-17 03:54:00,65721.4,65721.4,65683.0,65690.9,176.238
2026-06-17 03:57:00,65691.0,65741.1,65686.5,65741.1,84.329
2026-06-17 04:00:00,65741.0,65756.6,65690.0,65690.0,98.916
2026-06-17 04:03:00,65690.0,65700.2,65666.5,65686.7,63.426
2026-06-17 04:06:00,65686.8,65712.5,65675.4,65712.5,199.638
2026-06-17 04:09:00,65712.4,65732.0,65702.0,65712.8,60.732
2026-06-17 04:12:00,65712.9,65719.7,65683.2,65691.3,44.878
2026-06-17 04:15:00,65691.2,65691.2,65644.6,65672.8,95.064
2026-06-17 04:18:00,65672.9,65679.4,65652.4,65663.6,75.244
2026-06-17 04:21:00,65663.7,65715.0,65663.6,65701.0,47.223
2026-06-17 04:24:00,65701.1,65743.8,65692.7,65730.2,68.025
2026-06-17 04:27:00,65730.3,65762.6,65722.3,65745.2,70.004
2026-06-17 04:30:00,65745.2,65805.0,65745.0,65761.4,82.621
2026-06-17 04:33:00,65761.4,65800.0,65754.8,65754.9,100.965
2026-06-17 04:36:00,65754.9,65768.2,65734.4,65765.7,44.201
2026-06-17 04:39:00,65765.7,65765.7,65693.4,65707.3,57.258
2026-06-17 04:42:00,65707.2,65738.1,65690.0,65730.4,68.913
2026-06-17 04:45:00,65730.4,65730.5,65695.6,65717.0,28.011
2026-06-17 04:48:00,65716.9,65716.9,65610.0,65618.5,131.232
2026-06-17 04:51:00,65618.4,65655.6,65612.9,65634.0,172.537
2026-06-17 04:54:00,65634.0,65692.4,65633.9,65692.4,76.377
2026-06-17 04:57:00,65692.4,65709.2,65688.4,65705.7,64.148
2026-06-17 05:00:00,65705.6,65725.0,65692.7,65725.0,22.993
2026-06-17 05:03:00,65725.0,65750.0,65707.7,65734.3,92.735
2026-06-17 05:06:00,65734.4,65741.9,65715.2,65737.4,38.273
2026-06-17 05:09:00,65737.6,65753.0,65696.0,65710.0,67.306
2026-06-17 05:12:00,65710.0,65710.0,65676.0,65687.4,52.03
2026-06-17 05:15:00,65687.3,65687.3,65651.2,65674.3,82.049
2026-06-17 05:18:00,65674.4,65679.3,65580.1,65601.1,239.695
2026-06-17 05:21:00,65601.1,65635.3,65601.1,65633.5,80.855
2026-06-17 05:24:00,65633.5,65646.8,65600.0,65608.2,132.394
2026-06-17 05:27:00,65608.1,65644.9,65590.0,65644.8,131.808
2026-06-17 05:30:00,65644.8,65707.0,65644.8,65697.1,151.533
2026-06-17 05:33:00,65697.1,65716.2,65666.0,65673.4,113.448
2026-06-17 05:36:00,65673.4,65709.1,65670.0,65706.5,51.962
2026-06-17 05:39:00,65706.5,65744.8,65702.4,65744.8,98.796
2026-06-17 05:42:00,65744.8,65779.0,65716.6,65716.7,106.77
2026-06-17 05:45:00,65716.7,65746.2,65671.8,65732.9,118.234
2026-06-17 05:48:00,65732.8,65769.6,65725.6,65735.2,164.617
2026-06-17 05:51:00,65735.2,65735.3,65672.7,65703.7,104.709
2026-06-17 05:54:00,65703.7,65721.0,65681.0,65684.4,67.576
2026-06-17 05:57:00,65684.5,65697.7,65683.5,65694.8,49.18
2026-06-17 06:00:00,65694.8,65767.8,65657.6,65767.8,111.073
2026-06-17 06:03:00,65767.8,65799.6,65730.1,65739.8,186.806
2026-06-17 06:06:00,65739.9,65800.2,65739.8,65792.7,96.424
2026-06-17 06:09:00,65792.7,65812.5,65767.5,65783.3,76.92
2026-06-17 06:12:00,65783.3,65809.7,65783.2,65794.7,48.769
2026-06-17 06:15:00,65794.7,65821.0,65782.2,65802.6,59.871
2026-06-17 06:18:00,65802.7,65813.2,65758.5,65758.5,86.941
2026-06-17 06:21:00,65758.5,65761.3,65668.3,65688.9,226.329
2026-06-17 06:24:00,65688.9,65739.0,65675.1,65722.9,57.735
2026-06-17 06:27:00,65722.9,65730.0,65673.9,65679.4,146.417
2026-06-17 06:30:00,65679.4,65785.4,65650.0,65770.3,156.985
2026-06-17 06:33:00,65770.3,65789.4,65739.2,65775.5,85.681
2026-06-17 06:36:00,65775.5,65789.9,65719.1,65789.3,84.957
2026-06-17 06:39:00,65789.3,65800.0,65725.1,65740.4,60.622
2026-06-17 06:42:00,65740.4,65765.4,65729.9,65765.3,99.763
2026-06-17 06:45:00,65765.4,65765.4,65620.0,65624.3,206.992
2026-06-17 06:48:00,65624.2,65668.4,65516.4,65570.0,941.696
2026-06-17 06:51:00,65570.0,65594.9,65427.9,65553.0,952.723
2026-06-17 06:54:00,65553.0,65590.9,65490.6,65523.6,300.377
2026-06-17 06:57:00,65523.5,65556.9,65523.5,65556.9,82.409
2026-06-17 07:00:00,65556.9,65564.0,65508.0,65541.9,157.464
2026-06-17 07:03:00,65541.8,65588.9,65539.0,65582.9,107.569
2026-06-17 07:06:00,65582.9,65620.6,65574.5,65620.5,92.033
2026-06-17 07:09:00,65620.4,65786.2,65620.4,65777.2,365.006
2026-06-17 07:12:00,65777.2,65777.2,65710.0,65729.9,148.749
2026-06-17 07:15:00,65729.9,65794.0,65729.9,65788.8,129.506
2026-06-17 07:18:00,65788.9,65878.3,65778.9,65822.1,279.628
2026-06-17 07:21:00,65822.1,65870.8,65791.6,65864.2,120.425
2026-06-17 07:24:00,65864.2,65897.8,65832.1,65878.8,176.581
2026-06-17 07:27:00,65878.8,65925.1,65878.8,65901.1,235.234
2026-06-17 07:30:00,65901.1,65910.8,65857.9,65863.4,222.135
2026-06-17 07:33:00,65863.5,65887.4,65846.0,65866.3,70.865
2026-06-17 07:36:00,65866.4,65866.4,65802.1,65838.0,146.502
2026-06-17 07:39:00,65838.0,65845.7,65801.5,65832.9,85.569
2026-06-17 07:42:00,65833.0,65870.6,65828.3,65865.1,76.229
2026-06-17 07:45:00,65865.1,65895.0,65840.0,65873.2,99.482
2026-06-17 07:48:00,65873.2,65901.3,65837.1,65895.9,99.386
2026-06-17 07:51:00,65895.9,66090.9,65893.3,66090.9,751.382
2026-06-17 07:54:00,66090.9,66092.5,65980.1,65990.0,283.188
2026-06-17 07:57:00,65990.0,66066.0,65970.0,66066.0,228.934
2026-06-17 08:00:00,66065.9,66072.9,65946.5,65965.5,243.062
2026-06-17 08:03:00,65965.5,65965.6,65850.1,65855.8,160.238
2026-06-17 08:06:00,65855.8,65873.6,65811.2,65813.8,137.873
2026-06-17 08:09:00,65813.7,65813.7,65743.0,65804.7,238.329
2026-06-17 08:12:00,65804.6,65849.5,65793.0,65825.1,115.375
2026-06-17 08:15:00,65825.0,65858.2,65801.8,65824.8,117.929
2026-06-17 08:18:00,65824.9,65877.5,65824.8,65865.1,71.414
2026-06-17 08:21:00,65865.1,65877.5,65790.8,65807.1,87.536
2026-06-17 08:24:00,65807.2,65876.0,65798.1,65867.3,171.813
2026-06-17 08:27:00,65867.3,65879.7,65851.6,65872.7,80.341
2026-06-17 08:30:00,65872.6,65872.7,65791.2,65803.3,90.325
2026-06-17 08:33:00,65803.4,65840.0,65799.0,65820.0,77.365
2026-06-17 08:36:00,65820.0,65849.0,65811.4,65840.0,44.884
2026-06-17 08:39:00,65840.0,65867.4,65770.0,65794.1,158.9
2026-06-17 08:42:00,65794.2,65820.3,65780.4,65783.1,75.42
2026-06-17 08:45:00,65783.1,65783.1,65680.0,65712.0,440.885
2026-06-17 08:48:00,65711.9,65746.4,65689.7,65725.7,130.938
2026-06-17 08:51:00,65725.8,65746.2,65681.8,65681.8,76.654
2026-06-17 08:54:00,65681.8,65735.0,65671.8,65735.0,98.487
2026-06-17 08:57:00,65735.0,65755.8,65728.0,65742.7,94.389
2026-06-17 09:00:00,65742.6,65811.6,65742.6,65784.3,104.139
2026-06-17 09:03:00,65784.2,65850.0,65781.0,65781.0,92.128
2026-06-17 09:06:00,65781.0,65791.7,65771.2,65778.2,37.426
2026-06-17 09:09:00,65778.3,65795.4,65769.6,65784.7,34.918
2026-06-17 09:12:00,65784.7,65799.6,65754.1,65765.3,35.326
2026-06-17 09:15:00,65765.4,65788.0,65729.2,65787.9,52.536
2026-06-17 09:18:00,65787.9,65806.5,65759.0,65785.3,47.437
2026-06-17 09:21:00,65785.2,65824.6,65785.2,65810.0,41.362
2026-06-17 09:24:00,65809.9,65821.0,65775.8,65782.7,95.649
2026-06-17 09:27:00,65782.8,65818.6,65762.7,65818.6,67.074
2026-06-17 09:30:00,65818.6,65839.2,65787.0,65807.3,71.061
2026-06-17 09:33:00,65807.3,65838.3,65807.3,65824.0,39.585
2026-06-17 09:36:00,65824.0,65851.6,65820.3,65830.0,44.491
2026-06-17 09:39:00,65829.9,65868.7,65816.8,65858.6,64.198
2026-06-17 09:42:00,65858.6,65860.0,65786.6,65810.7,77.802
2026-06-17 09:45:00,65810.6,65825.4,65785.9,65810.9,56.38
2026-06-17 09:48:00,65810.9,65811.0,65744.2,65798.9,74.422
2026-06-17 09:51:00,65798.9,65827.3,65776.7,65823.2,48.126
2026-06-17 09:54:00,65823.3,65861.9,65823.2,65843.7,89.484
2026-06-17 09:57:00,65843.8,65875.0,65823.5,65864.2,130.876
2026-06-17 10:00:00,65864.2,65882.5,65828.5,65882.5,117.351
2026-06-17 10:03:00,65882.4,65882.6,65843.3,65855.3,74.458
2026-06-17 10:06:00,65855.3,65877.4,65835.2,65877.4,46.37
2026-06-17 10:09:00,65877.3,65913.6,65877.3,65890.9,106.036
2026-06-17 10:12:00,65890.8,65897.3,65883.4,65887.7,57.671
2026-06-17 10:15:00,65887.8,65970.5,65884.0,65957.3,243.072
2026-06-17 10:18:00,65957.3,66019.0,65938.7,65939.6,309.438
2026-06-17 10:21:00,65939.6,65951.1,65909.9,65919.7,91.739
2026-06-17 10:24:00,65919.7,65919.8,65895.5,65895.9,75.388
2026-06-17 10:27:00,65895.8,65896.8,65852.5,65852.5,78.853
2026-06-17 10:30:00,65852.5,65877.3,65839.4,65839.4,119.272
2026-06-17 10:33:00,65839.4,65948.5,65835.4,65880.5,95.201
2026-06-17 10:36:00,65880.6,65886.3,65780.1,65806.9,121.622
2026-06-17 10:39:00,65806.9,65807.0,65752.7,65769.1,76.808
2026-06-17 10:42:00,65769.1,65792.9,65750.0,65775.0,201.682
2026-06-17 10:45:00,65775.0,65775.0,65722.4,65749.2,141.161
2026-06-17 10:48:00,65749.2,65758.5,65702.9,65728.5,184.491
2026-06-17 10:51:00,65728.6,65746.7,65720.1,65733.4,114.735
2026-06-17 10:54:00,65733.3,65805.3,65733.3,65805.3,134.442
2026-06-17 10:57:00,65805.3,65830.0,65791.3,65816.1,59.285
2026-06-17 11:00:00,65816.0,65832.5,65800.0,65820.0,75.351
2026-06-17 11:03:00,65820.0,65840.9,65785.1,65808.9,93.138
2026-06-17 11:06:00,65809.0,65832.7,65799.6,65826.2,64.644
2026-06-17 11:09:00,65826.2,65876.0,65826.1,65864.0,77.099
2026-06-17 11:12:00,65863.9,65897.3,65863.9,65879.0,63.914
2026-06-17 11:15:00,65878.9,65899.0,65850.4,65850.4,126.512
2026-06-17 11:18:00,65850.4,65850.5,65820.9,65825.0,104.817
2026-06-17 11:21:00,65825.0,65825.0,65742.0,65754.5,140.994
2026-06-17 11:24:00,65754.5,65758.0,65733.3,65746.8,60.599
2026-06-17 11:27:00,65746.8,65823.7,65746.8,65796.1,96.478
2026-06-17 11:30:00,65796.1,65805.0,65772.8,65777.6,50.029
2026-06-17 11:33:00,65777.5,65815.7,65749.5,65815.7,190.206
2026-06-17 11:36:00,65815.6,65815.6,65790.9,65807.8,43.278
2026-06-17 11:39:00,65807.8,65828.4,65787.7,65793.4,50.038
2026-06-17 11:42:00,65793.4,65830.0,65793.3,65818.6,67.821
2026-06-17 11:45:00,65818.7,65819.3,65802.6,65817.6,63.054
2026-06-17 11:48:00,65817.6,65869.8,65817.5,65839.0,134.814
2026-06-17 11:51:00,65839.1,65850.2,65819.0,65819.0,48.72
2026-06-17 11:54:00,65819.0,65824.4,65724.0,65724.1,99.746
2026-06-17 11:57:00,65724.1,65724.1,65610.0,65615.7,407.729
2026-06-17 12:00:00,65615.6,65645.3,65580.8,65588.6,530.37
2026-06-17 12:03:00,65588.7,65705.6,65588.6,65654.9,359.896
2026-06-17 12:06:00,65654.9,65677.0,65635.8,65658.0,93.243
2026-06-17 12:09:00,65658.0,65671.0,65535.0,65552.0,556.967
2026-06-17 12:12:00,65551.9,65611.2,65551.9,65606.6,152.539
2026-06-17 12:15:00,65606.6,65631.5,65567.1,65631.5,165.297
2026-06-17 12:18:00,65631.5,65644.6,65615.6,65632.0,114.258
2026-06-17 12:21:00,65632.0,65637.9,65615.0,65626.2,76.779
2026-06-17 12:24:00,65626.2,65626.2,65572.3,65581.5,142.172
2026-06-17 12:27:00,65581.4,65592.8,65573.9,65589.4,65.966
2026-06-17 12:30:00,65589.4,65594.6,65545.0,65550.0,228.687
2026-06-17 12:33:00,65550.0,65608.2,65516.4,65594.5,966.567
2026-06-17 12:36:00,65594.5,65594.5,65539.5,65572.9,317.724
2026-06-17 12:39:00,65573.0,65669.7,65570.8,65669.6,170.834
2026-06-17 12:42:00,65669.6,65671.8,65640.1,65660.9,85.316
2026-06-17 12:45:00,65660.9,65680.3,65630.0,65630.1,100.536
2026-06-17 12:48:00,65630.0,65639.0,65432.1,65462.3,586.41
2026-06-17 12:51:00,65462.3,65525.7,65455.4,65470.0,302.163
2026-06-17 12:54:00,65470.0,65522.6,65456.7,65517.3,261.091
2026-06-17 12:57:00,65517.3,65526.8,65503.3,65521.7,118.467
2026-06-17 13:00:00,65521.7,65542.1,65496.0,65496.0,368.067
2026-06-17 13:03:00,65496.1,65552.6,65496.0,65522.8,195.578
2026-06-17 13:06:00,65522.8,65539.5,65471.0,65502.6,298.297
2026-06-17 13:09:00,65502.7,65520.0,65446.9,65515.2,272.147
2026-06-17 13:12:00,65515.2,65531.4,65501.4,65501.4,160.657
2026-06-17 13:15:00,65501.5,65518.0,65452.4,65485.9,180.094
2026-06-17 13:18:00,65485.9,65485.9,65361.5,65410.0,634.228
2026-06-17 13:21:00,65410.0,65436.5,65204.0,65232.4,1385.79
2026-06-17 13:24:00,65232.4,65429.0,65200.0,65429.0,1791.731
2026-06-17 13:27:00,65429.0,65569.8,65418.5,65504.0,846.647
2026-06-17 13:30:00,65503.9,65549.8,65412.3,65454.3,481.8
2026-06-17 13:33:00,65454.3,65464.9,65426.6,65447.3,156.24
2026-06-17 13:36:00,65447.2,65462.4,65390.0,65400.0,199.152
2026-06-17 13:39:00,65400.0,65401.2,65321.5,65364.9,215.916
2026-06-17 13:42:00,65365.0,65388.9,65300.9,65304.8,183.412
2026-06-17 13:45:00,65304.8,65327.2,65242.5,65274.1,603.429
2026-06-17 13:48:00,65274.1,65274.1,65208.4,65208.4,378.981
2026-06-17 13:51:00,65208.5,65342.5,65208.4,65342.4,264.478
2026-06-17 13:54:00,65342.5,65364.3,65298.6,65344.0,163.269
2026-06-17 13:57:00,65344.0,65358.1,65291.1,65291.1,219.039
2026-06-17 14:00:00,65291.2,65291.2,65100.0,65200.1,1283.277
2026-06-17 14:03:00,65200.1,65200.2,65104.3,65106.1,422.237
2026-06-17 14:06:00,65106.0,65150.0,65030.9,65039.8,1093.083
2026-06-17 14:09:00,65039.8,65056.6,64875.0,65041.5,2840.212
2026-06-17 14:12:00,65041.5,65041.5,64877.0,64881.3,1209.227
2026-06-17 14:15:00,64881.4,64957.9,64855.0,64957.9,949.758
2026-06-17 14:18:00,64957.8,64957.9,64816.0,64900.0,1327.385
2026-06-17 14:21:00,64900.0,64922.8,64800.0,64899.9,799.815
2026-06-17 14:24:00,64900.0,64991.6,64867.2,64973.0,498.524
2026-06-17 14:27:00,64973.1,64976.6,64885.2,64889.8,331.685
2026-06-17 14:30:00,64889.9,64977.1,64872.3,64973.1,1091.792
2026-06-17 14:33:00,64973.0,65011.2,64912.0,64921.3,615.571
2026-06-17 14:36:00,64921.4,64937.2,64887.0,64900.7,364.362
2026-06-17 14:39:00,64900.6,64972.3,64897.0,64972.3,295.634
2026-06-17 14:42:00,64972.2,64974.3,64934.7,64940.5,246.031
2026-06-17 14:45:00,64940.5,64960.1,64900.0,64916.4,228.993
2026-06-17 14:48:00,64916.3,65004.7,64916.3,64958.9,347.523
2026-06-17 14:51:00,64958.8,64958.8,64890.0,64928.7,207.325
2026-06-17 14:54:00,64928.7,65045.0,64928.6,65007.2,345.816
2026-06-17 14:57:00,65007.2,65017.4,64992.0,65012.6,201.116
2026-06-17 15:00:00,65012.6,65029.1,64957.2,64957.2,264.877
2026-06-17 15:03:00,64957.2,64982.0,64905.8,64909.9,185.621
2026-06-17 15:06:00,64909.9,64959.9,64888.0,64959.9,301.722
2026-06-17 15:09:00,64959.9,64963.6,64916.6,64916.8,82.408
2026-06-17 15:12:00,64916.7,64949.9,64916.7,64917.0,172.461
2026-06-17 15:15:00,64917.0,64969.6,64903.5,64947.2,158.771
2026-06-17 15:18:00,64947.2,64976.1,64907.2,64907.2,193.512
2026-06-17 15:21:00,64907.1,64913.0,64875.8,64881.0,150.49
2026-06-17 15:24:00,64881.1,64881.1,64800.4,64822.4,363.558
2026-06-17 15:27:00,64822.4,64881.0,64822.3,64880.1,298.457
2026-06-17 15:30:00,64880.0,64964.2,64856.0,64856.2,245.967
2026-06-17 15:33:00,64856.1,64856.2,64771.1,64803.2,615.622
2026-06-17 15:36:00,64803.3,64859.9,64788.0,64797.5,310.607
2026-06-17 15:39:00,64797.4,64867.6,64797.4,64867.6,209.088
2026-06-17 15:42:00,64867.5,64876.0,64821.1,64854.8,119.146
2026-06-17 15:45:00,64854.9,64907.7,64827.0,64899.9,191.747
2026-06-17 15:48:00,64900.0,64930.0,64833.6,64893.2,159.169
2026-06-17 15:51:00,64893.3,64950.0,64893.3,64915.6,211.642
2026-06-17 15:54:00,64915.6,64927.1,64872.4,64874.2,96.815
2026-06-17 15:57:00,64874.2,64908.4,64864.1,64907.6,78.929
2026-06-17 16:00:00,64907.6,64946.3,64905.8,64936.0,129.902
2026-06-17 16:03:00,64935.9,64939.8,64890.0,64902.2,72.522
2026-06-17 16:06:00,64902.3,64907.0,64873.4,64897.6,67.772
2026-06-17 16:09:00,64897.7,64897.7,64832.4,64892.3,112.613
2026-06-17 16:12:00,64892.3,64900.0,64870.9,64886.7,67.527
2026-06-17 16:15:00,64886.5,64914.9,64845.0,64859.4,109.367
2026-06-17 16:18:00,64859.4,64875.8,64800.0,64826.4,179.54
2026-06-17 16:21:00,64826.5,64848.0,64796.1,64796.1,194.133
2026-06-17 16:24:00,64796.2,64800.1,64750.1,64754.3,320.548
2026-06-17 16:27:00,64754.2,64774.5,64733.5,64770.4,445.318
2026-06-17 16:30:00,64770.4,64825.6,64707.6,64719.1,560.906
2026-06-17 16:33:00,64719.0,64727.1,64525.0,64597.9,1795.471
2026-06-17 16:36:00,64597.9,64710.9,64597.9,64636.2,669.772
2026-06-17 16:39:00,64636.3,64665.9,64618.6,64647.6,363.71
2026-06-17 16:42:00,64647.7,64663.3,64550.1,64571.1,466.602
2026-06-17 16:45:00,64571.1,64599.0,64528.3,64540.2,467.361
2026-06-17 16:48:00,64540.3,64666.5,64532.8,64635.6,428.654
2026-06-17 16:51:00,64635.6,64694.6,64614.8,64651.2,297.729
2026-06-17 16:54:00,64651.3,64679.3,64591.1,64666.3,245.38
2026-06-17 16:57:00,64666.3,64715.9,64661.2,64668.2,295.366
2026-06-17 17:00:00,64668.2,64694.8,64635.0,64688.8,149.663
2026-06-17 17:03:00,64688.8,64717.9,64651.3,64678.9,347.951
2026-06-17 17:06:00,64679.0,64749.2,64678.9,64732.1,335.358
2026-06-17 17:09:00,64732.2,64776.0,64700.6,64765.5,401.469
2026-06-17 17:12:00,64765.5,64770.0,64722.6,64766.3,185.118
2026-06-17 17:15:00,64766.2,64830.0,64766.2,64827.2,447.629
2026-06-17 17:18:00,64827.1,64827.1,64794.9,64812.6,190.336
2026-06-17 17:21:00,64812.6,64834.9,64799.7,64820.7,217.707
2026-06-17 17:24:00,64820.6,64832.5,64807.5,64826.3,134.905
2026-06-17 17:27:00,64826.3,64826.3,64774.5,64774.5,168.158
2026-06-17 17:30:00,64774.6,64794.9,64698.5,64778.7,727.202
2026-06-17 17:33:00,64778.6,64820.0,64730.4,64819.9,176.023
2026-06-17 17:36:00,64820.0,64838.0,64800.0,64815.1,201.221
2026-06-17 17:39:00,64815.1,64844.4,64801.0,64804.2,166.089
2026-06-17 17:42:00,64804.2,64827.0,64765.4,64825.7,181.041
2026-06-17 17:45:00,64825.6,64825.7,64766.9,64767.0,109.468
2026-06-17 17:48:00,64766.9,64808.2,64704.4,64730.2,242.006
2026-06-17 17:51:00,64730.1,64739.8,64634.6,64634.7,532.848
2026-06-17 17:54:00,64634.7,64681.0,64606.7,64675.0,477.855
2026-06-17 17:57:00,64674.9,64700.0,64632.8,64654.8,222.992
2026-06-17 18:00:00,64654.8,64734.6,64550.7,64727.6,506.599
2026-06-17 18:03:00,64727.7,64788.0,64711.5,64775.9,244.333
2026-06-17 18:06:00,64776.0,64833.0,64762.5,64796.8,319.675
2026-06-17 18:09:00,64796.8,64830.4,64760.2,64780.6,212.283
2026-06-17 18:12:00,64780.6,64896.4,64771.0,64881.0,514.442
2026-06-17 18:15:00,64881.1,64974.3,64880.3,64966.5,1147.068
2026-06-17 18:18:00,64966.5,65080.3,64944.6,64951.6,1156.962
2026-06-17 18:21:00,64951.5,64970.6,64907.0,64925.2,377.635
2026-06-17 18:24:00,64925.3,64984.9,64911.1,64969.2,229.378
2026-06-17 18:27:00,64969.3,65018.4,64969.2,65005.3,234.516
2026-06-17 18:30:00,65005.2,65020.4,64960.0,64998.7,263.233
2026-06-17 18:33:00,64998.8,65000.0,64951.6,64995.6,323.085
2026-06-17 18:36:00,64995.5,65060.6,64941.4,64960.3,538.041
2026-06-17 18:39:00,64960.4,64995.0,64944.0,64995.0,160.199
2026-06-17 18:42:00,64994.9,65058.1,64989.4,65042.8,346.674
2026-06-17 18:45:00,65042.8,65042.8,64987.8,65004.5,160.874
2026-06-17 18:48:00,65004.5,65038.0,64981.0,65010.9,124.354
2026-06-17 18:51:00,65010.8,65010.8,64861.9,64894.4,895.331
2026-06-17 18:54:00,64894.3,64894.4,64829.0,64853.0,572.281
2026-06-17 18:57:00,64852.9,64899.8,64840.5,64884.6,379.042
2026-06-17 19:00:00,64884.4,65015.0,64804.1,65007.0,619.457
2026-06-17 19:03:00,65007.0,65050.0,64956.7,65050.0,428.778
2026-06-17 19:06:00,65050.0,65222.5,65010.3,65124.5,1306.552
2026-06-17 19:09:00,65124.5,65305.0,65109.5,65304.9,1333.878
2026-06-17 19:12:00,65304.9,65305.0,65162.0,65249.0,531.385
2026-06-17 19:15:00,65249.0,65333.0,65227.4,65253.3,598.494
2026-06-17 19:18:00,65253.3,65293.1,65190.0,65197.4,423.407
2026-06-17 19:21:00,65197.5,65327.5,65195.0,65252.4,369.654
2026-06-17 19:24:00,65252.5,65305.0,65224.8,65250.5,291.913
2026-06-17 19:27:00,65250.4,65276.9,65200.6,65232.9,330.687
2026-06-17 19:30:00,65232.6,65250.0,65131.3,65180.0,570.269
2026-06-17 19:33:00,65180.0,65231.0,65088.1,65129.8,398.367
2026-06-17 19:36:00,65129.8,65321.8,65129.8,65288.6,366.348
2026-06-17 19:39:00,65288.6,65288.7,65155.5,65242.4,228.576
2026-06-17 19:42:00,65242.4,65323.6,65224.7,65309.5,348.962
2026-06-17 19:45:00,65309.5,65434.1,65280.0,65289.9,898.126
2026-06-17 19:48:00,65289.9,65293.7,65178.0,65217.8,277.913
2026-06-17 19:51:00,65217.9,65237.0,65156.3,65222.8,279.481
2026-06-17 19:54:00,65222.9,65272.2,65100.0,65142.4,280.912
2026-06-17 19:57:00,65142.3,65220.0,65128.1,65215.6,212.077
2026-06-17 20:00:00,65215.5,65260.6,65150.0,65150.0,220.104
2026-06-17 20:03:00,65150.0,65197.0,65125.5,65170.4,117.201
2026-06-17 20:06:00,65170.4,65170.4,65068.9,65084.1,343.586
2026-06-17 20:09:00,65084.0,65114.3,65012.2,65027.8,425.49
2026-06-17 20:12:00,65027.9,65175.4,65027.8,65074.1,257.707
2026-06-17 20:15:00,65074.1,65144.4,64722.6,64797.1,1727.578
2026-06-17 20:18:00,64797.0,65184.6,64797.0,65129.2,1746.922
2026-06-17 20:21:00,65129.1,65223.9,65059.0,65176.5,557.117
2026-06-17 20:24:00,65176.5,65260.0,65133.3,65136.3,447.648
2026-06-17 20:27:00,65136.3,65155.0,65056.7,65072.4,359.241
2026-06-17 20:30:00,65072.4,65144.6,65054.1,65128.6,283.075
2026-06-17 20:33:00,65128.6,65182.4,65123.1,65139.9,195.802
2026-06-17 20:36:00,65140.0,65148.3,64971.5,64971.5,237.035
2026-06-17 20:39:00,64971.5,65087.9,64943.5,65065.6,426.652
2026-06-17 20:42:00,65065.6,65214.8,65047.2,65201.1,229.238
2026-06-17 20:45:00,65201.0,65299.0,65165.1,65170.9,414.109
2026-06-17 20:48:00,65171.0,65230.9,65160.0,65206.7,188.398
2026-06-17 20:51:00,65206.7,65317.3,65206.6,65284.2,307.667
2026-06-17 20:54:00,65284.2,65392.9,65284.1,65343.9,555.912
2026-06-17 20:57:00,65344.0,65344.0,65261.6,65304.5,270.263
2026-06-17 21:00:00,65304.6,65356.2,65227.3,65342.5,336.494
2026-06-17 21:03:00,65342.5,65376.1,65307.4,65359.9,275.028
2026-06-17 21:06:00,65360.0,65487.0,65348.1,65455.8,712.897
2026-06-17 21:09:00,65455.8,65495.4,65385.4,65465.0,654.65
2026-06-17 21:12:00,65464.9,65489.5,65402.8,65466.5,326.982
2026-06-17 21:15:00,65466.6,65490.0,65440.1,65480.3,283.575
2026-06-17 21:18:00,65480.2,65834.1,65469.9,65816.2,2476.833
2026-06-17 21:21:00,65816.2,65818.0,65653.5,65683.9,769.413
2026-06-17 21:24:00,65684.0,65712.0,65617.4,65684.0,405.283
2026-06-17 21:27:00,65684.0,65730.0,65672.4,65712.7,369.025
2026-06-17 21:30:00,65712.7,65819.7,65710.0,65815.2,681.003
2026-06-17 21:33:00,65815.2,65850.0,65761.8,65768.1,482.02
2026-06-17 21:36:00,65768.0,65789.5,65737.7,65775.4,470.016
2026-06-17 21:39:00,65775.3,65788.7,65676.8,65676.9,400.848
2026-06-17 21:42:00,65676.8,65836.7,65676.8,65815.1,365.351
2026-06-17 21:45:00,65815.2,66056.0,65779.0,65950.1,1541.582
2026-06-17 21:48:00,65950.1,65973.1,65865.0,65871.3,505.7
2026-06-17 21:51:00,65871.3,65911.0,65850.0,65864.8,216.298
2026-06-17 21:54:00,65864.8,66090.6,65856.0,66037.8,751.566
2026-06-17 21:57:00,66037.8,66419.2,66005.6,66222.9,3615.286
2026-06-17 22:00:00,66222.9,66271.0,66033.8,66044.6,1498.93
2026-06-17 22:03:00,66044.5,66066.1,65942.9,65988.8,853.936
2026-06-17 22:06:00,65988.8,66047.9,65881.9,65983.4,671.05
2026-06-17 22:09:00,65983.5,66012.2,65864.5,65933.0,497.572
2026-06-17 22:12:00,65933.0,66016.1,65926.2,65926.2,282.607
2026-06-17 22:15:00,65926.2,65983.5,65902.0,65976.0,178.423
2026-06-17 22:18:00,65976.0,65976.1,65861.5,65923.7,248.929
2026-06-17 22:21:00,65923.6,65923.7,65803.3,65832.1,322.298
2026-06-17 22:24:00,65832.0,65919.8,65832.0,65874.7,163.935
2026-06-17 22:27:00,65874.7,65899.6,65812.5,65829.7,302.142
2026-06-17 22:30:00,65829.6,65865.8,65808.5,65858.7,279.237
2026-06-17 22:33:00,65858.8,65911.4,65830.0,65849.9,154.852
2026-06-17 22:36:00,65849.9,65950.6,65755.0,65819.0,457.386
2026-06-17 22:39:00,65819.0,65938.9,65813.3,65928.8,396.133
2026-06-17 22:42:00,65928.8,65928.9,65819.9,65819.9,153.307
2026-06-17 22:45:00,65819.9,65882.6,65792.9,65880.0,155.797
2026-06-17 22:48:00,65880.1,65918.1,65850.0,65896.0,196.517
2026-06-17 22:51:00,65896.1,65930.0,65881.3,65892.7,121.283
2026-06-17 22:54:00,65892.5,65982.9,65890.0,65973.7,196.371
2026-06-17 22:57:00,65973.6,65973.6,65908.8,65930.1,111.844
2026-06-17 23:00:00,65930.1,65956.2,65900.0,65919.9,84.945
2026-06-17 23:03:00,65919.9,65981.6,65873.7,65911.2,158.063
2026-06-17 23:06:00,65911.1,65932.5,65875.7,65929.7,140.003
2026-06-17 23:09:00,65929.6,65941.7,65873.5,65878.5,93.96
2026-06-17 23:12:00,65878.4,65878.5,65800.1,65826.6,277.162
2026-06-17 23:15:00,65826.7,65890.6,65781.0,65790.0,236.41
2026-06-17 23:18:00,65790.0,65840.0,65780.2,65839.9,140.855
2026-06-17 23:21:00,65839.9,66112.7,65828.0,66092.8,716.246
2026-06-17 23:24:00,66092.8,66160.0,65990.1,66014.9,706.337
2026-06-17 23:27:00,66014.9,66074.2,65983.8,66073.1,521.5
2026-06-17 23:30:00,66073.1,66085.3,65318.1,65428.8,7298.977
2026-06-17 23:33:00,65428.9,65476.5,64746.6,64860.0,5107.444
2026-06-17 23:36:00,64859.9,65321.3,64820.2,65274.2,3050.685
2026-06-17 23:39:00,65274.2,65493.8,65260.0,65391.8,1677.849
2026-06-17 23:42:00,65391.7,65434.0,65227.4,65264.8,1146.165
2026-06-17 23:45:00,65264.7,65439.3,65228.1,65297.9,750.239
2026-06-17 23:48:00,65297.9,65463.0,65272.5,65339.5,538.894
2026-06-17 23:51:00,65339.5,65517.0,65339.5,65421.6,423.707
2026-06-17 23:54:00,65421.7,65421.9,65253.4,65351.8,484.225
2026-06-17 23:57:00,65351.7,65385.1,65266.7,65369.6,432.773
2026-06-18 00:00:00,65369.7,65606.1,65238.6,65345.6,1936.996
2026-06-18 00:03:00,65345.5,65403.6,65240.2,65355.0,1063.629
2026-06-18 00:06:00,65355.3,65660.1,65355.2,65648.2,654.415
2026-06-18 00:09:00,65648.1,65680.3,65524.2,65641.7,687.544
2026-06-18 00:12:00,65641.6,66041.9,65611.8,66006.1,2346.169
2026-06-18 00:15:00,66006.2,66013.3,65823.4,65943.9,916.683
2026-06-18 00:18:00,65943.9,65943.9,65780.1,65916.1,539.548
2026-06-18 00:21:00,65916.1,66011.1,65845.1,65870.7,1034.092
2026-06-18 00:24:00,65870.6,65897.2,65619.0,65623.9,775.972
2026-06-18 00:27:00,65624.0,65640.3,65316.4,65481.3,1476.611
2026-06-18 00:30:00,65481.2,65632.0,65481.2,65521.4,629.251
2026-06-18 00:33:00,65521.5,65521.5,65334.3,65371.5,624.154
2026-06-18 00:36:00,65371.5,65436.4,65280.0,65308.0,578.45
2026-06-18 00:39:00,65308.0,65318.4,65057.0,65089.1,1145.555
2026-06-18 00:42:00,65089.2,65386.0,65072.7,65335.4,789.575
2026-06-18 00:45:00,65335.5,65356.3,65031.0,65044.7,684.821
2026-06-18 00:48:00,65044.7,65044.7,64554.8,64608.5,3512.77
2026-06-18 00:51:00,64608.6,64928.9,64598.4,64758.9,1611.225
2026-06-18 00:54:00,64758.9,64807.2,64580.3,64807.2,1012.677
2026-06-18 00:57:00,64807.2,64824.6,64286.2,64436.4,4208.148
2026-06-18 01:00:00,64436.5,64653.4,64338.9,64410.6,2105.508
2026-06-18 01:03:00,64410.6,64515.6,64354.9,64461.4,916.015
2026-06-18 01:06:00,64461.5,64571.8,64251.7,64305.0,1260.297
2026-06-18 01:09:00,64304.9,64384.0,64160.3,64193.5,1805.598
2026-06-18 01:12:00,64193.4,64225.8,64115.5,64147.0,1077.887
2026-06-18 01:15:00,64147.1,64247.3,64100.0,64180.2,1252.547
2026-06-18 01:18:00,64180.2,64271.9,64015.0,64164.5,1980.006
2026-06-18 01:21:00,64164.5,64209.0,64052.9,64136.9,750.436
2026-06-18 01:24:00,64136.9,64264.9,64100.0,64185.0,768.091
2026-06-18 01:27:00,64184.8,64289.9,64137.1,64271.3,849.276
2026-06-18 01:30:00,64271.4,64345.8,64153.8,64333.9,1121.953
2026-06-18 01:33:00,64333.9,64430.0,64310.0,64328.7,902.421
2026-06-18 01:36:00,64328.8,64370.7,64319.8,64322.9,310.24
2026-06-18 01:39:00,64322.8,64383.2,64278.0,64296.1,316.411
2026-06-18 01:42:00,64296.2,64343.2,64172.0,64187.3,345.744
2026-06-18 01:45:00,64187.3,64255.9,64174.6,64198.3,294.895
2026-06-18 01:48:00,64198.3,64336.7,64198.3,64294.9,270.12
2026-06-18 01:51:00,64294.8,64349.0,64277.6,64333.7,238.274
2026-06-18 01:54:00,64333.7,64401.7,64315.0,64377.1,245.457
2026-06-18 01:57:00,64377.1,64434.7,64304.1,64335.9,277.268
2026-06-18 02:00:00,64335.9,64432.5,64304.1,64422.8,252.066
2026-06-18 02:03:00,64422.8,64445.3,64366.4,64413.9,190.804
2026-06-18 02:06:00,64413.9,64460.8,64408.6,64446.1,229.857
2026-06-18 02:09:00,64446.1,64446.1,64310.4,64320.0,284.619
2026-06-18 02:12:00,64319.9,64337.6,64200.1,64200.2,351.311
2026-06-18 02:15:00,64200.2,64272.8,64137.1,64272.8,483.198
2026-06-18 02:18:00,64273.0,64307.6,64233.0,64302.4,113.152
2026-06-18 02:21:00,64302.2,64302.2,64249.5,64251.7,162.863
2026-06-18 02:24:00,64251.7,64295.4,64245.0,64265.2,115.597
2026-06-18 02:27:00,64265.2,64411.0,64265.1,64405.9,517.47
2026-06-18 02:30:00,64405.9,64427.0,64304.4,64318.7,226.035
2026-06-18 02:33:00,64318.7,64329.8,64230.2,64230.2,224.025
2026-06-18 02:36:00,64230.2,64375.3,64230.2,64315.5,228.14
2026-06-18 02:39:00,64315.6,64334.9,64298.0,64330.4,101.523
2026-06-18 02:42:00,64330.3,64331.6,64276.4,64296.4,115.52
2026-06-18 02:45:00,64296.4,64336.4,64270.0,64276.8,130.965
2026-06-18 02:48:00,64276.8,64324.3,64240.9,64314.6,164.473
2026-06-18 02:51:00,64314.6,64358.6,64278.2,64354.5,158.799
2026-06-18 02:54:00,64354.4,64354.5,64274.1,64288.3,108.711
2026-06-18 02:57:00,64288.3,64295.5,64231.3,64238.7,243.661
2026-06-18 03:00:00,64238.7,64272.5,64238.7,64272.4,102.291
2026-06-18 03:03:00,64272.4,64396.6,64272.4,64367.6,534.832
2026-06-18 03:06:00,64367.7,64400.0,64328.9,64335.2,249.475
2026-06-18 03:09:00,64335.2,64349.7,64263.1,64267.2,109.425
2026-06-18 03:12:00,64267.2,64282.9,64129.5,64152.9,268.864
2026-06-18 03:15:00,64152.9,64226.8,64129.7,64129.8,312.587
2026-06-18 03:18:00,64129.8,64206.2,64104.0,64192.1,401.753
2026-06-18 03:21:00,64192.2,64242.4,64189.0,64242.4,110.355
2026-06-18 03:24:00,64242.3,64254.2,64184.3,64184.4,214.727
2026-06-18 03:27:00,64184.3,64231.8,64180.2,64229.4,132.189
2026-06-18 03:30:00,64229.4,64231.8,64058.0,64058.0,375.997
2026-06-18 03:33:00,64058.1,64058.1,63881.2,64048.1,2409.661
2026-06-18 03:36:00,64048.1,64176.2,64026.4,64153.3,339.234
2026-06-18 03:39:00,64153.3,64192.3,64143.7,64175.8,201.997
2026-06-18 03:42:00,64175.8,64214.2,64064.2,64072.5,397.77
2026-06-18 03:45:00,64072.4,64181.7,64036.6,64146.0,548.853
2026-06-18 03:48:00,64145.9,64160.0,64117.0,64156.5,158.575
2026-06-18 03:51:00,64156.5,64209.5,64146.5,64205.5,142.973
2026-06-18 03:54:00,64205.5,64310.1,64205.5,64305.9,316.066
2026-06-18 03:57:00,64305.9,64350.1,64301.7,64336.5,357.944
2026-06-18 04:00:00,64336.5,64361.0,64324.7,64361.0,223.67
2026-06-18 04:03:00,64361.0,64380.1,64333.2,64380.1,130.678
2026-06-18 04:06:00,64380.2,64415.7,64307.5,64343.5,385.666
2026-06-18 04:09:00,64343.5,64360.2,64302.2,64360.1,147.189
2026-06-18 04:12:00,64360.1,64365.0,64209.4,64238.3,386.603
2026-06-18 04:15:00,64238.4,64387.2,64231.6,64387.2,399.821
2026-06-18 04:18:00,64387.2,64387.3,64347.0,64369.3,131.837
2026-06-18 04:21:00,64369.4,64389.9,64356.8,64371.4,237.079
2026-06-18 04:24:00,64371.4,64375.2,64319.6,64329.1,74.552
2026-06-18 04:27:00,64329.0,64329.0,64262.0,64265.3,149.033
2026-06-18 04:30:00,64265.3,64356.6,64257.9,64334.0,124.037
2026-06-18 04:33:00,64334.1,64381.2,64281.0,64281.0,143.893
2026-06-18 04:36:00,64281.1,64281.1,64216.6,64254.9,169.167
2026-06-18 04:39:00,64254.9,64307.6,64254.9,64296.8,102.965
2026-06-18 04:42:00,64296.8,64296.8,64239.9,64294.8,121.452
2026-06-18 04:45:00,64294.8,64396.9,64294.8,64396.9,191.526
2026-06-18 04:48:00,64397.0,64485.6,64387.7,64450.4,259.802
2026-06-18 04:51:00,64450.3,64458.0,64389.6,64422.5,219.825
2026-06-18 04:54:00,64422.6,64495.3,64422.5,64483.3,245.707
2026-06-18 04:57:00,64483.3,64483.3,64430.0,64466.3,219.63
2026-06-18 05:00:00,64466.2,64494.9,64436.0,64476.2,143.331
2026-06-18 05:03:00,64476.1,64476.2,64411.4,64424.4,117.283
2026-06-18 05:06:00,64424.4,64434.5,64379.8,64416.3,87.898
2026-06-18 05:09:00,64416.4,64441.3,64366.1,64382.5,162.231
2026-06-18 05:12:00,64382.5,64413.5,64382.4,64413.4,41.457
2026-06-18 05:15:00,64413.4,64486.6,64366.1,64434.3,235.659
2026-06-18 05:18:00,64434.2,64480.0,64428.7,64459.3,119.779
2026-06-18 05:21:00,64459.2,64468.8,64440.0,64465.5,58.251
2026-06-18 05:24:00,64465.6,64488.1,64413.5,64413.5,88.22
2026-06-18 05:27:00,64413.4,64477.5,64413.4,64472.9,75.892
2026-06-18 05:30:00,64472.9,64558.6,64455.4,64548.5,320.76
2026-06-18 05:33:00,64548.4,64612.5,64522.6,64595.7,378.127
2026-06-18 05:36:00,64595.6,64596.0,64535.9,64536.0,195.657
2026-06-18 05:39:00,64535.9,64612.0,64531.0,64602.8,114.586
2026-06-18 05:42:00,64602.9,64630.0,64582.2,64604.7,155.921
2026-06-18 05:45:00,64604.8,64653.3,64591.9,64625.8,281.233
2026-06-18 05:48:00,64625.7,64675.5,64622.5,64627.6,216.558
2026-06-18 05:51:00,64627.6,64676.5,64600.0,64624.7,136.875
2026-06-18 05:54:00,64624.8,64624.8,64510.0,64523.9,134.149
2026-06-18 05:57:00,64524.0,64600.0,64523.9,64560.5,158.587
2026-06-18 06:00:00,64560.6,64671.2,64550.4,64636.8,151.607
2026-06-18 06:03:00,64636.7,64636.7,64550.0,64550.0,116.862
2026-06-18 06:06:00,64550.1,64551.8,64504.7,64517.5,116.71
2026-06-18 06:09:00,64517.4,64524.0,64470.4,64502.3,174.6
2026-06-18 06:12:00,64502.2,64562.7,64492.8,64554.3,72.248
2026-06-18 06:15:00,64554.4,64587.6,64554.3,64583.7,81.35
2026-06-18 06:18:00,64583.7,64588.0,64543.6,64559.3,149.185
2026-06-18 06:21:00,64559.3,64559.4,64489.1,64510.5,90.706
2026-06-18 06:24:00,64510.5,64510.5,64435.2,64437.0,153.401
2026-06-18 06:27:00,64437.0,64448.8,64422.4,64432.8,168.692
2026-06-18 06:30:00,64432.8,64574.4,64429.1,64555.0,187.35
2026-06-18 06:33:00,64555.0,64635.3,64545.5,64605.1,307.89
2026-06-18 06:36:00,64605.2,64730.1,64572.8,64708.7,392.173
2026-06-18 06:39:00,64708.7,64778.0,64690.4,64764.7,548.825
2026-06-18 06:42:00,64764.7,64780.0,64689.2,64703.7,381.001
2026-06-18 06:45:00,64703.8,64713.5,64656.7,64680.9,157.917
2026-06-18 06:48:00,64680.7,64682.4,64605.4,64617.2,132.023
2026-06-18 06:51:00,64617.2,64677.0,64617.1,64655.9,111.152
2026-06-18 06:54:00,64655.9,64656.0,64584.6,64628.6,157.452
2026-06-18 06:57:00,64628.6,64655.7,64621.0,64629.6,72.022
2026-06-18 07:00:00,64629.5,64722.0,64629.5,64656.0,177.791
2026-06-18 07:03:00,64656.0,64693.2,64616.3,64619.2,94.109
2026-06-18 07:06:00,64619.2,64619.9,64580.0,64592.3,140.948
2026-06-18 07:09:00,64592.3,64602.8,64575.4,64585.5,99.202
2026-06-18 07:12:00,64585.5,64602.8,64570.1,64585.7,124.419
2026-06-18 07:15:00,64585.7,64585.7,64508.0,64544.6,151.096
2026-06-18 07:18:00,64544.7,64552.0,64470.3,64470.3,170.923
2026-06-18 07:21:00,64470.4,64490.7,64444.1,64490.7,164.181
2026-06-18 07:24:00,64490.6,64530.8,64471.6,64522.6,87.46
2026-06-18 07:27:00,64522.5,64531.0,64505.1,64520.9,53.358
2026-06-18 07:30:00,64520.9,64585.2,64520.9,64578.7,135.68
2026-06-18 07:33:00,64578.7,64619.0,64574.1,64618.6,96.956
2026-06-18 07:36:00,64618.6,64650.0,64560.0,64562.0,127.281
2026-06-18 07:39:00,64562.0,64583.5,64500.5,64525.5,96.902
2026-06-18 07:42:00,64525.5,64544.7,64500.0,64541.5,206.11
2026-06-18 07:45:00,64541.5,64541.5,64453.2,64480.9,269.034
2026-06-18 07:48:00,64481.0,64613.9,64480.9,64613.9,149.844
2026-06-18 07:51:00,64613.8,64645.2,64601.5,64645.2,136.51
2026-06-18 07:54:00,64645.2,64720.8,64645.1,64718.0,187.239
2026-06-18 07:57:00,64717.9,64718.0,64662.1,64672.7,154.885
2026-06-18 08:00:00,64672.6,64714.6,64669.3,64680.2,119.486
2026-06-18 08:03:00,64680.2,64695.0,64645.6,64662.1,94.067
2026-06-18 08:06:00,64662.1,64724.8,64662.1,64722.1,77.488
2026-06-18 08:09:00,64722.0,64741.2,64714.6,64723.9,109.287
2026-06-18 08:12:00,64724.0,64735.0,64720.5,64735.0,77.5
2026-06-18 08:15:00,64735.0,64750.0,64680.0,64687.1,114.021
2026-06-18 08:18:00,64687.1,64711.9,64663.7,64693.3,107.565
2026-06-18 08:21:00,64693.4,64712.5,64677.9,64677.9,113.689
2026-06-18 08:24:00,64678.0,64678.0,64641.1,64674.2,90.152
2026-06-18 08:27:00,64674.2,64680.7,64650.1,64652.3,79.953
2026-06-18 08:30:00,64652.3,64652.3,64501.8,64501.9,280.958
2026-06-18 08:33:00,64501.8,64576.1,64501.8,64576.0,107.524
2026-06-18 08:36:00,64576.1,64593.8,64553.6,64561.0,87.081
2026-06-18 08:39:00,64561.0,64561.1,64506.5,64511.8,170.711
2026-06-18 08:42:00,64511.7,64511.8,64487.5,64492.1,138.762
2026-06-18 08:45:00,64492.1,64502.3,64470.1,64494.6,172.351
2026-06-18 08:48:00,64494.7,64497.0,64456.0,64456.0,145.487
2026-06-18 08:51:00,64456.0,64467.8,64369.0,64398.0,351.611
2026-06-18 08:54:00,64398.1,64402.7,64333.0,64340.0,304.281
2026-06-18 08:57:00,64340.0,64348.3,64280.7,64280.9,375.15
2026-06-18 09:00:00,64280.8,64370.7,64280.8,64344.7,282.557
2026-06-18 09:03:00,64344.6,64344.6,64277.1,64330.6,176.32
2026-06-18 09:06:00,64330.6,64330.6,64238.0,64299.9,271.249
2026-06-18 09:09:00,64300.0,64315.0,64262.3,64280.6,141.165
2026-06-18 09:12:00,64280.6,64322.4,64228.9,64298.0,664.125
2026-06-18 09:15:00,64298.1,64315.0,64269.6,64291.0,619.751
2026-06-18 09:18:00,64291.0,64380.9,64291.0,64362.4,436.885
2026-06-18 09:21:00,64362.3,64362.4,64306.8,64318.0,136.978
2026-06-18 09:24:00,64318.1,64329.0,64282.2,64282.3,98.698
2026-06-18 09:27:00,64282.3,64282.3,64241.3,64255.0,130.502
2026-06-18 09:30:00,64255.0,64323.4,64230.5,64286.0,353.591
2026-06-18 09:33:00,64286.0,64296.8,64170.2,64232.3,580.288
2026-06-18 09:36:00,64232.3,64240.7,64102.7,64104.3,420.23
2026-06-18 09:39:00,64104.3,64123.0,63785.0,63830.0,2491.974
2026-06-18 09:42:00,63829.9,64019.4,63827.1,63908.2,1022.942
2026-06-18 09:45:00,63908.3,64079.8,63908.2,64027.7,530.155
2026-06-18 09:48:00,64027.7,64035.2,63821.9,63843.0,495.294
2026-06-18 09:51:00,63842.9,63989.7,63839.4,63940.2,603.635
2026-06-18 09:54:00,63940.2,64000.0,63904.8,63976.2,217.793
2026-06-18 09:57:00,63976.1,63976.1,63889.0,63911.9,312.447
2026-06-18 10:00:00,63911.9,63927.0,63868.8,63917.0,331.8
2026-06-18 10:03:00,63917.1,63956.4,63867.2,63956.4,182.893
2026-06-18 10:06:00,63956.4,63958.3,63878.4,63935.1,182.092
2026-06-18 10:09:00,63935.0,63943.3,63851.1,63903.6,307.569
2026-06-18 10:12:00,63903.5,63910.0,63848.4,63850.0,274.468
2026-06-18 10:15:00,63850.0,63860.2,63800.2,63826.7,363.202
2026-06-18 10:18:00,63826.8,63862.8,63800.1,63825.0,247.044
2026-06-18 10:21:00,63824.9,63861.8,63808.6,63840.1,141.228
2026-06-18 10:24:00,63840.2,63946.1,63840.2,63940.2,298.605
2026-06-18 10:27:00,63940.3,63940.3,63850.1,63850.1,409.926
2026-06-18 10:30:00,63850.1,63880.3,63771.5,63779.0,495.098
2026-06-18 10:33:00,63779.1,63794.4,63686.1,63739.8,1130.35
2026-06-18 10:36:00,63739.8,63756.4,63660.1,63742.7,812.696
2026-06-18 10:39:00,63742.8,63947.7,63705.6,63920.4,728.615
2026-06-18 10:42:00,63920.5,63923.4,63845.5,63888.5,240.33
2026-06-18 10:45:00,63888.5,63963.2,63877.7,63936.3,292.608
2026-06-18 10:48:00,63936.3,63963.6,63910.4,63920.9,229.542
2026-06-18 10:51:00,63920.9,63972.3,63910.2,63925.0,166.345
2026-06-18 10:54:00,63925.1,63969.9,63891.1,63969.9,132.056
2026-06-18 10:57:00,63969.8,63972.3,63888.0,63893.2,205.973
2026-06-18 11:00:00,63893.1,63960.0,63889.7,63909.8,141.706
2026-06-18 11:03:00,63909.9,63971.6,63888.0,63971.6,110.973
2026-06-18 11:06:00,63971.6,64000.0,63820.4,63874.3,294.995
2026-06-18 11:09:00,63874.4,63957.0,63871.2,63938.9,150.845
2026-06-18 11:12:00,63938.9,63964.5,63900.0,63900.0,114.325
2026-06-18 11:15:00,63900.0,63916.8,63866.2,63875.3,196.423
2026-06-18 11:18:00,63875.4,63900.0,63850.0,63870.4,130.459
2026-06-18 11:21:00,63869.7,63882.0,63849.6,63864.1,131.721
2026-06-18 11:24:00,63864.1,63955.2,63860.5,63955.2,114.969
2026-06-18 11:27:00,63955.2,63979.2,63942.5,63961.8,141.003
2026-06-18 11:30:00,63961.9,63968.5,63904.0,63968.5,161.768
2026-06-18 11:33:00,63968.4,64049.4,63963.7,63999.1,473.249
2026-06-18 11:36:00,63999.0,64000.0,63868.6,63873.8,283.155
2026-06-18 11:39:00,63873.7,63902.7,63873.7,63890.0,132.423
2026-06-18 11:42:00,63890.0,63931.2,63851.4,63927.2,159.775
2026-06-18 11:45:00,63927.2,63959.9,63859.9,63877.0,121.148
2026-06-18 11:48:00,63877.1,63911.3,63811.3,63900.0,251.977
2026-06-18 11:51:00,63900.0,63940.8,63888.4,63920.0,67.568
2026-06-18 11:54:00,63920.0,63924.9,63898.5,63924.8,83.332
2026-06-18 11:57:00,63924.8,63970.9,63924.6,63958.8,161.995
2026-06-18 12:00:00,63958.7,64048.0,63939.0,64030.0,301.317
2026-06-18 12:03:00,64030.1,64039.4,64013.2,64027.4,189.779
2026-06-18 12:06:00,64027.4,64042.6,63988.9,64026.0,231.738
2026-06-18 12:09:00,64025.9,64065.9,64018.1,64040.5,139.329
2026-06-18 12:12:00,64040.4,64071.2,64040.4,64068.2,207.992
2026-06-18 12:15:00,64068.3,64097.7,64047.4,64056.4,289.828
2026-06-18 12:18:00,64056.3,64094.2,64056.0,64056.0,145.382
2026-06-18 12:21:00,64056.0,64083.6,64025.5,64044.4,100.001
2026-06-18 12:24:00,64044.4,64074.9,64041.5,64074.9,55.39
2026-06-18 12:27:00,64074.9,64090.0,64029.3,64054.9,715.589
2026-06-18 12:30:00,64054.9,64067.8,64030.0,64043.9,219.789
2026-06-18 12:33:00,64044.0,64076.4,64043.9,64052.5,137.585
2026-06-18 12:36:00,64052.4,64057.0,64029.8,64048.0,100.175
2026-06-18 12:39:00,64048.0,64052.0,63985.3,64023.6,209.168
2026-06-18 12:42:00,64023.5,64072.7,63987.2,64065.0,413.04
2026-06-18 12:45:00,64065.1,64186.6,64047.7,64134.6,705.307
2026-06-18 12:48:00,64134.6,64166.0,64118.0,64157.0,134.391
2026-06-18 12:51:00,64157.0,64227.8,64157.0,64218.0,314.076
2026-06-18 12:54:00,64217.9,64258.0,64205.4,64241.4,338.434
2026-06-18 12:57:00,64241.4,64284.9,64212.1,64266.7,396.568
2026-06-18 13:00:00,64266.7,64266.8,64222.8,64227.0,205.205
2026-06-18 13:03:00,64227.1,64297.0,64223.0,64297.0,271.557
2026-06-18 13:06:00,64296.9,64415.1,64296.9,64377.6,735.01
2026-06-18 13:09:00,64377.7,64428.6,64371.8,64420.0,442.774
2026-06-18 13:12:00,64420.0,64420.4,64392.1,64402.8,211.21
2026-06-18 13:15:00,64402.7,64480.6,64388.9,64458.5,418.436
2026-06-18 13:18:00,64458.4,64460.7,64422.5,64436.4,354.996
2026-06-18 13:21:00,64436.3,64450.0,64413.5,64439.0,252.945
2026-06-18 13:24:00,64439.0,64439.1,64402.8,64418.3,267.049
2026-06-18 13:27:00,64418.3,64491.1,64418.3,64470.3,374.818
2026-06-18 13:30:00,64470.4,64485.5,64380.5,64418.3,456.321
2026-06-18 13:33:00,64418.3,64418.4,64349.2,64415.1,284.146
2026-06-18 13:36:00,64415.0,64574.2,64397.1,64518.7,633.84
2026-06-18 13:39:00,64518.7,64631.5,64515.3,64548.3,726.832
2026-06-18 13:42:00,64548.3,64548.3,64466.3,64512.8,354.164
2026-06-18 13:45:00,64512.8,64569.8,64478.1,64569.8,379.329
2026-06-18 13:48:00,64569.8,64577.0,64540.1,64540.1,191.155
2026-06-18 13:51:00,64540.0,64541.1,64495.1,64531.7,174.458
2026-06-18 13:54:00,64531.7,64558.9,64524.6,64549.6,212.971
2026-06-18 13:57:00,64549.5,64556.3,64535.1,64548.0,137.557
2026-06-18 14:00:00,64547.9,64575.9,64529.9,64530.0,223.945
2026-06-18 14:03:00,64530.0,64543.2,64492.8,64499.9,220.077
2026-06-18 14:06:00,64499.9,64552.0,64499.9,64539.1,209.626
2026-06-18 14:09:00,64539.2,64560.0,64507.1,64512.0,171.656
2026-06-18 14:12:00,64511.9,64523.9,64485.3,64485.3,120.88
2026-06-18 14:15:00,64485.3,64493.9,64422.6,64483.9,342.925
2026-06-18 14:18:00,64483.9,64498.9,64452.9,64460.7,109.717
2026-06-18 14:21:00,64460.7,64470.9,64409.8,64414.0,195.368
2026-06-18 14:24:00,64413.9,64426.8,64387.6,64388.1,261.154
2026-06-18 14:27:00,64388.0,64390.3,64350.0,64370.0,336.143
2026-06-18 14:30:00,64370.0,64376.7,64289.7,64299.9,468.681
2026-06-18 14:33:00,64299.9,64369.0,64299.9,64330.0,259.888
2026-06-18 14:36:00,64330.0,64351.1,64324.5,64331.7,114.056
2026-06-18 14:39:00,64331.7,64355.0,64294.9,64294.9,196.242
2026-06-18 14:42:00,64294.9,64369.2,64284.0,64361.7,150.09
2026-06-18 14:45:00,64361.7,64449.0,64361.6,64432.5,214.894
2026-06-18 14:48:00,64432.5,64450.0,64408.2,64408.3,148.558
2026-06-18 14:51:00,64408.2,64434.5,64401.0,64401.1,94.854
2026-06-18 14:54:00,64401.0,64407.2,64266.0,64269.2,324.706
2026-06-18 14:57:00,64269.3,64269.3,64204.9,64221.9,373.274
2026-06-18 15:00:00,64221.8,64260.1,64179.2,64260.1,373.527
2026-06-18 15:03:00,64260.1,64281.7,64242.6,64245.1,192.915
2026-06-18 15:06:00,64245.1,64250.0,64219.0,64238.7,202.243
2026-06-18 15:09:00,64238.7,64272.4,64238.7,64260.2,108.948
2026-06-18 15:12:00,64260.1,64279.8,64250.0,64257.4,70.26
2026-06-18 15:15:00,64257.5,64297.7,64250.0,64256.4,111.808
2026-06-18 15:18:00,64256.4,64256.4,64222.0,64222.0,89.325
2026-06-18 15:21:00,64222.0,64256.0,64209.9,64239.9,170.322
2026-06-18 15:24:00,64239.9,64240.0,64163.8,64181.6,140.671
2026-06-18 15:27:00,64181.6,64189.0,64162.5,64172.6,100.48
2026-06-18 15:30:00,64172.7,64172.7,64142.5,64142.5,254.984
2026-06-18 15:33:00,64142.5,64162.6,64091.3,64105.3,595.635
2026-06-18 15:36:00,64105.3,64105.4,64015.7,64017.1,357.503
2026-06-18 15:39:00,64017.0,64038.6,63980.1,64007.3,404.946
2026-06-18 15:42:00,64007.2,64015.4,63963.4,63985.7,392.466
2026-06-18 15:45:00,63985.7,64027.7,63933.5,63959.3,375.644
2026-06-18 15:48:00,63959.1,63979.3,63916.8,63966.3,413.883
2026-06-18 15:51:00,63966.4,63966.4,63880.2,63894.9,264.884
2026-06-18 15:54:00,63894.8,63977.9,63882.0,63961.7,536.586
2026-06-18 15:57:00,63961.6,63972.0,63908.5,63942.7,284.367
2026-06-18 16:00:00,63942.7,63976.5,63942.6,63960.8,203.899
2026-06-18 16:03:00,63960.8,64010.0,63914.8,64009.8,294.739
2026-06-18 16:06:00,64009.8,64010.0,63928.3,63994.7,294.974
2026-06-18 16:09:00,63994.7,64055.4,63989.8,64026.4,245.742
2026-06-18 16:12:00,64026.4,64026.4,63969.2,63974.9,190.761
2026-06-18 16:15:00,63974.8,64031.1,63971.3,64026.6,183.19
2026-06-18 16:18:00,64026.6,64029.8,63992.3,64027.5,245.696
2026-06-18 16:21:00,64027.6,64198.0,64024.7,64186.0,594.755
2026-06-18 16:24:00,64186.0,64186.1,64075.9,64124.8,438.312
2026-06-18 16:27:00,64124.8,64134.0,64044.0,64050.0,235.353
2026-06-18 16:30:00,64050.1,64175.9,64050.0,64170.5,327.602
2026-06-18 16:33:00,64170.5,64170.5,64070.7,64081.8,147.123
2026-06-18 16:36:00,64081.7,64110.0,64060.8,64107.3,184.475
2026-06-18 16:39:00,64107.4,64107.4,63974.2,64011.3,289.755
2026-06-18 16:42:00,64011.3,64024.8,63965.0,63998.2,231.602
2026-06-18 16:45:00,63998.2,64027.8,63979.8,63988.1,112.986
2026-06-18 16:48:00,63988.1,63997.4,63925.2,63951.2,205.82
2026-06-18 16:51:00,63951.2,63952.5,63877.3,63890.9,264.096
2026-06-18 16:54:00,63890.8,63919.0,63879.8,63901.2,185.365
2026-06-18 16:57:00,63901.2,64060.9,63901.1,64043.8,360.42
2026-06-18 17:00:00,64043.8,64057.7,63985.8,63994.7,164.052
2026-06-18 17:03:00,63994.7,64040.0,63980.1,64012.4,137.665
2026-06-18 17:06:00,64012.3,64012.3,63918.6,63924.0,161.119
2026-06-18 17:09:00,63923.9,63951.6,63902.8,63915.0,149.508
2026-06-18 17:12:00,63914.9,63947.9,63855.0,63946.2,399.121
2026-06-18 17:15:00,63946.3,64008.7,63915.1,63915.1,167.821
2026-06-18 17:18:00,63915.1,63915.1,63855.1,63876.7,209.212
2026-06-18 17:21:00,63876.7,63931.0,63872.8,63922.6,235.387
2026-06-18 17:24:00,63922.5,63930.7,63906.2,63919.0,100.366
2026-06-18 17:27:00,63919.1,63962.4,63919.0,63940.1,99.818
2026-06-18 17:30:00,63940.1,64007.7,63916.1,64007.6,212.142
2026-06-18 17:33:00,64007.7,64012.7,63950.0,63967.9,156.676
2026-06-18 17:36:00,63967.9,63967.9,63892.8,63943.8,166.734
2026-06-18 17:39:00,63943.8,64015.5,63943.8,63980.0,139.985
2026-06-18 17:42:00,63980.1,63997.9,63958.1,63978.1,134.939
2026-06-18 17:45:00,63978.1,64040.3,63960.0,64040.3,115.586
2026-06-18 17:48:00,64040.2,64078.7,64004.2,64072.1,267.216
2026-06-18 17:51:00,64072.1,64120.0,64068.2,64098.7,248.244
2026-06-18 17:54:00,64098.8,64150.2,64093.3,64147.9,465.873
2026-06-18 17:57:00,64147.9,64172.5,64106.9,64172.5,310.251
2026-06-18 18:00:00,64172.5,64239.0,64098.9,64160.2,653.959
2026-06-18 18:03:00,64160.2,64214.4,64148.8,64198.1,221.21
2026-06-18 18:06:00,64198.1,64221.7,64140.6,64174.8,253.422
2026-06-18 18:09:00,64174.9,64193.5,64133.0,64188.5,156.855
2026-06-18 18:12:00,64188.5,64239.0,64188.4,64225.1,186.288
2026-06-18 18:15:00,64225.1,64305.4,64224.8,64297.8,439.012
2026-06-18 18:18:00,64297.9,64328.9,64277.3,64292.0,289.471
2026-06-18 18:21:00,64292.0,64306.7,64245.0,64289.9,238.703
2026-06-18 18:24:00,64289.8,64343.5,64280.6,64343.5,210.468
2026-06-18 18:27:00,64343.4,64377.8,64328.2,64345.9,343.977
2026-06-18 18:30:00,64345.8,64350.0,64255.7,64316.0,381.244
2026-06-18 18:33:00,64316.1,64368.4,64280.6,64357.8,346.75
2026-06-18 18:36:00,64357.7,64382.5,64346.0,64382.5,288.048
2026-06-18 18:39:00,64382.5,64423.4,64371.2,64413.5,319.772
2026-06-18 18:42:00,64413.4,64413.5,64344.1,64368.9,255.128
2026-06-18 18:45:00,64368.8,64409.1,64325.4,64389.9,206.698
2026-06-18 18:48:00,64390.0,64397.9,64307.2,64357.4,209.901
2026-06-18 18:51:00,64357.5,64368.6,64307.1,64326.5,339.221
2026-06-18 18:54:00,64326.5,64419.4,64294.8,64334.8,537.184
2026-06-18 18:57:00,64334.8,64345.5,64300.0,64327.4,245.412
2026-06-18 19:00:00,64327.3,64355.2,64193.4,64204.8,772.455
2026-06-18 19:03:00,64204.8,64218.3,64041.4,64042.3,934.399
2026-06-18 19:06:00,64042.4,64110.0,63966.3,64018.1,929.685
2026-06-18 19:09:00,64018.0,64050.0,63913.0,63913.0,815.838
2026-06-18 19:12:00,63913.0,63971.1,63844.7,63850.0,1149.117
2026-06-18 19:15:00,63850.0,63974.4,63753.0,63812.8,2068.309
2026-06-18 19:18:00,63813.0,64108.2,63813.0,64058.3,996.618
2026-06-18 19:21:00,64058.3,64118.1,64022.4,64045.9,440.907
2026-06-18 19:24:00,64046.0,64132.8,63952.4,63952.4,330.932
2026-06-18 19:27:00,63952.5,63960.9,63837.7,63952.3,508.822
2026-06-18 19:30:00,63952.4,63985.7,63881.6,63958.1,474.366
2026-06-18 19:33:00,63958.1,64047.5,63762.2,63822.0,732.312
2026-06-18 19:36:00,63822.1,63930.2,63777.7,63838.8,738.893
2026-06-18 19:39:00,63838.9,63915.4,63754.8,63762.5,660.917
2026-06-18 19:42:00,63762.5,63790.3,63688.8,63752.0,857.43
2026-06-18 19:45:00,63752.0,63949.0,63678.1,63920.7,648.633
2026-06-18 19:48:00,63920.8,63973.3,63866.1,63946.7,570.51
2026-06-18 19:51:00,63946.6,64054.2,63906.0,64054.2,395.242
2026-06-18 19:54:00,64054.1,64181.7,63911.5,63911.5,838.01
2026-06-18 19:57:00,63911.5,63945.0,63728.5,63786.0,722.867
2026-06-18 20:00:00,63786.0,63907.6,63730.0,63862.7,669.407
2026-06-18 20:03:00,63862.6,63896.9,63826.9,63869.5,200.302
2026-06-18 20:06:00,63869.4,63970.4,63810.0,63934.0,554.172
2026-06-18 20:09:00,63934.0,64052.6,63927.5,63940.4,395.979
2026-06-18 20:12:00,63940.4,63955.0,63827.5,63841.4,210.107
2026-06-18 20:15:00,63841.3,63939.5,63832.0,63900.1,228.928
2026-06-18 20:18:00,63900.0,63968.3,63850.0,63854.4,221.548
2026-06-18 20:21:00,63854.3,63854.4,63565.0,63582.3,2340.579
2026-06-18 20:24:00,63582.2,63688.8,63565.0,63685.2,829.01
2026-06-18 20:27:00,63685.2,63872.0,63685.1,63784.1,871.844
2026-06-18 20:30:00,63784.2,63796.6,63616.2,63616.3,471.515
2026-06-18 20:33:00,63616.3,63671.2,63526.0,63550.4,1394.545
2026-06-18 20:36:00,63550.5,63704.1,63550.5,63704.1,545.821
2026-06-18 20:39:00,63704.1,63716.0,63610.9,63639.1,314.249
2026-06-18 20:42:00,63639.1,63645.2,63525.1,63525.9,472.109
2026-06-18 20:45:00,63525.9,63571.2,63250.2,63262.4,3472.634
2026-06-18 20:48:00,63262.5,63452.8,63156.0,63390.0,4807.784
2026-06-18 20:51:00,63390.1,63458.8,63272.5,63338.9,2183.218
2026-06-18 20:54:00,63338.9,63372.9,63280.0,63363.1,1119.249
2026-06-18 20:57:00,63363.1,63397.4,63169.6,63214.9,974.391
2026-06-18 21:00:00,63214.9,63355.0,63122.1,63179.9,1775.32
2026-06-18 21:03:00,63179.9,63269.4,63138.6,63158.5,722.024
2026-06-18 21:06:00,63158.6,63164.8,62860.0,62875.5,3598.015
2026-06-18 21:09:00,62875.5,62935.7,62650.0,62667.8,3549.102
2026-06-18 21:12:00,62667.9,62815.2,62661.6,62755.2,2624.159
2026-06-18 21:15:00,62755.1,62877.2,62688.0,62719.2,2599.714
2026-06-18 21:18:00,62719.2,62822.2,62680.0,62713.7,1101.648
2026-06-18 21:21:00,62713.7,62726.5,62456.9,62496.4,3254.762
2026-06-18 21:24:00,62496.3,62525.4,62411.9,62418.9,1917.548
2026-06-18 21:27:00,62419.0,62465.3,62232.1,62337.8,3739.266
2026-06-18 21:30:00,62337.8,62595.0,62308.6,62573.8,2758.222
2026-06-18 21:33:00,62573.7,62635.7,62479.0,62591.7,1492.676
2026-06-18 21:36:00,62591.5,62650.0,62553.4,62584.7,1127.338
2026-06-18 21:39:00,62584.8,62688.1,62577.9,62687.6,758.014
2026-06-18 21:42:00,62687.6,62694.2,62601.8,62601.8,454.741
2026-06-18 21:45:00,62601.8,62619.3,62496.1,62603.3,619.582
2026-06-18 21:48:00,62603.4,62700.5,62483.0,62668.0,816.125
2026-06-18 21:51:00,62668.1,62731.5,62629.7,62714.7,572.543
2026-06-18 21:54:00,62714.7,62719.3,62615.0,62689.0,368.594
2026-06-18 21:57:00,62688.9,62697.0,62534.5,62568.3,278.65
2026-06-18 22:00:00,62568.4,62596.8,62475.6,62483.3,627.678
2026-06-18 22:03:00,62483.3,62669.2,62483.3,62600.2,384.325
2026-06-18 22:06:00,62600.1,62659.8,62530.1,62648.3,300.43
2026-06-18 22:09:00,62648.3,62672.6,62602.8,62643.1,390.15
2026-06-18 22:12:00,62643.1,62749.9,62629.8,62688.2,445.124
2026-06-18 22:15:00,62688.2,62789.0,62670.8,62679.9,711.661
2026-06-18 22:18:00,62680.0,62716.5,62652.9,62664.9,266.046
2026-06-18 22:21:00,62664.9,62674.4,62606.9,62612.0,1453.103
2026-06-18 22:24:00,62612.1,62673.8,62612.0,62673.8,235.363
2026-06-18 22:27:00,62673.8,62702.1,62650.0,62664.2,148.209
2026-06-18 22:30:00,62664.2,62677.6,62539.4,62554.9,553.505
2026-06-18 22:33:00,62554.9,62602.4,62488.0,62553.0,447.62
2026-06-18 22:36:00,62553.1,62558.3,62490.4,62552.9,239.672
2026-06-18 22:39:00,62552.9,62560.0,62400.0,62421.4,634.06
2026-06-18 22:42:00,62421.5,62484.3,62372.3,62478.2,550.837
2026-06-18 22:45:00,62478.2,62527.4,62462.9,62503.9,225.418
2026-06-18 22:48:00,62503.9,62602.9,62501.7,62569.3,264.421
2026-06-18 22:51:00,62569.2,62585.5,62396.3,62423.3,846.735
2026-06-18 22:54:00,62423.3,62429.5,62302.0,62317.3,1100.543
2026-06-18 22:57:00,62317.4,62645.0,62241.0,62553.1,2667.046
2026-06-18 23:00:00,62553.2,62724.8,62550.2,62701.5,984.21
2026-06-18 23:03:00,62701.5,62730.0,62606.3,62620.6,489.777
2026-06-18 23:06:00,62620.5,62663.0,62518.6,62539.6,291.533
2026-06-18 23:09:00,62539.6,62598.8,62486.1,62583.0,423.635
2026-06-18 23:12:00,62583.0,62641.6,62552.4,62622.2,383.919
2026-06-18 23:15:00,62622.2,62664.4,62570.1,62625.5,366.094
2026-06-18 23:18:00,62625.5,62641.6,62590.8,62630.6,167.574
2026-06-18 23:21:00,62630.7,62700.0,62630.7,62639.7,378.683
2026-06-18 23:24:00,62639.7,62657.0,62499.9,62504.9,400.042
2026-06-18 23:27:00,62505.0,62593.2,62486.0,62579.1,324.759
2026-06-18 23:30:00,62579.2,62626.4,62570.0,62592.1,215.684
2026-06-18 23:33:00,62592.1,62674.9,62552.8,62642.5,244.516
2026-06-18 23:36:00,62642.5,62692.1,62617.9,62677.2,275.442
2026-06-18 23:39:00,62677.2,62716.4,62660.3,62660.7,255.279
2026-06-18 23:42:00,62660.6,62704.9,62656.8,62678.7,118.453
2026-06-18 23:45:00,62678.7,62729.7,62584.0,62715.4,1208.628
2026-06-18 23:48:00,62715.5,62920.0,62711.5,62860.4,1153.02
2026-06-18 23:51:00,62860.3,62923.8,62834.7,62869.1,516.187
2026-06-18 23:54:00,62869.1,62929.5,62844.4,62898.9,294.63
2026-06-18 23:57:00,62898.8,62932.7,62826.4,62826.5,361.15
2026-06-19 00:00:00,62826.4,62826.4,62740.0,62760.0,518.742
2026-06-19 00:03:00,62760.0,62818.2,62743.8,62779.9,301.828
2026-06-19 00:06:00,62779.9,62816.4,62699.1,62705.9,372.41
2026-06-19 00:09:00,62705.9,62717.5,62652.1,62656.1,1195.733
2026-06-19 00:12:00,62656.0,62770.1,62656.0,62748.5,303.694
2026-06-19 00:15:00,62748.4,62789.5,62720.5,62723.7,538.161
2026-06-19 00:18:00,62723.7,62789.5,62723.6,62789.4,105.601
2026-06-19 00:21:00,62789.5,62871.6,62728.2,62728.3,513.723
2026-06-19 00:24:00,62728.2,62734.3,62630.8,62654.4,378.351
2026-06-19 00:27:00,62654.3,62688.7,62597.0,62683.5,279.056
2026-06-19 00:30:00,62683.5,62716.7,62658.2,62669.4,196.192
2026-06-19 00:33:00,62669.3,62702.6,62608.0,62657.2,163.07
2026-06-19 00:36:00,62657.3,62690.2,62615.7,62660.6,105.327
2026-06-19 00:39:00,62660.6,62668.4,62620.4,62623.2,113.433
2026-06-19 00:42:00,62623.2,62677.2,62610.0,62661.3,110.21
2026-06-19 00:45:00,62661.2,62694.2,62632.0,62688.4,94.474
2026-06-19 00:48:00,62688.3,62714.0,62618.1,62709.8,221.332
2026-06-19 00:51:00,62709.8,62778.2,62698.7,62750.0,240.153
2026-06-19 00:54:00,62750.0,62788.8,62715.1,62777.4,143.358
2026-06-19 00:57:00,62777.5,62785.9,62743.0,62753.4,147.02
2026-06-19 01:00:00,62753.4,62801.0,62746.0,62777.7,147.787
2026-06-19 01:03:00,62777.6,62835.0,62770.6,62788.3,186.358
2026-06-19 01:06:00,62788.2,62854.7,62788.2,62839.7,176.569
2026-06-19 01:09:00,62839.7,62887.1,62816.3,62877.0,249.953
2026-06-19 01:12:00,62877.0,62980.0,62862.5,62943.4,447.444
2026-06-19 01:15:00,62943.3,62980.0,62904.4,62954.4,406.731
2026-06-19 01:18:00,62954.5,62961.3,62879.2,62913.1,341.757
2026-06-19 01:21:00,62913.1,62973.6,62913.0,62947.5,352.46
2026-06-19 01:24:00,62947.4,62985.0,62933.1,62933.3,316.598
2026-06-19 01:27:00,62933.4,62977.9,62912.2,62925.4,514.358
2026-06-19 01:30:00,62925.3,63200.0,62925.3,63104.7,1873.078
2026-06-19 01:33:00,63104.7,63202.3,63094.0,63147.4,374.547
2026-06-19 01:36:00,63147.4,63147.5,63071.1,63093.5,395.285
2026-06-19 01:39:00,63093.5,63119.2,63056.0,63095.7,282.82
2026-06-19 01:42:00,63095.8,63158.2,63092.5,63144.7,173.476
2026-06-19 01:45:00,63144.7,63155.4,63081.1,63105.8,134.875
2026-06-19 01:48:00,63105.7,63266.8,63083.7,63183.7,517.563
2026-06-19 01:51:00,63183.7,63183.8,63069.8,63103.1,366.392
2026-06-19 01:54:00,63103.1,63124.0,63068.1,63097.3,180.187
2026-06-19 01:57:00,63097.3,63134.6,63084.7,63090.0,90.911
2026-06-19 02:00:00,63090.0,63115.0,63017.8,63108.1,590.481
2026-06-19 02:03:00,63108.1,63149.4,63069.0,63100.0,245.042
2026-06-19 02:06:00,63100.1,63126.5,63071.2,63081.3,119.352
2026-06-19 02:09:00,63081.3,63131.8,63081.3,63109.3,83.961
2026-06-19 02:12:00,63109.4,63150.9,63090.9,63109.9,91.634
2026-06-19 02:15:00,63110.0,63110.0,63047.4,63047.5,112.398
2026-06-19 02:18:00,63047.4,63063.0,63012.8,63062.9,133.613
2026-06-19 02:21:00,63062.8,63112.7,63043.1,63087.0,231.53
2026-06-19 02:24:00,63086.9,63094.7,63075.5,63086.0,86.985
2026-06-19 02:27:00,63086.0,63088.8,63057.7,63063.1,70.905
2026-06-19 02:30:00,63063.1,63089.0,63051.9,63066.6,111.447
2026-06-19 02:33:00,63066.5,63070.7,63054.1,63062.4,44.914
2026-06-19 02:36:00,63062.4,63091.0,63062.1,63087.8,124.358
2026-06-19 02:39:00,63087.8,63098.7,63023.7,63023.7,169.743
2026-06-19 02:42:00,63023.7,63023.8,62877.2,62895.1,568.38
2026-06-19 02:45:00,62895.1,63005.8,62831.8,63005.8,355.183
2026-06-19 02:48:00,63005.7,63006.0,62954.6,62994.7,171.197
2026-06-19 02:51:00,62994.7,63022.0,62969.2,62991.4,112.003
2026-06-19 02:54:00,62991.4,63002.9,62918.6,62918.7,187.991
2026-06-19 02:57:00,62918.6,62935.0,62902.7,62931.0,72.982
2026-06-19 03:00:00,62931.0,62960.5,62913.1,62944.9,100.598
2026-06-19 03:03:00,62944.9,62954.3,62927.7,62950.9,116.626
2026-06-19 03:06:00,62950.9,62950.9,62874.8,62874.8,183.08
2026-06-19 03:09:00,62874.8,62898.4,62835.9,62871.4,205.849
2026-06-19 03:12:00,62871.3,62912.4,62851.4,62889.3,140.393
2026-06-19 03:15:00,62889.3,62922.6,62870.0,62922.5,114.734
2026-06-19 03:18:00,62922.6,62922.6,62883.4,62903.1,75.95
2026-06-19 03:21:00,62903.2,62914.1,62858.1,62862.2,122.135
2026-06-19 03:24:00,62862.3,62961.2,62862.2,62946.0,141.005
2026-06-19 03:27:00,62946.0,62973.1,62925.0,62936.0,126.193
2026-06-19 03:30:00,62936.0,62962.1,62901.9,62914.8,200.139
2026-06-19 03:33:00,62914.8,62930.1,62878.0,62900.0,163.397
2026-06-19 03:36:00,62900.0,62904.5,62888.0,62892.9,84.168
2026-06-19 03:39:00,62892.9,62927.2,62892.0,62892.0,76.876
2026-06-19 03:42:00,62892.0,62906.1,62888.0,62892.7,76.795
2026-06-19 03:45:00,62892.7,62900.6,62785.0,62804.7,496.592
2026-06-19 03:48:00,62804.7,62804.7,62739.2,62767.9,293.301
2026-06-19 03:51:00,62767.9,62853.5,62751.1,62810.9,257.206
2026-06-19 03:54:00,62810.9,62840.4,62806.7,62818.5,129.381
2026-06-19 03:57:00,62818.4,62844.8,62783.3,62807.4,257.545
2026-06-19 04:00:00,62807.3,62826.3,62723.5,62733.1,265.26
2026-06-19 04:03:00,62733.0,62772.0,62710.5,62759.5,199.027
2026-06-19 04:06:00,62759.6,62792.9,62759.5,62783.8,97.93
2026-06-19 04:09:00,62783.8,62786.8,62745.3,62752.1,64.86
2026-06-19 04:12:00,62752.2,62785.5,62752.2,62785.5,56.44
2026-06-19 04:15:00,62785.4,62785.5,62749.5,62776.1,86.937
2026-06-19 04:18:00,62776.1,62858.5,62776.1,62831.2,110.516
2026-06-19 04:21:00,62831.2,62858.9,62830.0,62858.9,65.267
2026-06-19 04:24:00,62858.8,62866.0,62824.0,62836.1,37.434
2026-06-19 04:27:00,62836.2,62868.1,62836.2,62853.0,85.12
2026-06-19 04:30:00,62852.9,62903.5,62804.1,62880.0,215.713
2026-06-19 04:33:00,62880.1,62880.1,62808.3,62845.2,62.89
2026-06-19 04:36:00,62845.3,62845.3,62760.1,62785.8,212.525
2026-06-19 04:39:00,62785.8,62793.8,62747.8,62778.9,204.098
2026-06-19 04:42:00,62779.0,62816.2,62717.0,62729.0,96.143
2026-06-19 04:45:00,62729.1,62767.0,62723.6,62766.9,98.176
2026-06-19 04:48:00,62767.0,62807.9,62767.0,62791.2,45.997
2026-06-19 04:51:00,62791.1,62814.5,62767.1,62814.5,150.115
2026-06-19 04:54:00,62814.4,62814.5,62789.4,62792.7,55.31
2026-06-19 04:57:00,62792.8,62850.1,62792.7,62849.9,177.02
2026-06-19 05:00:00,62849.9,62920.0,62849.9,62900.4,161.329
2026-06-19 05:03:00,62900.4,62900.4,62850.3,62863.0,97.694
2026-06-19 05:06:00,62863.0,62879.5,62847.2,62862.5,76.671
2026-06-19 05:09:00,62862.5,62910.5,62856.8,62900.9,82.556
2026-06-19 05:12:00,62900.8,62900.9,62880.0,62883.1,75.942
2026-06-19 05:15:00,62883.0,62883.0,62838.2,62867.4,134.24
2026-06-19 05:18:00,62867.3,62925.0,62823.5,62917.7,133.345
2026-06-19 05:21:00,62917.8,62934.0,62902.1,62913.6,213.571
2026-06-19 05:24:00,62913.5,62959.9,62908.7,62928.8,141.857
2026-06-19 05:27:00,62928.8,62948.6,62923.2,62924.1,92.413
2026-06-19 05:30:00,62924.0,62929.3,62866.0,62884.0,164.549
2026-06-19 05:33:00,62884.1,62959.2,62884.0,62939.9,185.657
2026-06-19 05:36:00,62939.9,62948.8,62822.1,62822.1,132.361
2026-06-19 05:39:00,62822.2,62882.8,62812.7,62864.0,102.768
2026-06-19 05:42:00,62864.1,62864.1,62819.0,62838.6,70.284
2026-06-19 05:45:00,62838.6,62852.6,62820.0,62840.8,68.076
2026-06-19 05:48:00,62840.8,62974.6,62833.3,62892.0,184.114
2026-06-19 05:51:00,62892.0,62923.6,62866.0,62916.6,84.167
2026-06-19 05:54:00,62916.6,62951.0,62914.2,62919.8,53.606
2026-06-19 05:57:00,62919.9,62939.4,62884.3,62939.4,96.662
2026-06-19 06:00:00,62939.5,63017.7,62927.5,63000.1,319.104
2026-06-19 06:03:00,63000.1,63010.0,62983.9,62991.5,114.55
2026-06-19 06:06:00,62991.4,63001.1,62969.6,62976.7,84.429
2026-06-19 06:09:00,62976.8,63017.9,62975.2,63017.8,183.688
2026-06-19 06:12:00,63017.9,63035.4,62997.3,63035.3,114.579
2026-06-19 06:15:00,63035.4,63066.7,63015.3,63043.5,148.977
2026-06-19 06:18:00,63043.4,63043.5,62993.4,62993.4,152.092
2026-06-19 06:21:00,62993.5,62996.8,62968.1,62980.0,63.081
2026-06-19 06:24:00,62980.0,62990.0,62944.0,62944.6,50.714
2026-06-19 06:27:00,62944.6,62991.7,62944.6,62991.7,72.729
2026-06-19 06:30:00,62991.7,63000.0,62966.9,62987.0,74.291
2026-06-19 06:33:00,62986.9,63059.9,62986.9,63054.0,142.726
2026-06-19 06:36:00,63053.9,63054.0,62992.5,62992.5,94.981
2026-06-19 06:39:00,62992.6,62992.6,62863.8,62874.3,184.807
2026-06-19 06:42:00,62874.3,62940.0,62874.3,62940.0,182.202
2026-06-19 06:45:00,62940.0,63073.0,62940.0,63033.5,179.791
2026-06-19 06:48:00,63033.6,63033.6,62995.2,63019.9,119.897
2026-06-19 06:51:00,63019.9,63061.1,63019.8,63035.4,67.966
2026-06-19 06:54:00,63035.4,63035.5,62946.1,62975.7,111.243
2026-06-19 06:57:00,62975.6,62975.6,62890.1,62898.5,122.262
2026-06-19 07:00:00,62898.5,62929.3,62854.9,62871.4,246.119
2026-06-19 07:03:00,62871.3,62880.2,62814.3,62838.5,150.193
2026-06-19 07:06:00,62838.6,62894.1,62838.5,62880.1,144.056
2026-06-19 07:09:00,62880.1,62888.5,62853.0,62861.0,76.189
2026-06-19 07:12:00,62861.0,62894.1,62841.7,62884.1,83.12
2026-06-19 07:15:00,62884.1,62924.0,62884.0,62902.9,81.106
2026-06-19 07:18:00,62902.8,62931.4,62889.8,62909.2,126.492
2026-06-19 07:21:00,62909.2,62965.9,62909.2,62957.5,116.99
2026-06-19 07:24:00,62957.4,63010.6,62956.8,62992.0,157.928
2026-06-19 07:27:00,62991.9,63003.4,62986.9,62994.5,100.376
2026-06-19 07:30:00,62994.5,63024.1,62991.2,63024.1,92.52
2026-06-19 07:33:00,63024.1,63088.0,63024.1,63087.9,224.54
2026-06-19 07:36:00,63087.9,63087.9,62990.7,63002.8,137.93
2026-06-19 07:39:00,63002.8,63030.0,62997.1,63014.2,48.106
2026-06-19 07:42:00,63014.2,63020.4,62985.6,62995.1,86.914
2026-06-19 07:45:00,62995.1,63043.3,62970.6,62970.6,99.578
2026-06-19 07:48:00,62970.7,62974.7,62926.0,62963.6,76.402
2026-06-19 07:51:00,62963.6,62974.3,62935.3,62935.3,73.278
2026-06-19 07:54:00,62935.3,63007.5,62935.3,62991.5,197.546
2026-06-19 07:57:00,62991.4,62991.4,62917.8,62923.3,64.529
2026-06-19 08:00:00,62923.3,62940.0,62906.4,62919.9,75.7
2026-06-19 08:03:00,62919.9,63000.0,62919.9,62963.5,169.97
2026-06-19 08:06:00,62963.4,62970.0,62884.0,62903.5,160.334
2026-06-19 08:09:00,62903.6,62909.4,62884.2,62899.6,47.93
2026-06-19 08:12:00,62899.6,62923.7,62899.6,62912.0,67.451
2026-06-19 08:15:00,62912.0,62923.0,62858.2,62923.0,160.227
2026-06-19 08:18:00,62923.0,62933.0,62894.1,62894.1,166.258
2026-06-19 08:21:00,62894.1,62968.9,62894.1,62946.7,73.829
2026-06-19 08:24:00,62946.6,62968.9,62931.1,62968.9,42.503
2026-06-19 08:27:00,62968.9,62994.4,62968.8,62974.2,42.43
2026-06-19 08:30:00,62974.2,63004.8,62940.0,62940.1,78.065
2026-06-19 08:33:00,62940.1,62978.4,62918.4,62923.1,64.066
2026-06-19 08:36:00,62923.1,62923.2,62872.0,62876.4,94.154
2026-06-19 08:39:00,62876.5,62887.7,62842.8,62856.5,98.707
2026-06-19 08:42:00,62856.6,62856.6,62681.8,62711.5,770.443
2026-06-19 08:45:00,62711.6,62728.5,62237.2,62415.6,5043.735
2026-06-19 08:48:00,62415.6,62595.3,62350.0,62506.9,1475.774
2026-06-19 08:51:00,62506.8,62767.9,62496.2,62760.0,1107.753
2026-06-19 08:54:00,62760.1,62825.2,62726.9,62734.0,495.56
2026-06-19 08:57:00,62734.0,62826.7,62721.8,62809.7,254.12
2026-06-19 09:00:00,62809.7,62809.7,62750.0,62759.3,182.605
2026-06-19 09:03:00,62759.4,62759.4,62694.3,62698.2,243.726
2026-06-19 09:06:00,62698.2,62698.3,62628.7,62650.5,321.743
2026-06-19 09:09:00,62650.6,62666.5,62581.0,62644.2,366.303
2026-06-19 09:12:00,62644.3,62675.3,62618.2,62669.9,170.821
2026-06-19 09:15:00,62669.9,62673.7,62626.2,62663.7,106.591
2026-06-19 09:18:00,62663.8,62689.0,62600.0,62689.0,230.417
2026-06-19 09:21:00,62689.1,62756.0,62688.1,62724.1,290.825
2026-06-19 09:24:00,62724.0,62736.7,62718.5,62730.7,90.661
2026-06-19 09:27:00,62730.7,62786.7,62730.6,62745.1,191.167
2026-06-19 09:30:00,62745.1,62748.5,62585.0,62643.3,522.533
2026-06-19 09:33:00,62643.3,62663.1,62588.0,62640.8,316.118
2026-06-19 09:36:00,62640.9,62746.0,62631.0,62732.2,142.442
2026-06-19 09:39:00,62732.3,62849.6,62726.0,62842.4,289.084
2026-06-19 09:42:00,62842.4,62856.5,62813.2,62843.0,171.855
2026-06-19 09:45:00,62843.0,62888.8,62811.6,62876.8,241.346
2026-06-19 09:48:00,62876.8,62886.5,62703.7,62703.8,229.796
2026-06-19 09:51:00,62703.7,62728.3,62681.0,62725.1,249.038
2026-06-19 09:54:00,62725.1,62750.0,62705.9,62716.6,88.693
2026-06-19 09:57:00,62716.6,62727.9,62690.9,62697.2,95.553
2026-06-19 10:00:00,62697.1,62705.9,62588.0,62600.8,287.505
2026-06-19 10:03:00,62600.8,62617.5,62486.0,62547.9,603.721
2026-06-19 10:06:00,62548.0,62580.0,62517.7,62529.4,254.29
2026-06-19 10:09:00,62529.5,62564.7,62505.1,62564.6,178.105
2026-06-19 10:12:00,62564.6,62591.0,62550.0,62582.5,175.808
2026-06-19 10:15:00,62582.5,62599.0,62558.0,62558.0,83.409
2026-06-19 10:18:00,62558.0,62651.9,62558.0,62598.5,105.627
2026-06-19 10:21:00,62598.5,62598.5,62495.8,62495.8,358.916
2026-06-19 10:24:00,62495.9,62499.9,62385.1,62387.9,772.314
2026-06-19 10:27:00,62387.9,62442.5,62375.7,62421.7,385.503
2026-06-19 10:30:00,62421.8,62562.0,62417.4,62554.1,373.617
2026-06-19 10:33:00,62554.0,62600.0,62534.5,62599.9,204.934
2026-06-19 10:36:00,62599.9,62624.9,62564.1,62624.9,142.184
2026-06-19 10:39:00,62624.8,62638.1,62585.0,62611.2,348.47
2026-06-19 10:42:00,62611.2,62638.1,62610.3,62638.0,196.832
2026-06-19 10:45:00,62638.1,62638.1,62552.4,62579.2,210.566
2026-06-19 10:48:00,62579.2,62594.5,62550.0,62560.1,276.274
2026-06-19 10:51:00,62560.1,62610.8,62538.6,62576.2,94.125
2026-06-19 10:54:00,62576.2,62617.7,62572.0,62607.2,72.405
2026-06-19 10:57:00,62607.2,62607.2,62557.3,62579.7,61.697
2026-06-19 11:00:00,62579.7,62645.0,62564.4,62573.3,257.093
2026-06-19 11:03:00,62573.3,62614.0,62523.3,62560.3,111.658
2026-06-19 11:06:00,62560.4,62592.3,62552.4,62575.9,114.289
2026-06-19 11:09:00,62576.0,62607.8,62563.6,62599.9,187.771
2026-06-19 11:12:00,62600.0,62626.4,62564.5,62626.3,129.264
2026-06-19 11:15:00,62626.4,62682.9,62611.6,62671.7,262.845
2026-06-19 11:18:00,62671.6,62689.9,62665.2,62689.9,122.361
2026-06-19 11:21:00,62689.8,62714.4,62675.3,62677.8,302.596
2026-06-19 11:24:00,62677.9,62715.0,62677.8,62690.8,204.162
2026-06-19 11:27:00,62690.9,62709.8,62690.9,62707.0,101.619
2026-06-19 11:30:00,62707.1,62733.0,62691.0,62732.1,246.638
2026-06-19 11:33:00,62732.1,62825.6,62732.0,62808.5,251.835
2026-06-19 11:36:00,62808.6,62808.6,62753.7,62755.2,112.599
2026-06-19 11:39:00,62755.3,62796.7,62742.0,62757.2,116.0
2026-06-19 11:42:00,62757.3,62821.8,62755.6,62821.7,139.643
2026-06-19 11:45:00,62821.7,62842.2,62751.0,62762.9,188.872
2026-06-19 11:48:00,62762.9,62776.3,62736.8,62736.8,107.76
2026-06-19 11:51:00,62736.6,62792.9,62727.8,62789.9,63.823
2026-06-19 11:54:00,62789.9,62817.3,62781.0,62809.4,74.831
2026-06-19 11:57:00,62809.5,62810.7,62790.1,62806.2,50.922
2026-06-19 12:00:00,62806.2,62855.6,62770.9,62793.6,137.404
2026-06-19 12:03:00,62793.5,62812.2,62732.6,62734.5,119.773
2026-06-19 12:06:00,62734.6,62742.7,62700.2,62704.3,115.332
2026-06-19 12:09:00,62704.3,62739.3,62700.0,62726.6,55.371
2026-06-19 12:12:00,62726.6,62799.0,62726.6,62795.9,53.685
2026-06-19 12:15:00,62795.8,62795.9,62734.3,62741.6,85.356
2026-06-19 12:18:00,62741.6,62772.0,62741.6,62763.0,60.915
2026-06-19 12:21:00,62763.0,62844.2,62750.9,62844.1,113.771
2026-06-19 12:24:00,62844.2,62862.1,62830.0,62847.5,325.48
2026-06-19 12:27:00,62847.5,62888.7,62840.2,62865.1,238.463
2026-06-19 12:30:00,62865.0,62896.8,62845.5,62845.5,172.238
2026-06-19 12:33:00,62845.6,62845.6,62801.0,62816.0,161.63
2026-06-19 12:36:00,62816.0,62817.2,62776.0,62814.7,159.434
2026-06-19 12:39:00,62814.7,62829.5,62793.2,62818.5,90.51
2026-06-19 12:42:00,62818.5,62818.5,62747.0,62747.0,110.058
2026-06-19 12:45:00,62747.1,62773.7,62723.4,62767.2,107.373
2026-06-19 12:48:00,62767.2,62767.2,62679.9,62710.8,175.101
2026-06-19 12:51:00,62710.9,62766.5,62710.9,62729.4,104.85
2026-06-19 12:54:00,62729.3,62806.7,62729.3,62767.6,104.41
2026-06-19 12:57:00,62767.7,62774.3,62691.7,62710.0,177.369
2026-06-19 13:00:00,62710.0,62799.9,62710.0,62711.4,184.063
2026-06-19 13:03:00,62711.4,62719.5,62602.4,62614.4,395.051
2026-06-19 13:06:00,62614.4,62618.8,62465.6,62486.2,1156.125
2026-06-19 13:09:00,62486.2,62506.6,62468.4,62489.2,325.972
2026-06-19 13:12:00,62489.2,62522.6,62470.2,62517.6,450.855
2026-06-19 13:15:00,62517.6,62540.4,62473.5,62500.0,345.537
2026-06-19 13:18:00,62500.1,62546.9,62485.3,62546.9,230.061
2026-06-19 13:21:00,62546.9,62650.0,62546.9,62566.8,513.569
2026-06-19 13:24:00,62566.9,62600.0,62519.0,62580.1,248.091
2026-06-19 13:27:00,62580.1,62597.7,62572.0,62592.4,107.5
2026-06-19 13:30:00,62592.4,62599.9,62578.3,62578.4,178.68
2026-06-19 13:33:00,62578.3,62618.5,62556.9,62572.6,126.43
2026-06-19 13:36:00,62572.6,62596.4,62560.0,62571.9,59.426
2026-06-19 13:39:00,62571.9,62607.8,62504.7,62604.3,312.097
2026-06-19 13:42:00,62604.3,62647.2,62599.9,62638.5,267.498
2026-06-19 13:45:00,62638.4,62638.4,62574.5,62583.2,184.182
2026-06-19 13:48:00,62583.2,62625.0,62572.3,62621.0,130.246
2026-06-19 13:51:00,62621.0,62689.2,62604.7,62671.1,176.009
2026-06-19 13:54:00,62671.2,62680.4,62624.2,62652.9,122.998
2026-06-19 13:57:00,62653.0,62654.3,62618.3,62637.6,94.493
2026-06-19 14:00:00,62637.7,62690.0,62637.7,62640.9,131.732
2026-06-19 14:03:00,62640.8,62655.0,62614.1,62643.5,102.116
2026-06-19 14:06:00,62643.6,62741.3,62638.7,62741.2,353.949
2026-06-19 14:09:00,62741.2,62758.1,62583.2,62583.2,397.839
2026-06-19 14:12:00,62583.2,62639.6,62550.0,62619.2,314.495
2026-06-19 14:15:00,62619.2,62629.3,62600.0,62629.3,106.192
2026-06-19 14:18:00,62629.2,62642.0,62600.2,62624.9,166.157
2026-06-19 14:21:00,62625.0,62638.3,62586.2,62586.2,184.441
2026-06-19 14:24:00,62586.2,62589.6,62533.3,62533.3,92.129
2026-06-19 14:27:00,62533.3,62575.7,62533.3,62575.7,83.961
2026-06-19 14:30:00,62575.7,62623.2,62573.9,62575.2,164.21
2026-06-19 14:33:00,62575.1,62613.4,62485.6,62494.9,239.463
2026-06-19 14:36:00,62494.8,62508.9,62480.0,62484.2,161.882
2026-06-19 14:39:00,62484.3,62484.3,62318.6,62411.4,749.379
2026-06-19 14:42:00,62411.4,62411.4,62283.7,62391.8,958.727
2026-06-19 14:45:00,62391.7,62439.9,62390.3,62394.5,361.958
2026-06-19 14:48:00,62394.5,62415.4,62380.9,62391.3,160.277
2026-06-19 14:51:00,62391.3,62391.4,62272.4,62336.0,481.08
2026-06-19 14:54:00,62335.9,62416.8,62335.9,62366.1,226.936
2026-06-19 14:57:00,62366.1,62366.2,62315.3,62344.2,224.386
2026-06-19 15:00:00,62344.1,62433.9,62344.1,62411.3,185.007
2026-06-19 15:03:00,62411.3,62444.8,62391.8,62415.1,256.869
2026-06-19 15:06:00,62415.1,62456.4,62412.7,62412.8,117.167
2026-06-19 15:09:00,62412.9,62465.3,62382.6,62411.3,344.213
2026-06-19 15:12:00,62411.3,62417.4,62390.0,62390.0,119.789
2026-06-19 15:15:00,62390.0,62398.6,62354.4,62369.4,264.263
2026-06-19 15:18:00,62369.3,62386.0,62300.0,62363.5,283.984
2026-06-19 15:21:00,62363.5,62363.5,62305.0,62351.9,268.187
2026-06-19 15:24:00,62352.0,62373.5,62332.3,62356.2,224.925
2026-06-19 15:27:00,62356.1,62400.6,62349.4,62353.0,324.501
2026-06-19 15:30:00,62352.9,62384.0,62350.0,62364.4,181.273
2026-06-19 15:33:00,62364.3,62398.1,62347.8,62371.3,141.427
2026-06-19 15:36:00,62371.4,62452.7,62358.4,62452.7,220.135
2026-06-19 15:39:00,62452.7,62538.7,62451.6,62479.2,563.704
2026-06-19 15:42:00,62479.2,62523.8,62478.6,62521.0,215.998
2026-06-19 15:45:00,62520.9,62520.9,62400.0,62400.1,161.679
2026-06-19 15:48:00,62400.1,62426.5,62400.0,62425.0,89.115
2026-06-19 15:51:00,62424.9,62489.4,62410.1,62463.2,109.445
2026-06-19 15:54:00,62463.2,62489.6,62400.0,62478.9,157.146
2026-06-19 15:57:00,62478.8,62510.0,62446.2,62473.5,121.559
2026-06-19 16:00:00,62473.5,62473.6,62389.8,62421.9,198.872
2026-06-19 16:03:00,62422.0,62460.4,62417.4,62441.9,106.72
2026-06-19 16:06:00,62441.8,62449.0,62390.1,62408.8,121.5
2026-06-19 16:09:00,62408.6,62419.6,62381.3,62402.3,121.91
2026-06-19 16:12:00,62402.3,62427.6,62387.5,62389.9,110.726
2026-06-19 16:15:00,62389.8,62445.2,62375.6,62432.8,234.591
2026-06-19 16:18:00,62432.9,62456.6,62421.6,62445.3,88.568
2026-06-19 16:21:00,62445.2,62545.8,62431.3,62538.7,152.719
2026-06-19 16:24:00,62538.7,62566.2,62481.3,62554.8,387.438
2026-06-19 16:27:00,62554.8,62570.1,62500.0,62506.2,175.1
2026-06-19 16:30:00,62506.3,62534.9,62482.1,62534.9,135.792
2026-06-19 16:33:00,62534.8,62543.9,62490.2,62490.2,113.1
2026-06-19 16:36:00,62490.3,62501.7,62419.5,62460.1,183.669
2026-06-19 16:39:00,62460.1,62479.8,62434.6,62470.6,68.542
2026-06-19 16:42:00,62470.7,62500.0,62424.3,62465.8,164.435
2026-06-19 16:45:00,62465.9,62507.8,62433.0,62436.7,189.74
2026-06-19 16:48:00,62436.6,62554.8,62436.6,62543.3,188.236
2026-06-19 16:51:00,62543.3,62664.3,62533.9,62663.3,587.854
2026-06-19 16:54:00,62663.2,62663.3,62563.6,62582.4,129.893
2026-06-19 16:57:00,62582.5,62635.1,62561.1,62616.3,111.888
2026-06-19 17:00:00,62616.3,62657.1,62610.0,62610.0,207.525
2026-06-19 17:03:00,62610.0,62615.0,62581.2,62591.4,78.104
2026-06-19 17:06:00,62591.4,62594.3,62557.3,62590.9,118.578
2026-06-19 17:09:00,62591.1,62616.9,62560.0,62610.8,142.404
2026-06-19 17:12:00,62610.8,62639.4,62610.7,62625.2,85.729
2026-06-19 17:15:00,62625.1,62658.5,62610.9,62644.9,140.255
2026-06-19 17:18:00,62645.0,62647.7,62622.4,62622.4,84.955
2026-06-19 17:21:00,62622.4,62629.2,62588.1,62604.6,88.93
2026-06-19 17:24:00,62604.6,62630.8,62568.6,62587.1,156.14
2026-06-19 17:27:00,62587.1,62604.0,62582.1,62600.0,60.067
2026-06-19 17:30:00,62600.0,62635.0,62599.9,62609.1,163.968
2026-06-19 17:33:00,62609.2,62645.0,62606.5,62622.9,91.608
2026-06-19 17:36:00,62623.0,62623.0,62567.6,62598.0,142.213
2026-06-19 17:39:00,62598.0,62661.7,62598.0,62610.5,142.733
2026-06-19 17:42:00,62610.5,62633.5,62594.2,62594.3,74.709
2026-06-19 17:45:00,62594.2,62594.2,62458.4,62472.6,322.0
2026-06-19 17:48:00,62472.5,62513.6,62472.5,62484.3,120.058
2026-06-19 17:51:00,62484.3,62549.8,62484.3,62523.0,126.093
2026-06-19 17:54:00,62522.9,62523.0,62490.1,62505.1,77.327
2026-06-19 17:57:00,62505.1,62537.7,62505.1,62528.2,94.467
2026-06-19 18:00:00,62528.2,62536.0,62470.5,62470.5,186.358
2026-06-19 18:03:00,62470.6,62479.9,62402.0,62434.3,220.604
2026-06-19 18:06:00,62434.3,62501.8,62370.0,62492.2,603.716
2026-06-19 18:09:00,62492.2,62577.0,62489.1,62523.4,295.208
2026-06-19 18:12:00,62523.3,62548.7,62478.4,62478.4,74.281
2026-06-19 18:15:00,62478.4,62485.9,62322.0,62350.1,398.363
2026-06-19 18:18:00,62350.0,62487.0,62315.2,62480.4,404.165
2026-06-19 18:21:00,62480.5,62844.8,62480.4,62749.8,1962.137
2026-06-19 18:24:00,62749.8,62781.0,62680.4,62738.2,586.242
2026-06-19 18:27:00,62738.1,62802.4,62717.7,62799.4,653.102
2026-06-19 18:30:00,62799.4,62849.0,62733.7,62742.6,908.684
2026-06-19 18:33:00,62742.6,62974.9,62721.3,62941.1,1210.002
2026-06-19 18:36:00,62941.1,62952.1,62853.3,62853.4,509.684
2026-06-19 18:39:00,62853.3,62853.4,62772.4,62780.3,335.991
2026-06-19 18:42:00,62780.3,62797.0,62752.4,62752.8,170.117
2026-06-19 18:45:00,62752.8,62784.9,62687.7,62687.7,369.114
2026-06-19 18:48:00,62687.7,62713.1,62629.5,62700.6,581.073
2026-06-19 18:51:00,62700.7,62729.9,62645.0,62728.0,210.666
2026-06-19 18:54:00,62728.0,62747.4,62692.6,62724.0,128.89
2026-06-19 18:57:00,62724.0,62766.0,62715.1,62758.9,180.148
2026-06-19 19:00:00,62758.9,62806.3,62722.3,62744.7,317.666
2026-06-19 19:03:00,62744.8,62824.2,62712.5,62801.9,130.777
2026-06-19 19:06:00,62801.9,62920.0,62765.3,62872.3,306.596
2026-06-19 19:09:00,62872.3,62964.8,62872.3,62946.3,647.398
2026-06-19 19:12:00,62946.3,63099.8,62930.1,63062.3,1474.34
2026-06-19 19:15:00,63061.6,63410.3,63046.8,63193.6,3896.51
2026-06-19 19:18:00,63193.6,63297.9,63157.3,63194.5,1068.666
2026-06-19 19:21:00,63194.5,63217.3,63150.6,63199.9,451.29
2026-06-19 19:24:00,63199.9,63258.5,63127.3,63196.1,682.959
2026-06-19 19:27:00,63196.1,63232.0,63174.0,63174.2,297.557
2026-06-19 19:30:00,63174.1,63209.2,63122.0,63209.2,383.101
2026-06-19 19:33:00,63209.1,63230.0,63158.0,63174.1,248.919
2026-06-19 19:36:00,63174.1,63178.5,63026.1,63138.7,756.646
2026-06-19 19:39:00,63138.7,63142.0,63001.1,63032.8,368.635
2026-06-19 19:42:00,63033.0,63061.5,63018.9,63060.3,252.958
2026-06-19 19:45:00,63060.3,63076.6,63007.1,63032.3,555.423
2026-06-19 19:48:00,63032.3,63076.1,63010.0,63010.0,186.723
2026-06-19 19:51:00,63010.0,63040.0,62972.8,62980.7,300.008
2026-06-19 19:54:00,62980.6,63250.0,62980.6,63232.5,891.341
2026-06-19 19:57:00,63232.5,63267.0,63202.4,63239.9,430.843
2026-06-19 20:00:00,63240.0,63279.0,63142.1,63174.6,333.452
2026-06-19 20:03:00,63174.6,63294.9,63174.6,63294.9,282.121
2026-06-19 20:06:00,63294.9,63398.3,63294.8,63334.6,925.913
2026-06-19 20:09:00,63334.6,63364.9,63274.9,63340.0,300.048
2026-06-19 20:12:00,63340.1,63349.2,63280.0,63280.0,202.72
2026-06-19 20:15:00,63280.1,63312.3,63227.7,63279.7,415.85
2026-06-19 20:18:00,63279.8,63339.6,63260.0,63265.5,234.937
2026-06-19 20:21:00,63265.6,63288.7,63209.9,63217.3,226.222
2026-06-19 20:24:00,63217.3,63239.0,63161.9,63190.3,326.485
2026-06-19 20:27:00,63190.2,63195.2,63163.8,63174.8,172.569
2026-06-19 20:30:00,63174.8,63182.3,63123.1,63151.0,244.233
2026-06-19 20:33:00,63151.0,63151.0,63082.5,63101.0,268.65
2026-06-19 20:36:00,63101.0,63229.9,63101.0,63188.6,321.561
2026-06-19 20:39:00,63188.6,63193.8,63133.0,63133.0,116.503
2026-06-19 20:42:00,63133.0,63158.5,63118.7,63158.5,83.592
2026-06-19 20:45:00,63158.6,63188.6,63104.9,63104.9,146.283
2026-06-19 20:48:00,63104.9,63134.7,63036.6,63050.2,324.119
2026-06-19 20:51:00,63050.2,63096.5,62993.7,63014.4,491.927
2026-06-19 20:54:00,63014.4,63052.8,62992.0,63041.5,250.93
2026-06-19 20:57:00,63041.4,63046.9,63015.0,63034.5,101.982
2026-06-19 21:00:00,63034.4,63129.7,63034.4,63112.1,274.135
2026-06-19 21:03:00,63112.2,63188.0,63102.6,63160.6,131.066
2026-06-19 21:06:00,63160.4,63160.4,63101.9,63123.7,75.738
2026-06-19 21:09:00,63123.7,63220.0,63067.3,63206.4,404.038
2026-06-19 21:12:00,63206.6,63266.3,63200.0,63220.8,273.558
2026-06-19 21:15:00,63220.9,63260.1,63191.0,63216.6,242.377
2026-06-19 21:18:00,63216.6,63238.1,63170.7,63211.0,140.37
2026-06-19 21:21:00,63211.1,63221.8,63173.4,63207.7,175.048
2026-06-19 21:24:00,63207.6,63247.3,63199.9,63240.4,181.987
2026-06-19 21:27:00,63240.3,63240.4,63175.0,63193.0,180.704
2026-06-19 21:30:00,63193.1,63251.0,63189.7,63200.0,564.351
2026-06-19 21:33:00,63200.1,63206.3,63126.4,63174.3,252.92
2026-06-19 21:36:00,63174.3,63190.8,63092.7,63093.8,115.695
2026-06-19 21:39:00,63093.8,63123.5,63068.5,63113.8,166.578
2026-06-19 21:42:00,63113.8,63376.6,63113.2,63359.5,942.182
2026-06-19 21:45:00,63359.5,63361.0,63271.7,63303.6,552.203
2026-06-19 21:48:00,63303.6,63336.7,63239.6,63286.3,457.235
2026-06-19 21:51:00,63286.3,63297.2,63246.0,63276.5,194.076
2026-06-19 21:54:00,63276.5,63307.8,63263.3,63301.4,89.301
2026-06-19 21:57:00,63301.4,63367.1,63286.3,63286.3,265.287
2026-06-19 22:00:00,63286.2,63363.6,63222.9,63355.6,353.316
2026-06-19 22:03:00,63355.6,63355.7,63234.3,63263.9,175.219
2026-06-19 22:06:00,63264.0,63300.0,63240.5,63290.0,88.426
2026-06-19 22:09:00,63289.9,63290.0,63223.3,63230.9,75.846
2026-06-19 22:12:00,63231.0,63261.9,63219.1,63219.1,101.612
2026-06-19 22:15:00,63219.1,63219.2,63175.0,63176.0,155.473
2026-06-19 22:18:00,63175.8,63195.4,63129.6,63129.7,140.587
2026-06-19 22:21:00,63129.7,63137.2,63065.0,63068.6,264.334
2026-06-19 22:24:00,63068.7,63072.8,62897.8,62967.8,1074.552
2026-06-19 22:27:00,62967.7,63005.2,62927.2,62943.7,343.363
2026-06-19 22:30:00,62943.7,62976.9,62900.0,62957.6,405.231
2026-06-19 22:33:00,62957.6,62972.6,62860.0,62955.0,436.273
2026-06-19 22:36:00,62954.9,63004.9,62939.1,62977.6,279.753
2026-06-19 22:39:00,62977.7,62998.4,62908.5,62980.0,118.985
2026-06-19 22:42:00,62980.0,62989.3,62928.8,62974.0,129.02
2026-06-19 22:45:00,62973.9,63038.2,62953.4,63031.2,251.688
2026-06-19 22:48:00,63031.2,63099.0,63000.0,63066.1,357.729
2026-06-19 22:51:00,63066.1,63067.7,62999.8,62999.8,136.409
2026-06-19 22:54:00,62999.8,62999.8,62892.1,62892.4,192.261
2026-06-19 22:57:00,62892.3,62900.0,62836.6,62899.9,399.286
2026-06-19 23:00:00,62900.0,62985.0,62884.2,62949.8,179.442
2026-06-19 23:03:00,62949.8,63043.6,62949.8,63002.3,155.27
2026-06-19 23:06:00,63002.3,63018.9,62974.2,63006.7,134.433
2026-06-19 23:09:00,63006.8,63049.4,63004.0,63032.3,122.57
2026-06-19 23:12:00,63032.3,63087.0,63026.6,63073.2,228.512
2026-06-19 23:15:00,63073.1,63076.9,63010.1,63064.6,94.221
2026-06-19 23:18:00,63064.7,63213.0,63064.6,63179.1,666.814
2026-06-19 23:21:00,63179.1,63200.0,63105.0,63170.5,348.077
2026-06-19 23:24:00,63170.6,63183.6,63146.5,63151.5,105.747
2026-06-19 23:27:00,63151.4,63200.0,63151.4,63166.7,117.677
2026-06-19 23:30:00,63166.6,63175.3,63091.9,63127.5,201.843
2026-06-19 23:33:00,63127.5,63127.5,63101.0,63115.9,85.524
2026-06-19 23:36:00,63115.9,63124.6,63078.4,63090.1,97.962
2026-06-19 23:39:00,63090.1,63120.4,63076.2,63120.4,133.209
2026-06-19 23:42:00,63120.3,63134.0,63107.6,63133.9,50.798
2026-06-19 23:45:00,63133.9,63134.0,63088.0,63092.0,121.036
2026-06-19 23:48:00,63092.0,63136.8,63079.3,63124.4,118.272
2026-06-19 23:51:00,63124.4,63137.8,63105.0,63116.2,52.484
2026-06-19 23:54:00,63116.2,63119.5,63092.3,63107.2,44.87
2026-06-19 23:57:00,63107.1,63107.2,63080.3,63083.9,63.05
2026-06-20 00:00:00,63083.9,63093.1,63036.0,63086.0,106.491
2026-06-20 00:03:00,63085.9,63144.4,63076.4,63144.1,94.604
2026-06-20 00:06:00,63144.2,63159.2,63040.9,63045.1,150.827
2026-06-20 00:09:00,63045.1,63045.2,62958.0,63029.9,369.454
2026-06-20 00:12:00,63030.0,63035.6,63003.1,63029.4,106.071
2026-06-20 00:15:00,63029.3,63048.7,63022.1,63024.2,46.074
2026-06-20 00:18:00,63024.1,63041.7,63005.9,63034.4,72.933
2026-06-20 00:21:00,63034.4,63043.2,62982.5,62991.3,62.885
2026-06-20 00:24:00,62991.3,63042.2,62991.3,63038.0,89.061
2026-06-20 00:27:00,63038.0,63115.0,63037.9,63079.3,98.933
2026-06-20 00:30:00,63079.2,63087.8,63003.7,63037.5,91.579
2026-06-20 00:33:00,63037.5,63088.0,63014.7,63047.6,77.933
2026-06-20 00:36:00,63047.5,63053.9,62994.3,63024.9,83.467
2026-06-20 00:39:00,63024.9,63025.0,62972.6,62980.6,68.877
2026-06-20 00:42:00,62980.6,63030.0,62978.0,63030.0,44.313
2026-06-20 00:45:00,63029.9,63035.9,63016.9,63016.9,33.466
2026-06-20 00:48:00,63016.9,63035.5,62966.7,62990.5,89.475
2026-06-20 00:51:00,62990.5,63000.0,62966.0,62973.2,48.524
2026-06-20 00:54:00,62973.1,62990.0,62907.4,62913.0,127.525
2026-06-20 00:57:00,62913.0,62975.4,62913.0,62968.9,94.26
2026-06-20 01:00:00,62968.9,62977.5,62945.6,62977.5,206.967
2026-06-20 01:03:00,62977.4,62977.5,62927.5,62927.5,56.506
2026-06-20 01:06:00,62927.6,63001.5,62927.5,62986.6,68.356
2026-06-20 01:09:00,62986.6,62986.6,62952.1,62974.6,29.398
2026-06-20 01:12:00,62974.5,62990.3,62973.0,62973.8,34.884
2026-06-20 01:15:00,62973.8,63000.0,62958.0,62994.7,60.875
2026-06-20 01:18:00,62994.6,63117.0,62994.6,63094.9,197.315
2026-06-20 01:21:00,63094.8,63094.8,63045.2,63051.2,52.589
2026-06-20 01:24:00,63051.4,63086.9,63012.8,63023.1,123.26
2026-06-20 01:27:00,63023.2,63027.7,62974.5,63001.9,129.985
2026-06-20 01:30:00,63001.8,63055.5,63001.8,63004.0,68.59
2026-06-20 01:33:00,63004.0,63023.1,62986.7,63022.4,62.792
2026-06-20 01:36:00,63022.4,63054.7,63016.0,63052.9,55.951
2026-06-20 01:39:00,63053.0,63053.0,63034.3,63050.0,43.697
2026-06-20 01:42:00,63050.0,63053.2,63040.5,63053.1,24.334
2026-06-20 01:45:00,63053.2,63053.2,63013.6,63015.2,41.716
2026-06-20 01:48:00,63015.2,63023.7,62941.3,62941.3,112.414
2026-06-20 01:51:00,62941.2,62980.2,62926.2,62965.8,68.612
2026-06-20 01:54:00,62965.7,63047.3,62965.7,63045.0,61.026
2026-06-20 01:57:00,63045.0,63056.5,63043.2,63056.5,36.704
2026-06-20 02:00:00,63056.4,63077.4,63016.3,63016.3,75.187
2026-06-20 02:03:00,63016.4,63040.0,63004.0,63039.9,85.919
2026-06-20 02:06:00,63039.9,63062.9,63024.1,63024.1,54.928
2026-06-20 02:09:00,63024.1,63049.9,63004.0,63042.0,40.336
2026-06-20 02:12:00,63042.1,63069.4,63033.6,63069.4,36.586
2026-06-20 02:15:00,63069.3,63192.8,63063.3,63178.6,250.117
2026-06-20 02:18:00,63178.6,63178.6,63125.4,63161.6,74.219
2026-06-20 02:21:00,63161.7,63173.5,63152.4,63159.5,51.556
2026-06-20 02:24:00,63159.7,63183.9,63156.0,63183.5,73.502
2026-06-20 02:27:00,63183.5,63245.9,63179.7,63217.4,269.175
2026-06-20 02:30:00,63217.3,63217.4,63141.5,63141.6,291.758
2026-06-20 02:33:00,63141.6,63149.4,63127.0,63130.2,84.986
2026-06-20 02:36:00,63130.2,63187.3,63119.9,63178.1,86.379
2026-06-20 02:39:00,63178.0,63225.7,63178.0,63217.7,200.135
2026-06-20 02:42:00,63217.6,63253.6,63217.6,63238.4,118.296
2026-06-20 02:45:00,63238.4,63238.4,63218.2,63225.6,65.967
2026-06-20 02:48:00,63225.6,63225.7,63212.9,63218.8,76.522
2026-06-20 02:51:00,63218.9,63218.9,63171.2,63186.0,69.269
2026-06-20 02:54:00,63186.0,63196.6,63141.2,63163.5,79.392
2026-06-20 02:57:00,63163.4,63163.5,63129.7,63131.6,33.249
2026-06-20 03:00:00,63131.6,63140.2,63117.7,63133.0,53.582
2026-06-20 03:03:00,63132.8,63132.8,63089.4,63105.5,143.513
2026-06-20 03:06:00,63105.5,63131.4,63091.5,63116.2,68.726
2026-06-20 03:09:00,63116.2,63116.3,63072.9,63080.9,66.658
2026-06-20 03:12:00,63080.9,63104.9,63060.3,63060.4,41.121
2026-06-20 03:15:00,63060.3,63104.9,63060.3,63089.9,157.583
2026-06-20 03:18:00,63089.9,63104.5,63065.6,63100.0,160.893
2026-06-20 03:21:00,63099.9,63099.9,63057.2,63057.2,30.852
2026-06-20 03:24:00,63057.2,63057.3,63024.1,63037.9,69.641
2026-06-20 03:27:00,63037.9,63048.1,63034.1,63048.0,56.451
2026-06-20 03:30:00,63048.0,63080.0,63027.4,63060.9,150.875
2026-06-20 03:33:00,63060.7,63060.8,63022.7,63046.4,98.326
2026-06-20 03:36:00,63046.4,63046.4,63015.1,63027.0,53.088
2026-06-20 03:39:00,63026.9,63062.8,63026.9,63044.4,71.92
2026-06-20 03:42:00,63044.4,63067.0,63044.4,63067.0,56.093
2026-06-20 03:45:00,63067.0,63093.0,63066.9,63093.0,47.921
2026-06-20 03:48:00,63093.0,63199.9,63092.9,63184.5,223.313
2026-06-20 03:51:00,63184.5,63243.7,63180.2,63233.7,453.63
2026-06-20 03:54:00,63233.7,63272.7,63233.7,63272.5,155.313
2026-06-20 03:57:00,63272.6,63272.7,63233.4,63233.6,125.242
2026-06-20 04:00:00,63233.7,63234.0,63220.0,63220.0,63.887
2026-06-20 04:03:00,63220.1,63248.7,63220.0,63221.0,59.357
2026-06-20 04:06:00,63221.0,63235.8,63210.0,63210.0,126.241
2026-06-20 04:09:00,63210.0,63321.7,63210.0,63298.2,661.941
2026-06-20 04:12:00,63298.1,63300.2,63272.0,63291.7,112.294
2026-06-20 04:15:00,63291.8,63305.8,63270.8,63305.8,198.988
2026-06-20 04:18:00,63305.8,63345.1,63302.9,63302.9,147.294
2026-06-20 04:21:00,63303.0,63313.6,63290.0,63307.9,79.437
2026-06-20 04:24:00,63307.9,63317.1,63295.2,63295.3,50.481
2026-06-20 04:27:00,63295.2,63300.0,63280.0,63287.8,69.383
2026-06-20 04:30:00,63287.8,63312.2,63270.0,63270.0,260.941
2026-06-20 04:33:00,63270.0,63285.1,63260.0,63274.5,64.079
2026-06-20 04:36:00,63274.4,63277.0,63260.0,63277.0,61.079
2026-06-20 04:39:00,63277.0,63277.0,63250.0,63250.0,67.327
2026-06-20 04:42:00,63250.0,63263.8,63250.0,63263.7,40.722
2026-06-20 04:45:00,63263.8,63275.9,63252.3,63258.6,27.925
2026-06-20 04:48:00,63258.7,63280.0,63258.6,63263.5,109.398
2026-06-20 04:51:00,63263.6,63264.8,63260.3,63264.7,35.727
2026-06-20 04:54:00,63264.8,63307.2,63264.7,63304.1,47.464
2026-06-20 04:57:00,63304.1,63304.1,63266.1,63289.2,42.645
2026-06-20 05:00:00,63289.2,63312.2,63274.0,63295.7,138.222
2026-06-20 05:03:00,63295.7,63337.3,63280.0,63320.8,171.257
2026-06-20 05:06:00,63320.9,63320.9,63315.8,63320.9,25.437
2026-06-20 05:09:00,63320.8,63320.9,63279.8,63279.9,115.321
2026-06-20 05:12:00,63279.8,63296.9,63275.2,63296.9,47.419
2026-06-20 05:15:00,63296.8,63296.9,63266.4,63267.0,44.178
2026-06-20 05:18:00,63267.1,63302.8,63266.9,63275.4,127.664
2026-06-20 05:21:00,63275.4,63321.1,63270.0,63308.2,101.368
2026-06-20 05:24:00,63308.3,63645.0,63281.3,63619.9,2751.05
2026-06-20 05:27:00,63620.0,63644.7,63506.7,63512.6,944.661
2026-06-20 05:30:00,63512.5,63585.7,63494.8,63547.2,412.687
2026-06-20 05:33:00,63547.1,63565.5,63443.6,63493.4,262.307
2026-06-20 05:36:00,63493.5,63565.4,63477.2,63529.6,276.586
2026-06-20 05:39:00,63529.6,63540.2,63435.1,63439.5,311.214
2026-06-20 05:42:00,63439.6,63500.0,63435.0,63493.8,145.992
2026-06-20 05:45:00,63493.9,63523.8,63487.7,63498.9,89.84
2026-06-20 05:48:00,63498.8,63498.9,63456.9,63485.8,109.135
2026-06-20 05:51:00,63485.7,63485.7,63441.0,63446.4,83.535
2026-06-20 05:54:00,63446.4,63550.0,63441.0,63510.7,178.235
2026-06-20 05:57:00,63510.6,63621.0,63500.6,63590.3,359.113
2026-06-20 06:00:00,63590.3,63630.0,63553.5,63629.9,248.965
2026-06-20 06:03:00,63629.9,63757.2,63609.6,63686.0,1399.49
2026-06-20 06:06:00,63685.9,63695.1,63567.2,63575.4,372.758
2026-06-20 06:09:00,63575.5,63575.6,63500.3,63525.6,267.896
2026-06-20 06:12:00,63525.6,63575.6,63506.9,63575.6,133.285
2026-06-20 06:15:00,63575.5,63575.6,63507.9,63511.3,104.353
2026-06-20 06:18:00,63511.3,63577.6,63500.1,63526.8,199.894
2026-06-20 06:21:00,63526.9,63529.0,63480.4,63524.4,363.165
2026-06-20 06:24:00,63524.4,63578.8,63494.8,63507.6,200.614
2026-06-20 06:27:00,63507.6,63530.6,63494.9,63496.8,101.77
2026-06-20 06:30:00,63496.8,63513.6,63472.9,63495.9,142.289
2026-06-20 06:33:00,63496.0,63496.0,63454.2,63467.0,87.782
2026-06-20 06:36:00,63467.0,63494.2,63410.1,63410.1,217.795
2026-06-20 06:39:00,63410.1,63422.8,63400.0,63414.9,176.842
2026-06-20 06:42:00,63415.0,63430.9,63415.0,63422.2,60.68
2026-06-20 06:45:00,63422.2,63447.7,63402.5,63447.7,76.211
2026-06-20 06:48:00,63447.7,63479.3,63427.0,63473.3,100.715
2026-06-20 06:51:00,63473.4,63473.4,63428.5,63435.6,116.317
2026-06-20 06:54:00,63435.6,63435.6,63368.5,63393.2,283.538
2026-06-20 06:57:00,63393.1,63488.5,63387.2,63474.6,93.218
2026-06-20 07:00:00,63474.5,63529.2,63474.5,63527.4,217.731
2026-06-20 07:03:00,63527.4,63590.1,63520.1,63538.0,464.549
2026-06-20 07:06:00,63538.1,63580.7,63538.1,63580.6,83.285
2026-06-20 07:09:00,63580.7,63594.2,63525.9,63525.9,118.099
2026-06-20 07:12:00,63525.9,63540.7,63504.0,63540.7,66.317
2026-06-20 07:15:00,63540.6,63550.0,63516.1,63549.9,72.51
2026-06-20 07:18:00,63549.9,63558.8,63520.0,63534.5,73.719
2026-06-20 07:21:00,63534.5,63555.0,63530.4,63547.3,64.585
2026-06-20 07:24:00,63547.2,63558.8,63540.6,63551.3,45.143
2026-06-20 07:27:00,63551.3,63551.4,63524.4,63550.9,83.647
2026-06-20 07:30:00,63551.0,63551.0,63490.0,63520.5,165.672
2026-06-20 07:33:00,63520.5,63524.7,63461.7,63467.6,139.309
2026-06-20 07:36:00,63467.7,63487.6,63458.4,63462.3,47.336
2026-06-20 07:39:00,63462.3,63479.6,63462.3,63462.5,36.684
2026-06-20 07:42:00,63462.5,63465.2,63430.9,63441.8,89.984
2026-06-20 07:45:00,63441.8,63441.9,63383.4,63389.9,98.898
2026-06-20 07:48:00,63389.8,63391.6,63354.7,63380.0,138.111
2026-06-20 07:51:00,63380.1,63389.6,63361.6,63361.7,71.605
2026-06-20 07:54:00,63361.7,63385.0,63361.5,63384.9,71.789
2026-06-20 07:57:00,63385.0,63413.8,63371.2,63382.3,108.281
2026-06-20 08:00:00,63382.2,63466.0,63381.9,63466.0,95.445
2026-06-20 08:03:00,63466.0,63469.6,63388.2,63396.7,171.274
2026-06-20 08:06:00,63396.7,63402.4,63336.6,63381.8,222.297
2026-06-20 08:09:00,63381.9,63381.9,63347.4,63366.2,94.167
2026-06-20 08:12:00,63366.2,63381.9,63331.1,63372.3,119.107
2026-06-20 08:15:00,63372.3,63399.8,63372.2,63399.1,72.874
2026-06-20 08:18:00,63399.0,63400.0,63351.0,63373.5,72.586
2026-06-20 08:21:00,63373.5,63373.5,63309.4,63327.0,493.309
2026-06-20 08:24:00,63327.1,63358.0,63301.9,63325.6,270.853
2026-06-20 08:27:00,63325.7,63337.6,63301.8,63305.7,143.217
2026-06-20 08:30:00,63305.8,63351.2,63283.5,63351.2,259.983
2026-06-20 08:33:00,63351.1,63353.5,63330.0,63331.0,60.296
2026-06-20 08:36:00,63331.1,63352.3,63330.2,63330.2,91.034
2026-06-20 08:39:00,63330.2,63330.3,63295.9,63329.9,74.845
2026-06-20 08:42:00,63329.9,63342.9,63315.9,63319.7,69.858
2026-06-20 08:45:00,63319.8,63366.5,63319.8,63349.1,94.26
2026-06-20 08:48:00,63349.1,63385.6,63349.0,63354.0,144.433
2026-06-20 08:51:00,63354.1,63385.0,63354.0,63377.6,65.816
2026-06-20 08:54:00,63377.5,63425.0,63377.5,63409.6,144.707
2026-06-20 08:57:00,63409.6,63417.0,63400.2,63417.0,36.324
2026-06-20 09:00:00,63417.0,63428.1,63400.0,63426.3,77.085
2026-06-20 09:03:00,63426.4,63433.8,63382.9,63395.6,59.552
2026-06-20 09:06:00,63395.7,63436.0,63388.4,63435.9,57.108
2026-06-20 09:09:00,63436.0,63487.2,63435.9,63469.0,152.08
2026-06-20 09:12:00,63469.0,63470.0,63435.3,63456.3,94.926
2026-06-20 09:15:00,63456.3,63456.3,63430.0,63440.0,40.505
2026-06-20 09:18:00,63439.9,63466.2,63430.9,63449.5,68.351
2026-06-20 09:21:00,63449.5,63449.5,63414.2,63414.4,71.81
2026-06-20 09:24:00,63414.4,63420.7,63400.0,63400.1,29.229
2026-06-20 09:27:00,63400.0,63445.8,63400.0,63440.5,89.627
2026-06-20 09:30:00,63440.5,63444.0,63400.1,63400.1,69.81
2026-06-20 09:33:00,63400.1,63414.0,63391.4,63414.0,45.73
2026-06-20 09:36:00,63414.0,63434.8,63392.1,63395.5,46.62
2026-06-20 09:39:00,63395.4,63395.5,63367.6,63390.8,63.284
2026-06-20 09:42:00,63390.7,63409.1,63388.0,63399.2,77.93
2026-06-20 09:45:00,63399.1,63441.7,63392.4,63441.6,52.226
2026-06-20 09:48:00,63441.6,63486.8,63426.3,63463.2,135.612
2026-06-20 09:51:00,63463.2,63469.2,63441.5,63463.8,60.689
2026-06-20 09:54:00,63463.8,63511.1,63463.8,63506.4,111.948
2026-06-20 09:57:00,63506.5,63547.0,63506.4,63542.2,137.658
2026-06-20 10:00:00,63542.2,63550.4,63487.6,63492.2,203.245
2026-06-20 10:03:00,63492.2,63505.6,63488.0,63497.0,39.646
2026-06-20 10:06:00,63497.0,63527.2,63492.0,63506.4,89.287
2026-06-20 10:09:00,63506.5,63584.2,63506.5,63571.9,170.518
2026-06-20 10:12:00,63571.9,63588.0,63556.7,63578.1,181.004
2026-06-20 10:15:00,63578.2,63590.0,63511.5,63518.6,236.073
2026-06-20 10:18:00,63518.6,63574.9,63511.9,63574.9,85.667
2026-06-20 10:21:00,63575.0,63582.7,63541.0,63545.0,69.205
2026-06-20 10:24:00,63545.1,63565.4,63530.6,63530.8,127.021
2026-06-20 10:27:00,63530.7,63553.9,63530.7,63553.9,32.853
2026-06-20 10:30:00,63553.9,63581.6,63509.1,63540.1,131.189
2026-06-20 10:33:00,63540.0,63555.0,63523.7,63531.1,52.362
2026-06-20 10:36:00,63531.2,63703.8,63531.1,63675.3,800.461
2026-06-20 10:39:00,63675.4,63882.5,63661.6,63763.1,1621.049
2026-06-20 10:42:00,63763.0,63894.0,63696.4,63781.0,897.276
2026-06-20 10:45:00,63781.0,63812.7,63701.8,63701.8,471.878
2026-06-20 10:48:00,63701.8,63734.6,63694.1,63722.9,198.967
2026-06-20 10:51:00,63722.8,63727.9,63684.3,63693.0,161.345
2026-06-20 10:54:00,63693.0,63705.4,63681.0,63684.0,133.38
2026-06-20 10:57:00,63684.0,63700.0,63601.7,63604.5,241.128
2026-06-20 11:00:00,63604.5,63664.0,63604.5,63653.4,183.18
2026-06-20 11:03:00,63653.4,63705.2,63627.0,63656.9,543.406
2026-06-20 11:06:00,63656.9,63668.1,63625.7,63655.9,86.766
2026-06-20 11:09:00,63655.9,63660.7,63613.8,63629.9,118.399
2026-06-20 11:12:00,63630.0,63632.0,63609.5,63609.6,122.537
2026-06-20 11:15:00,63609.6,63647.4,63553.9,63588.2,239.196
2026-06-20 11:18:00,63588.2,63600.0,63580.3,63580.3,96.135
2026-06-20 11:21:00,63580.4,63632.1,63562.0,63628.6,157.311
2026-06-20 11:24:00,63628.6,63685.0,63628.5,63635.8,201.132
2026-06-20 11:27:00,63635.8,63654.4,63635.7,63645.5,69.332
2026-06-20 11:30:00,63645.4,63675.2,63627.6,63671.0,154.921
2026-06-20 11:33:00,63670.9,63692.3,63644.8,63648.1,194.651
2026-06-20 11:36:00,63648.1,63682.3,63638.7,63640.1,67.076
2026-06-20 11:39:00,63640.1,63640.1,63608.6,63629.1,75.729
2026-06-20 11:42:00,63629.0,63656.7,63613.4,63656.7,73.632
2026-06-20 11:45:00,63656.7,63663.6,63610.2,63639.2,57.478
2026-06-20 11:48:00,63639.2,63639.2,63624.3,63627.6,46.209
2026-06-20 11:51:00,63627.7,63724.3,63627.6,63693.4,219.734
2026-06-20 11:54:00,63693.3,63694.1,63640.9,63654.2,151.845
2026-06-20 11:57:00,63654.2,63673.4,63654.1,63672.2,62.358
2026-06-20 12:00:00,63672.3,63677.6,63659.4,63663.6,64.146
2026-06-20 12:03:00,63663.6,63696.2,63661.0,63687.2,66.472
2026-06-20 12:06:00,63687.2,63706.7,63677.8,63706.6,81.005
2026-06-20 12:09:00,63706.6,63718.5,63665.8,63680.7,131.954
2026-06-20 12:12:00,63680.6,63723.3,63680.6,63723.1,66.798
2026-06-20 12:15:00,63723.1,63728.2,63688.0,63695.9,102.189
2026-06-20 12:18:00,63696.0,63730.0,63695.0,63702.3,94.359
2026-06-20 12:21:00,63702.3,63717.0,63699.6,63708.9,69.303
2026-06-20 12:24:00,63708.9,63708.9,63695.4,63695.5,48.547
2026-06-20 12:27:00,63695.5,63726.2,63695.5,63710.0,84.013
2026-06-20 12:30:00,63710.1,63710.1,63601.6,63633.0,324.521
2026-06-20 12:33:00,63632.9,63645.8,63611.4,63611.4,101.333
2026-06-20 12:36:00,63611.4,63611.5,63558.4,63597.2,333.91
2026-06-20 12:39:00,63597.2,63644.7,63597.1,63603.2,115.68
2026-06-20 12:42:00,63603.3,63637.3,63600.8,63636.4,78.715
2026-06-20 12:45:00,63636.5,63649.3,63636.4,63649.3,81.182
2026-06-20 12:48:00,63649.3,63719.0,63649.3,63714.5,97.63
2026-06-20 12:51:00,63714.5,63739.1,63693.2,63738.2,108.842
2026-06-20 12:54:00,63738.2,63763.2,63731.9,63735.1,209.014
2026-06-20 12:57:00,63735.1,63763.1,63712.9,63763.0,128.564
2026-06-20 13:00:00,63763.1,63774.2,63735.8,63738.7,144.995
2026-06-20 13:03:00,63738.7,63738.8,63696.0,63707.1,119.636
2026-06-20 13:06:00,63707.1,63746.8,63684.8,63723.4,135.537
2026-06-20 13:09:00,63723.3,63763.1,63723.3,63734.2,119.169
2026-06-20 13:12:00,63734.2,63734.3,63720.2,63720.5,174.309
2026-06-20 13:15:00,63720.4,63742.2,63695.5,63700.3,210.87
2026-06-20 13:18:00,63700.2,63725.2,63677.5,63717.2,226.92
2026-06-20 13:21:00,63717.1,63719.6,63676.4,63679.4,239.38
2026-06-20 13:24:00,63679.4,63685.3,63654.5,63677.4,261.701
2026-06-20 13:27:00,63677.3,63677.4,63614.0,63625.0,322.009
2026-06-20 13:30:00,63625.0,63630.0,63434.4,63485.6,1080.751
2026-06-20 13:33:00,63485.5,63630.0,63483.1,63575.1,457.717
2026-06-20 13:36:00,63575.0,63590.2,63520.0,63535.3,184.997
2026-06-20 13:39:00,63535.4,63535.4,63496.9,63511.0,144.079
2026-06-20 13:42:00,63511.0,63523.7,63501.8,63523.4,123.826
2026-06-20 13:45:00,63523.4,63553.7,63516.8,63525.3,225.082
2026-06-20 13:48:00,63525.2,63542.7,63520.3,63542.6,60.514
2026-06-20 13:51:00,63542.7,63542.7,63470.0,63486.7,203.648
2026-06-20 13:54:00,63486.6,63492.9,63472.7,63481.5,137.006
2026-06-20 13:57:00,63481.6,63481.6,63437.0,63450.0,233.152
2026-06-20 14:00:00,63450.1,63450.5,63413.4,63440.0,297.323
2026-06-20 14:03:00,63440.0,63466.3,63439.9,63443.9,152.913
2026-06-20 14:06:00,63443.9,63456.4,63396.8,63405.0,236.637
2026-06-20 14:09:00,63405.1,63463.0,63405.1,63450.3,188.871
2026-06-20 14:12:00,63450.4,63450.4,63420.1,63422.9,119.519
2026-06-20 14:15:00,63422.8,63429.2,63400.5,63404.1,122.46
2026-06-20 14:18:00,63404.1,63430.6,63360.0,63382.4,286.771
2026-06-20 14:21:00,63382.4,63397.1,63360.0,63374.9,145.488
2026-06-20 14:24:00,63375.0,63417.0,63374.9,63417.0,186.279
2026-06-20 14:27:00,63417.0,63420.4,63378.7,63390.8,158.073
2026-06-20 14:30:00,63390.8,63436.9,63390.3,63429.0,170.509
2026-06-20 14:33:00,63429.0,63449.4,63417.6,63425.4,211.131
2026-06-20 14:36:00,63425.5,63480.9,63414.8,63448.3,386.11
2026-06-20 14:39:00,63448.3,63474.2,63434.0,63470.8,126.416
2026-06-20 14:42:00,63470.9,63505.2,63460.2,63488.3,163.015
2026-06-20 14:45:00,63488.2,63524.7,63476.4,63479.6,169.536
2026-06-20 14:48:00,63479.5,63504.7,63479.5,63503.3,75.833
2026-06-20 14:51:00,63503.4,63539.2,63503.3,63539.2,224.379
2026-06-20 14:54:00,63539.1,63565.4,63508.3,63510.0,219.382
2026-06-20 14:57:00,63510.0,63543.6,63509.9,63535.5,72.38
2026-06-20 15:00:00,63535.5,63548.2,63523.3,63537.7,66.462
2026-06-20 15:03:00,63537.6,63596.4,63537.6,63589.6,226.909
2026-06-20 15:06:00,63589.6,63662.2,63589.6,63614.7,261.807
2026-06-20 15:09:00,63614.6,63639.5,63609.0,63630.8,101.776
2026-06-20 15:12:00,63630.8,63686.2,63630.8,63669.9,319.298
2026-06-20 15:15:00,63669.9,63680.0,63626.2,63626.2,121.654
2026-06-20 15:18:00,63626.2,63661.4,63604.6,63650.0,185.353
2026-06-20 15:21:00,63650.1,63695.0,63636.1,63694.9,121.13
2026-06-20 15:24:00,63695.0,63760.8,63694.9,63756.1,303.061
2026-06-20 15:27:00,63756.0,63756.1,63686.9,63700.8,161.213
2026-06-20 15:30:00,63700.8,63712.4,63666.4,63712.4,227.405
2026-06-20 15:33:00,63712.4,63737.6,63706.0,63727.7,218.004
2026-06-20 15:36:00,63727.8,63747.7,63701.0,63701.0,117.444
2026-06-20 15:39:00,63701.0,63701.1,63652.9,63670.7,113.237
2026-06-20 15:42:00,63670.6,63670.7,63654.1,63657.4,92.128
2026-06-20 15:45:00,63657.4,63683.1,63657.4,63675.9,115.425
2026-06-20 15:48:00,63675.9,63693.9,63623.9,63623.9,144.97
2026-06-20 15:51:00,63623.9,63630.9,63609.3,63629.0,121.034
2026-06-20 15:54:00,63629.0,63640.5,63620.7,63636.1,68.457
2026-06-20 15:57:00,63636.1,63654.3,63630.1,63649.3,61.236
2026-06-20 16:00:00,63649.2,63670.4,63620.9,63626.4,91.659
2026-06-20 16:03:00,63626.4,63629.5,63590.1,63595.5,139.886
2026-06-20 16:06:00,63595.5,63599.9,63575.0,63584.5,102.829
2026-06-20 16:09:00,63584.4,63599.1,63559.8,63565.2,184.456
2026-06-20 16:12:00,63565.2,63574.6,63565.2,63574.6,47.943
2026-06-20 16:15:00,63574.5,63599.7,63574.5,63589.0,57.461
2026-06-20 16:18:00,63589.1,63640.9,63589.0,63635.3,96.747
2026-06-20 16:21:00,63635.3,63639.8,63603.6,63620.4,70.388
2026-06-20 16:24:00,63620.3,63650.2,63620.3,63638.4,58.165
2026-06-20 16:27:00,63638.4,63649.7,63631.2,63649.7,41.14
2026-06-20 16:30:00,63649.6,63685.1,63649.6,63660.8,86.546
2026-06-20 16:33:00,63660.7,63660.8,63587.3,63600.9,87.172
2026-06-20 16:36:00,63601.0,63647.4,63595.4,63595.4,87.747
2026-06-20 16:39:00,63595.4,63638.4,63586.8,63619.1,84.09
2026-06-20 16:42:00,63619.1,63639.5,63619.1,63636.7,22.815
2026-06-20 16:45:00,63636.7,63686.9,63631.7,63686.9,46.782
2026-06-20 16:48:00,63686.9,63686.9,63626.7,63626.7,35.683
2026-06-20 16:51:00,63626.7,63718.4,63626.7,63694.3,215.408
2026-06-20 16:54:00,63694.4,63702.5,63674.0,63680.1,56.163
2026-06-20 16:57:00,63680.1,63680.1,63661.6,63661.7,34.712
2026-06-20 17:00:00,63661.7,63671.0,63657.3,63671.0,46.886
2026-06-20 17:03:00,63670.9,63671.0,63649.2,63670.8,30.224
2026-06-20 17:06:00,63670.9,63678.0,63662.4,63670.4,68.567
2026-06-20 17:09:00,63670.5,63687.3,63662.4,63687.3,54.48
2026-06-20 17:12:00,63687.2,63708.6,63687.2,63695.0,85.592
2026-06-20 17:15:00,63695.0,63729.9,63684.2,63724.9,130.568
2026-06-20 17:18:00,63725.0,63750.9,63710.0,63750.9,95.826
2026-06-20 17:21:00,63750.9,63770.0,63683.1,63693.4,103.687
2026-06-20 17:24:00,63693.3,63696.4,63651.2,63682.4,136.573
2026-06-20 17:27:00,63682.4,63684.0,63651.3,63651.3,71.386
2026-06-20 17:30:00,63651.4,63667.9,63651.3,63667.9,92.04
2026-06-20 17:33:00,63667.9,63717.1,63640.0,63699.8,208.328
2026-06-20 17:36:00,63699.7,63756.0,63692.8,63746.8,197.783
2026-06-20 17:39:00,63746.8,63756.0,63696.3,63725.4,410.712
2026-06-20 17:42:00,63725.4,63752.1,63716.1,63723.3,103.874
2026-06-20 17:45:00,63723.4,63735.0,63676.8,63735.0,87.809
2026-06-20 17:48:00,63734.9,63736.6,63717.6,63719.1,67.706
2026-06-20 17:51:00,63719.0,63720.3,63670.5,63675.5,66.409
2026-06-20 17:54:00,63675.6,63743.8,63670.5,63718.3,147.673
2026-06-20 17:57:00,63718.3,63723.6,63701.7,63705.8,47.359
2026-06-20 18:00:00,63705.8,63720.5,63672.2,63672.2,84.142
2026-06-20 18:03:00,63672.2,63683.1,63645.3,63652.9,96.391
2026-06-20 18:06:00,63653.0,63653.0,63546.1,63558.5,345.57
2026-06-20 18:09:00,63558.5,63590.1,63551.0,63580.6,129.155
2026-06-20 18:12:00,63580.7,63600.0,63580.6,63590.0,73.801
2026-06-20 18:15:00,63590.0,63599.9,63583.5,63583.5,60.617
2026-06-20 18:18:00,63583.6,63585.4,63552.3,63552.3,129.733
2026-06-20 18:21:00,63552.4,63559.7,63497.3,63545.8,433.983
2026-06-20 18:24:00,63545.8,63611.5,63535.0,63605.7,256.921
2026-06-20 18:27:00,63605.7,63630.2,63605.7,63627.8,78.589
2026-06-20 18:30:00,63627.7,63627.8,63586.9,63601.0,84.795
2026-06-20 18:33:00,63601.0,63601.1,63585.4,63596.4,50.184
2026-06-20 18:36:00,63596.4,63621.5,63592.2,63609.9,53.197
2026-06-20 18:39:00,63609.9,63609.9,63580.8,63591.5,138.287
2026-06-20 18:42:00,63591.4,63601.1,63555.5,63555.6,116.65
2026-06-20 18:45:00,63555.5,63592.1,63545.4,63551.7,103.859
2026-06-20 18:48:00,63551.8,63588.0,63479.2,63489.2,255.234
2026-06-20 18:51:00,63489.3,63500.0,63380.9,63381.0,658.634
2026-06-20 18:54:00,63381.0,63381.0,63259.9,63324.4,1600.284
2026-06-20 18:57:00,63324.4,63334.4,63242.0,63315.1,666.676
2026-06-20 19:00:00,63315.2,63384.3,63310.1,63355.5,573.154
2026-06-20 19:03:00,63355.5,63377.4,63318.3,63354.0,307.079
2026-06-20 19:06:00,63354.0,63441.3,63353.9,63439.1,336.336
2026-06-20 19:09:00,63439.0,63439.9,63418.4,63434.2,135.373
2026-06-20 19:12:00,63434.1,63434.2,63411.6,63422.9,157.083
2026-06-20 19:15:00,63422.8,63450.0,63410.0,63433.6,181.751
2026-06-20 19:18:00,63433.6,63467.9,63429.6,63460.0,125.548
2026-06-20 19:21:00,63460.0,63460.1,63392.3,63397.5,224.273
2026-06-20 19:24:00,63397.5,63397.5,63334.4,63384.7,232.241
2026-06-20 19:27:00,63384.7,63407.3,63368.0,63368.0,103.785
2026-06-20 19:30:00,63368.0,63388.8,63318.0,63334.5,392.41
2026-06-20 19:33:00,63334.5,63354.9,63250.3,63257.4,288.124
2026-06-20 19:36:00,63257.5,63304.3,63206.2,63227.0,785.808
2026-06-20 19:39:00,63227.1,63250.6,63182.1,63220.7,721.426
2026-06-20 19:42:00,63220.7,63265.4,63136.2,63185.1,886.239
2026-06-20 19:45:00,63185.2,63253.8,63185.2,63253.7,258.27
2026-06-20 19:48:00,63253.8,63298.6,63248.2,63273.4,173.358
2026-06-20 19:51:00,63273.5,63346.9,63258.0,63309.2,302.953
2026-06-20 19:54:00,63309.1,63335.7,63309.1,63324.3,108.238
2026-06-20 19:57:00,63324.3,63347.4,63314.9,63347.4,88.924
2026-06-20 20:00:00,63347.4,63372.9,63306.6,63372.9,303.473
2026-06-20 20:03:00,63372.9,63408.0,63366.2,63408.0,221.984
2026-06-20 20:06:00,63407.9,63432.1,63394.5,63394.5,178.349
2026-06-20 20:09:00,63394.6,63394.6,63371.5,63384.6,95.481
2026-06-20 20:12:00,63384.5,63515.0,63328.3,63477.3,492.516
2026-06-20 20:15:00,63477.4,64150.0,63465.2,63837.8,6139.661
2026-06-20 20:18:00,63837.8,63949.0,63815.7,63866.3,1288.14
2026-06-20 20:21:00,63866.2,63986.1,63845.1,63874.2,1270.295
2026-06-20 20:24:00,63874.1,63959.6,63867.9,63900.7,636.114
2026-06-20 20:27:00,63900.7,63955.1,63881.6,63929.5,524.819
2026-06-20 20:30:00,63929.4,63950.0,63853.0,63863.2,696.977
2026-06-20 20:33:00,63863.2,64023.1,63863.2,63917.9,645.708
2026-06-20 20:36:00,63917.9,63919.7,63850.0,63856.3,307.407
2026-06-20 20:39:00,63856.2,63881.6,63810.0,63819.9,321.008
2026-06-20 20:42:00,63819.9,63983.9,63810.0,63983.5,319.862
2026-06-20 20:45:00,63983.4,64062.7,63960.0,63964.1,722.848
2026-06-20 20:48:00,63964.2,64370.9,63932.9,64253.5,3826.178
2026-06-20 20:51:00,64253.4,64266.0,64153.9,64183.2,1405.027
2026-06-20 20:54:00,64183.1,64206.7,64150.0,64157.5,428.407
2026-06-20 20:57:00,64157.5,64190.3,64146.1,64167.0,323.067
2026-06-20 21:00:00,64167.0,64182.0,64070.7,64076.1,550.277
2026-06-20 21:03:00,64076.2,64178.8,64042.1,64093.5,529.386
2026-06-20 21:06:00,64093.5,64109.1,64068.8,64068.8,337.882
2026-06-20 21:09:00,64068.8,64113.9,64061.1,64092.5,151.316
2026-06-20 21:12:00,64092.5,64100.1,64052.0,64086.6,215.577
2026-06-20 21:15:00,64086.6,64178.8,64086.6,64170.6,234.186
2026-06-20 21:18:00,64170.6,64170.7,64103.1,64103.1,129.079
2026-06-20 21:21:00,64103.1,64114.3,64055.3,64084.3,238.86
2026-06-20 21:24:00,64084.3,64084.3,64050.0,64081.6,177.211
2026-06-20 21:27:00,64081.6,64139.5,64081.6,64139.5,175.818
2026-06-20 21:30:00,64139.4,64150.0,63976.5,64003.3,563.974
2026-06-20 21:33:00,64003.4,64026.5,63972.5,63990.9,292.968
2026-06-20 21:36:00,63990.8,64010.2,63984.1,63994.7,193.725
2026-06-20 21:39:00,63994.7,64030.0,63972.4,63972.4,229.827
2026-06-20 21:42:00,63972.5,63975.2,63948.0,63973.9,195.99
2026-06-20 21:45:00,63973.9,64029.9,63973.8,64024.2,541.285
2026-06-20 21:48:00,64024.3,64024.3,63980.4,63980.4,130.382
2026-06-20 21:51:00,63980.4,64077.0,63980.4,64015.0,436.006
2026-06-20 21:54:00,64015.0,64056.4,63953.8,64020.4,160.691
2026-06-20 21:57:00,64020.4,64022.2,63960.0,63966.7,118.08
2026-06-20 22:00:00,63966.7,63975.0,63875.0,63927.7,356.966
2026-06-20 22:03:00,63927.7,63932.0,63900.1,63903.1,97.172
2026-06-20 22:06:00,63903.1,63982.1,63876.8,63954.4,209.814
2026-06-20 22:09:00,63954.5,64037.9,63954.4,63976.1,276.714
2026-06-20 22:12:00,63976.2,63991.7,63968.2,63974.4,98.522
2026-06-20 22:15:00,63974.4,63980.6,63934.8,63949.2,78.681
2026-06-20 22:18:00,63949.2,64011.6,63949.2,64008.8,154.563
2026-06-20 22:21:00,64008.8,64019.6,63985.5,63996.6,126.362
2026-06-20 22:24:00,63996.6,63996.6,63964.6,63970.0,58.797
2026-06-20 22:27:00,63970.0,63999.9,63966.0,63999.9,111.113
2026-06-20 22:30:00,63999.9,63999.9,63921.6,63945.9,150.73
2026-06-20 22:33:00,63945.9,63966.5,63901.2,63906.9,132.796
2026-06-20 22:36:00,63906.9,63919.0,63877.7,63898.9,137.132
2026-06-20 22:39:00,63898.9,63911.3,63855.4,63875.0,174.601
2026-06-20 22:42:00,63875.0,63930.0,63875.0,63925.9,105.361
2026-06-20 22:45:00,63925.9,63926.0,63841.4,63906.2,280.598
2026-06-20 22:48:00,63906.1,63926.3,63883.0,63894.7,165.591
2026-06-20 22:51:00,63894.8,63928.5,63853.8,63853.8,114.879
2026-06-20 22:54:00,63853.8,63882.6,63853.8,63874.9,73.269
2026-06-20 22:57:00,63874.9,63963.0,63874.9,63962.9,172.18
2026-06-20 23:00:00,63962.9,64015.0,63924.0,63975.8,243.694
2026-06-20 23:03:00,63975.9,64013.6,63661.9,63777.6,2174.066
2026-06-20 23:06:00,63777.6,63829.4,63718.8,63793.9,394.683
2026-06-20 23:09:00,63793.9,63826.8,63765.1,63805.7,215.497
2026-06-20 23:12:00,63805.8,63860.8,63805.8,63828.1,130.173
2026-06-20 23:15:00,63828.0,63864.9,63781.0,63811.4,149.81
2026-06-20 23:18:00,63811.3,63838.9,63808.3,63814.2,87.069
2026-06-20 23:21:00,63814.3,63827.6,63796.9,63827.6,64.347
2026-06-20 23:24:00,63827.5,63850.8,63801.6,63839.2,79.693
2026-06-20 23:27:00,63839.1,63839.2,63808.0,63810.7,70.056
2026-06-20 23:30:00,63810.8,63872.1,63810.7,63870.3,117.647
2026-06-20 23:33:00,63870.4,63899.0,63840.0,63848.3,128.959
2026-06-20 23:36:00,63848.3,63848.3,63759.7,63793.1,137.074
2026-06-20 23:39:00,63793.1,63855.8,63790.1,63829.0,154.642
2026-06-20 23:42:00,63829.1,63829.1,63787.6,63796.4,98.576
2026-06-20 23:45:00,63796.4,63839.5,63796.4,63825.3,66.272
2026-06-20 23:48:00,63825.2,63839.4,63820.7,63824.7,47.433
2026-06-20 23:51:00,63824.7,63826.6,63806.9,63815.0,58.913
2026-06-20 23:54:00,63814.9,63854.4,63811.0,63819.8,94.91
2026-06-20 23:57:00,63819.8,63835.8,63819.8,63835.8,61.078
2026-06-21 00:00:00,63835.8,63859.0,63812.2,63819.1,97.684
2026-06-21 00:03:00,63819.0,63828.6,63801.6,63801.7,27.103
2026-06-21 00:06:00,63801.7,63833.3,63801.6,63825.2,46.485
2026-06-21 00:09:00,63825.2,63839.3,63807.5,63808.9,38.372
2026-06-21 00:12:00,63808.9,63809.0,63750.3,63788.1,117.103
2026-06-21 00:15:00,63788.1,63813.5,63784.9,63786.1,76.69
2026-06-21 00:18:00,63786.4,63810.6,63780.0,63794.8,38.971
2026-06-21 00:21:00,63794.7,63810.2,63781.2,63781.2,41.307
2026-06-21 00:24:00,63781.2,63781.2,63751.6,63758.4,62.373
2026-06-21 00:27:00,63758.5,63776.4,63750.6,63776.4,140.057
2026-06-21 00:30:00,63776.3,63800.5,63764.2,63785.5,81.642
2026-06-21 00:33:00,63785.4,63854.5,63785.4,63804.1,119.157
2026-06-21 00:36:00,63804.1,63824.3,63790.1,63815.0,55.21
2026-06-21 00:39:00,63815.0,63893.7,63810.0,63860.1,241.601
2026-06-21 00:42:00,63860.0,63870.5,63852.7,63868.2,63.13
2026-06-21 00:45:00,63868.2,63890.1,63860.4,63877.7,89.337
2026-06-21 00:48:00,63877.8,63899.0,63829.9,63886.3,125.413
2026-06-21 00:51:00,63886.3,63898.6,63861.4,63896.5,85.231
2026-06-21 00:54:00,63896.5,63899.0,63860.0,63860.0,81.367
2026-06-21 00:57:00,63860.0,63867.4,63814.8,63835.5,120.619
2026-06-21 01:00:00,63835.5,63872.9,63808.1,63868.9,83.944
2026-06-21 01:03:00,63868.9,63872.3,63840.0,63849.3,53.731
2026-06-21 01:06:00,63849.2,63862.6,63845.9,63855.0,39.035
2026-06-21 01:09:00,63854.9,63876.0,63852.2,63858.6,68.812
2026-06-21 01:12:00,63858.5,63940.3,63858.5,63907.9,286.664
2026-06-21 01:15:00,63907.9,63919.1,63894.0,63894.5,64.866
2026-06-21 01:18:00,63894.5,63906.1,63885.4,63894.7,67.105
2026-06-21 01:21:00,63894.8,63905.3,63893.4,63893.5,26.33
2026-06-21 01:24:00,63893.4,63905.0,63885.3,63889.1,29.446
2026-06-21 01:27:00,63889.2,63905.5,63889.1,63905.5,20.098
2026-06-21 01:30:00,63905.5,63936.1,63905.4,63905.8,65.119
2026-06-21 01:33:00,63905.8,63905.9,63885.6,63897.6,49.193
2026-06-21 01:36:00,63897.7,63943.8,63897.6,63933.9,83.223
2026-06-21 01:39:00,63933.8,63937.8,63911.4,63930.7,56.123
2026-06-21 01:42:00,63930.7,63945.0,63930.7,63932.6,45.991
2026-06-21 01:45:00,63932.5,63938.4,63915.1,63929.0,52.646
2026-06-21 01:48:00,63928.9,63944.5,63916.8,63916.8,30.078
2026-06-21 01:51:00,63916.8,63921.0,63910.0,63910.1,27.257
2026-06-21 01:54:00,63910.0,63927.3,63910.0,63915.7,22.814
2026-06-21 01:57:00,63915.7,63915.8,63870.3,63880.9,150.309
2026-06-21 02:00:00,63880.9,63890.0,63869.0,63869.1,29.654
2026-06-21 02:03:00,63869.1,63869.1,63820.0,63827.1,62.399
2026-06-21 02:06:00,63827.1,63844.2,63825.7,63838.7,31.035
2026-06-21 02:09:00,63838.7,63857.9,63838.3,63840.6,27.256
2026-06-21 02:12:00,63840.6,63869.3,63839.7,63847.4,35.446
2026-06-21 02:15:00,63847.4,63877.9,63844.3,63865.6,39.256
2026-06-21 02:18:00,63865.7,63868.6,63864.4,63864.4,14.143
2026-06-21 02:21:00,63864.4,63908.1,63864.4,63886.1,47.176
2026-06-21 02:24:00,63886.0,63902.0,63886.0,63890.2,19.138
2026-06-21 02:27:00,63890.3,63900.6,63880.4,63899.4,69.777
2026-06-21 02:30:00,63899.4,63922.0,63891.7,63922.0,33.129
2026-06-21 02:33:00,63922.0,63928.2,63904.5,63904.5,34.141
2026-06-21 02:36:00,63904.5,63904.6,63896.2,63900.6,25.341
2026-06-21 02:39:00,63900.6,63914.7,63900.5,63914.6,23.997
2026-06-21 02:42:00,63914.7,64029.9,63914.6,63956.7,476.384
2026-06-21 02:45:00,63956.6,63960.2,63916.6,63916.6,101.255
2026-06-21 02:48:00,63916.6,63938.3,63916.6,63923.9,38.95
2026-06-21 02:51:00,63923.8,63923.9,63899.9,63912.5,55.969
2026-06-21 02:54:00,63912.6,63969.5,63912.6,63929.7,88.953
2026-06-21 02:57:00,63929.6,63929.6,63888.2,63902.8,42.503
2026-06-21 03:00:00,63902.9,63914.8,63886.6,63892.5,58.663
2026-06-21 03:03:00,63892.6,63917.7,63892.5,63903.1,99.387
2026-06-21 03:06:00,63903.1,63927.6,63903.0,63926.7,40.805
2026-06-21 03:09:00,63926.7,63940.0,63915.8,63939.9,46.592
2026-06-21 03:12:00,63940.0,64020.0,63939.9,63999.9,117.581
2026-06-21 03:15:00,64000.0,64018.9,63963.1,64013.8,67.527
2026-06-21 03:18:00,64013.7,64064.8,64000.0,64046.4,103.93
2026-06-21 03:21:00,64047.0,64066.6,63987.6,63989.0,72.706
2026-06-21 03:24:00,63989.1,64001.9,63982.8,63989.6,61.692
2026-06-21 03:27:00,63989.5,63999.9,63959.3,63983.0,90.359
2026-06-21 03:30:00,63983.0,63983.0,63943.6,63951.3,99.183
2026-06-21 03:33:00,63951.4,64015.5,63951.3,63998.3,95.315
2026-06-21 03:36:00,63998.2,64010.0,63989.0,63989.0,41.352
2026-06-21 03:39:00,63989.1,64005.2,63974.6,63978.7,43.126
2026-06-21 03:42:00,63978.6,64143.4,63978.6,64108.4,434.652
2026-06-21 03:45:00,64108.4,64108.4,64051.3,64061.2,99.665
2026-06-21 03:48:00,64061.2,64080.0,64041.3,64064.5,59.064
2026-06-21 03:51:00,64064.5,64111.7,64054.1,64107.4,70.123
2026-06-21 03:54:00,64107.3,64199.0,64107.3,64160.2,263.468
2026-06-21 03:57:00,64160.1,64306.9,64160.1,64272.9,636.726
2026-06-21 04:00:00,64272.9,64300.0,64230.6,64259.2,222.579
2026-06-21 04:03:00,64259.2,64326.0,64259.1,64261.4,220.15
2026-06-21 04:06:00,64261.4,64280.2,64225.4,64227.1,138.042
2026-06-21 04:09:00,64227.1,64234.2,64217.9,64222.1,98.484
2026-06-21 04:12:00,64222.1,64285.2,64217.6,64252.6,211.146
2026-06-21 04:15:00,64252.5,64258.0,64224.1,64227.2,127.425
2026-06-21 04:18:00,64227.2,64294.5,64227.1,64290.3,102.435
2026-06-21 04:21:00,64289.9,64297.8,64265.7,64275.9,100.503
2026-06-21 04:24:00,64275.8,64284.6,64250.1,64284.6,93.972
2026-06-21 04:27:00,64284.5,64289.0,64245.9,64245.9,68.538
2026-06-21 04:30:00,64245.9,64257.0,64219.7,64236.7,128.639
2026-06-21 04:33:00,64236.6,64272.5,64220.0,64237.6,124.713
2026-06-21 04:36:00,64237.6,64277.6,64237.5,64260.0,109.464
2026-06-21 04:39:00,64260.0,64268.0,64241.9,64241.9,48.0
2026-06-21 04:42:00,64241.8,64260.2,64225.9,64225.9,186.249
2026-06-21 04:45:00,64225.9,64251.0,64225.9,64251.0,41.551
2026-06-21 04:48:00,64251.0,64292.9,64234.9,64234.9,96.589
2026-06-21 04:51:00,64235.0,64262.7,64231.1,64241.9,82.757
2026-06-21 04:54:00,64241.9,64254.4,64238.2,64238.2,70.35
2026-06-21 04:57:00,64238.0,64240.0,64228.0,64240.0,65.343
2026-06-21 05:00:00,64240.0,64289.2,64236.3,64236.3,134.206
2026-06-21 05:03:00,64236.3,64244.3,64230.0,64241.9,53.455
2026-06-21 05:06:00,64242.0,64273.9,64241.9,64273.8,33.088
2026-06-21 05:09:00,64273.9,64283.4,64257.3,64283.3,75.524
2026-06-21 05:12:00,64283.3,64310.3,64265.2,64305.6,113.497
2026-06-21 05:15:00,64305.5,64317.6,64267.0,64270.0,137.829
2026-06-21 05:18:00,64270.0,64270.1,64256.7,64261.1,45.725
2026-06-21 05:21:00,64261.0,64261.1,64250.0,64250.4,23.145
2026-06-21 05:24:00,64250.4,64290.0,64250.4,64273.1,69.941
2026-06-21 05:27:00,64273.1,64300.0,64270.0,64270.0,92.256
2026-06-21 05:30:00,64270.1,64277.8,64226.0,64231.4,173.64
2026-06-21 05:33:00,64231.5,64235.9,64217.6,64235.9,176.453
2026-06-21 05:36:00,64235.9,64250.0,64224.3,64233.3,74.472
2026-06-21 05:39:00,64233.2,64236.3,64233.2,64236.2,21.68
2026-06-21 05:42:00,64236.2,64238.3,64218.6,64235.0,101.441
2026-06-21 05:45:00,64235.1,64235.1,64217.6,64217.7,110.368
2026-06-21 05:48:00,64217.6,64230.7,64217.6,64217.6,518.064
2026-06-21 05:51:00,64217.6,64286.0,64217.6,64237.8,178.304
2026-06-21 05:54:00,64237.9,64242.1,64222.3,64224.5,44.623
2026-06-21 05:57:00,64224.4,64245.0,64222.0,64238.6,73.567
2026-06-21 06:00:00,64238.6,64238.6,64217.7,64224.8,95.211
2026-06-21 06:03:00,64224.8,64250.0,64217.6,64250.0,79.325
2026-06-21 06:06:00,64250.0,64284.0,64240.9,64283.9,79.254
2026-06-21 06:09:00,64283.9,64303.0,64245.7,64274.0,150.6
2026-06-21 06:12:00,64274.1,64278.5,64264.9,64264.9,47.258
2026-06-21 06:15:00,64264.9,64265.0,64220.5,64231.7,85.742
2026-06-21 06:18:00,64231.7,64286.4,64228.6,64280.2,216.013
2026-06-21 06:21:00,64280.1,64290.0,64260.4,64260.4,102.17
2026-06-21 06:24:00,64260.2,64260.2,64240.1,64260.2,44.774
2026-06-21 06:27:00,64260.1,64268.0,64250.0,64264.3,37.553
2026-06-21 06:30:00,64264.3,64295.8,64246.4,64278.7,74.176
2026-06-21 06:33:00,64278.6,64281.7,64244.1,64264.6,46.955
2026-06-21 06:36:00,64264.5,64270.8,64236.2,64244.3,34.21
2026-06-21 06:39:00,64244.4,64260.7,64217.7,64225.0,174.881
2026-06-21 06:42:00,64225.0,64234.9,64217.6,64224.3,63.699
2026-06-21 06:45:00,64224.4,64230.0,64218.9,64222.8,33.027
2026-06-21 06:48:00,64222.9,64230.6,64221.6,64221.6,36.847
2026-06-21 06:51:00,64221.6,64221.6,64217.9,64219.9,36.843
2026-06-21 06:54:00,64219.9,64220.0,64217.6,64217.6,59.704
2026-06-21 06:57:00,64217.7,64219.9,64217.6,64218.5,58.838
2026-06-21 07:00:00,64218.6,64218.6,64217.6,64217.6,501.717
2026-06-21 07:03:00,64217.6,64220.3,64199.0,64219.4,762.217
2026-06-21 07:06:00,64219.3,64266.5,64219.3,64247.9,173.932
2026-06-21 07:09:00,64247.9,64248.0,64199.0,64203.3,303.086
2026-06-21 07:12:00,64203.3,64227.4,64199.0,64227.4,73.062
2026-06-21 07:15:00,64227.4,64297.0,64227.3,64256.5,152.191
2026-06-21 07:18:00,64256.5,64272.8,64221.9,64254.5,114.316
2026-06-21 07:21:00,64254.4,64258.0,64250.0,64250.1,25.524
2026-06-21 07:24:00,64250.0,64250.1,64221.0,64231.1,45.56
2026-06-21 07:27:00,64231.1,64244.3,64213.5,64221.3,105.717
2026-06-21 07:30:00,64221.3,64221.4,64199.0,64206.2,153.29
2026-06-21 07:33:00,64206.2,64232.7,64199.9,64213.8,102.448
2026-06-21 07:36:00,64213.9,64213.9,64203.8,64203.8,26.98
2026-06-21 07:39:00,64203.8,64232.3,64202.0,64213.2,69.678
2026-06-21 07:42:00,64213.3,64236.0,64204.0,64235.9,61.0
2026-06-21 07:45:00,64235.9,64235.9,64201.7,64206.9,42.081
2026-06-21 07:48:00,64206.9,64219.9,64203.0,64203.1,34.438
2026-06-21 07:51:00,64203.0,64203.1,64199.0,64199.0,315.362
2026-06-21 07:54:00,64199.0,64207.9,64199.0,64207.8,79.486
2026-06-21 07:57:00,64207.8,64208.1,64207.8,64208.1,41.386
2026-06-21 08:00:00,64208.1,64210.1,64199.0,64207.3,97.395
2026-06-21 08:03:00,64207.3,64235.1,64207.0,64224.9,80.095
2026-06-21 08:06:00,64224.8,64244.7,64221.8,64237.1,76.151
2026-06-21 08:09:00,64237.2,64237.2,64210.2,64220.7,55.446
2026-06-21 08:12:00,64220.7,64224.4,64210.4,64216.4,52.243
2026-06-21 08:15:00,64216.4,64233.6,64216.4,64233.5,19.685
2026-06-21 08:18:00,64233.6,64251.2,64233.6,64243.9,43.899
2026-06-21 08:21:00,64243.9,64244.0,64222.5,64228.5,33.172
2026-06-21 08:24:00,64228.5,64238.6,64224.1,64228.7,30.544
2026-06-21 08:27:00,64228.7,64233.0,64219.4,64219.5,31.616
2026-06-21 08:30:00,64219.5,64219.5,64212.1,64212.2,42.199
2026-06-21 08:33:00,64212.1,64219.5,64207.0,64213.2,50.922
2026-06-21 08:36:00,64213.3,64229.4,64213.2,64229.3,50.999
2026-06-21 08:39:00,64229.3,64260.0,64222.3,64247.1,80.676
2026-06-21 08:42:00,64247.1,64276.3,64241.0,64276.2,70.158
2026-06-21 08:45:00,64276.3,64290.0,64250.3,64276.6,119.642
2026-06-21 08:48:00,64276.6,64312.0,64272.8,64287.3,139.1
2026-06-21 08:51:00,64287.3,64450.0,64287.3,64411.4,1090.049
2026-06-21 08:54:00,64411.5,64450.0,64377.1,64395.1,393.32
2026-06-21 08:57:00,64395.0,64410.0,64323.4,64323.5,221.36
2026-06-21 09:00:00,64323.5,64366.0,64270.0,64314.0,170.643
2026-06-21 09:03:00,64314.0,64337.8,64294.7,64301.2,85.88
2026-06-21 09:06:00,64301.2,64427.4,64282.3,64404.4,291.986
2026-06-21 09:09:00,64404.4,64404.4,64377.9,64378.0,110.234
2026-06-21 09:12:00,64377.9,64436.2,64377.9,64417.2,275.268
2026-06-21 09:15:00,64417.2,64417.2,64383.0,64383.1,100.863
2026-06-21 09:18:00,64383.1,64415.0,64374.5,64397.9,108.196
2026-06-21 09:21:00,64397.9,64398.0,64383.1,64393.2,66.054
2026-06-21 09:24:00,64393.2,64405.8,64380.1,64402.2,76.369
2026-06-21 09:27:00,64402.2,64408.0,64391.3,64398.8,88.213
2026-06-21 09:30:00,64398.8,64404.0,64382.4,64382.5,88.566
2026-06-21 09:33:00,64382.5,64401.6,64357.1,64368.0,94.075
2026-06-21 09:36:00,64368.0,64370.0,64354.6,64369.9,83.356
2026-06-21 09:39:00,64370.0,64383.3,64348.4,64355.5,112.304
2026-06-21 09:42:00,64355.4,64374.9,64351.1,64374.8,155.569
2026-06-21 09:45:00,64374.8,64411.0,64374.8,64404.5,115.215
2026-06-21 09:48:00,64404.5,64489.7,64400.1,64482.0,417.494
2026-06-21 09:51:00,64482.0,64488.2,64434.2,64439.3,203.01
2026-06-21 09:54:00,64439.4,64485.5,64439.3,64485.4,116.458
2026-06-21 09:57:00,64485.5,64562.5,64483.5,64500.1,872.525
2026-06-21 10:00:00,64500.2,64508.0,64482.3,64502.6,166.453
2026-06-21 10:03:00,64502.6,64531.1,64500.0,64531.0,144.627
2026-06-21 10:06:00,64531.1,64568.0,64458.8,64500.0,337.017
2026-06-21 10:09:00,64500.0,64518.1,64475.6,64475.7,116.723
2026-06-21 10:12:00,64475.7,64483.9,64456.1,64456.1,97.633
2026-06-21 10:15:00,64456.1,64456.2,64431.6,64434.0,105.009
2026-06-21 10:18:00,64434.0,64446.6,64380.1,64392.3,188.156
2026-06-21 10:21:00,64392.4,64392.4,64280.0,64309.9,517.225
2026-06-21 10:24:00,64310.0,64310.0,64276.1,64290.1,170.234
2026-06-21 10:27:00,64290.1,64294.8,64223.3,64252.7,321.007
2026-06-21 10:30:00,64252.6,64278.8,64240.2,64268.7,163.588
2026-06-21 10:33:00,64268.8,64272.7,64232.5,64232.9,118.922
2026-06-21 10:36:00,64233.0,64250.0,64205.7,64237.3,217.057
2026-06-21 10:39:00,64237.3,64243.8,64216.6,64222.1,117.687
2026-06-21 10:42:00,64222.1,64222.1,64200.0,64205.1,148.265
2026-06-21 10:45:00,64205.1,64217.0,64199.8,64215.3,202.576
2026-06-21 10:48:00,64215.3,64215.3,64199.0,64210.7,304.744
2026-06-21 10:51:00,64210.8,64258.7,64209.9,64239.5,146.319
2026-06-21 10:54:00,64239.5,64275.6,64239.4,64271.3,101.91
2026-06-21 10:57:00,64271.3,64275.0,64264.8,64271.2,50.243
2026-06-21 11:00:00,64271.2,64290.0,64256.5,64285.4,109.24
2026-06-21 11:03:00,64285.5,64290.0,64272.2,64281.4,58.136
2026-06-21 11:06:00,64281.5,64322.1,64281.4,64321.9,119.853
2026-06-21 11:09:00,64322.0,64339.7,64295.7,64302.5,139.691
2026-06-21 11:12:00,64302.6,64324.7,64269.6,64269.6,93.234
2026-06-21 11:15:00,64269.6,64269.7,64219.9,64228.3,291.768
2026-06-21 11:18:00,64228.2,64235.7,64215.3,64215.3,92.796
2026-06-21 11:21:00,64215.3,64220.6,64202.7,64212.0,83.964
2026-06-21 11:24:00,64212.0,64231.9,64212.0,64225.5,42.663
2026-06-21 11:27:00,64225.5,64226.6,64220.0,64226.5,71.024
2026-06-21 11:30:00,64226.6,64231.6,64199.0,64199.0,190.007
2026-06-21 11:33:00,64199.0,64199.1,64168.7,64172.0,401.847
2026-06-21 11:36:00,64172.0,64185.6,64171.0,64183.0,85.567
2026-06-21 11:39:00,64183.1,64186.0,64179.5,64182.4,55.688
2026-06-21 11:42:00,64182.3,64186.2,64182.3,64186.1,55.321
2026-06-21 11:45:00,64186.1,64229.6,64180.0,64214.2,135.277
2026-06-21 11:48:00,64214.2,64226.3,64212.9,64226.2,71.436
2026-06-21 11:51:00,64226.2,64244.9,64226.2,64237.9,144.067
2026-06-21 11:54:00,64237.9,64256.1,64208.2,64231.2,172.834
2026-06-21 11:57:00,64231.2,64278.3,64231.2,64253.4,88.159
2026-06-21 12:00:00,64253.5,64253.5,64223.9,64233.6,42.155
2026-06-21 12:03:00,64233.6,64264.5,64229.6,64264.4,35.872
2026-06-21 12:06:00,64264.5,64283.4,64250.0,64278.7,73.387
2026-06-21 12:09:00,64278.7,64299.0,64275.7,64294.9,58.245
2026-06-21 12:12:00,64295.0,64300.0,64283.1,64283.2,46.547
2026-06-21 12:15:00,64283.1,64295.3,64273.6,64275.8,62.286
2026-06-21 12:18:00,64275.7,64283.0,64264.5,64264.5,41.084
2026-06-21 12:21:00,64264.6,64278.6,64264.5,64273.6,30.569
2026-06-21 12:24:00,64273.6,64273.7,64264.4,64271.0,49.055
2026-06-21 12:27:00,64271.0,64273.7,64260.0,64270.0,34.605
2026-06-21 12:30:00,64269.9,64270.0,64219.5,64219.6,46.891
2026-06-21 12:33:00,64219.6,64226.9,64217.7,64222.8,45.206
2026-06-21 12:36:00,64222.8,64240.0,64217.4,64230.0,97.475
2026-06-21 12:39:00,64230.0,64243.4,64223.0,64235.4,89.878
2026-06-21 12:42:00,64235.3,64235.4,64221.8,64222.7,44.93
2026-06-21 12:45:00,64222.6,64238.8,64222.6,64232.4,51.977
2026-06-21 12:48:00,64232.3,64240.0,64208.0,64208.1,48.848
2026-06-21 12:51:00,64208.0,64208.1,64180.8,64181.5,107.722
2026-06-21 12:54:00,64181.6,64181.6,64168.7,64170.2,99.983
2026-06-21 12:57:00,64170.2,64172.3,64143.2,64147.4,1228.216
2026-06-21 13:00:00,64147.4,64181.9,64143.2,64173.5,268.755
2026-06-21 13:03:00,64173.4,64207.3,64173.4,64193.1,184.346
2026-06-21 13:06:00,64193.1,64216.0,64193.1,64208.3,92.633
2026-06-21 13:09:00,64208.2,64208.3,64169.2,64189.6,97.19
2026-06-21 13:12:00,64189.6,64222.8,64176.2,64222.8,152.846
2026-06-21 13:15:00,64222.7,64233.3,64204.3,64208.3,96.651
2026-06-21 13:18:00,64208.3,64213.8,64190.5,64209.7,94.981
2026-06-21 13:21:00,64209.7,64209.8,64181.9,64181.9,75.441
2026-06-21 13:24:00,64181.9,64182.0,64147.8,64150.4,149.12
2026-06-21 13:27:00,64150.3,64178.0,64150.3,64170.1,122.536
2026-06-21 13:30:00,64170.0,64200.0,64170.0,64184.2,143.457
2026-06-21 13:33:00,64184.1,64204.8,64158.0,64158.1,157.053
2026-06-21 13:36:00,64158.0,64158.1,64088.3,64116.6,939.749
2026-06-21 13:39:00,64116.6,64137.0,64094.5,64136.9,163.56
2026-06-21 13:42:00,64136.9,64149.9,64098.3,64098.4,156.35
2026-06-21 13:45:00,64098.3,64100.0,64067.9,64070.1,231.604
2026-06-21 13:48:00,64070.1,64084.2,64046.8,64046.8,243.727
2026-06-21 13:51:00,64046.8,64049.1,64032.0,64047.6,145.479
2026-06-21 13:54:00,64047.6,64076.7,64032.0,64038.4,204.534
2026-06-21 13:57:00,64038.4,64038.5,64018.2,64022.5,110.626
2026-06-21 14:00:00,64022.6,64044.8,63982.9,63990.3,310.408
2026-06-21 14:03:00,63990.2,63995.8,63871.3,63871.3,598.822
2026-06-21 14:06:00,63871.3,63963.1,63871.3,63936.7,339.137
2026-06-21 14:09:00,63936.7,63936.8,63906.7,63930.2,191.32
2026-06-21 14:12:00,63930.3,63965.3,63909.8,63960.0,209.808
2026-06-21 14:15:00,63960.0,63960.1,63920.2,63925.3,153.603
2026-06-21 14:18:00,63925.3,63925.3,63894.5,63915.9,228.604
2026-06-21 14:21:00,63915.9,63957.3,63906.0,63949.4,174.519
2026-06-21 14:24:00,63949.5,63974.2,63926.9,63972.8,215.188
2026-06-21 14:27:00,63972.8,63988.0,63952.2,63987.9,254.888
2026-06-21 14:30:00,63987.9,63998.0,63934.9,63952.3,338.673
2026-06-21 14:33:00,63952.2,63993.8,63935.3,63957.7,182.465
2026-06-21 14:36:00,63957.7,63960.2,63937.6,63951.3,111.492
2026-06-21 14:39:00,63951.4,63968.8,63948.3,63963.9,95.049
2026-06-21 14:42:00,63963.9,63965.8,63942.9,63945.2,116.772
2026-06-21 14:45:00,63945.2,63978.3,63930.0,63955.9,119.502
2026-06-21 14:48:00,63955.9,63963.1,63928.4,63963.1,116.637
2026-06-21 14:51:00,63963.0,63993.2,63963.0,63985.2,112.445
2026-06-21 14:54:00,63985.2,64056.3,63985.1,64049.9,283.955
2026-06-21 14:57:00,64049.9,64066.7,64020.1,64020.1,156.144
2026-06-21 15:00:00,64020.2,64061.8,64020.2,64056.1,192.511
2026-06-21 15:03:00,64056.1,64105.8,64056.0,64105.7,222.014
2026-06-21 15:06:00,64105.8,64166.2,64105.8,64140.2,317.158
2026-06-21 15:09:00,64140.2,64224.5,64122.5,64122.6,356.157
2026-06-21 15:12:00,64122.6,64124.0,64077.5,64115.1,156.65
2026-06-21 15:15:00,64115.0,64117.5,64085.6,64099.8,83.14
2026-06-21 15:18:00,64099.8,64152.9,64099.7,64152.1,245.947
2026-06-21 15:21:00,64152.2,64170.0,64142.8,64149.1,124.668
2026-06-21 15:24:00,64149.0,64201.7,64149.0,64188.1,342.544
2026-06-21 15:27:00,64188.1,64209.8,64176.1,64189.8,194.721
2026-06-21 15:30:00,64189.8,64222.0,64175.5,64198.9,159.519
2026-06-21 15:33:00,64198.9,64199.0,64179.0,64179.1,98.872
2026-06-21 15:36:00,64179.1,64264.0,64179.1,64204.9,337.503
2026-06-21 15:39:00,64204.9,64262.0,64195.4,64248.6,225.173
2026-06-21 15:42:00,64248.7,64262.5,64243.1,64249.7,145.87
2026-06-21 15:45:00,64249.6,64250.0,64216.2,64248.2,167.794
2026-06-21 15:48:00,64248.3,64273.9,64243.7,64269.1,90.047
2026-06-21 15:51:00,64269.1,64336.5,64258.3,64317.7,346.011
2026-06-21 15:54:00,64317.8,64364.3,64288.6,64294.6,323.691
2026-06-21 15:57:00,64294.6,64306.9,64277.8,64277.9,116.535
2026-06-21 16:00:00,64277.9,64296.3,64270.0,64286.1,180.391
2026-06-21 16:03:00,64286.2,64310.0,64286.1,64307.9,61.949
2026-06-21 16:06:00,64308.0,64340.7,64293.2,64340.7,66.815
2026-06-21 16:09:00,64340.7,64356.5,64315.3,64347.9,106.558
2026-06-21 16:12:00,64347.9,64363.2,64311.0,64317.4,98.183
2026-06-21 16:15:00,64317.4,64355.0,64316.6,64341.0,61.741
2026-06-21 16:18:00,64341.1,64382.4,64339.6,64382.4,111.725
2026-06-21 16:21:00,64382.3,64384.0,64338.6,64347.9,114.29
2026-06-21 16:24:00,64347.8,64364.8,64294.0,64358.1,232.469
2026-06-21 16:27:00,64358.2,64364.9,64287.6,64338.9,967.464
2026-06-21 16:30:00,64339.0,64450.0,64339.0,64449.9,317.6
2026-06-21 16:33:00,64450.0,64453.3,64305.7,64305.7,366.952
2026-06-21 16:36:00,64305.7,64391.4,64305.7,64371.9,161.005
2026-06-21 16:39:00,64371.8,64447.3,64357.0,64441.5,166.146
2026-06-21 16:42:00,64441.5,64443.9,64380.5,64386.3,191.072
2026-06-21 16:45:00,64386.3,64386.3,64179.1,64180.7,532.719
2026-06-21 16:48:00,64180.7,64247.4,64077.3,64247.2,628.328
2026-06-21 16:51:00,64247.3,64309.5,64227.9,64303.5,187.939
2026-06-21 16:54:00,64303.5,64320.0,64265.5,64319.9,131.506
2026-06-21 16:57:00,64319.9,64374.3,64290.0,64355.5,213.315
2026-06-21 17:00:00,64355.5,64377.3,64217.4,64233.4,283.139
2026-06-21 17:03:00,64233.4,64277.0,64225.0,64235.5,145.786
2026-06-21 17:06:00,64235.6,64266.3,64228.5,64234.1,142.671
2026-06-21 17:09:00,64234.1,64243.2,64208.0,64222.0,115.727
2026-06-21 17:12:00,64222.0,64262.3,64200.0,64262.3,101.529
2026-06-21 17:15:00,64262.2,64262.3,64220.6,64222.9,95.426
2026-06-21 17:18:00,64222.9,64256.0,64114.3,64121.1,216.504
2026-06-21 17:21:00,64121.1,64141.0,64080.0,64138.2,314.577
2026-06-21 17:24:00,64138.3,64154.5,64108.5,64132.3,192.212
2026-06-21 17:27:00,64132.3,64149.9,64096.4,64149.9,217.356
2026-06-21 17:30:00,64149.8,64156.8,64100.5,64100.5,133.623
2026-06-21 17:33:00,64100.6,64191.8,64100.5,64185.7,189.072
2026-06-21 17:36:00,64185.7,64208.7,64154.3,64165.5,114.062
2026-06-21 17:39:00,64165.5,64177.5,64101.5,64101.5,94.595
2026-06-21 17:42:00,64101.6,64101.6,64025.6,64052.6,317.927
2026-06-21 17:45:00,64052.5,64083.0,63976.1,64055.1,516.52
2026-06-21 17:48:00,64055.1,64055.1,63978.9,63988.0,401.26
2026-06-21 17:51:00,63988.1,64022.2,63956.8,63956.8,199.73
2026-06-21 17:54:00,63956.8,64028.5,63956.8,64006.9,244.884
2026-06-21 17:57:00,64006.9,64008.2,63970.3,63985.9,165.677
2026-06-21 18:00:00,63985.9,64026.5,63974.6,64026.4,176.739
2026-06-21 18:03:00,64026.5,64026.5,63930.0,63946.1,302.413
2026-06-21 18:06:00,63946.2,63965.8,63916.0,63948.7,256.596
2026-06-21 18:09:00,63948.8,64018.2,63947.6,64017.3,131.225
2026-06-21 18:12:00,64017.3,64064.3,64010.4,64022.6,305.492
2026-06-21 18:15:00,64022.5,64058.4,64016.0,64025.0,143.471
2026-06-21 18:18:00,64025.1,64040.1,64017.1,64027.2,62.73
2026-06-21 18:21:00,64027.2,64158.0,64020.0,64128.2,459.269
2026-06-21 18:24:00,64128.3,64154.7,64081.7,64154.6,200.666
2026-06-21 18:27:00,64154.7,64197.3,64152.0,64161.1,232.224
2026-06-21 18:30:00,64161.1,64161.1,64098.8,64098.8,204.314
2026-06-21 18:33:00,64098.8,64124.9,64078.6,64120.7,161.261
2026-06-21 18:36:00,64120.6,64149.0,64120.6,64123.9,100.87
2026-06-21 18:39:00,64123.8,64155.5,64123.8,64125.0,104.016
2026-06-21 18:42:00,64125.0,64131.4,64082.0,64090.0,93.206
2026-06-21 18:45:00,64090.1,64137.5,64090.0,64131.8,81.165
2026-06-21 18:48:00,64132.0,64157.7,64126.7,64131.5,176.683
2026-06-21 18:51:00,64131.4,64141.8,64123.8,64134.8,44.547
2026-06-21 18:54:00,64134.8,64141.3,64115.7,64115.7,58.106
2026-06-21 18:57:00,64115.8,64136.3,64112.4,64136.2,64.374
2026-06-21 19:00:00,64136.2,64140.0,64037.0,64051.5,253.905
2026-06-21 19:03:00,64051.6,64051.7,63981.2,63997.5,282.526
2026-06-21 19:06:00,63997.5,64026.7,63987.8,64017.9,171.336
2026-06-21 19:09:00,64017.8,64025.6,63985.2,64006.2,74.631
2026-06-21 19:12:00,64006.2,64027.8,64006.2,64020.1,58.024
2026-06-21 19:15:00,64020.1,64051.5,64014.6,64050.6,137.813
2026-06-21 19:18:00,64050.6,64050.6,64021.0,64048.3,60.193
2026-06-21 19:21:00,64048.3,64069.8,64046.3,64061.9,162.786
2026-06-21 19:24:00,64061.9,64105.0,64061.8,64083.0,124.166
2026-06-21 19:27:00,64082.9,64123.9,64055.7,64123.2,110.692
2026-06-21 19:30:00,64123.2,64128.3,64078.0,64090.2,92.376
2026-06-21 19:33:00,64090.3,64106.9,64073.3,64095.6,65.634
2026-06-21 19:36:00,64095.6,64115.6,64065.1,64073.5,149.623
2026-06-21 19:39:00,64073.4,64073.5,64040.5,64057.4,142.787
2026-06-21 19:42:00,64057.3,64057.3,64028.6,64046.3,63.33
2026-06-21 19:45:00,64046.3,64046.3,64000.0,64019.9,82.703
2026-06-21 19:48:00,64020.0,64024.5,63991.8,64009.5,83.736
2026-06-21 19:51:00,64009.6,64044.8,63978.0,64044.8,145.989
2026-06-21 19:54:00,64044.8,64065.2,64019.3,64019.3,77.739
2026-06-21 19:57:00,64019.3,64022.9,64000.0,64009.2,57.262
2026-06-21 20:00:00,64009.1,64009.2,63990.0,63997.2,68.533
2026-06-21 20:03:00,63997.2,64009.6,63969.7,63985.1,88.091
2026-06-21 20:06:00,63985.0,64037.4,63985.0,64006.5,94.495
2026-06-21 20:09:00,64006.5,64044.3,64006.5,64043.7,78.382
2026-06-21 20:12:00,64043.7,64063.6,64019.3,64028.1,65.418
2026-06-21 20:15:00,64028.2,64028.2,63981.5,63992.9,55.456
2026-06-21 20:18:00,63992.9,64048.7,63992.9,64030.4,55.829
2026-06-21 20:21:00,64030.4,64070.0,64030.3,64055.8,62.187
2026-06-21 20:24:00,64055.8,64123.8,64055.7,64117.8,157.157
2026-06-21 20:27:00,64117.9,64120.0,64094.0,64120.0,103.064
2026-06-21 20:30:00,64120.0,64240.0,64081.5,64226.6,375.544
2026-06-21 20:33:00,64226.6,64242.2,64180.9,64195.5,247.443
2026-06-21 20:36:00,64195.5,64273.6,64137.7,64137.8,316.991
2026-06-21 20:39:00,64137.7,64216.9,64137.7,64154.8,133.54
2026-06-21 20:42:00,64154.9,64186.6,64153.7,64174.8,46.171
2026-06-21 20:45:00,64174.8,64198.7,64172.6,64194.0,73.339
2026-06-21 20:48:00,64194.0,64222.8,64170.8,64177.4,79.385
2026-06-21 20:51:00,64177.4,64177.5,64159.7,64173.5,58.483
2026-06-21 20:54:00,64173.4,64189.0,64154.5,64169.8,59.138
2026-06-21 20:57:00,64169.7,64250.0,64164.4,64227.5,151.491
2026-06-21 21:00:00,64227.4,64227.5,64170.4,64181.7,90.574
2026-06-21 21:03:00,64181.7,64181.8,64166.0,64166.0,59.122
2026-06-21 21:06:00,64166.0,64204.6,64166.0,64204.6,129.535
2026-06-21 21:09:00,64204.6,64268.6,64204.5,64226.8,178.428
2026-06-21 21:12:00,64226.8,64337.3,64226.7,64268.8,563.134
2026-06-21 21:15:00,64268.8,64286.9,64248.0,64250.7,99.538
2026-06-21 21:18:00,64250.7,64261.3,64220.0,64240.0,101.178
2026-06-21 21:21:00,64240.1,64240.1,64208.7,64220.1,30.187
2026-06-21 21:24:00,64220.2,64221.5,64190.9,64209.1,74.428
2026-06-21 21:27:00,64209.2,64218.0,64191.3,64200.3,63.425
2026-06-21 21:30:00,64200.2,64225.5,64156.2,64215.9,131.336
2026-06-21 21:33:00,64215.8,64221.1,64153.9,64157.6,145.66
2026-06-21 21:36:00,64157.5,64185.6,64153.4,64171.9,110.787
2026-06-21 21:39:00,64171.9,64182.4,64117.8,64159.8,348.505
2026-06-21 21:42:00,64159.9,64164.4,64074.3,64118.9,169.046
2026-06-21 21:45:00,64118.9,64162.0,64087.5,64153.9,110.268
2026-06-21 21:48:00,64153.8,64170.1,64149.8,64170.0,84.341
2026-06-21 21:51:00,64170.1,64231.6,64161.0,64206.1,165.171
2026-06-21 21:54:00,64206.0,64206.1,64190.5,64190.5,64.785
2026-06-21 21:57:00,64190.5,64190.6,64150.0,64159.9,82.055
2026-06-21 22:00:00,64159.8,64170.6,64125.3,64125.3,55.977
2026-06-21 22:03:00,64125.3,64125.3,64015.9,64058.1,298.413
2026-06-21 22:06:00,64058.1,64076.6,64020.0,64021.9,196.339
2026-06-21 22:09:00,64021.8,64073.2,64013.0,64065.0,137.986
2026-06-21 22:12:00,64065.0,64092.2,64065.0,64084.0,129.891
2026-06-21 22:15:00,64084.0,64135.9,64078.4,64121.8,78.999
2026-06-21 22:18:00,64121.8,64145.5,64115.4,64128.0,82.592
2026-06-21 22:21:00,64128.0,64188.0,64128.0,64138.3,115.501
2026-06-21 22:24:00,64138.3,64148.0,64115.0,64130.4,47.251
2026-06-21 22:27:00,64130.5,64138.2,64109.2,64122.3,42.593
2026-06-21 22:30:00,64122.2,64134.7,64089.5,64122.3,143.3
2026-06-21 22:33:00,64122.4,64176.5,64122.4,64166.1,66.604
2026-06-21 22:36:00,64166.1,64191.1,64155.2,64175.3,88.95
2026-06-21 22:39:00,64175.4,64197.1,64171.0,64197.0,42.765
2026-06-21 22:42:00,64197.0,64197.0,64175.1,64179.9,31.582
2026-06-21 22:45:00,64180.0,64184.8,64141.2,64141.2,48.708
2026-06-21 22:48:00,64141.1,64146.0,64135.5,64135.7,21.38
2026-06-21 22:51:00,64135.6,64138.9,64115.8,64126.7,42.888
2026-06-21 22:54:00,64126.8,64141.6,64115.0,64132.1,30.853
2026-06-21 22:57:00,64132.1,64146.0,64075.6,64075.6,54.826
2026-06-21 23:00:00,64075.6,64089.6,64050.0,64058.3,156.115
2026-06-21 23:03:00,64058.2,64066.0,64048.0,64048.1,46.54
2026-06-21 23:06:00,64048.1,64067.8,64047.0,64047.0,47.198
2026-06-21 23:09:00,64047.0,64064.2,64046.4,64060.3,53.824
2026-06-21 23:12:00,64060.3,64107.5,64060.2,64100.9,127.295
2026-06-21 23:15:00,64101.0,64163.6,64100.9,64153.3,143.494
2026-06-21 23:18:00,64153.3,64162.1,64146.2,64153.7,51.248
2026-06-21 23:21:00,64153.8,64160.0,64147.3,64148.4,67.266
2026-06-21 23:24:00,64148.5,64156.3,64141.4,64156.3,32.92
2026-06-21 23:27:00,64156.2,64156.2,64114.6,64114.6,42.038
2026-06-21 23:30:00,64114.6,64133.8,63981.0,63991.9,249.967
2026-06-21 23:33:00,63992.0,63994.0,63924.1,63938.9,359.156
2026-06-21 23:36:00,63938.9,64027.8,63907.4,63995.4,289.76
2026-06-21 23:39:00,63995.5,64003.8,63958.6,63974.1,92.692
2026-06-21 23:42:00,63974.2,63985.2,63972.4,63979.4,37.535
2026-06-21 23:45:00,63979.4,64009.0,63975.0,63990.9,82.765
2026-06-21 23:48:00,63990.8,63996.4,63978.5,63991.5,61.493
2026-06-21 23:51:00,63991.4,64016.7,63991.4,63996.1,41.689
2026-06-21 23:54:00,63996.2,64028.3,63996.1,64028.3,29.691
2026-06-21 23:57:00,64028.2,64037.1,64011.5,64014.4,41.554
2026-06-22 00:00:00,64014.4,64179.4,64006.9,64128.1,336.345
2026-06-22 00:03:00,64128.1,64152.4,64102.4,64142.4,120.204
2026-06-22 00:06:00,64142.4,64171.2,64112.5,64171.2,91.565
2026-06-22 00:09:00,64171.2,64221.0,64167.0,64167.0,171.8
2026-06-22 00:12:00,64167.1,64167.1,64132.2,64153.2,63.973
2026-06-22 00:15:00,64153.3,64187.5,64117.9,64160.4,66.724
2026-06-22 00:18:00,64160.5,64188.0,64120.0,64155.0,140.342
2026-06-22 00:21:00,64154.9,64154.9,64109.9,64109.9,53.295
2026-06-22 00:24:00,64109.9,64169.8,64109.9,64150.4,66.439
2026-06-22 00:27:00,64150.3,64180.1,64133.2,64180.0,122.642
2026-06-22 00:30:00,64180.1,64284.9,64169.2,64240.4,396.61
2026-06-22 00:33:00,64240.4,64240.4,64151.3,64162.4,76.842
2026-06-22 00:36:00,64162.4,64162.4,64138.2,64148.1,33.128
2026-06-22 00:39:00,64148.1,64194.5,64135.1,64189.4,103.013
2026-06-22 00:42:00,64189.4,64208.0,64175.6,64187.0,36.518
2026-06-22 00:45:00,64187.0,64194.9,64165.7,64165.7,25.965
2026-06-22 00:48:00,64165.7,64203.9,64165.7,64180.5,44.496
2026-06-22 00:51:00,64180.5,64188.6,64173.6,64185.2,26.996
2026-06-22 00:54:00,64185.2,64210.0,64180.7,64210.0,35.348
2026-06-22 00:57:00,64210.0,64214.7,64180.8,64195.1,30.775
2026-06-22 01:00:00,64195.1,64214.9,64191.1,64191.1,38.166
2026-06-22 01:03:00,64191.1,64212.6,64145.1,64163.3,49.216
2026-06-22 01:06:00,64163.3,64186.5,64163.3,64181.4,24.717
2026-06-22 01:09:00,64181.4,64194.5,64176.8,64182.3,30.728
2026-06-22 01:12:00,64182.2,64207.5,64177.3,64185.6,64.136
2026-06-22 01:15:00,64185.7,64189.2,64150.4,64155.9,44.338
2026-06-22 01:18:00,64156.0,64203.4,64155.9,64197.8,32.218
2026-06-22 01:21:00,64197.8,64203.1,64179.6,64188.2,37.552
2026-06-22 01:24:00,64188.1,64204.2,64188.1,64197.5,21.495
2026-06-22 01:27:00,64197.6,64197.6,64173.6,64173.6,53.936
2026-06-22 01:30:00,64173.7,64189.7,64161.4,64161.4,41.03
2026-06-22 01:33:00,64161.4,64219.1,64150.0,64219.1,57.538
2026-06-22 01:36:00,64219.1,64243.4,64219.0,64234.1,125.1
2026-06-22 01:39:00,64234.1,64234.1,64138.8,64142.8,101.558
2026-06-22 01:42:00,64142.8,64142.8,64103.8,64139.6,122.027
2026-06-22 01:45:00,64139.6,64142.5,64103.5,64107.2,59.109
2026-06-22 01:48:00,64107.2,64107.3,64030.0,64060.8,151.227
2026-06-22 01:51:00,64060.8,64093.3,64055.4,64093.3,38.54
2026-06-22 01:54:00,64093.3,64104.5,64066.6,64070.1,37.179
2026-06-22 01:57:00,64070.1,64089.2,64070.0,64088.5,34.273
2026-06-22 02:00:00,64088.6,64106.9,64051.4,64055.4,44.657
2026-06-22 02:03:00,64055.4,64055.5,64011.8,64038.4,77.051
2026-06-22 02:06:00,64038.4,64038.5,64010.2,64014.3,47.792
2026-06-22 02:09:00,64014.4,64014.4,63933.6,63933.9,255.736
2026-06-22 02:12:00,63933.9,63980.4,63933.9,63949.9,154.257
2026-06-22 02:15:00,63949.8,63954.7,63757.1,63757.1,1246.962
2026-06-22 02:18:00,63757.1,63800.0,63641.3,63717.2,1376.899
2026-06-22 02:21:00,63717.3,63776.7,63678.3,63776.6,327.873
2026-06-22 02:24:00,63776.7,63833.8,63758.9,63758.9,305.529
2026-06-22 02:27:00,63758.9,63824.9,63735.1,63824.8,180.278
2026-06-22 02:30:00,63824.8,63849.8,63794.7,63795.2,211.782
2026-06-22 02:33:00,63795.2,63817.3,63778.4,63785.4,115.149
2026-06-22 02:36:00,63785.4,63790.8,63703.7,63712.1,182.214
2026-06-22 02:39:00,63712.2,63727.0,63492.9,63558.6,1881.688
2026-06-22 02:42:00,63558.6,63642.0,63558.5,63601.6,492.524
2026-06-22 02:45:00,63601.6,63665.7,63560.0,63560.0,309.591
2026-06-22 02:48:00,63560.1,63663.6,63475.3,63663.6,894.687
2026-06-22 02:51:00,63663.5,63762.1,63646.2,63745.2,457.648
2026-06-22 02:54:00,63745.1,63745.2,63604.1,63689.4,280.07
2026-06-22 02:57:00,63689.5,63713.1,63645.8,63668.1,321.777
2026-06-22 03:00:00,63668.1,63759.6,63668.1,63759.5,177.073
2026-06-22 03:03:00,63759.5,63791.5,63741.0,63759.0,142.686
2026-06-22 03:06:00,63759.0,63798.6,63690.3,63798.5,237.737
2026-06-22 03:09:00,63798.6,63950.0,63796.0,63922.2,592.799
2026-06-22 03:12:00,63922.2,63922.3,63842.6,63864.0,212.593
2026-06-22 03:15:00,63864.0,63870.6,63805.1,63838.9,139.702
2026-06-22 03:18:00,63838.9,63904.4,63811.6,63826.7,122.473
2026-06-22 03:21:00,63826.7,63836.8,63745.1,63833.0,297.167
2026-06-22 03:24:00,63832.9,63833.0,63751.3,63769.0,81.535
2026-06-22 03:27:00,63769.0,63798.2,63755.8,63778.2,69.322
2026-06-22 03:30:00,63778.1,63778.4,63628.6,63774.9,366.762
2026-06-22 03:33:00,63774.9,63832.8,63732.1,63760.0,235.887
2026-06-22 03:36:00,63760.0,63760.0,63656.5,63669.1,207.481
2026-06-22 03:39:00,63669.1,63669.2,63560.0,63568.3,566.058
2026-06-22 03:42:00,63568.3,63618.1,63543.0,63608.9,391.794
2026-06-22 03:45:00,63609.0,63762.9,63606.3,63711.1,990.423
2026-06-22 03:48:00,63711.1,63733.3,63633.5,63686.4,250.096
2026-06-22 03:51:00,63686.3,63754.9,63686.3,63724.4,75.198
2026-06-22 03:54:00,63724.5,63730.0,63680.0,63725.8,75.956
2026-06-22 03:57:00,63725.8,63750.0,63682.8,63701.0,94.579
2026-06-22 04:00:00,63700.8,63700.8,63552.4,63665.1,418.98
2026-06-22 04:03:00,63665.0,63665.0,63555.4,63588.5,137.345
2026-06-22 04:06:00,63588.5,63609.7,63583.4,63590.0,152.483
2026-06-22 04:09:00,63590.0,63662.8,63576.7,63646.0,187.73
2026-06-22 04:12:00,63646.0,63666.0,63631.8,63648.7,91.293
2026-06-22 04:15:00,63648.7,63680.0,63633.0,63662.9,95.312
2026-06-22 04:18:00,63662.9,63716.3,63654.4,63715.0,98.57
2026-06-22 04:21:00,63715.0,63783.6,63700.0,63764.5,178.842
2026-06-22 04:24:00,63764.5,63840.0,63756.0,63772.9,264.44
2026-06-22 04:27:00,63772.8,63780.1,63768.8,63775.3,137.804
2026-06-22 04:30:00,63775.3,63775.3,63590.2,63652.9,367.388
2026-06-22 04:33:00,63652.9,63709.6,63626.5,63688.6,153.67
2026-06-22 04:36:00,63688.7,63710.0,63665.6,63702.1,189.531
2026-06-22 04:39:00,63702.1,63741.9,63669.1,63709.4,115.588
2026-06-22 04:42:00,63709.2,63740.0,63658.0,63681.7,80.57
2026-06-22 04:45:00,63681.8,63717.0,63643.8,63710.0,99.719
2026-06-22 04:48:00,63710.0,63753.9,63680.2,63745.5,91.956
2026-06-22 04:51:00,63745.4,63766.1,63694.3,63758.0,86.489
2026-06-22 04:54:00,63758.0,63771.5,63710.6,63710.6,69.219
2026-06-22 04:57:00,63710.7,63714.7,63595.1,63604.1,705.522
2026-06-22 05:00:00,63604.1,63631.8,63380.0,63409.6,1753.685
2026-06-22 05:03:00,63409.6,63428.1,63294.2,63343.2,1367.933
2026-06-22 05:06:00,63343.1,63388.6,63264.1,63371.0,668.479
2026-06-22 05:09:00,63371.0,63388.8,63306.0,63352.8,442.338
2026-06-22 05:12:00,63352.8,63374.4,63266.2,63295.1,394.559
2026-06-22 05:15:00,63295.1,63331.2,63220.0,63330.2,629.584
2026-06-22 05:18:00,63330.1,63362.0,63300.0,63354.6,242.748
2026-06-22 05:21:00,63354.6,63356.3,63285.8,63320.6,210.026
2026-06-22 05:24:00,63320.6,63330.0,63256.6,63310.0,210.663
2026-06-22 05:27:00,63310.1,63310.1,63261.7,63287.1,217.078
2026-06-22 05:30:00,63287.2,63448.0,63286.2,63375.3,713.252
2026-06-22 05:33:00,63375.3,63480.4,63354.2,63461.0,534.008
2026-06-22 05:36:00,63460.9,63509.1,63442.5,63492.0,338.915
2026-06-22 05:39:00,63491.9,63569.4,63427.3,63433.3,309.402
2026-06-22 05:42:00,63433.2,63487.9,63402.9,63482.4,202.636
2026-06-22 05:45:00,63482.3,63571.4,63471.7,63565.9,225.317
2026-06-22 05:48:00,63565.8,63737.8,63565.8,63643.6,599.958
2026-06-22 05:51:00,63643.6,63650.0,63517.8,63548.3,312.238
2026-06-22 05:54:00,63548.2,63680.6,63548.2,63680.5,374.711
2026-06-22 05:57:00,63680.5,63699.0,63651.1,63698.9,242.021
2026-06-22 06:00:00,63699.0,63794.2,63667.1,63768.2,496.112
2026-06-22 06:03:00,63768.1,63778.7,63700.0,63743.6,239.172
2026-06-22 06:06:00,63743.5,64076.0,63743.5,63940.8,1535.881
2026-06-22 06:09:00,63940.8,63988.7,63909.3,63959.7,455.34
2026-06-22 06:12:00,63959.7,63963.2,63876.5,63884.1,208.493
2026-06-22 06:15:00,63884.0,63978.5,63839.8,63921.4,566.532
2026-06-22 06:18:00,63921.4,63921.4,63707.7,63734.9,315.702
2026-06-22 06:21:00,63735.0,63786.5,63702.2,63773.9,297.886
2026-06-22 06:24:00,63773.8,63823.3,63763.0,63810.0,133.067
2026-06-22 06:27:00,63810.1,63904.3,63810.0,63867.2,223.725
2026-06-22 06:30:00,63867.3,63983.3,63867.3,63983.3,403.714
2026-06-22 06:33:00,63983.2,64030.4,63867.7,63894.9,536.243
2026-06-22 06:36:00,63894.8,63987.6,63881.4,63923.6,286.534
2026-06-22 06:39:00,63923.6,63923.7,63849.3,63887.1,155.215
2026-06-22 06:42:00,63887.2,63887.2,63818.0,63864.7,261.771
2026-06-22 06:45:00,63864.7,64022.0,63864.7,64022.0,220.69
2026-06-22 06:48:00,64021.9,64145.3,64021.9,64079.0,1148.285
2026-06-22 06:51:00,64078.9,64417.7,64049.9,64404.0,1669.231
2026-06-22 06:54:00,64404.0,64788.0,64286.4,64698.8,4000.758
2026-06-22 06:57:00,64698.8,64750.0,64552.5,64618.4,1301.867
2026-06-22 07:00:00,64618.4,64688.0,64555.7,64561.1,1542.28
2026-06-22 07:03:00,64561.0,64568.2,64412.4,64443.8,870.503
2026-06-22 07:06:00,64443.9,64467.1,64338.7,64446.4,605.192
2026-06-22 07:09:00,64446.4,64615.0,64443.9,64598.5,525.703
2026-06-22 07:12:00,64598.5,64598.6,64413.5,64487.6,651.347
2026-06-22 07:15:00,64487.6,64530.8,64446.7,64466.4,308.585
2026-06-22 07:18:00,64466.5,64619.7,64466.5,64572.2,411.55
2026-06-22 07:21:00,64572.1,64631.2,64528.1,64596.2,351.74
2026-06-22 07:24:00,64596.1,64666.6,64569.2,64602.7,475.446
2026-06-22 07:27:00,64602.7,64635.9,64529.0,64574.5,385.499
2026-06-22 07:30:00,64574.5,64643.7,64458.4,64501.4,762.118
2026-06-22 07:33:00,64501.4,64573.0,64501.4,64554.1,330.156
2026-06-22 07:36:00,64554.1,64554.2,64497.2,64508.2,129.793
2026-06-22 07:39:00,64508.1,64535.6,64476.0,64526.5,133.395
2026-06-22 07:42:00,64526.4,64559.7,64505.7,64519.9,94.16
2026-06-22 07:45:00,64520.0,64585.7,64477.7,64582.1,127.352
2026-06-22 07:48:00,64582.0,64615.9,64546.8,64548.5,147.315
2026-06-22 07:51:00,64548.4,64548.4,64481.9,64508.5,182.539
2026-06-22 07:54:00,64508.6,64545.2,64493.3,64496.0,130.726
2026-06-22 07:57:00,64496.1,64570.3,64477.0,64510.2,226.529
2026-06-22 08:00:00,64510.1,64532.1,64488.0,64525.2,83.608
2026-06-22 08:03:00,64525.2,64537.8,64433.0,64441.5,130.782
2026-06-22 08:06:00,64441.4,64521.4,64435.4,64489.6,113.523
2026-06-22 08:09:00,64489.6,64555.0,64485.2,64515.5,136.666
2026-06-22 08:12:00,64515.5,64525.8,64460.0,64460.2,66.849
2026-06-22 08:15:00,64460.1,64470.0,64400.6,64402.6,156.77
2026-06-22 08:18:00,64402.7,64420.0,64258.0,64261.9,497.662
2026-06-22 08:21:00,64261.9,64308.7,64240.0,64251.3,729.791
2026-06-22 08:24:00,64251.2,64300.0,64236.5,64266.3,275.759
2026-06-22 08:27:00,64266.2,64270.0,64213.8,64226.5,230.912
2026-06-22 08:30:00,64226.5,64228.5,63857.1,64079.9,2446.778
2026-06-22 08:33:00,64080.0,64135.0,64050.0,64095.2,489.576
2026-06-22 08:36:00,64095.2,64095.2,63965.0,63993.7,415.338
2026-06-22 08:39:00,63993.6,64050.5,63990.0,64038.0,204.846
2026-06-22 08:42:00,64038.1,64121.1,64016.8,64017.1,274.912
2026-06-22 08:45:00,64017.0,64217.3,64017.0,64185.9,357.531
2026-06-22 08:48:00,64186.0,64315.3,64186.0,64260.2,366.597
2026-06-22 08:51:00,64260.3,64302.9,64209.0,64294.6,177.987
2026-06-22 08:54:00,64294.7,64434.6,64258.2,64263.9,725.553
2026-06-22 08:57:00,64263.8,64288.9,64203.3,64255.1,353.062
2026-06-22 09:00:00,64255.1,64412.4,64247.7,64345.9,225.942
2026-06-22 09:03:00,64345.9,64346.1,64200.0,64232.8,365.786
2026-06-22 09:06:00,64232.8,64235.0,64156.1,64218.8,179.079
2026-06-22 09:09:00,64218.8,64227.4,64192.0,64196.1,52.028
2026-06-22 09:12:00,64196.0,64196.1,64130.0,64147.7,116.267
2026-06-22 09:15:00,64147.7,64163.2,64081.1,64110.0,278.812
2026-06-22 09:18:00,64110.0,64180.0,64083.3,64091.3,515.371
2026-06-22 09:21:00,64091.3,64118.5,64062.4,64102.4,161.991
2026-06-22 09:24:00,64102.3,64108.7,63881.2,63882.8,760.992
2026-06-22 09:27:00,63882.9,63962.3,63882.8,63935.1,370.189
2026-06-22 09:30:00,63935.1,63954.0,63833.4,63904.1,616.248
2026-06-22 09:33:00,63904.0,63980.8,63858.4,63920.4,307.331
2026-06-22 09:36:00,63920.5,63950.0,63888.0,63923.9,210.852
2026-06-22 09:39:00,63923.9,63950.0,63907.9,63941.3,186.29
2026-06-22 09:42:00,63941.2,63985.1,63929.5,63935.2,142.116
2026-06-22 09:45:00,63935.1,63983.8,63923.1,63951.1,208.469
2026-06-22 09:48:00,63951.1,63972.6,63866.5,63936.1,253.419
2026-06-22 09:51:00,63936.1,63981.1,63915.1,63955.4,153.417
2026-06-22 09:54:00,63955.4,63999.0,63920.0,63924.1,161.689
2026-06-22 09:57:00,63924.1,63947.2,63899.2,63935.5,118.026
2026-06-22 10:00:00,63935.4,63990.6,63935.4,63968.1,124.184
2026-06-22 10:03:00,63968.2,63996.4,63950.7,63987.8,151.052
2026-06-22 10:06:00,63987.8,64031.2,63970.2,63987.2,178.655
2026-06-22 10:09:00,63987.1,63987.2,63928.5,63928.5,74.639
2026-06-22 10:12:00,63928.5,63982.8,63920.0,63925.2,286.969
2026-06-22 10:15:00,63925.1,64042.7,63921.2,64035.3,188.009
2026-06-22 10:18:00,64035.3,64056.6,64016.1,64044.1,127.228
2026-06-22 10:21:00,64044.1,64058.3,64004.3,64025.6,206.774
2026-06-22 10:24:00,64025.7,64061.0,64025.7,64040.2,89.105
2026-06-22 10:27:00,64040.2,64085.4,64040.2,64063.6,203.014
2026-06-22 10:30:00,64063.5,64091.5,64050.6,64062.6,165.403
2026-06-22 10:33:00,64062.6,64076.6,64055.4,64075.6,52.443
2026-06-22 10:36:00,64075.7,64219.9,64061.2,64192.8,448.924
2026-06-22 10:39:00,64192.7,64251.3,64180.0,64241.5,362.101
2026-06-22 10:42:00,64241.5,64263.0,64202.8,64253.8,216.342
2026-06-22 10:45:00,64253.7,64253.7,64200.1,64206.0,194.056
2026-06-22 10:48:00,64206.1,64254.9,64202.7,64223.2,207.153
2026-06-22 10:51:00,64223.2,64247.8,64201.4,64208.1,97.913
2026-06-22 10:54:00,64208.0,64224.2,64173.0,64189.9,123.44
2026-06-22 10:57:00,64189.9,64236.8,64189.9,64209.3,131.704
2026-06-22 11:00:00,64209.4,64220.8,64143.5,64195.9,268.62
2026-06-22 11:03:00,64195.9,64249.2,64184.9,64195.3,148.947
2026-06-22 11:06:00,64195.2,64242.4,64189.7,64221.7,176.489
2026-06-22 11:09:00,64221.7,64311.8,64200.1,64287.7,337.4
2026-06-22 11:12:00,64287.7,64291.1,64230.8,64236.4,89.123
2026-06-22 11:15:00,64236.4,64238.8,64185.5,64198.6,106.698
2026-06-22 11:18:00,64198.7,64231.7,64156.5,64172.9,235.255
2026-06-22 11:21:00,64172.9,64174.6,64149.0,64163.9,103.47
2026-06-22 11:24:00,64163.8,64190.2,64161.4,64190.2,64.165
2026-06-22 11:27:00,64190.1,64219.5,64187.2,64219.5,44.464
2026-06-22 11:30:00,64219.5,64239.0,64157.6,64168.7,103.041
2026-06-22 11:33:00,64168.6,64180.0,64133.5,64152.5,116.624
2026-06-22 11:36:00,64152.4,64196.0,64113.0,64196.0,198.144
2026-06-22 11:39:00,64196.0,64299.0,64188.3,64206.6,240.91
2026-06-22 11:42:00,64206.6,64211.2,64184.7,64190.6,65.195
2026-06-22 11:45:00,64190.6,64205.1,64155.1,64155.1,81.819
2026-06-22 11:48:00,64155.1,64155.1,64087.7,64118.6,157.877
2026-06-22 11:51:00,64118.7,64118.7,64046.8,64054.7,143.249
2026-06-22 11:54:00,64054.6,64135.2,64054.6,64058.4,166.153
2026-06-22 11:57:00,64058.4,64095.5,64058.4,64093.9,92.795
2026-06-22 12:00:00,64093.9,64123.1,64036.7,64105.6,192.968
2026-06-22 12:03:00,64105.5,64105.6,63976.3,63986.7,197.794
2026-06-22 12:06:00,63986.7,64049.9,63967.4,64045.6,187.953
2026-06-22 12:09:00,64045.7,64045.7,64020.7,64029.1,80.824
2026-06-22 12:12:00,64029.1,64033.9,63977.3,63977.3,94.198
2026-06-22 12:15:00,63977.2,64021.3,63967.1,64001.1,146.118
2026-06-22 12:18:00,64001.1,64001.1,63954.1,63962.4,159.057
2026-06-22 12:21:00,63962.3,63962.4,63912.8,63931.4,146.691
2026-06-22 12:24:00,63931.3,63977.2,63931.3,63961.1,106.71
2026-06-22 12:27:00,63960.8,64000.3,63960.6,63960.7,195.437
2026-06-22 12:30:00,63960.6,63987.0,63931.0,63978.2,167.254
2026-06-22 12:33:00,63978.2,64104.3,63978.2,64078.0,204.858
2026-06-22 12:36:00,64078.1,64112.0,64027.8,64083.1,142.763
2026-06-22 12:39:00,64083.1,64172.0,64059.1,64141.1,247.874
2026-06-22 12:42:00,64141.1,64230.1,64118.6,64184.8,382.298
2026-06-22 12:45:00,64184.7,64235.0,64170.5,64217.2,191.214
2026-06-22 12:48:00,64217.1,64230.2,64180.5,64209.8,166.626
2026-06-22 12:51:00,64209.8,64278.7,64209.7,64224.9,308.695
2026-06-22 12:54:00,64225.0,64269.9,64200.6,64255.0,188.731
2026-06-22 12:57:00,64255.0,64262.7,64207.8,64232.5,148.214
2026-06-22 13:00:00,64232.5,64384.3,64215.4,64309.6,759.888
2026-06-22 13:03:00,64309.6,64309.6,64250.3,64276.0,111.506
2026-06-22 13:06:00,64275.9,64338.3,64275.9,64313.5,165.093
2026-06-22 13:09:00,64313.5,64317.8,64278.5,64278.6,116.394
2026-06-22 13:12:00,64278.6,64278.6,64223.9,64228.2,226.636
2026-06-22 13:15:00,64228.3,64248.7,64221.1,64237.2,148.598
2026-06-22 13:18:00,64237.2,64247.1,64218.0,64218.0,100.084
2026-06-22 13:21:00,64218.0,64248.9,64158.5,64158.6,252.933
2026-06-22 13:24:00,64158.6,64196.1,64137.1,64169.1,167.431
2026-06-22 13:27:00,64169.1,64191.8,64168.8,64187.9,111.259
2026-06-22 13:30:00,64188.0,64207.8,64126.3,64127.6,198.933
2026-06-22 13:33:00,64127.6,64154.8,64080.0,64100.0,227.875
2026-06-22 13:36:00,64099.9,64175.0,64088.1,64151.3,205.326
2026-06-22 13:39:00,64151.3,64273.8,64151.3,64192.4,219.003
2026-06-22 13:42:00,64192.5,64295.6,64192.4,64295.5,158.931
2026-06-22 13:45:00,64295.5,64295.5,64220.2,64237.8,149.717
2026-06-22 13:48:00,64237.7,64297.8,64223.9,64297.7,90.598
2026-06-22 13:51:00,64297.8,64332.4,64246.8,64246.8,156.366
2026-06-22 13:54:00,64246.8,64259.7,64229.4,64235.7,48.483
2026-06-22 13:57:00,64235.6,64242.9,64163.9,64168.8,90.596
2026-06-22 14:00:00,64168.7,64218.6,64141.7,64194.7,159.556
2026-06-22 14:03:00,64194.6,64194.7,64103.6,64108.1,106.389
2026-06-22 14:06:00,64108.1,64114.2,64035.7,64035.8,243.977
2026-06-22 14:09:00,64035.8,64135.8,64014.9,64120.3,262.688
2026-06-22 14:12:00,64120.3,64242.8,64120.2,64235.4,141.402
2026-06-22 14:15:00,64235.3,64265.0,64107.5,64107.5,277.22
2026-06-22 14:18:00,64107.5,64156.7,64071.4,64139.3,103.609
2026-06-22 14:21:00,64139.3,64142.4,64110.6,64119.3,64.96
2026-06-22 14:24:00,64119.2,64127.8,64095.6,64126.3,92.125
2026-06-22 14:27:00,64126.3,64146.5,64115.2,64133.8,85.31
2026-06-22 14:30:00,64133.9,64174.9,64120.0,64137.5,87.927
2026-06-22 14:33:00,64137.4,64232.5,64137.4,64200.7,111.27
2026-06-22 14:36:00,64200.7,64209.9,64115.0,64162.5,79.822
2026-06-22 14:39:00,64162.5,64170.6,64134.8,64166.6,67.318
2026-06-22 14:42:00,64166.6,64193.5,64147.3,64157.9,42.713
2026-06-22 14:45:00,64157.9,64174.0,64128.7,64151.9,89.343
2026-06-22 14:48:00,64151.9,64164.9,64111.0,64115.8,57.195
2026-06-22 14:51:00,64115.8,64137.7,64101.4,64124.5,50.419
2026-06-22 14:54:00,64124.4,64124.4,64084.0,64086.9,78.245
2026-06-22 14:57:00,64086.9,64097.6,64066.0,64086.7,108.775
2026-06-22 15:00:00,64086.7,64100.0,64065.0,64100.0,97.312
2026-06-22 15:03:00,64099.9,64160.9,64080.1,64087.8,149.519
2026-06-22 15:06:00,64087.9,64108.0,64050.0,64050.0,136.778
2026-06-22 15:09:00,64050.0,64066.0,64019.0,64050.2,197.683
2026-06-22 15:12:00,64050.1,64098.7,64050.1,64094.8,51.763
2026-06-22 15:15:00,64094.7,64098.7,64059.3,64084.9,89.046
2026-06-22 15:18:00,64084.8,64115.4,64073.4,64096.4,74.197
2026-06-22 15:21:00,64096.5,64109.9,64080.2,64106.1,48.782
2026-06-22 15:24:00,64106.1,64119.1,64102.0,64102.0,36.063
2026-06-22 15:27:00,64102.0,64119.2,64088.1,64114.8,105.971
2026-06-22 15:30:00,64114.7,64169.0,64095.8,64161.5,111.358
2026-06-22 15:33:00,64161.4,64186.8,64144.4,64170.6,93.215
2026-06-22 15:36:00,64170.1,64250.0,64170.1,64229.6,172.848
2026-06-22 15:39:00,64229.6,64240.0,64195.8,64213.2,105.158
2026-06-22 15:42:00,64213.2,64216.7,64182.2,64186.9,54.214
2026-06-22 15:45:00,64186.9,64215.1,64166.6,64190.5,66.523
2026-06-22 15:48:00,64190.5,64190.5,64131.6,64140.2,68.18
2026-06-22 15:51:00,64140.1,64165.6,64115.8,64163.8,69.588
2026-06-22 15:54:00,64163.8,64184.7,64139.2,64139.2,73.522
2026-06-22 15:57:00,64139.3,64159.9,64139.3,64148.9,54.892
2026-06-22 16:00:00,64148.9,64184.2,64123.6,64151.5,74.282
2026-06-22 16:03:00,64151.4,64151.4,64124.8,64130.8,27.07
2026-06-22 16:06:00,64130.8,64130.8,64095.4,64095.4,61.65
2026-06-22 16:09:00,64095.4,64099.3,64068.9,64068.9,121.276
2026-06-22 16:12:00,64068.9,64078.9,64044.1,64055.1,86.484
2026-06-22 16:15:00,64055.1,64114.0,64055.1,64092.5,70.858
2026-06-22 16:18:00,64092.5,64147.7,64092.5,64147.7,67.631
2026-06-22 16:21:00,64147.7,64147.7,64125.2,64141.5,55.882
2026-06-22 16:24:00,64141.5,64145.1,64128.1,64128.2,72.341
2026-06-22 16:27:00,64128.1,64128.1,64100.0,64109.8,61.626
2026-06-22 16:30:00,64109.9,64114.2,64064.5,64098.4,95.256
2026-06-22 16:33:00,64098.4,64295.0,64093.2,64284.0,241.197
2026-06-22 16:36:00,64284.0,64382.6,64261.8,64286.6,885.903
2026-06-22 16:39:00,64286.6,64321.0,64203.6,64216.5,195.782
2026-06-22 16:42:00,64216.4,64344.1,64216.4,64280.4,382.472
2026-06-22 16:45:00,64280.4,64292.5,64200.1,64281.0,240.697
2026-06-22 16:48:00,64281.0,64296.5,64241.8,64267.8,305.976
2026-06-22 16:51:00,64267.7,64267.8,64197.5,64240.0,123.513
2026-06-22 16:54:00,64240.0,64447.9,64221.2,64420.6,864.417
2026-06-22 16:57:00,64420.6,64420.7,64337.1,64337.1,500.994
2026-06-22 17:00:00,64337.1,64539.8,64337.1,64512.8,706.271
2026-06-22 17:03:00,64512.8,64620.9,64512.8,64592.6,1203.31
2026-06-22 17:06:00,64592.6,64732.5,64592.6,64659.9,1255.714
2026-06-22 17:09:00,64659.9,64660.0,64560.0,64599.1,447.547
2026-06-22 17:12:00,64599.0,64599.1,64533.1,64592.2,309.832
2026-06-22 17:15:00,64592.2,64617.6,64542.0,64569.6,259.024
2026-06-22 17:18:00,64569.7,64750.0,64558.1,64657.9,646.558
2026-06-22 17:21:00,64657.9,64685.0,64601.3,64634.3,398.99
2026-06-22 17:24:00,64634.2,64664.0,64581.5,64587.0,288.701
2026-06-22 17:27:00,64587.0,64652.9,64587.0,64624.3,178.644
2026-06-22 17:30:00,64624.2,64880.0,64545.7,64677.6,3144.784
2026-06-22 17:33:00,64677.6,64743.5,64662.6,64738.0,485.648
2026-06-22 17:36:00,64737.9,64759.9,64684.6,64684.6,359.727
2026-06-22 17:39:00,64684.6,64716.7,64666.0,64708.0,308.309
2026-06-22 17:42:00,64708.0,64757.9,64708.0,64719.9,229.936
2026-06-22 17:45:00,64719.9,64751.0,64667.3,64667.3,243.949
2026-06-22 17:48:00,64667.3,64708.7,64661.5,64689.0,220.411
2026-06-22 17:51:00,64689.0,64844.5,64689.0,64844.4,390.779
2026-06-22 17:54:00,64844.4,64957.9,64839.7,64883.0,1517.6
2026-06-22 17:57:00,64883.1,64920.0,64873.3,64920.0,285.542
2026-06-22 18:00:00,64919.9,64929.0,64805.9,64882.8,766.424
2026-06-22 18:03:00,64882.9,64950.0,64860.3,64928.0,356.473
2026-06-22 18:06:00,64928.0,65074.0,64916.6,65050.0,1888.117
2026-06-22 18:09:00,65050.0,65152.4,65050.0,65067.0,1185.366
2026-06-22 18:12:00,65067.0,65100.0,65014.2,65030.7,524.175
2026-06-22 18:15:00,65030.6,65077.2,64955.1,65068.6,601.763
2026-06-22 18:18:00,65068.6,65161.0,65068.6,65146.6,639.087
2026-06-22 18:21:00,65146.7,65199.0,65100.0,65118.9,790.311
2026-06-22 18:24:00,65118.8,65133.7,65048.8,65126.0,423.26
2026-06-22 18:27:00,65126.1,65174.2,65099.1,65120.1,339.053
2026-06-22 18:30:00,65120.0,65133.2,65026.4,65050.0,678.042
2026-06-22 18:33:00,65050.0,65140.0,65050.0,65059.4,432.701
2026-06-22 18:36:00,65059.5,65083.5,65004.6,65009.3,437.121
2026-06-22 18:39:00,65009.3,65134.3,65001.7,65090.3,402.07
2026-06-22 18:42:00,65090.3,65175.0,65090.2,65113.0,397.921
2026-06-22 18:45:00,65113.1,65132.2,65064.3,65083.9,252.655
2026-06-22 18:48:00,65083.8,65099.9,65021.8,65022.0,246.52
2026-06-22 18:51:00,65022.0,65084.8,65016.5,65067.0,300.857
2026-06-22 18:54:00,65067.0,65079.4,65021.1,65021.1,221.665
2026-06-22 18:57:00,65021.2,65021.2,64915.6,64966.8,728.1
2026-06-22 19:00:00,64966.9,65240.0,64944.8,65076.6,1333.031
2026-06-22 19:03:00,65076.6,65265.0,64964.6,65211.2,912.547
2026-06-22 19:06:00,65211.1,65333.5,65195.0,65268.3,1472.972
2026-06-22 19:09:00,65268.3,65308.2,65181.5,65199.5,604.022
2026-06-22 19:12:00,65199.5,65454.6,65199.5,65373.7,2017.642
2026-06-22 19:15:00,65373.7,65494.1,65333.0,65404.3,1591.893
2026-06-22 19:18:00,65404.3,65565.7,65376.4,65536.0,1742.163
2026-06-22 19:21:00,65535.9,65539.9,65450.0,65467.0,649.949
2026-06-22 19:24:00,65467.0,65516.6,65444.6,65501.8,478.687
2026-06-22 19:27:00,65501.8,65550.0,65479.4,65548.0,328.274
2026-06-22 19:30:00,65547.9,65597.2,65375.0,65398.1,1467.785
2026-06-22 19:33:00,65398.2,65438.6,65359.3,65392.1,628.694
2026-06-22 19:36:00,65392.1,65397.7,65289.1,65332.4,896.151
2026-06-22 19:39:00,65332.4,65369.2,65250.0,65292.3,642.965
2026-06-22 19:42:00,65292.3,65332.5,65251.3,65269.9,319.543
2026-06-22 19:45:00,65270.0,65278.4,65135.4,65140.5,819.647
2026-06-22 19:48:00,65140.5,65215.8,65093.0,65121.4,571.509
2026-06-22 19:51:00,65121.4,65184.9,65062.3,65073.4,763.285
2026-06-22 19:54:00,65073.3,65073.3,64946.5,65065.0,1233.221
2026-06-22 19:57:00,65065.0,65065.1,64937.5,64937.5,486.954
2026-06-22 20:00:00,64937.6,64962.2,64855.0,64889.8,1587.058
2026-06-22 20:03:00,64889.8,65050.1,64880.0,65013.2,725.426
2026-06-22 20:06:00,65014.4,65045.8,64820.6,64847.9,1433.499
2026-06-22 20:09:00,64847.9,64926.8,64831.9,64892.2,523.52
2026-06-22 20:12:00,64892.2,64950.0,64871.8,64880.1,509.883
2026-06-22 20:15:00,64880.1,64940.6,64830.0,64850.1,634.489
2026-06-22 20:18:00,64850.1,65021.9,64812.3,64986.1,627.237
2026-06-22 20:21:00,64986.0,65021.4,64940.1,64950.5,322.851
2026-06-22 20:24:00,64950.6,64968.8,64802.3,64849.7,512.577
2026-06-22 20:27:00,64849.7,64975.9,64849.7,64943.0,234.733
2026-06-22 20:30:00,64943.1,65077.6,64943.1,65077.6,455.116
2026-06-22 20:33:00,65077.6,65117.2,64933.4,64964.3,479.863
2026-06-22 20:36:00,64964.3,64998.6,64880.0,64998.5,276.012
2026-06-22 20:39:00,64998.6,65047.7,64964.4,65040.3,185.013
2026-06-22 20:42:00,65040.2,65089.8,65030.2,65050.7,175.131
2026-06-22 20:45:00,65050.8,65086.8,64951.0,64974.1,311.539
2026-06-22 20:48:00,64974.1,65015.9,64900.0,64941.2,200.005
2026-06-22 20:51:00,64941.1,64984.8,64922.1,64984.8,317.429
2026-06-22 20:54:00,64984.8,65039.9,64945.6,65025.2,246.833
2026-06-22 20:57:00,65025.2,65058.7,64969.6,65022.2,154.544
2026-06-22 21:00:00,65022.2,65043.5,64986.9,65007.6,229.535
2026-06-22 21:03:00,65007.5,65090.7,64992.7,65065.0,312.752
2026-06-22 21:06:00,65065.0,65098.4,64990.2,64993.6,223.611
2026-06-22 21:09:00,64993.5,65047.2,64990.2,65040.7,103.133
2026-06-22 21:12:00,65040.6,65071.3,65026.5,65034.5,122.947
2026-06-22 21:15:00,65034.5,65048.8,64982.0,65000.6,115.999
2026-06-22 21:18:00,65000.5,65020.6,64820.0,64830.8,745.369
2026-06-22 21:21:00,64830.8,64865.9,64758.9,64828.5,919.463
2026-06-22 21:24:00,64828.2,64859.1,64722.2,64722.3,504.691
2026-06-22 21:27:00,64722.3,64812.4,64722.2,64808.0,456.367
2026-06-22 21:30:00,64808.0,64835.6,64660.8,64704.6,962.568
2026-06-22 21:33:00,64704.6,64739.6,64662.0,64680.6,777.518
2026-06-22 21:36:00,64680.6,64718.5,64625.1,64665.3,642.545
2026-06-22 21:39:00,64665.2,64747.9,64632.0,64680.1,545.753
2026-06-22 21:42:00,64680.0,64728.2,64680.0,64705.6,187.572
2026-06-22 21:45:00,64705.7,64721.7,64590.0,64694.7,645.336
2026-06-22 21:48:00,64694.7,64766.9,64692.8,64730.5,329.008
2026-06-22 21:51:00,64730.5,64766.9,64700.5,64734.4,342.682
2026-06-22 21:54:00,64734.3,64734.4,64632.1,64636.1,237.311
2026-06-22 21:57:00,64636.0,64683.4,64632.1,64661.4,337.039
2026-06-22 22:00:00,64661.5,64669.8,64620.3,64629.5,225.216
2026-06-22 22:03:00,64629.5,64651.6,64557.0,64559.0,424.279
2026-06-22 22:06:00,64559.0,64650.0,64559.0,64595.8,290.673
2026-06-22 22:09:00,64595.7,64619.1,64515.3,64550.9,438.152
2026-06-22 22:12:00,64550.9,64571.1,64516.6,64555.1,192.937
2026-06-22 22:15:00,64555.1,64618.5,64481.0,64597.1,597.056
2026-06-22 22:18:00,64597.0,64637.2,64550.7,64637.2,450.983
2026-06-22 22:21:00,64637.2,64718.7,64591.8,64718.7,506.268
2026-06-22 22:24:00,64718.7,64754.6,64712.9,64740.0,235.928
2026-06-22 22:27:00,64740.1,64779.2,64689.8,64695.7,352.177
2026-06-22 22:30:00,64695.8,64702.2,64629.9,64674.8,138.932
2026-06-22 22:33:00,64674.8,64746.4,64666.1,64666.2,194.272
2026-06-22 22:36:00,64666.1,64666.2,64600.0,64654.8,183.21
2026-06-22 22:39:00,64654.8,64663.7,64614.2,64642.1,121.735
2026-06-22 22:42:00,64642.0,64670.8,64631.7,64652.9,106.815
2026-06-22 22:45:00,64653.0,64676.3,64615.5,64619.6,108.249
2026-06-22 22:48:00,64619.6,64630.2,64573.5,64583.7,130.704
2026-06-22 22:51:00,64583.7,64583.7,64507.0,64556.5,211.384
2026-06-22 22:54:00,64556.4,64568.9,64501.5,64549.2,250.979
2026-06-22 22:57:00,64549.1,64570.1,64501.9,64504.6,145.956
2026-06-22 23:00:00,64504.5,64504.5,64355.0,64410.5,1501.059
2026-06-22 23:03:00,64410.5,64448.5,64380.0,64380.1,256.587
2026-06-22 23:06:00,64380.1,64477.6,64358.2,64450.5,223.089
2026-06-22 23:09:00,64450.5,64459.0,64400.0,64400.0,147.06
2026-06-22 23:12:00,64400.1,64455.7,64374.6,64399.9,301.608
2026-06-22 23:15:00,64400.0,64477.6,64400.0,64435.2,305.097
2026-06-22 23:18:00,64435.2,64506.8,64417.8,64482.4,191.746
2026-06-22 23:21:00,64482.5,64587.7,64477.8,64567.2,263.011
2026-06-22 23:24:00,64567.2,64624.5,64567.2,64611.3,283.627
2026-06-22 23:27:00,64611.3,64624.7,64580.5,64580.6,233.209
2026-06-22 23:30:00,64580.6,64664.4,64580.5,64650.4,352.497
2026-06-22 23:33:00,64650.4,64683.9,64634.6,64675.4,220.705
2026-06-22 23:36:00,64675.4,64708.0,64642.6,64676.3,182.764
2026-06-22 23:39:00,64676.3,64676.3,64620.5,64643.1,141.636
2026-06-22 23:42:00,64643.1,64660.4,64640.5,64650.0,86.596
2026-06-22 23:45:00,64650.1,64697.4,64637.0,64641.2,143.921
2026-06-22 23:48:00,64641.2,64676.1,64614.3,64625.0,158.324
2026-06-22 23:51:00,64625.1,64671.8,64615.9,64665.9,154.227
2026-06-22 23:54:00,64665.8,64665.9,64565.5,64575.1,154.883
2026-06-22 23:57:00,64575.0,64597.0,64548.3,64578.2,177.216
2026-06-23 00:00:00,64578.2,64596.6,64548.0,64577.9,197.237
2026-06-23 00:03:00,64578.0,64600.0,64545.8,64556.4,104.754
2026-06-23 00:06:00,64556.5,64593.8,64515.1,64525.4,251.106
2026-06-23 00:09:00,64526.2,64536.7,64494.0,64502.4,93.851
2026-06-23 00:12:00,64502.4,64513.3,64469.2,64491.1,90.618
2026-06-23 00:15:00,64491.1,64500.0,64340.1,64432.1,1096.887
2026-06-23 00:18:00,64432.0,64462.0,64430.4,64431.0,146.098
2026-06-23 00:21:00,64431.1,64431.1,64360.0,64390.1,251.72
2026-06-23 00:24:00,64390.0,64394.8,64249.6,64331.2,1122.52
2026-06-23 00:27:00,64331.2,64354.9,64290.0,64312.9,347.171
2026-06-23 00:30:00,64312.9,64367.3,64302.0,64350.8,372.976
2026-06-23 00:33:00,64350.8,64370.0,64295.7,64351.7,216.358
2026-06-23 00:36:00,64351.7,64351.7,64278.4,64278.4,290.043
2026-06-23 00:39:00,64278.4,64353.4,64278.4,64336.3,181.849
2026-06-23 00:42:00,64336.4,64396.8,64330.6,64382.7,331.046
2026-06-23 00:45:00,64382.7,64389.9,64305.9,64345.5,463.326
2026-06-23 00:48:00,64345.6,64413.3,64339.2,64396.7,166.712
2026-06-23 00:51:00,64396.8,64400.0,64330.3,64363.4,154.076
2026-06-23 00:54:00,64363.4,64363.4,64263.0,64277.5,306.59
2026-06-23 00:57:00,64277.6,64340.7,64277.5,64323.7,153.462
2026-06-23 01:00:00,64323.7,64391.9,64320.3,64386.1,187.939
2026-06-23 01:03:00,64386.1,64411.0,64359.6,64361.7,105.116
2026-06-23 01:06:00,64361.7,64425.6,64361.7,64414.7,123.851
2026-06-23 01:09:00,64414.6,64426.9,64370.1,64391.8,122.015
2026-06-23 01:12:00,64391.8,64400.0,64374.5,64374.6,70.885
2026-06-23 01:15:00,64374.6,64378.2,64240.0,64323.2,443.664
2026-06-23 01:18:00,64323.1,64407.9,64288.2,64390.7,266.647
2026-06-23 01:21:00,64390.6,64449.9,64358.9,64438.3,216.464
2026-06-23 01:24:00,64438.3,64461.9,64406.0,64420.8,181.088
2026-06-23 01:27:00,64420.8,64475.8,64420.8,64447.9,308.717
2026-06-23 01:30:00,64450.6,64572.9,64439.8,64556.2,629.508
2026-06-23 01:33:00,64556.2,64628.3,64538.7,64626.4,479.313
2026-06-23 01:36:00,64626.4,64637.1,64478.2,64527.9,602.7
2026-06-23 01:39:00,64527.9,64527.9,64442.7,64470.5,257.527
2026-06-23 01:42:00,64470.5,64509.8,64470.4,64496.2,111.917
2026-06-23 01:45:00,64496.2,64519.1,64463.5,64464.2,158.939
2026-06-23 01:48:00,64464.1,64490.0,64450.5,64457.1,78.188
2026-06-23 01:51:00,64457.0,64457.1,64422.5,64429.3,73.801
2026-06-23 01:54:00,64429.2,64429.2,64355.6,64361.4,115.429
2026-06-23 01:57:00,64361.4,64382.5,64326.0,64382.5,176.434
2026-06-23 02:00:00,64382.5,64439.0,64382.4,64433.5,149.154
2026-06-23 02:03:00,64433.4,64437.5,64371.1,64398.9,140.843
2026-06-23 02:06:00,64398.9,64472.6,64386.0,64456.3,182.091
2026-06-23 02:09:00,64456.2,64474.6,64448.3,64468.7,85.352
2026-06-23 02:12:00,64468.8,64468.8,64457.4,64457.4,46.704
2026-06-23 02:15:00,64457.4,64457.4,64422.6,64427.1,68.903
2026-06-23 02:18:00,64427.0,64446.5,64413.5,64413.5,44.648
2026-06-23 02:21:00,64413.5,64417.9,64364.4,64392.6,125.353
2026-06-23 02:24:00,64392.5,64412.9,64392.5,64410.6,63.269
2026-06-23 02:27:00,64410.5,64410.6,64395.0,64409.8,44.234
2026-06-23 02:30:00,64409.8,64461.0,64404.2,64434.9,143.328
2026-06-23 02:33:00,64434.7,64447.2,64396.0,64406.0,76.712
2026-06-23 02:36:00,64406.1,64406.1,64368.2,64368.2,53.947
2026-06-23 02:39:00,64368.2,64369.0,64350.0,64353.8,46.706
2026-06-23 02:42:00,64353.8,64380.8,64309.2,64371.8,163.237
2026-06-23 02:45:00,64371.8,64371.9,64306.4,64357.3,93.014
2026-06-23 02:48:00,64357.3,64357.3,64319.4,64319.5,34.679
2026-06-23 02:51:00,64319.5,64321.0,64221.4,64237.5,283.574
2026-06-23 02:54:00,64237.6,64285.4,64220.0,64285.4,212.162
2026-06-23 02:57:00,64285.4,64285.4,64262.3,64273.0,42.365
2026-06-23 03:00:00,64272.9,64273.0,64251.4,64259.1,87.039
2026-06-23 03:03:00,64259.0,64286.9,64256.9,64274.6,114.689
2026-06-23 03:06:00,64274.5,64304.4,64221.6,64221.6,237.718
2026-06-23 03:09:00,64221.6,64221.7,64112.1,64190.2,839.597
2026-06-23 03:12:00,64190.3,64199.4,64155.6,64155.6,201.8
2026-06-23 03:15:00,64155.6,64221.0,64139.3,64206.4,129.981
2026-06-23 03:18:00,64206.4,64250.4,64196.3,64250.4,92.101
2026-06-23 03:21:00,64250.4,64250.4,64199.3,64213.5,101.259
2026-06-23 03:24:00,64213.5,64259.3,64211.0,64250.1,67.985
2026-06-23 03:27:00,64250.1,64291.0,64250.0,64291.0,66.142
2026-06-23 03:30:00,64291.0,64370.8,64273.8,64370.5,201.219
2026-06-23 03:33:00,64370.5,64370.6,64322.2,64337.3,106.055
2026-06-23 03:36:00,64337.4,64337.4,64233.5,64268.1,116.406
2026-06-23 03:39:00,64268.2,64325.7,64268.1,64314.2,159.115
2026-06-23 03:42:00,64314.2,64327.7,64273.6,64273.7,73.282
2026-06-23 03:45:00,64273.7,64285.2,64242.3,64247.7,63.882
2026-06-23 03:48:00,64247.7,64252.7,64160.0,64169.8,165.711
2026-06-23 03:51:00,64169.9,64243.0,64169.9,64227.0,99.936
2026-06-23 03:54:00,64227.1,64227.1,64123.0,64123.1,176.747
2026-06-23 03:57:00,64123.0,64129.3,63863.0,64007.0,2230.892
2026-06-23 04:00:00,64006.9,64011.6,63909.9,63996.9,554.337
2026-06-23 04:03:00,63996.9,64115.0,63981.4,64043.2,413.638
2026-06-23 04:06:00,64043.3,64043.3,63803.1,63891.8,872.08
2026-06-23 04:09:00,63891.8,63924.6,63854.0,63924.6,397.532
2026-06-23 04:12:00,63924.6,63955.1,63758.3,63817.4,578.03
2026-06-23 04:15:00,63817.4,63899.9,63800.1,63891.6,311.91
2026-06-23 04:18:00,63891.6,63934.4,63860.0,63923.3,331.454
2026-06-23 04:21:00,63923.3,63950.0,63890.0,63930.8,185.97
2026-06-23 04:24:00,63930.7,63976.8,63930.7,63970.0,161.728
2026-06-23 04:27:00,63970.0,63970.0,63884.0,63948.4,345.509
2026-06-23 04:30:00,63948.5,63975.0,63864.7,63973.2,537.211
2026-06-23 04:33:00,63973.1,63973.7,63890.0,63924.1,253.657
2026-06-23 04:36:00,63924.1,63989.4,63913.7,63979.2,146.911
2026-06-23 04:39:00,63979.2,63989.4,63943.4,63966.5,122.907
2026-06-23 04:42:00,63966.6,63980.6,63908.3,63910.8,159.771
2026-06-23 04:45:00,63910.8,63921.1,63860.0,63872.1,198.419
2026-06-23 04:48:00,63872.2,63909.3,63843.8,63900.6,246.72
2026-06-23 04:51:00,63900.5,63991.1,63900.5,63972.1,166.243
2026-06-23 04:54:00,63972.1,63997.9,63940.0,63997.9,187.036
2026-06-23 04:57:00,63997.9,64030.7,63994.3,64012.1,211.475
2026-06-23 05:00:00,64012.1,64012.1,63950.0,63957.1,118.205
2026-06-23 05:03:00,63957.1,63971.2,63921.9,63952.5,162.279
2026-06-23 05:06:00,63952.5,64009.0,63937.2,63968.8,155.76
2026-06-23 05:09:00,63968.8,64000.2,63965.3,63972.2,100.795
2026-06-23 05:12:00,63972.2,63978.7,63949.9,63959.0,95.831
2026-06-23 05:15:00,63959.0,63984.5,63930.6,63943.9,105.49
2026-06-23 05:18:00,63943.9,63960.0,63920.5,63928.0,82.465
2026-06-23 05:21:00,63928.1,63996.5,63919.5,63996.4,111.042
2026-06-23 05:24:00,63996.5,64019.4,63984.3,64008.8,125.564
2026-06-23 05:27:00,64008.8,64008.9,63984.3,63990.2,76.976
2026-06-23 05:30:00,63990.1,63990.1,63930.0,63957.4,210.527
2026-06-23 05:33:00,63957.4,64005.9,63942.2,63998.9,130.898
2026-06-23 05:36:00,63998.9,64000.0,63900.0,63900.0,114.315
2026-06-23 05:39:00,63900.0,63925.0,63889.0,63891.5,152.112
2026-06-23 05:42:00,63891.5,63931.1,63862.7,63931.0,272.617
2026-06-23 05:45:00,63931.1,63981.2,63890.0,63903.7,140.643
2026-06-23 05:48:00,63903.7,63907.5,63838.6,63838.9,123.195
2026-06-23 05:51:00,63838.9,63870.5,63820.0,63846.1,156.763
2026-06-23 05:54:00,63846.1,63866.0,63825.8,63840.9,169.183
2026-06-23 05:57:00,63840.8,63874.5,63803.2,63831.2,202.044
2026-06-23 06:00:00,63831.2,63965.7,63831.2,63962.9,216.433
2026-06-23 06:03:00,63962.9,63993.6,63954.2,63955.2,191.926
2026-06-23 06:06:00,63955.1,63980.0,63930.7,63980.0,74.682
2026-06-23 06:09:00,63980.0,63996.8,63960.8,63994.4,97.576
2026-06-23 06:12:00,63994.4,64086.2,63987.4,64078.2,351.885
2026-06-23 06:15:00,64078.3,64090.3,64020.0,64025.7,390.756
2026-06-23 06:18:00,64025.7,64082.5,64016.4,64073.6,230.771
2026-06-23 06:21:00,64073.5,64090.3,64063.0,64090.2,106.042
2026-06-23 06:24:00,64090.3,64130.0,64055.3,64070.0,306.532
2026-06-23 06:27:00,64070.1,64119.4,64050.0,64119.4,252.408
2026-06-23 06:30:00,64119.4,64242.8,64100.0,64153.6,856.255
2026-06-23 06:33:00,64153.5,64183.2,64145.9,64165.1,246.72
2026-06-23 06:36:00,64165.1,64205.6,64135.0,64184.4,245.26
2026-06-23 06:39:00,64184.5,64225.8,64156.5,64220.0,258.455
2026-06-23 06:42:00,64219.9,64225.8,64177.1,64179.8,142.436
2026-06-23 06:45:00,64179.8,64193.0,64168.3,64173.1,121.302
2026-06-23 06:48:00,64173.1,64173.1,64129.3,64147.7,173.806
2026-06-23 06:51:00,64147.7,64234.7,64144.2,64145.0,205.864
2026-06-23 06:54:00,64145.0,64170.9,64110.8,64149.4,209.144
2026-06-23 06:57:00,64149.3,64172.9,64120.9,64172.9,149.755
2026-06-23 07:00:00,64172.9,64205.2,64135.2,64200.0,91.86
2026-06-23 07:03:00,64200.0,64209.5,64032.0,64032.1,304.953
2026-06-23 07:06:00,64032.0,64034.4,63968.0,63993.5,438.684
2026-06-23 07:09:00,63993.5,64073.7,63993.5,64054.1,148.861
2026-06-23 07:12:00,64054.0,64074.6,64017.1,64026.4,84.978
2026-06-23 07:15:00,64026.4,64026.4,63910.0,63923.9,249.108
2026-06-23 07:18:00,63924.0,63945.8,63852.5,63877.7,413.896
2026-06-23 07:21:00,63877.7,64038.9,63877.7,64022.4,316.819
2026-06-23 07:24:00,64022.4,64123.0,64008.7,64103.2,532.703
2026-06-23 07:27:00,64103.2,64153.3,64100.0,64125.2,167.213
2026-06-23 07:30:00,64125.1,64159.3,64093.0,64125.1,315.2
2026-06-23 07:33:00,64125.0,64132.7,64081.9,64086.2,79.089
2026-06-23 07:36:00,64086.2,64124.0,64056.6,64058.9,64.17
2026-06-23 07:39:00,64058.9,64068.5,64005.5,64031.4,115.295
2026-06-23 07:42:00,64031.4,64100.0,64031.4,64086.2,89.46
2026-06-23 07:45:00,64086.1,64174.6,64086.1,64153.0,123.631
2026-06-23 07:48:00,64153.2,64168.0,64132.2,64161.3,77.241
2026-06-23 07:51:00,64161.3,64177.6,64132.2,64135.2,79.351
2026-06-23 07:54:00,64135.1,64182.0,64133.6,64182.0,40.096
2026-06-23 07:57:00,64182.0,64196.9,64137.6,64137.6,199.479
2026-06-23 08:00:00,64137.6,64169.6,64124.6,64162.3,94.255
2026-06-23 08:03:00,64162.2,64196.9,64149.0,64162.3,66.88
2026-06-23 08:06:00,64162.2,64188.3,64150.0,64166.9,56.224
2026-06-23 08:09:00,64166.9,64182.5,64154.3,64182.4,70.23
2026-06-23 08:12:00,64182.4,64221.8,64162.4,64170.9,252.017
2026-06-23 08:15:00,64170.8,64170.8,64126.3,64150.3,130.775
2026-06-23 08:18:00,64150.3,64183.3,64138.0,64183.2,52.23
2026-06-23 08:21:00,64183.3,64223.4,64183.2,64205.5,89.557
2026-06-23 08:24:00,64205.6,64223.4,64190.0,64223.3,96.84
2026-06-23 08:27:00,64223.3,64247.2,64165.8,64165.9,502.741
2026-06-23 08:30:00,64165.8,64172.2,64041.0,64049.7,213.49
2026-06-23 08:33:00,64049.8,64061.8,63969.6,63994.4,614.328
2026-06-23 08:36:00,63994.3,64023.4,63949.7,63973.7,279.977
2026-06-23 08:39:00,63973.7,63973.7,63935.6,63940.3,205.94
2026-06-23 08:42:00,63940.2,63990.3,63933.3,63990.3,263.869
2026-06-23 08:45:00,63990.2,64041.6,63980.2,64040.1,147.719
2026-06-23 08:48:00,64040.1,64060.0,63990.4,64008.7,93.515
2026-06-23 08:51:00,64008.7,64023.9,63980.2,63997.8,124.429
2026-06-23 08:54:00,63997.8,64062.2,63994.5,64062.2,71.749
2026-06-23 08:57:00,64062.2,64076.1,64040.2,64068.7,96.21
2026-06-23 09:00:00,64068.8,64068.8,64000.0,64027.8,91.134
2026-06-23 09:03:00,64027.9,64041.9,63992.7,64026.9,88.005
2026-06-23 09:06:00,64027.0,64027.0,63941.1,63949.7,163.175
2026-06-23 09:09:00,63949.8,63974.8,63934.2,63943.4,153.247
2026-06-23 09:12:00,63943.4,63970.2,63939.5,63964.9,82.672
2026-06-23 09:15:00,63964.8,63997.1,63960.9,63979.5,134.907
2026-06-23 09:18:00,63979.6,64056.4,63966.5,64046.4,99.593
2026-06-23 09:21:00,64046.4,64046.5,64020.0,64020.0,34.052
2026-06-23 09:24:00,64020.0,64020.1,63988.3,64008.7,99.929
2026-06-23 09:27:00,64008.8,64042.8,64008.7,64037.3,41.474
2026-06-23 09:30:00,64037.2,64068.0,64037.2,64065.0,148.466
2026-06-23 09:33:00,64065.0,64066.4,64026.4,64033.3,80.353
2026-06-23 09:36:00,64033.3,64061.0,64033.2,64033.2,48.547
2026-06-23 09:39:00,64033.2,64039.1,64003.9,64003.9,91.371
2026-06-23 09:42:00,64003.9,64031.1,63979.3,64026.4,117.676
2026-06-23 09:45:00,64026.5,64027.4,63965.9,63976.3,102.526
2026-06-23 09:48:00,63976.3,63982.0,63907.2,63907.2,148.229
2026-06-23 09:51:00,63907.2,63923.7,63874.0,63918.6,321.791
2026-06-23 09:54:00,63918.7,63951.4,63918.6,63941.6,114.874
2026-06-23 09:57:00,63941.7,63954.2,63923.0,63954.2,48.897
2026-06-23 10:00:00,63954.1,63954.1,63889.4,63912.5,114.206
2026-06-23 10:03:00,63912.5,63912.5,63775.7,63848.7,676.827
2026-06-23 10:06:00,63848.6,63855.6,63820.5,63830.0,181.688
2026-06-23 10:09:00,63830.0,63843.4,63804.6,63815.0,227.169
2026-06-23 10:12:00,63815.1,63834.6,63770.0,63783.4,351.855
2026-06-23 10:15:00,63783.4,63840.2,63783.4,63802.5,197.49
2026-06-23 10:18:00,63802.5,63805.6,63673.0,63696.0,864.15
2026-06-23 10:21:00,63696.0,63715.3,63657.9,63688.7,687.372
2026-06-23 10:24:00,63688.7,63689.6,63608.6,63610.3,656.174
2026-06-23 10:27:00,63610.2,63684.3,63569.2,63594.9,533.272
2026-06-23 10:30:00,63594.8,63655.3,63578.9,63605.6,682.442
2026-06-23 10:33:00,63605.7,63692.5,63577.0,63690.1,314.483
2026-06-23 10:36:00,63690.1,63707.5,63600.0,63624.9,295.155
2026-06-23 10:39:00,63624.9,63695.2,63623.0,63690.9,165.407
2026-06-23 10:42:00,63690.9,63697.7,63583.3,63593.8,266.879
2026-06-23 10:45:00,63593.8,63656.0,63525.1,63623.5,647.935
2026-06-23 10:48:00,63623.5,63623.5,63518.0,63547.2,430.516
2026-06-23 10:51:00,63547.3,63581.3,63375.6,63451.1,1444.618
2026-06-23 10:54:00,63451.2,63451.2,63365.2,63394.0,698.987
2026-06-23 10:57:00,63394.0,63468.6,63384.6,63450.0,415.848
2026-06-23 11:00:00,63450.0,63494.0,63412.6,63438.0,425.613
2026-06-23 11:03:00,63437.9,63460.0,63400.0,63430.0,320.613
2026-06-23 11:06:00,63430.0,63474.6,63393.7,63393.7,130.608
2026-06-23 11:09:00,63393.8,63458.7,63360.3,63400.0,333.592
2026-06-23 11:12:00,63400.0,63430.0,63350.0,63409.8,323.003
2026-06-23 11:15:00,63409.9,63422.9,63329.1,63330.3,460.614
2026-06-23 11:18:00,63330.3,63424.2,63322.0,63414.9,380.711
2026-06-23 11:21:00,63414.8,63427.0,63380.9,63385.7,331.805
2026-06-23 11:24:00,63385.6,63421.1,63337.9,63421.1,359.58
2026-06-23 11:27:00,63421.1,63428.7,63336.7,63372.1,271.412
2026-06-23 11:30:00,63372.0,63374.4,63310.2,63367.4,461.839
2026-06-23 11:33:00,63367.5,63367.5,63301.5,63308.9,269.101
2026-06-23 11:36:00,63309.0,63310.1,63086.0,63125.7,2529.608
2026-06-23 11:39:00,63125.8,63192.5,63089.9,63143.9,765.22
2026-06-23 11:42:00,63144.0,63194.9,63103.9,63184.6,458.052
2026-06-23 11:45:00,63184.6,63259.4,63137.1,63158.3,729.035
2026-06-23 11:48:00,63158.3,63158.4,62822.4,62825.2,2848.759
2026-06-23 11:51:00,62825.3,62829.5,62532.4,62595.7,4585.276
2026-06-23 11:54:00,62595.8,62666.0,62544.0,62643.5,2232.447
2026-06-23 11:57:00,62643.5,62744.8,62620.0,62740.0,1758.181
2026-06-23 12:00:00,62740.0,62814.8,62638.4,62810.0,2617.669
2026-06-23 12:03:00,62810.0,62900.0,62806.4,62852.3,1597.794
2026-06-23 12:06:00,62852.4,62899.9,62822.8,62862.4,525.682
2026-06-23 12:09:00,62862.4,62955.4,62845.6,62950.3,1612.269
2026-06-23 12:12:00,62950.2,62962.8,62853.4,62913.3,518.812
2026-06-23 12:15:00,62913.2,63047.0,62885.0,62950.2,801.56
2026-06-23 12:18:00,62950.2,62950.2,62876.9,62918.5,365.918
2026-06-23 12:21:00,62918.6,62937.0,62889.6,62923.5,208.595
2026-06-23 12:24:00,62923.5,62948.9,62900.3,62905.9,217.482
2026-06-23 12:27:00,62905.8,62930.5,62890.0,62905.5,339.963
2026-06-23 12:30:00,62905.5,62944.0,62850.3,62919.7,535.962
2026-06-23 12:33:00,62919.7,62937.2,62895.4,62908.4,182.333
2026-06-23 12:36:00,62908.4,62994.2,62908.3,62972.5,245.038
2026-06-23 12:39:00,62972.5,63000.0,62961.0,62981.1,324.862
2026-06-23 12:42:00,62981.0,63036.9,62950.0,62998.4,360.766
2026-06-23 12:45:00,62998.4,63009.9,62969.2,63005.8,239.209
2026-06-23 12:48:00,63005.8,63062.0,62945.0,63043.4,339.337
2026-06-23 12:51:00,63043.4,63070.1,63010.0,63010.1,282.249
2026-06-23 12:54:00,63010.1,63010.1,62955.8,62967.7,143.863
2026-06-23 12:57:00,62967.7,62979.6,62958.7,62966.3,96.158
2026-06-23 13:00:00,62966.3,63003.6,62838.6,62852.9,511.551
2026-06-23 13:03:00,62852.9,62928.4,62851.3,62858.6,447.087
2026-06-23 13:06:00,62858.5,62987.8,62838.4,62951.2,312.091
2026-06-23 13:09:00,62951.2,62975.4,62915.1,62916.1,232.139
2026-06-23 13:12:00,62916.1,62920.4,62852.0,62863.2,215.676
2026-06-23 13:15:00,62863.3,62931.0,62863.3,62900.8,238.812
2026-06-23 13:18:00,62900.8,62960.6,62900.8,62914.8,242.432
2026-06-23 13:21:00,62914.8,62914.8,62855.0,62877.6,220.422
2026-06-23 13:24:00,62877.7,62941.3,62841.9,62941.3,310.245
2026-06-23 13:27:00,62941.3,62947.7,62828.0,62849.2,380.243
2026-06-23 13:30:00,62849.3,62916.5,62789.0,62840.2,636.271
2026-06-23 13:33:00,62840.2,62880.0,62788.0,62799.7,290.787
2026-06-23 13:36:00,62799.7,62832.8,62786.0,62813.4,358.068
2026-06-23 13:39:00,62813.5,62856.1,62793.6,62800.0,192.535
2026-06-23 13:42:00,62800.0,62802.2,62606.1,62638.8,1158.132
2026-06-23 13:45:00,62638.8,62655.8,62370.1,62513.8,2625.09
2026-06-23 13:48:00,62513.8,62539.9,62341.5,62414.3,1591.344
2026-06-23 13:51:00,62414.3,62499.2,62345.0,62348.7,790.143
2026-06-23 13:54:00,62348.6,62360.9,62100.0,62124.2,5128.97
2026-06-23 13:57:00,62124.3,62143.3,61870.0,61999.7,4352.765
2026-06-23 14:00:00,61999.7,62216.0,61988.1,62184.2,1913.397
2026-06-23 14:03:00,62184.2,62324.6,62175.0,62303.5,1532.255
2026-06-23 14:06:00,62303.6,62346.6,62260.1,62280.1,1009.15
2026-06-23 14:09:00,62280.2,62395.6,62264.0,62350.1,704.289
2026-06-23 14:12:00,62350.0,62423.2,62345.7,62350.1,716.028
2026-06-23 14:15:00,62350.1,62350.1,62272.3,62341.2,529.854
2026-06-23 14:18:00,62341.3,62341.3,62286.7,62308.2,463.188
2026-06-23 14:21:00,62308.3,62433.0,62297.4,62410.1,585.078
2026-06-23 14:24:00,62410.2,62419.7,62368.6,62403.7,323.104
2026-06-23 14:27:00,62403.8,62428.0,62325.0,62353.7,291.275
2026-06-23 14:30:00,62353.6,62431.9,62349.7,62400.0,359.804
2026-06-23 14:33:00,62400.1,62400.1,62353.2,62385.1,205.274
2026-06-23 14:36:00,62385.4,62408.5,62313.3,62323.8,227.903
2026-06-23 14:39:00,62323.8,62435.9,62323.7,62421.7,298.335
2026-06-23 14:42:00,62421.8,62424.3,62384.3,62405.7,197.172
2026-06-23 14:45:00,62405.8,62445.9,62405.7,62427.1,229.771
2026-06-23 14:48:00,62427.1,62446.0,62408.8,62445.9,160.135
2026-06-23 14:51:00,62446.0,62469.0,62429.7,62459.3,342.427
2026-06-23 14:54:00,62459.3,62481.2,62440.0,62446.8,337.04
2026-06-23 14:57:00,62446.8,62482.0,62446.7,62480.1,254.573
2026-06-23 15:00:00,62480.0,62480.1,62433.1,62461.5,220.279
2026-06-23 15:03:00,62461.5,62464.4,62440.0,62446.2,141.337
2026-06-23 15:06:00,62446.2,62471.1,62435.2,62435.2,177.596
2026-06-23 15:09:00,62435.2,62435.3,62342.6,62365.4,458.736
2026-06-23 15:12:00,62365.4,62365.5,62309.0,62333.1,591.508
2026-06-23 15:15:00,62333.1,62365.3,62313.3,62341.7,223.989
2026-06-23 15:18:00,62341.7,62387.8,62334.5,62365.0,99.609
2026-06-23 15:21:00,62364.9,62388.9,62340.1,62366.2,114.385
2026-06-23 15:24:00,62366.2,62392.8,62338.7,62365.7,156.987
2026-06-23 15:27:00,62365.7,62366.4,62338.8,62350.2,80.776
2026-06-23 15:30:00,62350.3,62532.9,62350.2,62522.2,505.578
2026-06-23 15:33:00,62522.1,62563.9,62500.3,62515.6,573.19
2026-06-23 15:36:00,62515.6,62533.5,62418.5,62425.8,327.765
2026-06-23 15:39:00,62425.8,62443.2,62400.0,62426.7,204.049
2026-06-23 15:42:00,62426.7,62430.0,62421.0,62430.0,61.173
2026-06-23 15:45:00,62430.0,62430.0,62365.8,62384.1,242.73
2026-06-23 15:48:00,62384.0,62419.0,62384.0,62403.9,77.395
2026-06-23 15:51:00,62404.0,62411.0,62380.0,62403.0,137.168
2026-06-23 15:54:00,62403.1,62403.1,62316.2,62339.3,290.604
2026-06-23 15:57:00,62339.2,62345.2,62282.5,62332.8,283.723
2026-06-23 16:00:00,62332.8,62354.0,62285.4,62292.1,288.485
2026-06-23 16:03:00,62292.2,62315.8,62251.8,62277.2,289.65
2026-06-23 16:06:00,62277.1,62323.3,62260.0,62299.9,250.498
2026-06-23 16:09:00,62300.0,62300.0,62217.8,62224.1,251.429
2026-06-23 16:12:00,62224.1,62240.0,62207.1,62234.2,305.864
2026-06-23 16:15:00,62234.2,62253.9,62215.3,62242.7,252.026
2026-06-23 16:18:00,62242.6,62300.0,62237.0,62237.0,284.171
2026-06-23 16:21:00,62237.1,62277.0,62218.1,62256.9,375.595
2026-06-23 16:24:00,62257.0,62289.2,62239.8,62282.3,179.337
2026-06-23 16:27:00,62282.3,62324.7,62269.1,62290.4,252.331
2026-06-23 16:30:00,62290.4,62387.0,62289.2,62372.1,419.932
2026-06-23 16:33:00,62372.0,62372.1,62291.0,62298.6,219.341
2026-06-23 16:36:00,62298.6,62359.0,62298.4,62314.4,137.202
2026-06-23 16:39:00,62314.4,62344.3,62294.0,62344.0,130.036
2026-06-23 16:42:00,62344.0,62363.4,62343.9,62355.1,87.636
2026-06-23 16:45:00,62355.1,62411.5,62355.0,62366.5,216.292
2026-06-23 16:48:00,62366.4,62526.3,62359.9,62496.1,336.773
2026-06-23 16:51:00,62496.1,62559.9,62478.4,62510.2,668.06
2026-06-23 16:54:00,62510.2,62539.8,62471.9,62487.2,428.971
2026-06-23 16:57:00,62487.1,62522.2,62452.3,62515.1,282.063
2026-06-23 17:00:00,62515.1,62600.0,62511.3,62560.0,723.089
2026-06-23 17:03:00,62560.1,62599.9,62510.2,62515.6,533.254
2026-06-23 17:06:00,62515.6,62563.7,62515.6,62560.2,222.352
2026-06-23 17:09:00,62560.2,62597.3,62560.2,62565.0,251.316
2026-06-23 17:12:00,62565.0,62565.0,62533.1,62533.3,136.182
2026-06-23 17:15:00,62533.2,62576.0,62454.9,62454.9,275.954
2026-06-23 17:18:00,62454.9,62463.3,62390.5,62406.0,371.592
2026-06-23 17:21:00,62406.0,62466.0,62395.9,62447.4,228.683
2026-06-23 17:24:00,62447.4,62486.7,62447.3,62483.3,151.903
2026-06-23 17:27:00,62483.3,62509.5,62478.0,62478.5,143.792
2026-06-23 17:30:00,62478.4,62531.6,62453.3,62503.5,174.067
2026-06-23 17:33:00,62503.5,62527.3,62431.3,62441.2,222.448
2026-06-23 17:36:00,62441.1,62461.2,62420.4,62447.1,160.049
2026-06-23 17:39:00,62447.1,62464.2,62381.1,62395.6,168.038
2026-06-23 17:42:00,62395.6,62404.0,62356.9,62404.0,323.13
2026-06-23 17:45:00,62404.0,62424.5,62362.6,62394.3,239.624
2026-06-23 17:48:00,62394.4,62408.8,62367.3,62378.6,118.694
2026-06-23 17:51:00,62378.5,62378.6,62342.0,62351.9,161.555
2026-06-23 17:54:00,62351.9,62369.0,62308.2,62328.2,239.432
2026-06-23 17:57:00,62328.2,62380.0,62328.2,62380.0,107.0
2026-06-23 18:00:00,62380.0,62452.4,62360.0,62360.6,184.295
2026-06-23 18:03:00,62360.5,62372.5,62292.0,62358.3,207.063
2026-06-23 18:06:00,62358.3,62373.0,62296.6,62302.4,233.078
2026-06-23 18:09:00,62302.4,62314.7,62268.4,62288.1,457.915
2026-06-23 18:12:00,62288.1,62317.8,62288.1,62308.7,130.632
2026-06-23 18:15:00,62308.7,62308.7,62272.8,62300.0,150.109
2026-06-23 18:18:00,62300.0,62313.4,62157.0,62273.5,1392.674
2026-06-23 18:21:00,62273.4,62273.5,62179.5,62264.6,660.022
2026-06-23 18:24:00,62264.7,62307.2,62231.0,62256.9,312.79
2026-06-23 18:27:00,62256.9,62271.2,62218.6,62227.9,238.864
2026-06-23 18:30:00,62228.0,62260.7,62177.2,62197.3,613.663
2026-06-23 18:33:00,62197.3,62220.0,62103.3,62164.7,717.901
2026-06-23 18:36:00,62164.6,62194.6,62131.7,62135.3,466.765
2026-06-23 18:39:00,62135.2,62139.7,62042.3,62052.2,1044.398
2026-06-23 18:42:00,62052.1,62187.8,62041.0,62154.9,554.887
2026-06-23 18:45:00,62154.9,62155.0,62074.7,62078.1,258.453
2026-06-23 18:48:00,62078.0,62118.5,62070.0,62118.5,189.301
2026-06-23 18:51:00,62118.5,62118.5,62051.8,62079.2,299.2
2026-06-23 18:54:00,62079.2,62090.0,61978.0,62041.2,834.078
2026-06-23 18:57:00,62041.3,62059.3,61996.5,62023.5,399.765
2026-06-23 19:00:00,62023.5,62431.3,61916.9,62395.2,2828.812
2026-06-23 19:03:00,62395.2,62402.9,62196.0,62327.0,1373.092
2026-06-23 19:06:00,62326.9,62333.7,62222.9,62310.1,572.38
2026-06-23 19:09:00,62310.0,62350.0,62178.9,62251.1,706.649
2026-06-23 19:12:00,62251.0,62406.2,62242.9,62366.0,882.152
2026-06-23 19:15:00,62365.9,62369.0,62236.8,62322.3,583.539
2026-06-23 19:18:00,62322.3,62472.0,62306.4,62396.3,944.014
2026-06-23 19:21:00,62396.3,62513.4,62371.6,62434.4,748.922
2026-06-23 19:24:00,62434.4,62490.0,62322.0,62387.5,727.812
2026-06-23 19:27:00,62387.4,62474.8,62374.2,62446.6,324.755
2026-06-23 19:30:00,62446.5,62568.7,62402.3,62450.1,1059.865
2026-06-23 19:33:00,62450.0,62595.0,62396.2,62397.4,964.945
2026-06-23 19:36:00,62397.3,62496.6,62397.3,62456.4,237.845
2026-06-23 19:39:00,62456.5,62580.8,62451.6,62456.3,503.333
2026-06-23 19:42:00,62456.3,62734.8,62456.2,62702.5,1008.278
2026-06-23 19:45:00,62702.5,62771.4,62626.8,62761.6,1248.172
2026-06-23 19:48:00,62761.5,62837.1,62714.7,62740.0,1235.08
2026-06-23 19:51:00,62740.0,62746.5,62552.0,62614.3,733.678
2026-06-23 19:54:00,62614.3,62614.4,62430.2,62481.0,726.908
2026-06-23 19:57:00,62481.0,62561.0,62420.4,62547.5,439.036
2026-06-23 20:00:00,62547.6,62657.8,62422.2,62444.5,498.49
2026-06-23 20:03:00,62444.6,62570.6,62444.5,62570.5,285.232
2026-06-23 20:06:00,62570.5,62757.8,62564.5,62629.6,588.547
2026-06-23 20:09:00,62629.6,62629.6,62462.5,62501.7,669.065
2026-06-23 20:12:00,62501.6,62591.9,62468.7,62488.2,415.735
2026-06-23 20:15:00,62488.3,62531.7,62421.5,62426.4,691.52
2026-06-23 20:18:00,62426.4,62557.4,62426.4,62540.9,317.585
2026-06-23 20:21:00,62540.9,62581.9,62484.5,62489.5,357.626
2026-06-23 20:24:00,62489.5,62509.7,62433.0,62448.7,274.501
2026-06-23 20:27:00,62448.7,62562.3,62359.2,62462.8,1913.94
2026-06-23 20:30:00,62462.8,62480.3,62378.2,62431.0,888.0
2026-06-23 20:33:00,62431.0,62471.6,62400.0,62420.9,299.277
2026-06-23 20:36:00,62420.9,62421.0,62291.9,62328.0,1064.286
2026-06-23 20:39:00,62328.0,62355.6,62288.0,62297.4,422.85
2026-06-23 20:42:00,62297.5,62355.2,62280.0,62355.2,240.437
2026-06-23 20:45:00,62355.1,62355.1,62267.0,62282.3,299.993
2026-06-23 20:48:00,62282.3,62287.5,62210.3,62252.0,577.677
2026-06-23 20:51:00,62251.8,62283.0,62212.9,62238.7,210.363
2026-06-23 20:54:00,62238.7,62276.7,62161.2,62264.6,374.213
2026-06-23 20:57:00,62264.6,62291.0,62215.2,62247.5,177.041
2026-06-23 21:00:00,62247.4,62380.0,62247.4,62340.6,463.711
2026-06-23 21:03:00,62340.7,62466.5,62340.6,62415.4,374.483
2026-06-23 21:06:00,62415.5,62422.5,62297.0,62297.1,128.474
2026-06-23 21:09:00,62297.0,62347.7,62270.0,62276.9,287.573
2026-06-23 21:12:00,62277.0,62289.9,62242.0,62262.3,203.963
2026-06-23 21:15:00,62262.3,62298.6,62180.0,62180.1,230.941
2026-06-23 21:18:00,62180.0,62239.1,62171.2,62223.7,296.182
2026-06-23 21:21:00,62223.7,62328.7,62218.3,62294.8,255.446
2026-06-23 21:24:00,62294.7,62376.4,62294.7,62371.0,454.393
2026-06-23 21:27:00,62371.0,62457.4,62361.7,62455.8,260.334
2026-06-23 21:30:00,62455.9,62519.8,62393.4,62405.4,583.242
2026-06-23 21:33:00,62405.4,62525.5,62395.4,62516.0,424.293
2026-06-23 21:36:00,62516.0,62718.0,62479.8,62711.4,2076.232
2026-06-23 21:39:00,62711.3,62779.1,62636.2,62696.7,831.419
2026-06-23 21:42:00,62696.7,62812.2,62661.8,62759.0,1807.719
2026-06-23 21:45:00,62758.9,62801.0,62595.0,62648.2,820.005
2026-06-23 21:48:00,62648.3,62688.4,62583.9,62587.2,304.375
2026-06-23 21:51:00,62587.3,62611.0,62550.0,62594.1,260.924
2026-06-23 21:54:00,62594.1,62594.4,62551.8,62563.2,97.481
2026-06-23 21:57:00,62563.0,62583.0,62541.1,62557.0,129.964
2026-06-23 22:00:00,62557.0,62610.9,62550.0,62593.8,208.309
2026-06-23 22:03:00,62593.8,62634.9,62570.2,62574.5,106.939
2026-06-23 22:06:00,62574.5,62609.8,62562.8,62562.8,100.816
2026-06-23 22:09:00,62562.8,62629.4,62550.0,62595.4,118.583
2026-06-23 22:12:00,62595.4,62618.7,62585.4,62595.1,54.375
2026-06-23 22:15:00,62595.2,62614.7,62562.1,62572.2,76.369
2026-06-23 22:18:00,62572.3,62609.8,62475.6,62494.8,214.412
2026-06-23 22:21:00,62494.9,62521.6,62474.5,62485.1,162.253
2026-06-23 22:24:00,62485.2,62513.1,62458.4,62467.8,138.614
2026-06-23 22:27:00,62467.8,62559.2,62465.3,62522.9,146.738
2026-06-23 22:30:00,62522.9,62529.1,62472.6,62486.8,97.807
2026-06-23 22:33:00,62486.9,62495.5,62422.9,62425.7,168.507
2026-06-23 22:36:00,62425.6,62431.3,62340.0,62410.0,468.442
2026-06-23 22:39:00,62410.0,62515.0,62410.0,62500.3,195.283
2026-06-23 22:42:00,62500.3,62502.6,62390.0,62401.5,223.742
2026-06-23 22:45:00,62401.4,62505.5,62400.0,62450.0,161.171
2026-06-23 22:48:00,62449.9,62573.2,62449.9,62551.7,156.114
2026-06-23 22:51:00,62551.8,62594.7,62546.2,62576.7,147.304
2026-06-23 22:54:00,62576.7,62617.4,62576.7,62617.4,148.753
2026-06-23 22:57:00,62617.4,62642.3,62602.2,62616.8,109.225
2026-06-23 23:00:00,62616.8,62634.6,62466.6,62507.8,221.98
2026-06-23 23:03:00,62507.7,62624.9,62501.3,62624.9,123.684
2026-06-23 23:06:00,62624.9,62668.7,62580.2,62595.0,209.415
2026-06-23 23:09:00,62595.0,62595.1,62506.8,62531.5,106.976
2026-06-23 23:12:00,62531.4,62535.5,62478.4,62500.1,71.022
2026-06-23 23:15:00,62500.1,62528.3,62460.4,62474.8,83.039
2026-06-23 23:18:00,62474.8,62490.8,62450.0,62462.5,90.849
2026-06-23 23:21:00,62462.5,62474.2,62401.0,62412.6,94.002
2026-06-23 23:24:00,62412.5,62415.8,62301.7,62317.8,412.386
2026-06-23 23:27:00,62317.8,62365.3,62317.8,62330.0,195.044
2026-06-23 23:30:00,62330.0,62420.0,62330.0,62397.0,204.399
2026-06-23 23:33:00,62397.1,62397.1,62315.8,62341.3,172.019
2026-06-23 23:36:00,62341.4,62360.9,62242.2,62280.0,322.307
2026-06-23 23:39:00,62279.9,62362.7,62279.9,62346.8,226.485
2026-06-23 23:42:00,62346.7,62365.0,62320.0,62340.5,76.575
2026-06-23 23:45:00,62340.5,62369.3,62296.3,62297.6,138.642
2026-06-23 23:48:00,62297.7,62359.9,62291.6,62331.4,105.378
2026-06-23 23:51:00,62331.4,62383.6,62308.8,62337.4,124.496
2026-06-23 23:54:00,62337.3,62379.2,62312.0,62339.0,112.258
2026-06-23 23:57:00,62339.1,62354.9,62316.6,62322.2,108.267
2026-06-24 00:00:00,62322.2,62322.2,62266.0,62295.8,196.704
2026-06-24 00:03:00,62295.8,62300.0,62260.9,62271.0,117.168
2026-06-24 00:06:00,62270.9,62272.9,62222.0,62239.3,278.966
2026-06-24 00:09:00,62239.2,62241.2,62180.1,62205.0,374.925
2026-06-24 00:12:00,62204.9,62205.0,62118.4,62125.5,432.017
2026-06-24 00:15:00,62125.5,62166.4,62075.6,62100.0,413.766
2026-06-24 00:18:00,62099.9,62204.2,62090.2,62183.6,327.739
2026-06-24 00:21:00,62183.6,62239.8,62160.8,62175.1,209.025
2026-06-24 00:24:00,62175.1,62232.6,62172.0,62210.3,113.192
2026-06-24 00:27:00,62210.3,62242.9,62200.5,62215.3,135.17
2026-06-24 00:30:00,62215.3,62261.5,62201.3,62242.5,191.995
2026-06-24 00:33:00,62242.8,62407.5,62242.7,62387.6,314.625
2026-06-24 00:36:00,62387.6,62387.6,62280.0,62286.8,180.898
2026-06-24 00:39:00,62286.8,62361.0,62286.7,62353.3,117.071
2026-06-24 00:42:00,62353.3,62376.3,62303.8,62343.1,107.495
2026-06-24 00:45:00,62343.0,62346.8,62294.3,62316.2,92.845
2026-06-24 00:48:00,62316.0,62325.9,62259.8,62271.4,79.17
2026-06-24 00:51:00,62271.3,62346.2,62225.0,62313.8,122.12
2026-06-24 00:54:00,62313.7,62369.9,62277.2,62333.1,92.277
2026-06-24 00:57:00,62333.1,62421.5,62330.3,62417.2,143.538
2026-06-24 01:00:00,62417.2,62467.2,62367.7,62402.4,214.924
2026-06-24 01:03:00,62402.3,62411.8,62367.8,62402.0,130.995
2026-06-24 01:06:00,62402.1,62405.4,62338.7,62340.0,69.172
2026-06-24 01:09:00,62340.0,62345.1,62300.0,62308.0,106.109
2026-06-24 01:12:00,62307.8,62333.6,62272.9,62272.9,95.831
2026-06-24 01:15:00,62273.0,62291.0,62250.0,62271.5,92.587
2026-06-24 01:18:00,62271.6,62330.3,62250.4,62304.8,216.131
2026-06-24 01:21:00,62304.7,62348.5,62292.4,62326.7,103.068
2026-06-24 01:24:00,62326.8,62399.2,62322.8,62345.9,170.124
2026-06-24 01:27:00,62345.9,62400.0,62340.0,62365.7,149.602
2026-06-24 01:30:00,62365.7,62518.5,62365.7,62465.1,299.43
2026-06-24 01:33:00,62465.1,62475.4,62421.5,62444.8,125.279
2026-06-24 01:36:00,62444.8,62484.0,62425.3,62465.3,95.819
2026-06-24 01:39:00,62465.3,62481.7,62457.6,62471.6,89.485
2026-06-24 01:42:00,62471.6,62475.6,62406.6,62416.0,238.252
2026-06-24 01:45:00,62416.1,62449.5,62383.6,62392.8,96.056
2026-06-24 01:48:00,62392.8,62466.6,62392.7,62443.2,85.108
2026-06-24 01:51:00,62443.2,62460.8,62406.6,62440.0,60.573
2026-06-24 01:54:00,62440.0,62495.9,62390.6,62445.2,246.554
2026-06-24 01:57:00,62445.2,62486.6,62433.1,62464.5,49.307
2026-06-24 02:00:00,62464.5,62464.5,62428.0,62436.6,88.647
2026-06-24 02:03:00,62436.5,62473.5,62420.1,62429.9,80.913
2026-06-24 02:06:00,62430.0,62464.3,62429.9,62458.8,67.276
2026-06-24 02:09:00,62458.8,62464.8,62435.0,62435.0,61.522
2026-06-24 02:12:00,62435.0,62459.9,62435.0,62448.7,38.142
2026-06-24 02:15:00,62448.7,62450.5,62424.4,62424.4,35.162
2026-06-24 02:18:00,62424.4,62436.0,62397.1,62435.9,153.816
2026-06-24 02:21:00,62435.9,62442.0,62344.2,62369.3,114.498
2026-06-24 02:24:00,62369.3,62430.6,62364.8,62430.6,47.247
2026-06-24 02:27:00,62430.6,62450.0,62415.5,62439.8,144.615
2026-06-24 02:30:00,62439.9,62489.8,62439.9,62464.5,165.357
2026-06-24 02:33:00,62464.6,62587.6,62464.5,62539.5,275.126
2026-06-24 02:36:00,62539.6,62561.3,62491.5,62496.3,111.39
2026-06-24 02:39:00,62496.4,62506.2,62482.2,62494.8,74.459
2026-06-24 02:42:00,62494.7,62502.5,62460.6,62488.6,45.134
2026-06-24 02:45:00,62488.5,62521.7,62434.9,62450.5,186.502
2026-06-24 02:48:00,62450.2,62466.4,62440.8,62462.8,78.588
2026-06-24 02:51:00,62462.8,62496.0,62459.9,62489.7,47.236
2026-06-24 02:54:00,62489.8,62534.2,62489.8,62534.1,59.297
2026-06-24 02:57:00,62534.1,62544.9,62487.4,62543.4,81.553
2026-06-24 03:00:00,62543.4,62554.6,62523.4,62535.3,55.87
2026-06-24 03:03:00,62535.3,62535.4,62523.4,62523.5,91.686
2026-06-24 03:06:00,62523.4,62560.0,62523.4,62536.3,121.698
2026-06-24 03:09:00,62536.2,62587.3,62536.2,62550.0,102.669
2026-06-24 03:12:00,62550.0,62606.0,62530.4,62592.1,151.946
2026-06-24 03:15:00,62592.0,62626.0,62592.0,62626.0,88.245
2026-06-24 03:18:00,62625.9,62629.5,62585.0,62618.3,112.761
2026-06-24 03:21:00,62618.2,62629.9,62586.1,62600.0,92.645
2026-06-24 03:24:00,62600.1,62600.1,62553.1,62572.1,91.09
2026-06-24 03:27:00,62572.0,62580.9,62550.0,62563.1,77.16
2026-06-24 03:30:00,62563.1,62598.6,62553.0,62597.1,195.289
2026-06-24 03:33:00,62597.1,62644.9,62597.1,62619.7,127.483
2026-06-24 03:36:00,62619.6,62712.9,62606.6,62683.7,349.291
2026-06-24 03:39:00,62683.6,62721.6,62671.2,62703.3,148.581
2026-06-24 03:42:00,62703.2,62746.4,62691.7,62714.5,201.481
2026-06-24 03:45:00,62714.4,62749.9,62687.2,62735.2,101.762
2026-06-24 03:48:00,62735.2,62744.5,62676.2,62696.3,140.608
2026-06-24 03:51:00,62696.3,62699.9,62526.5,62542.2,324.168
2026-06-24 03:54:00,62542.2,62581.0,62526.3,62543.5,166.546
2026-06-24 03:57:00,62543.5,62590.0,62533.7,62581.6,111.519
2026-06-24 04:00:00,62581.7,62595.3,62565.8,62595.2,74.426
2026-06-24 04:03:00,62595.3,62599.0,62504.8,62517.8,122.044
2026-06-24 04:06:00,62517.8,62536.3,62501.1,62536.2,88.806
2026-06-24 04:09:00,62536.3,62563.0,62519.6,62546.1,94.855
2026-06-24 04:12:00,62546.1,62552.1,62515.7,62515.7,115.982
2026-06-24 04:15:00,62515.7,62552.9,62509.5,62531.4,85.299
2026-06-24 04:18:00,62531.4,62533.0,62508.5,62532.9,49.815
2026-06-24 04:21:00,62532.9,62533.0,62488.1,62508.1,140.745
2026-06-24 04:24:00,62508.1,62550.0,62508.0,62544.2,91.185
2026-06-24 04:27:00,62544.3,62589.7,62542.3,62560.1,76.948
2026-06-24 04:30:00,62560.1,62563.0,62463.7,62557.9,151.329
2026-06-24 04:33:00,62557.9,62583.0,62473.4,62489.9,115.85
2026-06-24 04:36:00,62489.9,62505.9,62473.0,62500.0,64.968
2026-06-24 04:39:00,62500.0,62513.3,62478.7,62513.3,93.541
2026-06-24 04:42:00,62513.3,62538.5,62485.9,62485.9,49.261
2026-06-24 04:45:00,62486.0,62542.5,62486.0,62506.7,127.137
2026-06-24 04:48:00,62506.8,62558.2,62506.8,62530.0,92.096
2026-06-24 04:51:00,62530.0,62589.6,62521.1,62578.5,58.006
2026-06-24 04:54:00,62578.5,62657.9,62576.5,62639.7,169.009
2026-06-24 04:57:00,62639.7,62643.1,62615.8,62630.7,57.962
2026-06-24 05:00:00,62630.8,62647.0,62608.0,62643.3,104.755
2026-06-24 05:03:00,62643.4,62646.4,62610.0,62640.7,71.519
2026-06-24 05:06:00,62640.6,62640.8,62585.9,62586.1,99.007
2026-06-24 05:09:00,62586.1,62597.2,62562.4,62568.5,71.167
2026-06-24 05:12:00,62568.5,62597.9,62568.5,62585.9,31.4
2026-06-24 05:15:00,62585.8,62770.6,62579.8,62702.3,279.024
2026-06-24 05:18:00,62702.3,62717.8,62677.8,62702.0,75.305
2026-06-24 05:21:00,62702.0,62718.0,62685.0,62692.8,77.333
2026-06-24 05:24:00,62692.8,62714.0,62681.3,62714.0,58.474
2026-06-24 05:27:00,62713.9,62717.1,62693.7,62696.7,51.644
2026-06-24 05:30:00,62696.7,62785.4,62696.7,62720.8,193.102
2026-06-24 05:33:00,62720.9,62759.4,62700.2,62707.9,133.51
2026-06-24 05:36:00,62707.9,62818.0,62707.9,62799.5,278.208
2026-06-24 05:39:00,62799.5,62890.0,62781.0,62849.7,749.992
2026-06-24 05:42:00,62849.7,62870.0,62781.2,62862.5,205.529
2026-06-24 05:45:00,62862.6,62888.0,62811.0,62878.3,193.826
2026-06-24 05:48:00,62877.9,62893.1,62790.0,62811.5,204.05
2026-06-24 05:51:00,62811.4,62845.4,62792.4,62817.5,121.284
2026-06-24 05:54:00,62817.6,62836.4,62797.0,62836.4,102.901
2026-06-24 05:57:00,62836.4,62854.2,62781.2,62819.3,94.281
2026-06-24 06:00:00,62819.3,62838.4,62775.5,62777.7,96.983
2026-06-24 06:03:00,62777.8,62870.0,62762.8,62848.9,236.596
2026-06-24 06:06:00,62849.0,62975.5,62849.0,62953.2,550.561
2026-06-24 06:09:00,62953.2,62999.9,62937.0,62951.1,513.287
2026-06-24 06:12:00,62951.0,62989.3,62920.0,62925.0,127.974
2026-06-24 06:15:00,62925.0,62966.1,62866.8,62929.9,160.423
2026-06-24 06:18:00,62929.9,62999.9,62921.1,62974.1,129.758
2026-06-24 06:21:00,62974.2,62974.2,62930.0,62960.6,115.907
2026-06-24 06:24:00,62960.6,62985.0,62904.0,62905.2,159.09
2026-06-24 06:27:00,62905.2,62982.1,62905.2,62982.1,142.341
2026-06-24 06:30:00,62982.1,62994.6,62903.0,62977.7,209.04
2026-06-24 06:33:00,62977.8,62977.8,62836.8,62847.7,157.156
2026-06-24 06:36:00,62847.7,62912.0,62822.4,62855.2,217.083
2026-06-24 06:39:00,62855.2,62940.0,62815.1,62940.0,264.609
2026-06-24 06:42:00,62940.0,62967.2,62920.1,62950.0,158.12
2026-06-24 06:45:00,62950.0,62950.1,62755.0,62761.5,262.665
2026-06-24 06:48:00,62761.5,62799.6,62737.0,62799.6,250.172
2026-06-24 06:51:00,62799.5,62840.5,62795.4,62836.1,117.797
2026-06-24 06:54:00,62836.0,62910.0,62836.0,62873.1,103.168
2026-06-24 06:57:00,62873.2,62883.2,62847.0,62883.1,87.663
2026-06-24 07:00:00,62883.2,63090.9,62881.8,63029.5,664.77
2026-06-24 07:03:00,63029.5,63089.2,63022.8,63081.0,342.969
2026-06-24 07:06:00,63081.0,63083.6,63015.7,63019.4,146.772
2026-06-24 07:09:00,63019.4,63030.3,62900.0,62903.7,213.455
2026-06-24 07:12:00,62903.7,62942.1,62900.0,62916.5,122.602
2026-06-24 07:15:00,62916.6,62957.7,62911.9,62956.4,72.983
2026-06-24 07:18:00,62956.4,62972.9,62927.2,62972.8,56.143
2026-06-24 07:21:00,62972.8,62993.0,62930.0,62985.3,141.239
2026-06-24 07:24:00,62985.2,62997.6,62937.7,62937.7,69.331
2026-06-24 07:27:00,62937.8,62963.0,62899.0,62904.6,119.731
2026-06-24 07:30:00,62904.6,62994.6,62878.0,62891.6,335.065
2026-06-24 07:33:00,62891.5,62897.6,62787.3,62820.0,305.872
2026-06-24 07:36:00,62820.0,62838.0,62776.0,62785.4,203.581
2026-06-24 07:39:00,62785.5,62865.7,62785.5,62851.9,352.127
2026-06-24 07:42:00,62851.8,62856.7,62823.8,62845.5,103.39
2026-06-24 07:45:00,62845.6,62845.6,62764.1,62769.7,83.417
2026-06-24 07:48:00,62769.7,62769.8,62726.7,62739.5,181.527
2026-06-24 07:51:00,62739.4,62739.5,62641.2,62671.8,344.888
2026-06-24 07:54:00,62671.8,62700.0,62655.0,62689.2,199.874
2026-06-24 07:57:00,62689.2,62742.2,62677.8,62733.5,83.619
2026-06-24 08:00:00,62733.4,62756.4,62700.0,62712.0,114.935
2026-06-24 08:03:00,62712.0,62718.0,62661.7,62667.1,104.264
2026-06-24 08:06:00,62667.1,62677.5,62625.0,62666.6,176.315
2026-06-24 08:09:00,62666.6,62779.2,62572.1,62766.8,561.566
2026-06-24 08:12:00,62766.8,62766.8,62692.5,62700.1,82.616
2026-06-24 08:15:00,62700.1,62714.0,62672.0,62679.2,71.682
2026-06-24 08:18:00,62679.2,62749.2,62662.7,62691.8,155.901
2026-06-24 08:21:00,62691.9,62706.1,62673.2,62682.6,165.869
2026-06-24 08:24:00,62682.6,62700.3,62574.5,62657.8,523.073
2026-06-24 08:27:00,62657.7,62657.8,62589.2,62598.0,208.959
2026-06-24 08:30:00,62598.0,62656.6,62586.0,62605.9,262.718
2026-06-24 08:33:00,62605.9,62619.8,62547.4,62555.9,460.152
2026-06-24 08:36:00,62555.9,62606.8,62523.9,62587.3,310.708
2026-06-24 08:39:00,62587.3,62635.7,62585.4,62603.1,352.919
2026-06-24 08:42:00,62603.1,62636.3,62555.8,62555.9,445.71
2026-06-24 08:45:00,62555.9,62555.9,62402.8,62457.5,674.545
2026-06-24 08:48:00,62457.5,62475.4,62428.2,62473.6,425.872
2026-06-24 08:51:00,62473.6,62547.7,62470.5,62538.5,273.531
2026-06-24 08:54:00,62538.5,62573.9,62523.5,62573.9,150.107
2026-06-24 08:57:00,62573.8,62647.9,62552.4,62642.5,250.063
2026-06-24 09:00:00,62642.4,62738.6,62641.7,62721.4,264.22
2026-06-24 09:03:00,62721.5,62784.9,62695.0,62762.5,278.117
2026-06-24 09:06:00,62762.4,62800.0,62750.0,62781.2,131.098
2026-06-24 09:09:00,62781.5,62798.5,62767.8,62786.4,133.618
2026-06-24 09:12:00,62786.4,62796.5,62762.5,62771.2,148.206
2026-06-24 09:15:00,62771.3,62804.0,62770.0,62770.1,136.115
2026-06-24 09:18:00,62770.1,62781.4,62736.8,62741.2,129.864
2026-06-24 09:21:00,62741.1,62770.0,62721.0,62730.6,135.221
2026-06-24 09:24:00,62730.5,62742.0,62713.5,62725.2,50.376
2026-06-24 09:27:00,62725.2,62736.5,62695.0,62704.6,98.226
2026-06-24 09:30:00,62704.6,62729.0,62682.4,62720.0,134.819
2026-06-24 09:33:00,62719.9,62720.0,62595.2,62630.0,548.498
2026-06-24 09:36:00,62629.9,62645.7,62620.8,62620.8,76.028
2026-06-24 09:39:00,62620.8,62634.0,62604.8,62627.8,105.495
2026-06-24 09:42:00,62627.8,62652.6,62623.9,62639.9,107.87
2026-06-24 09:45:00,62640.0,62672.7,62613.4,62613.5,119.89
2026-06-24 09:48:00,62613.4,62631.6,62580.2,62583.6,81.087
2026-06-24 09:51:00,62583.6,62593.1,62530.6,62534.9,153.222
2026-06-24 09:54:00,62535.0,62553.7,62500.0,62553.7,138.253
2026-06-24 09:57:00,62553.7,62595.2,62550.0,62564.4,104.006
2026-06-24 10:00:00,62564.5,62710.8,62560.1,62710.8,227.037
2026-06-24 10:03:00,62710.8,62723.4,62635.3,62670.1,195.878
2026-06-24 10:06:00,62670.0,62699.3,62648.0,62667.7,83.821
2026-06-24 10:09:00,62667.6,62673.4,62623.4,62650.4,79.884
2026-06-24 10:12:00,62650.4,62654.0,62629.8,62629.8,31.498
2026-06-24 10:15:00,62629.9,62762.3,62629.8,62756.3,146.696
2026-06-24 10:18:00,62756.4,62779.9,62725.9,62750.6,139.711
2026-06-24 10:21:00,62750.5,62760.0,62707.0,62720.1,165.157
2026-06-24 10:24:00,62720.0,62745.3,62711.3,62745.3,64.881
2026-06-24 10:27:00,62745.2,62758.0,62720.6,62720.6,93.287
2026-06-24 10:30:00,62720.7,62764.6,62720.6,62764.6,80.795
2026-06-24 10:33:00,62764.5,62789.8,62678.0,62683.4,183.313
2026-06-24 10:36:00,62683.5,62732.7,62683.4,62720.4,74.041
2026-06-24 10:39:00,62720.5,62818.0,62717.6,62804.3,193.476
2026-06-24 10:42:00,62804.3,62808.1,62737.8,62759.7,77.3
2026-06-24 10:45:00,62759.7,62829.8,62750.0,62829.8,121.193
2026-06-24 10:48:00,62829.8,62847.0,62771.1,62787.5,156.345
2026-06-24 10:51:00,62787.6,62825.4,62737.5,62825.4,190.342
2026-06-24 10:54:00,62825.3,62862.9,62818.7,62831.5,159.976
2026-06-24 10:57:00,62831.5,62860.0,62822.0,62848.5,99.434
2026-06-24 11:00:00,62848.5,62887.0,62827.0,62881.4,151.369
2026-06-24 11:03:00,62881.4,62922.2,62850.0,62922.1,180.467
2026-06-24 11:06:00,62922.1,63053.5,62921.9,63020.9,921.014
2026-06-24 11:09:00,63021.0,63021.0,62881.8,62939.5,567.633
2026-06-24 11:12:00,62939.5,62967.8,62900.9,62900.9,266.398
2026-06-24 11:15:00,62900.9,62918.5,62871.7,62910.7,119.85
2026-06-24 11:18:00,62910.7,62936.4,62852.6,62870.2,165.253
2026-06-24 11:21:00,62870.2,62870.3,62830.0,62854.1,95.48
2026-06-24 11:24:00,62854.1,62854.2,62835.0,62840.3,71.239
2026-06-24 11:27:00,62840.3,62863.9,62840.3,62859.9,60.38
2026-06-24 11:30:00,62859.8,62873.4,62780.0,62791.4,184.977
2026-06-24 11:33:00,62791.4,62791.5,62735.2,62772.6,174.414
2026-06-24 11:36:00,62772.6,62841.4,62765.5,62810.0,141.427
2026-06-24 11:39:00,62810.0,62853.7,62800.7,62844.6,82.864
2026-06-24 11:42:00,62844.5,62848.6,62779.9,62811.8,58.769
2026-06-24 11:45:00,62811.5,62822.2,62758.6,62795.3,89.853
2026-06-24 11:48:00,62795.3,62795.4,62757.5,62766.5,62.913
2026-06-24 11:51:00,62766.5,62832.0,62766.5,62803.0,71.659
2026-06-24 11:54:00,62803.1,62885.3,62800.0,62875.8,93.613
2026-06-24 11:57:00,62875.8,62888.0,62800.0,62829.8,76.809
2026-06-24 12:00:00,62829.8,62837.2,62789.5,62789.6,127.426
2026-06-24 12:03:00,62789.5,62837.4,62789.5,62835.2,77.509
2026-06-24 12:06:00,62835.2,62851.9,62824.4,62830.7,84.993
2026-06-24 12:09:00,62830.8,62835.2,62804.6,62810.0,49.986
2026-06-24 12:12:00,62810.0,62818.0,62756.8,62756.8,115.394
2026-06-24 12:15:00,62756.8,62765.7,62715.0,62724.0,155.35
2026-06-24 12:18:00,62724.0,62749.3,62700.0,62709.5,127.648
2026-06-24 12:21:00,62709.6,62770.7,62708.9,62769.5,80.072
2026-06-24 12:24:00,62769.5,62769.6,62743.8,62756.4,31.713
2026-06-24 12:27:00,62756.4,62758.7,62742.0,62754.6,53.226
2026-06-24 12:30:00,62754.7,62781.6,62711.0,62729.3,123.265
2026-06-24 12:33:00,62729.3,62790.5,62691.2,62723.9,278.416
2026-06-24 12:36:00,62723.5,62727.3,62656.5,62727.2,285.719
2026-06-24 12:39:00,62727.2,62753.3,62667.7,62747.0,115.105
2026-06-24 12:42:00,62747.0,62822.0,62737.4,62788.8,161.176
2026-06-24 12:45:00,62788.7,62792.9,62709.5,62730.0,131.577
2026-06-24 12:48:00,62730.0,62757.7,62683.0,62690.0,68.932
2026-06-24 12:51:00,62690.0,62738.5,62678.4,62734.9,85.893
2026-06-24 12:54:00,62734.9,62735.0,62657.0,62676.5,146.471
2026-06-24 12:57:00,62676.5,62710.7,62640.0,62640.5,112.951
2026-06-24 13:00:00,62640.5,62685.1,62629.9,62683.1,166.626
2026-06-24 13:03:00,62683.1,62707.1,62616.6,62636.6,136.615
2026-06-24 13:06:00,62636.6,62644.2,62600.8,62623.4,226.171
2026-06-24 13:09:00,62623.4,62656.5,62609.1,62647.1,108.158
2026-06-24 13:12:00,62647.1,62677.8,62635.7,62668.8,118.495
2026-06-24 13:15:00,62668.7,62705.4,62650.9,62700.9,117.251
2026-06-24 13:18:00,62700.9,62700.9,62600.4,62645.3,461.329
2026-06-24 13:21:00,62645.2,62650.2,62570.8,62585.4,251.62
2026-06-24 13:24:00,62585.3,62659.8,62580.2,62614.8,193.264
2026-06-24 13:27:00,62614.8,62630.4,62600.0,62630.3,117.209
2026-06-24 13:30:00,62630.4,62673.6,62605.8,62650.4,263.179
2026-06-24 13:33:00,62650.5,62668.1,62630.0,62644.4,237.536
2026-06-24 13:36:00,62644.3,62644.3,62584.7,62600.4,116.278
2026-06-24 13:39:00,62600.4,62620.5,62588.0,62617.2,185.792
2026-06-24 13:42:00,62617.3,62638.4,62574.0,62637.0,141.111
2026-06-24 13:45:00,62637.0,62664.9,62613.2,62662.7,92.172
2026-06-24 13:48:00,62662.7,62695.6,62616.6,62650.0,138.138
2026-06-24 13:51:00,62650.0,62696.1,62620.0,62682.1,121.169
2026-06-24 13:54:00,62682.0,62697.9,62654.0,62664.6,109.015
2026-06-24 13:57:00,62664.6,62689.5,62656.7,62683.5,104.025
2026-06-24 14:00:00,62683.5,62755.3,62645.3,62747.1,238.725
2026-06-24 14:03:00,62747.1,62776.7,62720.0,62722.0,242.116
2026-06-24 14:06:00,62722.1,62722.1,62685.1,62694.1,132.842
2026-06-24 14:09:00,62694.2,62707.9,62680.2,62700.0,80.031
2026-06-24 14:12:00,62700.1,62771.4,62688.5,62767.6,100.091
2026-06-24 14:15:00,62767.6,62774.0,62738.4,62739.1,119.043
2026-06-24 14:18:00,62739.1,62750.6,62722.1,62732.4,89.782
2026-06-24 14:21:00,62732.3,62778.5,62714.0,62753.2,80.548
2026-06-24 14:24:00,62753.2,62780.0,62750.0,62760.0,98.339
2026-06-24 14:27:00,62760.1,62786.2,62760.1,62773.0,58.861
2026-06-24 14:30:00,62773.0,62773.0,62650.1,62678.2,166.576
2026-06-24 14:33:00,62678.3,62734.4,62664.7,62724.8,107.027
2026-06-24 14:36:00,62724.7,62766.6,62687.4,62703.0,107.763
2026-06-24 14:39:00,62703.0,62734.2,62690.3,62690.3,74.001
2026-06-24 14:42:00,62690.4,62761.1,62686.3,62750.1,153.07
2026-06-24 14:45:00,62750.1,62757.8,62667.7,62707.6,100.306
2026-06-24 14:48:00,62707.6,62719.1,62672.8,62696.5,74.199
2026-06-24 14:51:00,62696.5,62696.6,62684.3,62685.4,44.778
2026-06-24 14:54:00,62685.5,62696.5,62677.0,62678.2,49.612
2026-06-24 14:57:00,62678.2,62682.5,62650.0,62655.3,47.199
2026-06-24 15:00:00,62655.3,62659.7,62613.9,62642.4,107.44
2026-06-24 15:03:00,62642.5,62680.6,62642.4,62676.2,63.611
2026-06-24 15:06:00,62676.3,62676.3,62630.2,62667.9,52.441
2026-06-24 15:09:00,62667.8,62674.6,62609.1,62646.2,37.43
2026-06-24 15:12:00,62646.1,62654.3,62622.8,62636.0,31.931
2026-06-24 15:15:00,62635.9,62660.6,62608.6,62656.6,61.429
2026-06-24 15:18:00,62656.5,62671.6,62640.1,62650.3,43.781
2026-06-24 15:21:00,62650.3,62680.0,62647.7,62673.6,40.349
2026-06-24 15:24:00,62673.7,62693.3,62655.7,62684.4,59.183
2026-06-24 15:27:00,62684.4,62684.4,62650.0,62650.2,66.045
2026-06-24 15:30:00,62650.2,62657.8,62572.2,62588.0,160.893
2026-06-24 15:33:00,62588.0,62610.0,62579.2,62592.1,155.172
2026-06-24 15:36:00,62592.2,62644.2,62582.6,62621.9,151.103
2026-06-24 15:39:00,62622.0,62624.9,62541.1,62541.1,190.544
2026-06-24 15:42:00,62541.1,62587.2,62528.7,62584.5,181.112
2026-06-24 15:45:00,62584.4,62588.3,62543.0,62585.6,116.791
2026-06-24 15:48:00,62585.6,62610.0,62501.7,62510.0,431.361
2026-06-24 15:51:00,62509.9,62536.6,62426.1,62484.5,686.331
2026-06-24 15:54:00,62484.5,62552.4,62484.5,62552.3,162.068
2026-06-24 15:57:00,62552.4,62554.8,62503.6,62515.7,107.784
2026-06-24 16:00:00,62515.9,62550.0,62485.0,62550.0,146.919
2026-06-24 16:03:00,62550.0,62575.3,62535.2,62545.5,173.832
2026-06-24 16:06:00,62545.5,62565.4,62493.6,62556.5,154.374
2026-06-24 16:09:00,62556.4,62577.0,62551.2,62566.3,69.11
2026-06-24 16:12:00,62566.2,62600.0,62552.8,62569.3,211.907
2026-06-24 16:15:00,62569.3,62574.0,62531.2,62539.4,80.476
2026-06-24 16:18:00,62539.5,62539.5,62470.7,62480.3,170.219
2026-06-24 16:21:00,62480.4,62486.0,62427.9,62486.0,239.545
2026-06-24 16:24:00,62486.0,62489.8,62427.6,62432.5,210.802
2026-06-24 16:27:00,62432.8,62450.0,62365.4,62416.8,530.395
2026-06-24 16:30:00,62416.9,62450.0,62395.1,62399.0,439.422
2026-06-24 16:33:00,62399.0,62431.1,62355.0,62355.0,235.915
2026-06-24 16:36:00,62355.0,62369.0,62315.2,62321.0,498.417
2026-06-24 16:39:00,62321.0,62381.5,62272.1,62366.0,748.605
2026-06-24 16:42:00,62366.0,62395.9,62322.1,62349.5,306.166
2026-06-24 16:45:00,62349.5,62373.8,62306.9,62340.4,228.105
2026-06-24 16:48:00,62340.5,62378.2,62290.0,62290.1,344.195
2026-06-24 16:51:00,62290.1,62341.2,62289.7,62334.2,198.952
2026-06-24 16:54:00,62334.2,62390.0,62322.4,62322.5,200.249
2026-06-24 16:57:00,62322.4,62377.8,62322.4,62351.8,143.503
2026-06-24 17:00:00,62351.9,62444.8,62351.8,62436.4,268.357
2026-06-24 17:03:00,62436.0,62461.3,62415.0,62456.1,192.73
2026-06-24 17:06:00,62456.1,62608.9,62433.8,62589.4,679.657
2026-06-24 17:09:00,62589.3,62644.3,62575.0,62641.5,272.382
2026-06-24 17:12:00,62641.4,62728.9,62620.3,62706.7,455.102
2026-06-24 17:15:00,62706.7,62777.0,62688.1,62743.4,969.841
2026-06-24 17:18:00,62743.4,63209.6,62731.9,62999.9,3359.085
2026-06-24 17:21:00,62999.9,63000.0,62871.0,62923.5,752.055
2026-06-24 17:24:00,62923.5,62950.0,62817.1,62884.0,810.044
2026-06-24 17:27:00,62884.0,62895.3,62845.2,62887.7,327.967
2026-06-24 17:30:00,62887.8,62893.8,62810.0,62855.9,441.667
2026-06-24 17:33:00,62855.9,62939.3,62855.9,62908.6,602.194
2026-06-24 17:36:00,62908.6,62920.7,62774.5,62809.9,345.084
2026-06-24 17:39:00,62810.0,62883.1,62783.4,62876.4,256.523
2026-06-24 17:42:00,62876.4,62876.4,62800.0,62800.0,222.769
2026-06-24 17:45:00,62800.0,62844.0,62786.6,62823.6,285.619
2026-06-24 17:48:00,62823.6,62874.6,62746.3,62746.4,306.329
2026-06-24 17:51:00,62746.4,62789.0,62733.8,62735.1,213.415
2026-06-24 17:54:00,62735.2,62767.4,62720.4,62767.3,207.159
2026-06-24 17:57:00,62767.3,62807.8,62735.0,62790.0,147.196
2026-06-24 18:00:00,62790.0,62827.3,62727.6,62787.7,185.226
2026-06-24 18:03:00,62787.7,62820.0,62750.8,62750.8,158.461
2026-06-24 18:06:00,62750.7,62874.0,62744.3,62855.9,232.51
2026-06-24 18:09:00,62855.9,62865.6,62786.9,62786.9,151.126
2026-06-24 18:12:00,62786.9,62835.2,62786.9,62812.9,113.28
2026-06-24 18:15:00,62812.9,62829.0,62771.0,62795.8,95.019
2026-06-24 18:18:00,62795.7,62795.8,62635.4,62635.4,366.928
2026-06-24 18:21:00,62635.4,62697.8,62577.2,62697.5,559.03
2026-06-24 18:24:00,62697.5,62697.5,62591.5,62605.3,235.381
2026-06-24 18:27:00,62605.3,62610.5,62543.4,62589.5,280.068
2026-06-24 18:30:00,62589.5,62604.0,62447.0,62493.7,754.736
2026-06-24 18:33:00,62493.7,62493.7,62353.3,62386.2,798.948
2026-06-24 18:36:00,62386.2,62386.2,62117.1,62147.7,2332.219
2026-06-24 18:39:00,62147.7,62218.6,62027.0,62084.9,1314.661
2026-06-24 18:42:00,62084.9,62086.6,61952.8,62012.7,1764.318
2026-06-24 18:45:00,62012.6,62089.1,61972.9,62078.4,1267.061
2026-06-24 18:48:00,62078.4,62208.0,62078.3,62165.9,945.881
2026-06-24 18:51:00,62166.0,62166.0,61642.5,61673.4,4698.832
2026-06-24 18:54:00,61673.4,61884.7,61660.0,61811.9,1387.113
2026-06-24 18:57:00,61811.8,61866.0,61765.2,61824.5,788.99
2026-06-24 19:00:00,61824.5,61933.0,61680.0,61918.7,2032.003
2026-06-24 19:03:00,61918.6,62127.5,61902.6,61957.0,2185.113
2026-06-24 19:06:00,61956.9,62050.1,61808.8,61832.7,760.04
2026-06-24 19:09:00,61832.7,61871.4,61566.3,61566.4,1624.538
2026-06-24 19:12:00,61566.4,61626.3,61348.5,61464.2,3510.808
2026-06-24 19:15:00,61464.2,61555.0,61281.6,61389.5,3379.908
2026-06-24 19:18:00,61389.6,61576.6,61254.7,61549.9,1997.907
2026-06-24 19:21:00,61550.0,61624.7,61439.8,61478.8,1286.799
2026-06-24 19:24:00,61478.8,61504.8,61308.5,61308.6,1180.385
2026-06-24 19:27:00,61308.5,61356.6,61220.7,61308.2,1462.51
2026-06-24 19:30:00,61308.2,61382.7,61150.7,61307.6,1961.953
2026-06-24 19:33:00,61307.7,61354.9,61251.7,61330.3,1314.752
2026-06-24 19:36:00,61330.3,61434.5,61255.0,61278.2,1177.693
2026-06-24 19:39:00,61278.2,61414.5,61277.3,61309.9,725.636
2026-06-24 19:42:00,61310.0,61320.9,61077.6,61211.1,2211.987
2026-06-24 19:45:00,61211.0,61292.7,61045.0,61092.8,1373.569
2026-06-24 19:48:00,61092.8,61122.4,60866.0,60998.1,4549.556
2026-06-24 19:51:00,60998.1,61249.9,60951.0,61211.5,1792.59
2026-06-24 19:54:00,61211.4,61267.0,61150.2,61166.5,1072.688
2026-06-24 19:57:00,61166.4,61244.8,61150.0,61209.3,701.994
2026-06-24 20:00:00,61209.4,61354.7,61194.0,61294.0,1449.468
2026-06-24 20:03:00,61294.0,61339.0,61234.3,61280.8,955.066
2026-06-24 20:06:00,61280.9,61359.0,61184.0,61184.1,715.704
2026-06-24 20:09:00,61184.1,61195.0,61080.2,61141.7,769.644
2026-06-24 20:12:00,61141.7,61167.9,61032.8,61132.8,659.76
2026-06-24 20:15:00,61132.8,61226.8,61108.8,61209.9,816.576
2026-06-24 20:18:00,61209.8,61217.9,61089.0,61111.4,566.932
2026-06-24 20:21:00,61111.4,61111.5,61017.1,61038.5,564.72
2026-06-24 20:24:00,61038.5,61050.8,60915.0,61000.0,1094.59
2026-06-24 20:27:00,61000.0,61119.2,60983.8,61085.3,508.994
2026-06-24 20:30:00,61085.3,61096.3,60966.2,60968.6,485.901
2026-06-24 20:33:00,60968.7,60981.2,60892.7,60942.8,907.193
2026-06-24 20:36:00,60942.9,60974.8,60815.1,60825.4,1416.295
2026-06-24 20:39:00,60825.3,60981.4,60822.9,60977.9,633.38
2026-06-24 20:42:00,60977.9,60977.9,60840.0,60871.8,765.705
2026-06-24 20:45:00,60871.9,60955.0,60836.0,60939.0,1121.208
2026-06-24 20:48:00,60939.0,60986.4,60889.0,60962.1,448.863
2026-06-24 20:51:00,60962.1,61128.9,60950.5,60992.9,1232.855
2026-06-24 20:54:00,60992.8,61020.0,60825.0,60846.1,928.902
2026-06-24 20:57:00,60846.1,60967.0,60800.0,60854.4,1044.305
2026-06-24 21:00:00,60854.4,60860.0,60711.2,60718.3,1686.188
2026-06-24 21:03:00,60718.3,60769.6,60646.1,60737.3,1462.869
2026-06-24 21:06:00,60737.4,60746.4,60615.7,60630.0,1063.58
2026-06-24 21:09:00,60630.0,60692.1,60580.0,60616.3,1878.196
2026-06-24 21:12:00,60616.4,60632.2,60509.7,60549.9,1261.742
2026-06-24 21:15:00,60549.9,60560.5,60366.0,60371.1,2716.124
2026-06-24 21:18:00,60371.0,60491.5,60333.0,60457.4,1301.915
2026-06-24 21:21:00,60457.5,60513.0,60424.1,60440.7,1345.63
2026-06-24 21:24:00,60440.7,60457.6,60265.1,60268.8,1515.373
2026-06-24 21:27:00,60268.8,60338.3,60238.0,60254.9,1336.778
2026-06-24 21:30:00,60254.9,60363.8,60241.6,60276.5,1688.62
2026-06-24 21:33:00,60276.4,60319.1,60238.8,60272.9,906.871
2026-06-24 21:36:00,60272.9,60396.0,60193.0,60367.7,1359.433
2026-06-24 21:39:00,60367.7,60507.3,60350.0,60439.4,1623.348
2026-06-24 21:42:00,60439.4,60529.9,60413.8,60492.3,734.95
2026-06-24 21:45:00,60492.2,60549.1,60421.6,60479.1,1015.107
2026-06-24 21:48:00,60479.1,60523.0,60457.7,60484.8,570.494
2026-06-24 21:51:00,60484.8,60649.1,60440.2,60596.6,963.161
2026-06-24 21:54:00,60596.6,60628.7,60402.5,60464.2,938.985
2026-06-24 21:57:00,60464.1,60558.5,60388.5,60519.0,1106.957
2026-06-24 22:00:00,60519.1,60539.1,60432.0,60438.7,640.899
2026-06-24 22:03:00,60438.8,60537.2,60432.6,60490.8,327.892
2026-06-24 22:06:00,60490.7,60490.7,60264.3,60283.2,884.796
2026-06-24 22:09:00,60283.3,60308.7,60222.3,60252.6,788.872
2026-06-24 22:12:00,60252.6,60256.6,60113.2,60231.8,1450.229
2026-06-24 22:15:00,60231.8,60231.8,59920.0,59983.0,3233.966
2026-06-24 22:18:00,59983.1,60133.3,59979.2,60035.2,1412.779
2026-06-24 22:21:00,60035.2,60048.3,59260.0,59746.5,14126.345
2026-06-24 22:24:00,59746.5,59937.2,59746.4,59852.7,2674.211
2026-06-24 22:27:00,59852.7,59865.7,59734.7,59808.2,1335.649
2026-06-24 22:30:00,59808.3,60025.2,59765.0,59962.2,2232.684
2026-06-24 22:33:00,59962.2,60016.8,59885.2,59920.1,1109.146
2026-06-24 22:36:00,59920.1,59941.0,59726.9,59804.7,1420.538
2026-06-24 22:39:00,59804.6,59932.8,59756.2,59758.1,792.06
2026-06-24 22:42:00,59758.2,59822.8,59670.0,59802.0,1124.486
2026-06-24 22:45:00,59802.1,59840.2,59667.4,59697.2,835.872
2026-06-24 22:48:00,59697.2,59697.2,59372.8,59404.9,3796.986
2026-06-24 22:51:00,59404.9,59525.7,59300.0,59515.8,3906.365
2026-06-24 22:54:00,59515.7,59633.0,59401.1,59612.5,1865.13
2026-06-24 22:57:00,59612.5,59760.0,59612.5,59645.3,1285.697
2026-06-24 23:00:00,59645.3,59720.6,59526.6,59588.3,846.139
2026-06-24 23:03:00,59588.4,59673.4,59475.4,59492.7,1107.95
2026-06-24 23:06:00,59492.6,59570.2,59453.6,59471.7,838.429
2026-06-24 23:09:00,59471.8,59499.9,59370.0,59417.8,1296.233
2026-06-24 23:12:00,59417.9,59434.3,59226.5,59293.2,1686.274
2026-06-24 23:15:00,59293.2,59327.2,59100.0,59100.1,2988.696
2026-06-24 23:18:00,59100.0,59448.7,59060.0,59373.6,3510.646
2026-06-24 23:21:00,59373.6,59468.7,59313.8,59340.5,1345.01
2026-06-24 23:24:00,59340.5,59464.5,59332.1,59391.1,666.506
2026-06-24 23:27:00,59391.2,59411.1,59270.5,59363.7,893.599
2026-06-24 23:30:00,59363.6,59469.9,59269.4,59397.6,900.534
2026-06-24 23:33:00,59397.5,59444.3,59343.0,59388.8,796.866
2026-06-24 23:36:00,59388.7,59560.0,59366.5,59475.9,1347.139
2026-06-24 23:39:00,59475.9,59588.0,59453.2,59505.4,1039.314
2026-06-24 23:42:00,59505.5,59569.8,59477.7,59563.4,564.349
2026-06-24 23:45:00,59563.4,59648.9,59537.7,59614.0,1172.507
2026-06-24 23:48:00,59614.1,59759.1,59550.0,59719.7,1947.328
2026-06-24 23:51:00,59719.6,59895.3,59716.0,59780.6,1612.405
2026-06-24 23:54:00,59780.7,59895.3,59738.5,59884.5,934.63
2026-06-24 23:57:00,59884.6,59894.5,59659.7,59677.9,577.468
2026-06-25 00:00:00,59678.0,59720.0,59607.9,59683.6,655.366
2026-06-25 00:03:00,59683.7,59685.0,59601.6,59627.6,410.105
2026-06-25 00:06:00,59627.6,59629.9,59535.0,59536.5,665.124
2026-06-25 00:09:00,59536.5,59567.0,59455.6,59504.2,724.54
2026-06-25 00:12:00,59504.2,59546.1,59462.0,59528.1,467.533
2026-06-25 00:15:00,59528.1,59577.0,59500.0,59502.7,439.576
2026-06-25 00:18:00,59502.7,59540.6,59380.0,59389.4,799.011
2026-06-25 00:21:00,59389.4,59522.9,59389.4,59499.9,372.62
2026-06-25 00:24:00,59500.0,59560.6,59481.0,59555.7,365.698
2026-06-25 00:27:00,59555.6,59617.8,59521.7,59569.5,432.577
2026-06-25 00:30:00,59569.5,59639.8,59560.6,59596.7,671.235
2026-06-25 00:33:00,59596.7,59682.1,59572.0,59610.6,525.014
2026-06-25 00:36:00,59610.6,59675.4,59589.0,59670.0,266.181
2026-06-25 00:39:00,59669.9,59710.0,59484.7,59513.0,676.106
2026-06-25 00:42:00,59513.0,59679.8,59494.6,59648.6,434.117
2026-06-25 00:45:00,59648.5,59652.1,59558.2,59618.4,225.568
2026-06-25 00:48:00,59618.4,59671.8,59588.3,59620.5,306.226
2026-06-25 00:51:00,59620.5,59663.2,59569.3,59649.1,232.951
2026-06-25 00:54:00,59649.1,59814.4,59637.1,59747.2,919.109
2026-06-25 00:57:00,59747.2,59802.6,59730.6,59802.6,314.12
2026-06-25 01:00:00,59802.5,59819.1,59693.8,59767.5,396.849
2026-06-25 01:03:00,59767.6,59876.7,59735.7,59874.9,357.09
2026-06-25 01:06:00,59875.0,59879.1,59760.1,59764.2,312.225
2026-06-25 01:09:00,59764.2,59860.7,59750.0,59750.4,211.462
2026-06-25 01:12:00,59750.5,59761.6,59720.1,59752.7,160.307
2026-06-25 01:15:00,59752.7,59835.8,59740.0,59740.0,261.389
2026-06-25 01:18:00,59740.0,59829.5,59711.8,59829.4,371.141
2026-06-25 01:21:00,59829.5,59883.8,59821.3,59832.1,383.592
2026-06-25 01:24:00,59832.1,59838.1,59783.5,59813.7,235.187
2026-06-25 01:27:00,59813.8,59973.3,59807.8,59923.8,629.7
2026-06-25 01:30:00,59923.7,60290.9,59813.9,60156.7,3064.581
2026-06-25 01:33:00,60156.6,60417.0,60130.0,60400.5,1675.421
2026-06-25 01:36:00,60400.5,60765.7,60392.2,60514.3,6548.118
2026-06-25 01:39:00,60514.3,60800.0,60514.3,60718.3,1544.967
2026-06-25 01:42:00,60718.2,60732.5,60616.4,60648.7,716.205
2026-06-25 01:45:00,60648.6,60756.2,60556.5,60728.7,908.578
2026-06-25 01:48:00,60728.6,60741.2,60633.2,60676.8,572.217
2026-06-25 01:51:00,60676.7,60800.0,60599.9,60660.1,1361.135
2026-06-25 01:54:00,60660.1,60767.9,60610.0,60759.6,735.382
2026-06-25 01:57:00,60759.5,60764.1,60646.6,60745.0,663.431
2026-06-25 02:00:00,60744.9,60885.4,60693.8,60818.4,1109.442
2026-06-25 02:03:00,60818.4,60820.0,60650.0,60742.8,574.709
2026-06-25 02:06:00,60742.8,60865.6,60689.5,60859.1,435.536
2026-06-25 02:09:00,60859.2,60859.2,60801.7,60834.7,423.089
2026-06-25 02:12:00,60834.6,60898.4,60827.7,60845.4,574.452
2026-06-25 02:15:00,60845.4,60966.0,60837.6,60938.2,825.965
2026-06-25 02:18:00,60938.3,61188.0,60913.4,61146.0,2472.756
2026-06-25 02:21:00,61145.9,61168.8,60980.1,61085.0,1028.375
2026-06-25 02:24:00,61085.0,61101.8,60892.1,60979.9,1258.197
2026-06-25 02:27:00,60979.9,61015.2,60901.8,60926.5,461.089
2026-06-25 02:30:00,60926.5,60996.0,60759.2,60764.6,923.505
2026-06-25 02:33:00,60764.6,60817.8,60700.7,60737.4,608.089
2026-06-25 02:36:00,60737.4,60750.0,60698.4,60712.9,273.314
2026-06-25 02:39:00,60712.9,60840.6,60633.1,60633.1,681.325
2026-06-25 02:42:00,60633.2,60749.0,60633.1,60691.4,468.2
2026-06-25 02:45:00,60691.3,60770.0,60650.8,60722.2,264.651
2026-06-25 02:48:00,60722.3,60874.2,60722.2,60874.2,248.112
2026-06-25 02:51:00,60874.1,60880.0,60755.8,60755.8,204.196
2026-06-25 02:54:00,60755.8,60824.4,60755.1,60824.3,85.457
2026-06-25 02:57:00,60824.4,60832.7,60791.5,60822.3,130.064
2026-06-25 03:00:00,60822.2,60825.0,60762.7,60821.1,139.272
2026-06-25 03:03:00,60821.1,60896.4,60821.0,60854.1,219.368
2026-06-25 03:06:00,60854.0,61075.7,60849.5,61056.6,689.715
2026-06-25 03:09:00,61056.7,61076.1,60995.5,61037.2,248.241
2026-06-25 03:12:00,61037.3,61110.4,61026.0,61058.1,181.721
2026-06-25 03:15:00,61058.1,61115.2,60969.9,61068.9,558.506
2026-06-25 03:18:00,61068.8,61068.9,61004.1,61015.5,139.239
2026-06-25 03:21:00,61015.6,61034.5,61004.0,61004.0,177.481
2026-06-25 03:24:00,61004.0,61066.4,61004.0,61064.2,452.012
2026-06-25 03:27:00,61064.3,61088.0,61060.0,61073.6,116.169
2026-06-25 03:30:00,61073.6,61256.0,61054.4,61150.5,1044.459
2026-06-25 03:33:00,61150.6,61150.6,61005.0,61042.2,458.655
2026-06-25 03:36:00,61042.2,61085.0,61004.0,61036.9,194.437
2026-06-25 03:39:00,61036.8,61086.0,61020.0,61056.4,175.738
2026-06-25 03:42:00,61056.5,61068.5,60971.0,60973.4,614.933
2026-06-25 03:45:00,60973.3,60988.0,60911.8,60968.4,485.39
2026-06-25 03:48:00,60968.4,60970.6,60891.0,60921.0,344.351
2026-06-25 03:51:00,60921.1,60926.4,60892.8,60899.0,110.152
2026-06-25 03:54:00,60899.0,60900.9,60860.2,60860.3,213.486
2026-06-25 03:57:00,60860.2,60877.8,60851.3,60858.3,190.19
2026-06-25 04:00:00,60858.3,60932.2,60858.3,60905.4,196.778
2026-06-25 04:03:00,60905.4,60911.4,60864.9,60887.3,141.939
2026-06-25 04:06:00,60887.3,60918.2,60822.3,60833.1,359.73
2026-06-25 04:09:00,60833.0,60843.8,60752.8,60821.9,449.011
2026-06-25 04:12:00,60822.0,60899.3,60817.1,60894.4,165.586
2026-06-25 04:15:00,60894.3,60894.4,60807.2,60813.0,107.251
2026-06-25 04:18:00,60813.0,60831.6,60791.4,60810.5,175.849
2026-06-25 04:21:00,60810.5,60846.2,60789.1,60803.9,149.519
2026-06-25 04:24:00,60803.9,60869.9,60803.8,60849.1,97.783
2026-06-25 04:27:00,60849.0,60858.8,60838.2,60850.2,81.275
2026-06-25 04:30:00,60850.3,60851.9,60799.9,60811.6,124.17
2026-06-25 04:33:00,60811.6,60894.9,60811.6,60868.2,129.082
2026-06-25 04:36:00,60868.2,60936.7,60868.2,60879.5,112.959
2026-06-25 04:39:00,60879.6,60895.2,60856.1,60882.1,70.393
2026-06-25 04:42:00,60882.1,60910.0,60823.8,60859.9,102.126
2026-06-25 04:45:00,60859.9,60888.0,60859.9,60887.9,64.297
2026-06-25 04:48:00,60888.0,60895.7,60811.6,60858.8,118.906
2026-06-25 04:51:00,60858.9,60987.5,60858.8,60974.7,338.485
2026-06-25 04:54:00,60974.7,61006.8,60962.8,60979.5,163.015
2026-06-25 04:57:00,60979.4,60983.5,60894.8,60956.1,112.982
2026-06-25 05:00:00,60956.0,60977.1,60925.0,60976.7,117.434
2026-06-25 05:03:00,60976.6,61036.8,60968.0,60998.9,153.917
2026-06-25 05:06:00,60998.8,61038.0,60995.0,61006.3,179.157
2026-06-25 05:09:00,61006.2,61009.8,60931.5,60967.5,149.231
2026-06-25 05:12:00,60967.5,61000.0,60957.5,61000.0,93.979
2026-06-25 05:15:00,61000.0,61045.7,60957.0,60978.8,185.858
2026-06-25 05:18:00,60978.8,60990.0,60936.0,60936.0,89.643
2026-06-25 05:21:00,60936.1,60984.9,60911.2,60984.9,98.498
2026-06-25 05:24:00,60984.9,61069.4,60974.0,61065.7,254.224
2026-06-25 05:27:00,61065.7,61086.3,61039.3,61051.2,224.635
2026-06-25 05:30:00,61051.2,61073.0,61029.8,61046.7,252.216
2026-06-25 05:33:00,61046.6,61080.0,61006.3,61054.2,173.117
2026-06-25 05:36:00,61054.2,61138.9,61017.1,61037.5,298.315
2026-06-25 05:39:00,61037.5,61085.5,61000.1,61085.4,123.082
2026-06-25 05:42:00,61085.4,61123.8,61023.0,61067.3,141.451
2026-06-25 05:45:00,61067.3,61079.5,60997.0,61029.0,150.828
2026-06-25 05:48:00,61028.9,61029.0,60925.3,60925.4,278.814
2026-06-25 05:51:00,60925.4,61050.0,60925.3,61007.5,239.331
2026-06-25 05:54:00,61007.4,61024.3,60893.3,60918.6,238.48
2026-06-25 05:57:00,60918.6,60962.3,60890.6,60895.7,199.989
2026-06-25 06:00:00,60895.7,60930.0,60880.6,60918.5,188.386
2026-06-25 06:03:00,60918.6,60964.7,60885.0,60902.1,134.053
2026-06-25 06:06:00,60902.2,60934.2,60836.4,60848.6,503.11
2026-06-25 06:09:00,60848.7,60903.8,60835.4,60853.5,186.837
2026-06-25 06:12:00,60853.7,60874.8,60808.1,60813.3,141.219
2026-06-25 06:15:00,60813.3,60830.4,60730.0,60742.4,647.563
2026-06-25 06:18:00,60742.5,60850.0,60742.5,60850.0,372.427
2026-06-25 06:21:00,60850.0,60895.4,60804.0,60839.1,236.912
2026-06-25 06:24:00,60839.1,60839.1,60761.5,60794.8,153.731
2026-06-25 06:27:00,60794.8,60812.9,60666.0,60786.9,750.89
2026-06-25 06:30:00,60786.9,60854.3,60778.0,60778.0,294.981
2026-06-25 06:33:00,60778.1,60788.9,60716.8,60786.5,363.423
2026-06-25 06:36:00,60786.6,60791.5,60703.2,60734.0,178.668
2026-06-25 06:39:00,60733.9,60761.5,60714.3,60742.2,158.335
2026-06-25 06:42:00,60742.1,60770.0,60727.2,60745.4,146.97
2026-06-25 06:45:00,60745.5,60799.9,60688.4,60785.9,231.466
2026-06-25 06:48:00,60786.0,60809.2,60686.8,60802.4,221.173
2026-06-25 06:51:00,60802.8,60909.0,60802.8,60895.0,269.277
2026-06-25 06:54:00,60895.0,60909.4,60783.0,60802.3,243.791
2026-06-25 06:57:00,60802.3,60852.3,60802.3,60827.8,124.167
2026-06-25 07:00:00,60827.7,60879.9,60809.9,60844.2,128.777
2026-06-25 07:03:00,60844.2,60849.9,60780.0,60835.8,108.012
2026-06-25 07:06:00,60835.8,60847.8,60806.4,60837.4,78.469
2026-06-25 07:09:00,60837.5,60869.1,60798.5,60798.6,109.643
2026-06-25 07:12:00,60798.6,60832.1,60781.8,60794.5,88.626
2026-06-25 07:15:00,60794.4,60817.6,60770.7,60817.5,60.362
2026-06-25 07:18:00,60817.5,60905.2,60804.7,60905.2,122.058
2026-06-25 07:21:00,60905.1,60950.0,60880.7,60915.7,233.377
2026-06-25 07:24:00,60915.8,60960.5,60900.0,60944.1,160.399
2026-06-25 07:27:00,60944.0,60955.0,60860.0,60892.9,281.842
2026-06-25 07:30:00,60892.9,60900.0,60855.0,60892.6,133.676
2026-06-25 07:33:00,60892.7,60939.0,60853.4,60853.4,115.336
2026-06-25 07:36:00,60853.4,60862.1,60815.6,60844.2,99.143
2026-06-25 07:39:00,60844.2,60844.3,60772.9,60773.2,126.939
2026-06-25 07:42:00,60773.2,60780.5,60690.6,60751.9,466.03
2026-06-25 07:45:00,60751.9,60792.7,60720.0,60776.4,124.991
2026-06-25 07:48:00,60776.4,60894.4,60776.4,60864.8,216.289
2026-06-25 07:51:00,60864.8,60885.2,60830.2,60842.8,120.575
2026-06-25 07:54:00,60842.8,60851.5,60807.2,60851.4,104.949
2026-06-25 07:57:00,60851.4,60918.3,60836.7,60901.5,119.176
2026-06-25 08:00:00,60901.5,60901.6,60836.0,60849.1,99.449
2026-06-25 08:03:00,60849.0,60876.0,60836.9,60875.9,58.897
2026-06-25 08:06:00,60876.0,60903.7,60861.0,60873.0,59.795
2026-06-25 08:09:00,60872.9,60906.6,60777.9,60777.9,238.782
2026-06-25 08:12:00,60777.8,60795.2,60719.9,60732.8,675.724
2026-06-25 08:15:00,60732.8,60769.0,60697.9,60768.8,387.777
2026-06-25 08:18:00,60769.0,60792.9,60680.0,60680.1,434.301
2026-06-25 08:21:00,60680.1,60720.0,60660.0,60673.8,208.004
2026-06-25 08:24:00,60673.8,60752.0,60673.8,60715.0,422.006
2026-06-25 08:27:00,60715.1,60781.4,60712.9,60763.2,102.623
2026-06-25 08:30:00,60763.3,60842.1,60763.2,60773.9,157.977
2026-06-25 08:33:00,60773.9,60800.0,60735.6,60737.6,328.638
2026-06-25 08:36:00,60737.6,60799.1,60705.0,60798.1,248.933
2026-06-25 08:39:00,60798.0,60799.9,60757.1,60766.2,163.693
2026-06-25 08:42:00,60766.2,60775.4,60689.5,60730.0,174.306
2026-06-25 08:45:00,60730.1,60766.9,60648.0,60764.1,236.29
2026-06-25 08:48:00,60764.1,60812.0,60747.7,60788.2,113.23
2026-06-25 08:51:00,60788.0,60793.5,60740.9,60793.5,134.491
2026-06-25 08:54:00,60793.4,60802.5,60777.4,60802.5,57.228
2026-06-25 08:57:00,60802.5,60804.0,60764.3,60764.3,142.109
2026-06-25 09:00:00,60764.3,60821.6,60754.2,60783.3,112.551
2026-06-25 09:03:00,60783.3,60797.2,60717.0,60717.3,118.405
2026-06-25 09:06:00,60717.3,60753.2,60717.3,60744.5,82.934
2026-06-25 09:09:00,60744.4,60757.2,60715.6,60757.2,106.246
2026-06-25 09:12:00,60757.1,60757.2,60715.5,60718.6,108.631
2026-06-25 09:15:00,60718.5,60772.4,60715.6,60750.9,106.931
2026-06-25 09:18:00,60750.8,60776.3,60735.7,60762.9,58.757
2026-06-25 09:21:00,60762.8,60804.0,60741.5,60798.3,149.632
2026-06-25 09:24:00,60798.4,60854.4,60798.3,60839.4,196.972
2026-06-25 09:27:00,60839.4,60877.7,60817.2,60853.9,250.19
2026-06-25 09:30:00,60854.0,60878.6,60835.4,60854.1,305.664
2026-06-25 09:33:00,60854.1,60857.1,60820.4,60833.8,178.685
2026-06-25 09:36:00,60833.8,60854.3,60809.9,60851.8,58.406
2026-06-25 09:39:00,60851.8,60851.8,60814.2,60836.8,70.91
2026-06-25 09:42:00,60836.8,60836.8,60788.0,60789.7,79.275
2026-06-25 09:45:00,60789.7,60802.0,60756.4,60765.0,99.738
2026-06-25 09:48:00,60765.0,60796.6,60764.9,60796.2,47.423
2026-06-25 09:51:00,60796.2,60888.0,60790.2,60879.5,113.394
2026-06-25 09:54:00,60879.5,60880.3,60850.4,60869.0,52.667
2026-06-25 09:57:00,60869.1,60871.6,60848.4,60865.5,86.016
2026-06-25 10:00:00,60865.5,60865.5,60810.0,60819.8,64.481
2026-06-25 10:03:00,60819.7,60826.9,60780.0,60819.2,86.428
2026-06-25 10:06:00,60819.2,60888.8,60819.1,60888.5,77.873
2026-06-25 10:09:00,60888.4,60930.2,60867.9,60873.9,415.898
2026-06-25 10:12:00,60874.0,60949.9,60874.0,60949.8,87.541
2026-06-25 10:15:00,60949.8,61019.8,60940.9,60993.0,380.882
2026-06-25 10:18:00,60993.0,61087.3,60986.0,61071.9,438.197
2026-06-25 10:21:00,61071.9,61207.0,61039.9,61186.9,1737.996
2026-06-25 10:24:00,61187.0,61376.5,61165.0,61329.0,1202.814
2026-06-25 10:27:00,61329.0,61389.0,61317.8,61323.2,640.26
2026-06-25 10:30:00,61323.3,61570.2,61241.9,61438.7,1430.235
2026-06-25 10:33:00,61438.7,61554.0,61351.4,61475.8,1029.355
2026-06-25 10:36:00,61475.8,61733.9,61456.9,61667.2,1916.513
2026-06-25 10:39:00,61667.2,61722.0,61482.1,61610.1,1703.319
2026-06-25 10:42:00,61610.1,61619.6,61570.6,61615.9,508.902
2026-06-25 10:45:00,61615.8,61685.5,61529.9,61669.3,636.114
2026-06-25 10:48:00,61669.2,61676.3,61488.6,61504.3,428.217
2026-06-25 10:51:00,61504.5,61716.8,61437.6,61699.2,1098.904
2026-06-25 10:54:00,61699.3,61800.0,61581.2,61592.0,1701.662
2026-06-25 10:57:00,61592.0,61598.9,61551.7,61579.5,262.103
2026-06-25 11:00:00,61579.4,61612.7,61534.2,61601.6,273.324
2026-06-25 11:03:00,61601.6,61629.9,61573.2,61618.7,204.855
2026-06-25 11:06:00,61618.7,61625.5,61579.6,61580.5,163.863
2026-06-25 11:09:00,61580.4,61587.6,61494.4,61527.4,307.44
2026-06-25 11:12:00,61527.4,61575.4,61497.5,61499.8,374.142
2026-06-25 11:15:00,61499.8,61530.7,61480.0,61530.6,262.377
2026-06-25 11:18:00,61530.7,61569.8,61517.6,61547.1,225.797
2026-06-25 11:21:00,61547.1,61650.0,61542.5,61586.4,507.062
2026-06-25 11:24:00,61586.3,61614.0,61569.9,61609.2,152.642
2026-06-25 11:27:00,61609.3,61630.6,61557.9,61567.1,364.816
2026-06-25 11:30:00,61567.1,61638.0,61567.1,61638.0,213.649
2026-06-25 11:33:00,61638.0,61650.0,61569.0,61599.9,223.297
2026-06-25 11:36:00,61600.0,61646.9,61587.8,61625.2,176.26
2026-06-25 11:39:00,61625.2,61726.6,61625.2,61724.3,404.685
2026-06-25 11:42:00,61724.3,61733.0,61680.1,61681.1,245.095
2026-06-25 11:45:00,61681.0,61773.4,61681.0,61685.8,456.338
2026-06-25 11:48:00,61685.8,61720.8,61651.9,61676.4,238.404
2026-06-25 11:51:00,61676.4,61688.4,61606.7,61639.5,217.461
2026-06-25 11:54:00,61639.6,61667.6,61613.2,61667.6,171.117
2026-06-25 11:57:00,61667.5,61667.5,61621.3,61638.6,81.26
2026-06-25 12:00:00,61638.6,61680.0,61620.6,61678.4,131.272
2026-06-25 12:03:00,61678.4,61709.7,61639.0,61665.6,194.144
2026-06-25 12:06:00,61665.6,61685.7,61624.5,61662.5,112.187
2026-06-25 12:09:00,61662.5,61724.0,61646.6,61703.9,264.786
2026-06-25 12:12:00,61703.8,61732.0,61682.0,61728.8,178.96
2026-06-25 12:15:00,61728.7,61736.6,61698.2,61736.2,147.592
2026-06-25 12:18:00,61736.1,61755.0,61730.1,61755.0,217.699
2026-06-25 12:21:00,61754.9,61763.4,61738.0,61738.1,163.509
2026-06-25 12:24:00,61738.1,61829.1,61724.0,61791.1,370.535
2026-06-25 12:27:00,61791.0,61811.6,61681.6,61693.5,546.005
2026-06-25 12:30:00,61693.5,61749.7,61644.4,61644.4,258.117
2026-06-25 12:33:00,61644.5,61714.9,61633.7,61691.2,311.367
2026-06-25 12:36:00,61691.3,61699.6,61632.2,61636.0,280.479
2026-06-25 12:39:00,61636.1,61727.6,61632.7,61702.6,344.686
2026-06-25 12:42:00,61702.7,61800.0,61693.0,61724.2,261.619
2026-06-25 12:45:00,61724.2,61866.0,61724.1,61812.3,587.521
2026-06-25 12:48:00,61812.2,61833.5,61760.1,61771.4,445.48
2026-06-25 12:51:00,61771.4,61804.1,61736.3,61769.1,214.808
2026-06-25 12:54:00,61769.0,61809.9,61763.4,61796.4,102.086
2026-06-25 12:57:00,61796.5,61821.2,61766.1,61774.2,131.77
2026-06-25 13:00:00,61774.1,61840.0,61774.1,61814.1,180.067
2026-06-25 13:03:00,61814.1,61843.9,61790.4,61831.0,270.433
2026-06-25 13:06:00,61831.1,61878.6,61831.0,61858.6,270.175
2026-06-25 13:09:00,61858.7,61918.9,61858.6,61911.4,569.033
2026-06-25 13:12:00,61911.3,61931.1,61873.0,61886.0,502.871
2026-06-25 13:15:00,61886.0,61886.1,61827.0,61839.7,489.186
2026-06-25 13:18:00,61839.8,61873.7,61812.3,61814.7,323.412
2026-06-25 13:21:00,61814.7,61853.8,61780.1,61832.8,289.035
2026-06-25 13:24:00,61832.8,61850.0,61820.9,61845.9,233.99
2026-06-25 13:27:00,61845.9,61915.3,61833.1,61886.7,400.899
2026-06-25 13:30:00,61886.8,61897.6,61864.0,61874.6,218.935
2026-06-25 13:33:00,61874.5,61874.6,61799.0,61799.0,406.216
2026-06-25 13:36:00,61799.0,61799.1,61726.7,61746.0,958.957
2026-06-25 13:39:00,61746.1,61791.6,61746.0,61770.6,236.198
2026-06-25 13:42:00,61770.6,61776.5,61763.0,61770.5,237.761
2026-06-25 13:45:00,61770.5,61771.0,61719.0,61729.7,469.728
2026-06-25 13:48:00,61729.7,61740.0,61711.0,61716.7,225.162
2026-06-25 13:51:00,61716.6,61735.0,61704.0,61705.8,277.515
2026-06-25 13:54:00,61705.7,61710.4,61677.1,61710.4,232.169
2026-06-25 13:57:00,61710.3,61757.7,61710.3,61753.8,169.41
2026-06-25 14:00:00,61753.7,61753.8,61706.4,61737.4,230.395
2026-06-25 14:03:00,61737.5,61737.5,61689.7,61690.0,301.884
2026-06-25 14:06:00,61690.0,61716.7,61688.6,61699.9,170.703
2026-06-25 14:09:00,61699.8,61722.0,61699.8,61712.1,136.133
2026-06-25 14:12:00,61712.0,61734.8,61712.0,61729.5,118.613
2026-06-25 14:15:00,61729.5,61774.2,61712.0,61744.0,208.705
2026-06-25 14:18:00,61744.1,61766.1,61744.0,61761.1,139.718
2026-06-25 14:21:00,61761.0,61767.7,61730.0,61749.7,154.728
2026-06-25 14:24:00,61749.8,61749.8,61712.0,61712.0,99.019
2026-06-25 14:27:00,61712.1,61713.7,61653.0,61686.4,352.046
2026-06-25 14:30:00,61686.5,61707.7,61653.0,61671.2,257.733
2026-06-25 14:33:00,61671.1,61707.6,61662.6,61703.2,217.527
2026-06-25 14:36:00,61703.3,61726.2,61700.0,61705.0,123.923
2026-06-25 14:39:00,61705.1,61764.9,61705.0,61749.4,212.356
2026-06-25 14:42:00,61749.5,61763.9,61715.2,61715.2,161.966
2026-06-25 14:45:00,61715.2,61741.2,61706.0,61730.1,106.915
2026-06-25 14:48:00,61730.1,61730.1,61690.7,61697.9,137.067
2026-06-25 14:51:00,61698.0,61698.0,61578.4,61644.6,597.714
2026-06-25 14:54:00,61644.7,61649.8,61617.1,61649.8,254.384
2026-06-25 14:57:00,61650.0,61691.8,61634.5,61665.3,211.847
2026-06-25 15:00:00,61665.3,61736.6,61655.8,61696.0,209.924
2026-06-25 15:03:00,61696.0,61736.3,61679.8,61686.4,153.16
2026-06-25 15:06:00,61686.4,61747.4,61684.6,61732.5,183.862
2026-06-25 15:09:00,61732.5,61735.0,61696.5,61734.9,109.461
2026-06-25 15:12:00,61735.0,61748.7,61723.4,61724.4,115.286
2026-06-25 15:15:00,61724.5,61743.5,61717.9,61735.5,125.033
2026-06-25 15:18:00,61735.5,61746.5,61721.1,61746.4,124.358
2026-06-25 15:21:00,61746.5,61756.0,61713.1,61723.7,119.827
2026-06-25 15:24:00,61723.6,61723.6,61672.3,61705.1,142.074
2026-06-25 15:27:00,61705.1,61729.2,61689.8,61707.8,102.843
2026-06-25 15:30:00,61707.9,61727.9,61704.1,61717.2,82.751
2026-06-25 15:33:00,61717.1,61725.5,61700.1,61702.4,105.071
2026-06-25 15:36:00,61702.5,61702.5,61644.0,61651.0,227.527
2026-06-25 15:39:00,61651.1,61658.0,61626.3,61640.4,158.607
2026-06-25 15:42:00,61640.5,61666.6,61628.6,61657.4,139.666
2026-06-25 15:45:00,61657.4,61725.1,61657.4,61690.0,192.342
2026-06-25 15:48:00,61690.1,61698.8,61559.3,61574.9,406.04
2026-06-25 15:51:00,61575.0,61596.0,61563.0,61578.1,214.069
2026-06-25 15:54:00,61578.2,61584.2,61555.8,61576.5,333.458
2026-06-25 15:57:00,61576.5,61576.6,61540.0,61550.4,266.828
2026-06-25 16:00:00,61550.4,61564.9,61544.2,61546.6,164.394
2026-06-25 16:03:00,61546.6,61548.8,61513.5,61527.8,349.491
2026-06-25 16:06:00,61527.7,61547.4,61472.6,61514.3,503.152
2026-06-25 16:09:00,61514.3,61520.0,61421.0,61463.3,579.139
2026-06-25 16:12:00,61463.4,61487.6,61362.2,61369.0,935.654
2026-06-25 16:15:00,61369.1,61378.8,61286.5,61302.4,835.701
2026-06-25 16:18:00,61302.4,61359.9,61297.4,61327.8,607.963
2026-06-25 16:21:00,61327.9,61353.7,61316.4,61324.5,268.185
2026-06-25 16:24:00,61324.6,61335.8,61259.8,61300.4,506.758
2026-06-25 16:27:00,61300.4,61310.0,61228.4,61245.3,427.398
2026-06-25 16:30:00,61245.4,61309.4,61211.3,61214.0,430.708
2026-06-25 16:33:00,61214.1,61230.0,61135.0,61136.0,865.6
2026-06-25 16:36:00,61136.0,61136.0,61033.5,61070.1,871.407
2026-06-25 16:39:00,61070.1,61115.6,61034.4,61115.6,465.115
2026-06-25 16:42:00,61115.6,61339.8,61107.7,61330.1,869.133
2026-06-25 16:45:00,61330.1,61395.3,61244.1,61356.6,1232.557
2026-06-25 16:48:00,61356.6,61356.6,61276.2,61313.3,860.355
2026-06-25 16:51:00,61313.3,61335.8,61240.0,61242.7,1013.376
2026-06-25 16:54:00,61242.8,61296.0,61242.7,61280.1,259.652
2026-06-25 16:57:00,61280.1,61285.8,61220.0,61220.0,694.209
2026-06-25 17:00:00,61220.0,61291.9,61220.0,61243.8,287.594
2026-06-25 17:03:00,61243.8,61262.8,61230.0,61254.6,276.764
2026-06-25 17:06:00,61254.7,61340.7,61220.2,61305.9,930.544
2026-06-25 17:09:00,61305.9,61373.8,61302.4,61347.1,317.451
2026-06-25 17:12:00,61347.0,61347.1,61286.3,61297.7,405.163
2026-06-25 17:15:00,61297.7,61297.7,61228.5,61235.5,159.849
2026-06-25 17:18:00,61235.5,61248.0,61125.4,61199.5,474.559
2026-06-25 17:21:00,61199.6,61208.1,61134.2,61134.3,321.222
2026-06-25 17:24:00,61134.3,61239.4,61130.1,61235.6,828.577
2026-06-25 17:27:00,61235.5,61259.7,61234.2,61258.2,209.412
2026-06-25 17:30:00,61258.2,61352.0,61200.0,61233.6,456.251
2026-06-25 17:33:00,61233.5,61253.8,61212.5,61242.8,134.945
2026-06-25 17:36:00,61242.8,61242.8,61126.1,61237.2,286.239
2026-06-25 17:39:00,61237.2,61247.9,61192.7,61202.1,124.559
2026-06-25 17:42:00,61202.1,61203.2,61150.0,61194.1,154.942
2026-06-25 17:45:00,61194.1,61216.8,61142.7,61159.5,224.903
2026-06-25 17:48:00,61159.6,61169.7,61122.6,61158.0,268.457
2026-06-25 17:51:00,61158.1,61174.8,61130.4,61174.8,268.254
2026-06-25 17:54:00,61174.8,61245.3,61102.0,61107.3,274.224
2026-06-25 17:57:00,61107.3,61120.4,61048.5,61077.0,643.792
2026-06-25 18:00:00,61076.9,61742.9,61076.9,61308.6,4578.661
2026-06-25 18:03:00,61308.5,61438.4,61277.5,61425.3,863.866
2026-06-25 18:06:00,61425.3,61438.7,61321.2,61383.3,702.957
2026-06-25 18:09:00,61383.3,61420.4,61318.9,61391.4,423.954
2026-06-25 18:12:00,61391.5,61400.0,61305.6,61352.6,325.966
2026-06-25 18:15:00,61352.5,61368.5,61260.0,61368.5,473.806
2026-06-25 18:18:00,61368.5,61384.2,61285.2,61358.4,715.505
2026-06-25 18:21:00,61358.4,61384.3,61311.4,61311.4,284.571
2026-06-25 18:24:00,61311.5,61311.5,61126.6,61126.6,735.274
2026-06-25 18:27:00,61126.6,61222.0,61117.9,61216.4,601.863
2026-06-25 18:30:00,61216.4,61300.1,61171.3,61244.5,562.114
2026-06-25 18:33:00,61244.6,61270.1,61181.5,61214.4,519.22
2026-06-25 18:36:00,61214.5,61238.9,61140.3,61147.4,363.567
2026-06-25 18:39:00,61147.4,61303.8,61147.4,61300.1,392.007
2026-06-25 18:42:00,61300.0,61339.9,61248.0,61296.5,311.377
2026-06-25 18:45:00,61296.6,61346.4,61250.0,61286.5,617.589
2026-06-25 18:48:00,61286.5,61321.7,61206.3,61209.8,333.657
2026-06-25 18:51:00,61209.7,61255.9,61206.3,61238.2,129.022
2026-06-25 18:54:00,61238.2,61245.0,61163.9,61205.4,693.051
2026-06-25 18:57:00,61205.4,61238.9,61166.8,61210.1,173.557
2026-06-25 19:00:00,61210.2,61319.8,60851.7,60940.8,3226.692
2026-06-25 19:03:00,60940.9,61116.4,60900.0,61028.6,2495.111
2026-06-25 19:06:00,61028.7,61083.0,60755.4,60780.8,1933.333
2026-06-25 19:09:00,60780.8,60797.7,60335.1,60335.1,3813.83
2026-06-25 19:12:00,60335.2,60388.0,60050.6,60054.1,3664.202
2026-06-25 19:15:00,60054.2,60227.6,59601.3,59704.4,9799.465
2026-06-25 19:18:00,59704.4,59765.0,59255.0,59367.1,7458.571
2026-06-25 19:21:00,59367.1,59403.3,58687.4,58790.2,11385.998
2026-06-25 19:24:00,58790.2,58909.5,58372.5,58585.4,9824.639
2026-06-25 19:27:00,58585.3,58645.0,58030.0,58248.4,7871.383
2026-06-25 19:30:00,58248.4,59094.6,58248.4,59005.0,8972.59
2026-06-25 19:33:00,59004.1,59084.3,58795.4,58903.5,5680.903
2026-06-25 19:36:00,58903.4,59396.4,58835.5,59358.9,4876.02
2026-06-25 19:39:00,59358.9,59713.0,59311.0,59406.5,5454.304
2026-06-25 19:42:00,59406.4,59550.0,59216.3,59228.7,3223.893
2026-06-25 19:45:00,59228.6,59380.4,58755.0,58909.1,4924.613
2026-06-25 19:48:00,58909.2,59485.0,58851.9,59413.3,3449.995
2026-06-25 19:51:00,59413.4,59530.0,59320.0,59402.1,3015.078
2026-06-25 19:54:00,59402.1,59525.9,59270.0,59435.2,1772.159
2026-06-25 19:57:00,59435.1,59527.1,59277.6,59292.8,1005.099
2026-06-25 20:00:00,59292.9,59650.0,59145.7,59600.8,2562.448
2026-06-25 20:03:00,59600.7,60466.9,59547.5,59914.1,11453.315
2026-06-25 20:06:00,59914.1,59920.3,59547.5,59645.4,3003.361
2026-06-25 20:09:00,59645.5,59849.9,59518.5,59540.8,1575.036
2026-06-25 20:12:00,59540.7,59587.5,59388.0,59459.9,1753.006
2026-06-25 20:15:00,59459.9,59547.4,59322.0,59379.8,1498.177
2026-06-25 20:18:00,59379.7,59639.6,59355.4,59555.0,1161.846
2026-06-25 20:21:00,59555.0,59773.1,59529.4,59587.0,1271.295
2026-06-25 20:24:00,59587.2,59709.7,59500.0,59524.0,682.936
2026-06-25 20:27:00,59523.9,59553.5,59410.0,59448.7,791.917
2026-06-25 20:30:00,59448.7,59457.5,59189.4,59237.1,1556.208
2026-06-25 20:33:00,59237.1,59399.6,59024.9,59230.0,2072.665
2026-06-25 20:36:00,59230.0,59364.0,59141.3,59244.6,819.974
2026-06-25 20:39:00,59244.6,59309.1,59078.5,59141.9,986.514
2026-06-25 20:42:00,59142.0,59176.2,59022.7,59032.9,1168.127
2026-06-25 20:45:00,59032.9,59033.0,58835.2,58916.2,1941.675
2026-06-25 20:48:00,58916.2,59346.9,58880.0,59200.1,2121.826
2026-06-25 20:51:00,59200.0,59300.0,59127.1,59288.5,798.442
2026-06-25 20:54:00,59288.6,59362.8,59200.0,59291.6,769.882
2026-06-25 20:57:00,59291.5,59327.3,59185.7,59241.4,565.823
2026-06-25 21:00:00,59241.4,59306.6,59153.7,59192.5,519.678
2026-06-25 21:03:00,59192.6,59326.4,59130.0,59314.2,721.965
2026-06-25 21:06:00,59314.2,59527.1,59290.6,59313.8,1343.691
2026-06-25 21:09:00,59313.9,59313.9,59180.0,59225.2,538.953
2026-06-25 21:12:00,59225.2,59225.3,59050.0,59172.4,781.336
2026-06-25 21:15:00,59172.3,59368.7,59146.0,59303.4,869.054
2026-06-25 21:18:00,59303.3,59377.9,59206.0,59323.7,725.024
2026-06-25 21:21:00,59323.6,59443.8,59280.0,59336.1,655.874
2026-06-25 21:24:00,59336.1,59630.2,59336.0,59605.4,1178.964
2026-06-25 21:27:00,59605.4,59608.8,59478.1,59536.2,747.686
2026-06-25 21:30:00,59536.2,59617.2,59462.7,59482.7,676.664
2026-06-25 21:33:00,59482.8,59555.6,59439.4,59442.5,586.117
2026-06-25 21:36:00,59442.4,59739.9,59439.0,59739.9,982.566
2026-06-25 21:39:00,59739.9,60035.7,59720.0,59744.9,2826.987
2026-06-25 21:42:00,59744.9,59796.7,59648.5,59727.3,716.11
2026-06-25 21:45:00,59727.4,59776.9,59650.0,59776.9,561.615
2026-06-25 21:48:00,59776.9,59820.3,59700.6,59708.7,501.054
2026-06-25 21:51:00,59708.6,59796.6,59662.3,59678.8,328.761
2026-06-25 21:54:00,59678.8,59756.9,59657.3,59735.5,242.136
2026-06-25 21:57:00,59735.6,59744.3,59675.7,59718.7,176.243
2026-06-25 22:00:00,59718.6,59718.7,59417.0,59496.7,1409.824
2026-06-25 22:03:00,59496.7,59496.7,59348.6,59403.2,767.445
2026-06-25 22:06:00,59403.2,59510.0,59321.0,59349.8,649.091
2026-06-25 22:09:00,59349.8,59370.0,59271.1,59286.0,861.723
2026-06-25 22:12:00,59285.9,59340.1,59215.4,59248.5,482.239
2026-06-25 22:15:00,59248.7,59289.0,59130.0,59214.6,712.0
2026-06-25 22:18:00,59214.6,59372.7,59214.6,59296.4,459.417
2026-06-25 22:21:00,59296.3,59340.4,59233.2,59258.0,299.752
2026-06-25 22:24:00,59258.1,59300.0,59190.1,59203.0,253.119
2026-06-25 22:27:00,59202.9,59326.5,59202.9,59284.0,239.812
2026-06-25 22:30:00,59284.1,59339.3,59176.0,59196.7,417.136
2026-06-25 22:33:00,59196.7,59219.9,59131.7,59131.7,352.882
2026-06-25 22:36:00,59131.7,59200.0,59114.4,59167.3,270.168
2026-06-25 22:39:00,59167.2,59447.8,59166.4,59304.1,849.787
2026-06-25 22:42:00,59304.1,59411.4,59284.6,59381.0,408.373
2026-06-25 22:45:00,59380.9,59584.7,59380.9,59514.3,892.929
2026-06-25 22:48:00,59514.3,59523.2,59312.7,59444.4,677.132
2026-06-25 22:51:00,59444.4,59514.2,59438.9,59467.0,316.246
2026-06-25 22:54:00,59466.9,59580.0,59430.8,59546.3,277.146
2026-06-25 22:57:00,59546.3,59583.7,59459.6,59534.1,241.483
2026-06-25 23:00:00,59534.0,59576.7,59480.0,59496.1,238.679
2026-06-25 23:03:00,59496.0,59555.8,59466.5,59533.0,166.467
2026-06-25 23:06:00,59533.0,59720.0,59524.5,59671.5,579.032
2026-06-25 23:09:00,59671.2,59720.0,59574.7,59592.2,349.509
2026-06-25 23:12:00,59592.3,59615.9,59505.1,59505.2,268.805
2026-06-25 23:15:00,59505.1,59507.8,59433.3,59502.1,308.241
2026-06-25 23:18:00,59502.0,59526.0,59451.1,59493.5,278.28
2026-06-25 23:21:00,59493.6,59617.1,59417.8,59580.5,286.767
2026-06-25 23:24:00,59580.4,59594.4,59456.0,59525.3,296.63
2026-06-25 23:27:00,59525.2,59666.1,59525.2,59656.3,352.258
2026-06-25 23:30:00,59656.3,59775.0,59542.7,59549.3,795.563
2026-06-25 23:33:00,59549.4,59667.1,59522.1,59586.1,453.654
2026-06-25 23:36:00,59586.2,59664.4,59554.0,59622.4,258.219
2026-06-25 23:39:00,59622.4,59671.2,59517.5,59564.0,392.036
2026-06-25 23:42:00,59564.0,59567.7,59366.0,59375.3,542.81
2026-06-25 23:45:00,59375.4,59494.0,59375.0,59454.5,303.558
2026-06-25 23:48:00,59454.6,59728.0,59454.5,59629.8,725.024
2026-06-25 23:51:00,59629.8,59632.2,59521.5,59599.5,311.251
2026-06-25 23:54:00,59599.5,59614.3,59535.1,59598.0,243.317
2026-06-25 23:57:00,59598.0,59703.1,59560.6,59693.0,475.592
2026-06-26 00:00:00,59693.1,59693.1,59524.8,59532.4,273.9
2026-06-26 00:03:00,59532.3,59532.3,59389.4,59454.2,398.948
2026-06-26 00:06:00,59454.2,59487.4,59399.1,59409.0,412.401
2026-06-26 00:09:00,59408.9,59431.6,59364.5,59418.0,284.271
2026-06-26 00:12:00,59418.1,59453.2,59403.2,59403.7,154.654
2026-06-26 00:15:00,59403.6,59427.5,59333.0,59388.5,336.019
2026-06-26 00:18:00,59388.4,59501.5,59388.4,59433.1,303.521
2026-06-26 00:21:00,59433.2,59553.4,59408.0,59518.5,273.481
2026-06-26 00:24:00,59518.4,59572.8,59470.5,59526.1,194.004
2026-06-26 00:27:00,59526.1,59528.5,59460.0,59491.0,128.056
2026-06-26 00:30:00,59491.2,59496.6,59372.8,59380.4,951.955
2026-06-26 00:33:00,59380.4,59407.0,59301.6,59336.1,436.168
2026-06-26 00:36:00,59336.2,59352.7,59288.0,59290.0,321.831
2026-06-26 00:39:00,59289.9,59351.4,59289.9,59294.0,199.389
2026-06-26 00:42:00,59294.0,59294.0,59200.0,59217.6,571.464
2026-06-26 00:45:00,59217.3,59272.1,59204.1,59211.1,277.989
2026-06-26 00:48:00,59211.2,59259.9,59200.2,59217.6,220.264
2026-06-26 00:51:00,59217.6,59286.4,59156.7,59157.2,635.661
2026-06-26 00:54:00,59157.2,59339.4,59152.7,59307.7,339.869
2026-06-26 00:57:00,59307.6,59329.0,59250.0,59323.3,244.879
2026-06-26 01:00:00,59323.3,59369.0,59302.1,59306.9,228.446
2026-06-26 01:03:00,59306.9,59377.2,59268.2,59346.0,267.677
2026-06-26 01:06:00,59345.9,59370.1,59276.7,59297.6,145.396
2026-06-26 01:09:00,59297.6,59416.2,59297.5,59353.3,206.759
2026-06-26 01:12:00,59353.2,59366.1,59265.5,59275.4,187.74
2026-06-26 01:15:00,59275.3,59275.3,59173.2,59183.5,301.03
2026-06-26 01:18:00,59183.5,59295.5,59153.2,59280.6,423.2
2026-06-26 01:21:00,59280.6,59318.0,59246.8,59264.3,366.965
2026-06-26 01:24:00,59264.3,59342.3,59250.1,59306.6,423.281
2026-06-26 01:27:00,59306.6,59325.8,59246.1,59299.8,361.015
2026-06-26 01:30:00,59299.9,59656.1,59298.7,59556.8,1763.504
2026-06-26 01:33:00,59556.8,59723.5,59552.0,59651.0,816.849
2026-06-26 01:36:00,59651.1,59720.5,59574.0,59664.1,539.426
2026-06-26 01:39:00,59664.0,59664.1,59541.0,59572.0,225.659
2026-06-26 01:42:00,59572.0,59600.0,59519.6,59553.4,162.55
2026-06-26 01:45:00,59553.4,59623.1,59524.4,59552.7,210.351
2026-06-26 01:48:00,59552.7,59617.8,59549.8,59584.5,202.142
2026-06-26 01:51:00,59584.6,59623.1,59563.1,59608.8,136.097
2026-06-26 01:54:00,59608.8,59707.8,59591.7,59696.3,142.465
2026-06-26 01:57:00,59696.3,59711.5,59595.8,59600.0,146.85
2026-06-26 02:00:00,59600.1,59639.7,59439.2,59459.4,390.012
2026-06-26 02:03:00,59459.5,59559.1,59459.4,59536.1,88.483
2026-06-26 02:06:00,59536.0,59591.7,59487.4,59496.5,167.17
2026-06-26 02:09:00,59496.6,59515.7,59387.6,59420.8,389.337
2026-06-26 02:12:00,59420.9,59500.0,59420.8,59499.0,87.397
2026-06-26 02:15:00,59498.9,59501.4,59450.0,59450.1,86.506
2026-06-26 02:18:00,59450.1,59466.1,59370.0,59372.8,335.309
2026-06-26 02:21:00,59372.8,59415.2,59343.9,59344.0,103.444
2026-06-26 02:24:00,59343.9,59378.3,59312.8,59352.9,159.906
2026-06-26 02:27:00,59352.9,59447.0,59347.0,59428.8,213.719
2026-06-26 02:30:00,59428.9,59475.2,59422.7,59450.6,108.495
2026-06-26 02:33:00,59450.6,59553.7,59431.7,59462.0,196.197
2026-06-26 02:36:00,59462.1,59522.0,59455.2,59522.0,74.612
2026-06-26 02:39:00,59521.9,59576.0,59508.2,59555.8,156.391
2026-06-26 02:42:00,59555.8,59595.7,59511.1,59595.6,149.08
2026-06-26 02:45:00,59595.6,59607.5,59527.6,59533.6,222.853
2026-06-26 02:48:00,59533.6,59569.7,59526.6,59559.8,104.767
2026-06-26 02:51:00,59559.8,59597.1,59550.0,59563.3,87.792
2026-06-26 02:54:00,59563.4,59686.7,59563.3,59651.4,250.627
2026-06-26 02:57:00,59651.4,59686.1,59637.9,59686.1,150.972
2026-06-26 03:00:00,59686.1,59860.0,59672.8,59833.0,757.402
2026-06-26 03:03:00,59832.9,59985.5,59806.6,59973.6,743.34
2026-06-26 03:06:00,59973.5,59973.5,59874.8,59904.9,464.175
2026-06-26 03:09:00,59904.8,59904.8,59820.2,59832.9,251.841
2026-06-26 03:12:00,59832.9,59944.5,59805.1,59935.3,213.166
2026-06-26 03:15:00,59935.2,59967.9,59870.8,59890.9,320.694
2026-06-26 03:18:00,59890.9,59974.8,59863.4,59958.8,139.161
2026-06-26 03:21:00,59958.8,60030.0,59927.8,60015.5,529.252
2026-06-26 03:24:00,60015.4,60064.2,59959.1,59971.5,371.121
2026-06-26 03:27:00,59971.6,60245.0,59971.6,60180.7,975.082
2026-06-26 03:30:00,60180.7,60180.8,60075.8,60155.3,624.45
2026-06-26 03:33:00,60155.2,60172.3,60069.7,60089.9,594.659
2026-06-26 03:36:00,60089.9,60106.0,59937.2,59974.3,523.769
2026-06-26 03:39:00,59974.3,60012.4,59851.0,59944.0,559.06
2026-06-26 03:42:00,59944.0,59949.7,59840.0,59859.3,779.828
2026-06-26 03:45:00,59859.4,59960.0,59851.6,59959.6,169.315
2026-06-26 03:48:00,59959.6,59984.6,59773.6,59785.4,448.228
2026-06-26 03:51:00,59785.4,59835.8,59761.0,59828.8,208.398
2026-06-26 03:54:00,59828.8,59834.0,59791.6,59803.4,142.382
2026-06-26 03:57:00,59803.5,59817.0,59753.8,59763.5,148.286
2026-06-26 04:00:00,59763.5,59808.2,59718.6,59742.6,447.079
2026-06-26 04:03:00,59742.6,59784.4,59721.6,59784.4,146.87
2026-06-26 04:06:00,59784.4,59850.0,59750.0,59761.8,158.318
2026-06-26 04:09:00,59761.9,59795.9,59727.3,59782.4,78.861
2026-06-26 04:12:00,59782.3,59787.4,59747.0,59765.0,105.666
2026-06-26 04:15:00,59765.0,59840.0,59763.0,59763.0,120.831
2026-06-26 04:18:00,59763.1,59788.0,59705.4,59772.0,252.91
2026-06-26 04:21:00,59772.1,59783.9,59739.1,59775.1,241.567
2026-06-26 04:24:00,59775.2,59825.9,59764.4,59808.0,107.778
2026-06-26 04:27:00,59808.0,59899.6,59807.9,59815.1,240.866
2026-06-26 04:30:00,59815.1,59886.9,59801.7,59871.8,104.639
2026-06-26 04:33:00,59871.9,59896.8,59832.6,59832.6,108.148
2026-06-26 04:36:00,59832.7,59861.9,59806.6,59821.9,83.878
2026-06-26 04:39:00,59821.9,59827.7,59761.0,59827.6,106.612
2026-06-26 04:42:00,59827.7,59924.9,59827.6,59917.7,229.034
2026-06-26 04:45:00,59917.7,60024.0,59895.3,59990.7,238.924
2026-06-26 04:48:00,59990.7,60074.4,59990.7,60072.8,336.042
2026-06-26 04:51:00,60072.8,60127.4,60060.0,60113.8,407.901
2026-06-26 04:54:00,60113.7,60149.3,60089.1,60097.0,319.988
2026-06-26 04:57:00,60097.0,60130.7,60060.3,60068.7,178.809
2026-06-26 05:00:00,60068.7,60164.3,60059.9,60119.8,287.324
2026-06-26 05:03:00,60119.8,60126.6,60088.0,60101.9,138.209
2026-06-26 05:06:00,60101.9,60118.7,60017.5,60060.4,373.965
2026-06-26 05:09:00,60060.5,60071.3,60014.9,60015.0,199.486
2026-06-26 05:12:00,60014.9,60038.9,59932.6,59950.7,188.67
2026-06-26 05:15:00,59950.7,59950.7,59872.4,59878.1,226.803
2026-06-26 05:18:00,59878.1,59887.0,59780.3,59801.3,413.844
2026-06-26 05:21:00,59801.3,59811.1,59769.1,59809.7,297.354
2026-06-26 05:24:00,59809.7,59809.7,59709.1,59742.8,208.933
2026-06-26 05:27:00,59742.9,59788.0,59742.8,59771.9,130.338
2026-06-26 05:30:00,59772.0,59838.0,59740.9,59838.0,355.742
2026-06-26 05:33:00,59838.0,59850.0,59770.0,59839.5,236.553
2026-06-26 05:36:00,59839.5,59857.5,59766.5,59775.1,170.257
2026-06-26 05:39:00,59775.0,59882.2,59775.0,59811.1,131.379
2026-06-26 05:42:00,59811.1,59873.8,59772.9,59860.2,132.623
2026-06-26 05:45:00,59860.1,59860.2,59766.1,59839.3,298.979
2026-06-26 05:48:00,59839.3,59849.2,59743.0,59804.9,148.548
2026-06-26 05:51:00,59805.0,59819.0,59766.0,59793.3,112.405
2026-06-26 05:54:00,59793.4,59809.4,59675.6,59710.1,211.176
2026-06-26 05:57:00,59710.0,59768.8,59671.3,59748.9,308.187
2026-06-26 06:00:00,59748.8,59769.7,59705.0,59717.9,163.751
2026-06-26 06:03:00,59717.8,59774.3,59700.0,59700.1,173.478
2026-06-26 06:06:00,59700.0,59777.3,59670.0,59770.6,151.489
2026-06-26 06:09:00,59770.5,59850.0,59731.9,59789.6,123.301
2026-06-26 06:12:00,59789.9,59815.0,59760.0,59760.0,94.377
2026-06-26 06:15:00,59760.1,59801.0,59739.8,59763.2,74.869
2026-06-26 06:18:00,59763.2,59769.6,59688.3,59688.4,193.74
2026-06-26 06:21:00,59688.4,59767.6,59688.3,59711.4,150.244
2026-06-26 06:24:00,59711.5,59715.5,59611.4,59648.7,443.271
2026-06-26 06:27:00,59649.1,59668.7,59608.1,59638.2,196.747
2026-06-26 06:30:00,59638.2,59761.3,59633.3,59709.5,250.421
2026-06-26 06:33:00,59709.6,59709.7,59453.9,59466.5,760.787
2026-06-26 06:36:00,59466.6,59565.5,59417.3,59552.0,633.575
2026-06-26 06:39:00,59552.1,59672.8,59510.2,59645.4,235.679
2026-06-26 06:42:00,59645.4,59645.4,59549.2,59574.0,117.316
2026-06-26 06:45:00,59574.0,59643.3,59549.2,59620.3,194.417
2026-06-26 06:48:00,59620.4,59620.4,59545.0,59592.0,93.275
2026-06-26 06:51:00,59592.1,59599.9,59450.0,59463.2,205.22
2026-06-26 06:54:00,59463.1,59485.7,59375.5,59382.0,316.863
2026-06-26 06:57:00,59382.0,59416.5,59267.0,59272.4,728.195
2026-06-26 07:00:00,59272.4,59318.6,59210.0,59221.3,551.446
2026-06-26 07:03:00,59221.2,59307.6,59200.0,59223.0,479.526
2026-06-26 07:06:00,59223.1,59290.3,59203.5,59271.0,264.473
2026-06-26 07:09:00,59271.0,59356.0,59244.4,59325.1,301.358
2026-06-26 07:12:00,59325.1,59340.0,59237.4,59293.3,251.239
2026-06-26 07:15:00,59293.2,59319.1,59250.0,59298.2,160.722
2026-06-26 07:18:00,59298.3,59402.0,59298.2,59399.5,238.599
2026-06-26 07:21:00,59399.5,59417.0,59345.4,59352.0,187.243
2026-06-26 07:24:00,59352.0,59407.5,59341.6,59401.3,231.335
2026-06-26 07:27:00,59401.3,59414.2,59348.1,59413.0,142.579
2026-06-26 07:30:00,59413.1,59432.3,59348.1,59388.9,146.782
2026-06-26 07:33:00,59389.0,59401.7,59335.8,59343.7,107.21
2026-06-26 07:36:00,59343.8,59380.0,59331.4,59337.7,115.93
2026-06-26 07:39:00,59337.7,59341.2,59133.2,59163.1,502.761
2026-06-26 07:42:00,59163.1,59167.8,58620.0,58650.1,4422.43
2026-06-26 07:45:00,58650.1,58816.5,58421.6,58790.3,4539.679
2026-06-26 07:48:00,58790.4,58818.7,58556.2,58556.2,1664.914
2026-06-26 07:51:00,58556.3,58587.9,58355.0,58415.0,2071.031
2026-06-26 07:54:00,58415.0,58655.2,58325.6,58655.2,2136.598
2026-06-26 07:57:00,58655.2,58864.0,58652.4,58857.5,1447.207
2026-06-26 08:00:00,58857.5,58968.0,58715.7,58735.0,1135.854
2026-06-26 08:03:00,58735.0,58990.3,58648.9,58867.1,1152.715
2026-06-26 08:06:00,58867.1,58900.0,58673.9,58720.2,838.043
2026-06-26 08:09:00,58720.3,58832.7,58720.2,58766.9,384.297
2026-06-26 08:12:00,58766.8,58880.0,58758.0,58788.4,443.479
2026-06-26 08:15:00,58788.3,58806.4,58680.0,58695.0,322.385
2026-06-26 08:18:00,58695.0,58717.5,58536.1,58687.8,1119.291
2026-06-26 08:21:00,58687.8,58695.2,58433.3,58458.5,1109.047
2026-06-26 08:24:00,58458.5,58533.0,58403.4,58442.6,712.896
2026-06-26 08:27:00,58442.7,58587.5,58439.6,58536.0,607.73
2026-06-26 08:30:00,58536.0,58597.4,58288.0,58360.1,2412.237
2026-06-26 08:33:00,58360.0,58687.0,58331.1,58662.5,1001.295
2026-06-26 08:36:00,58662.4,58737.7,58552.0,58668.1,674.034
2026-06-26 08:39:00,58668.0,58933.0,58661.0,58932.0,933.38
2026-06-26 08:42:00,58931.9,58944.0,58821.0,58867.6,577.633
2026-06-26 08:45:00,58867.2,58909.0,58800.0,58817.9,674.877
2026-06-26 08:48:00,58817.9,58900.0,58802.5,58855.8,248.8
2026-06-26 08:51:00,58855.8,58906.0,58771.8,58781.1,411.728
2026-06-26 08:54:00,58781.2,58897.0,58776.7,58884.2,436.532
2026-06-26 08:57:00,58884.3,59166.5,58871.4,59070.9,2487.041
2026-06-26 09:00:00,59070.8,59233.5,58983.4,59193.7,1921.541
2026-06-26 09:03:00,59193.6,59242.8,59157.8,59200.0,1207.725
2026-06-26 09:06:00,59200.0,59385.7,59184.0,59385.7,1803.206
2026-06-26 09:09:00,59385.6,59525.0,59378.5,59405.8,1547.204
2026-06-26 09:12:00,59405.7,59499.1,59366.0,59470.0,925.844
2026-06-26 09:15:00,59470.0,59838.5,59464.0,59825.7,2421.689
2026-06-26 09:18:00,59825.7,59825.8,59620.0,59730.2,2137.303
2026-06-26 09:21:00,59730.1,59866.0,59680.1,59750.0,1212.554
2026-06-26 09:24:00,59750.1,60125.7,59740.2,59979.7,2525.422
2026-06-26 09:27:00,59979.6,60025.6,59858.7,60015.0,865.321
2026-06-26 09:30:00,60015.0,60078.3,59802.3,59836.5,2068.546
2026-06-26 09:33:00,59836.6,59909.9,59829.8,59878.0,418.641
2026-06-26 09:36:00,59878.0,60020.0,59820.0,59969.4,582.177
2026-06-26 09:39:00,59969.3,60019.9,59878.0,59989.9,421.531
2026-06-26 09:42:00,59989.8,59996.4,59860.2,59885.8,321.276
2026-06-26 09:45:00,59885.9,60234.8,59860.6,60196.0,1288.95
2026-06-26 09:48:00,60196.0,60196.1,59935.1,59959.9,558.366
2026-06-26 09:51:00,59959.9,60000.0,59910.0,59965.9,277.263
2026-06-26 09:54:00,59965.9,59991.3,59865.7,59872.7,326.694
2026-06-26 09:57:00,59872.8,59985.6,59872.7,59965.2,294.427
2026-06-26 10:00:00,59965.2,59999.0,59911.7,59916.4,268.686
2026-06-26 10:03:00,59916.3,59950.0,59871.8,59923.0,313.006
2026-06-26 10:06:00,59923.0,59946.0,59872.5,59899.3,191.591
2026-06-26 10:09:00,59899.3,59958.0,59866.0,59940.1,208.668
2026-06-26 10:12:00,59940.1,59954.3,59893.0,59949.5,145.304
2026-06-26 10:15:00,59949.4,59958.0,59868.0,59917.1,171.679
2026-06-26 10:18:00,59917.2,59930.0,59860.2,59860.2,136.725
2026-06-26 10:21:00,59860.2,59904.9,59824.3,59835.1,253.234
2026-06-26 10:24:00,59835.2,59878.7,59810.1,59859.4,342.052
2026-06-26 10:27:00,59859.4,59900.6,59853.6,59899.9,151.002
2026-06-26 10:30:00,59899.9,59926.1,59830.0,59830.0,342.861
2026-06-26 10:33:00,59830.0,59883.6,59815.0,59829.2,222.066
2026-06-26 10:36:00,59829.1,59896.4,59813.8,59847.6,262.953
2026-06-26 10:39:00,59847.6,59943.7,59823.6,59917.6,335.669
2026-06-26 10:42:00,59917.7,59952.4,59900.0,59952.4,166.45
2026-06-26 10:45:00,59952.4,60024.0,59904.3,59935.6,401.905
2026-06-26 10:48:00,59935.6,59950.0,59886.1,59905.4,163.806
2026-06-26 10:51:00,59905.4,59932.0,59703.1,59709.9,789.135
2026-06-26 10:54:00,59709.8,59866.9,59707.0,59858.0,419.284
2026-06-26 10:57:00,59858.1,59977.4,59858.1,59937.0,343.548
2026-06-26 11:00:00,59937.0,59997.1,59931.7,59988.8,250.833
2026-06-26 11:03:00,59988.9,60039.1,59929.1,60000.0,318.522
2026-06-26 11:06:00,60000.0,60007.9,59940.0,59946.0,159.079
2026-06-26 11:09:00,59946.1,59954.4,59878.0,59888.0,175.049
2026-06-26 11:12:00,59888.0,59895.5,59809.2,59861.2,446.237
2026-06-26 11:15:00,59861.2,59870.4,59761.2,59785.8,323.222
2026-06-26 11:18:00,59785.8,59876.6,59765.0,59823.3,226.064
2026-06-26 11:21:00,59823.3,59885.8,59805.8,59880.7,142.452
2026-06-26 11:24:00,59880.6,59927.3,59872.8,59926.8,221.152
2026-06-26 11:27:00,59926.8,59948.0,59888.1,59921.8,161.042
2026-06-26 11:30:00,59921.9,59921.9,59778.1,59788.1,358.058
2026-06-26 11:33:00,59788.1,59788.1,59666.2,59758.8,1042.942
2026-06-26 11:36:00,59758.8,59796.8,59715.7,59726.7,216.322
2026-06-26 11:39:00,59726.7,59768.3,59717.6,59734.2,297.36
2026-06-26 11:42:00,59734.1,59768.3,59681.0,59686.0,296.993
2026-06-26 11:45:00,59686.1,59760.4,59686.0,59724.3,217.646
2026-06-26 11:48:00,59724.3,59846.0,59708.2,59836.7,429.595
2026-06-26 11:51:00,59836.7,60043.5,59810.5,60005.8,642.812
2026-06-26 11:54:00,60005.9,60073.7,59962.3,59964.5,430.974
2026-06-26 11:57:00,59964.6,60026.8,59890.9,60017.6,324.742
2026-06-26 12:00:00,60017.7,60025.5,59925.1,60010.4,290.226
2026-06-26 12:03:00,60010.5,60045.0,59935.9,60005.1,218.921
2026-06-26 12:06:00,60005.2,60165.1,60000.2,60150.7,798.088
2026-06-26 12:09:00,60150.7,60341.6,60085.1,60169.8,1687.752
2026-06-26 12:12:00,60169.8,60409.8,60148.3,60361.7,1048.78
2026-06-26 12:15:00,60361.7,60440.0,60263.7,60365.1,1021.857
2026-06-26 12:18:00,60365.1,60388.0,60244.7,60246.9,454.25
2026-06-26 12:21:00,60246.8,60273.1,60204.6,60263.5,349.433
2026-06-26 12:24:00,60263.5,60290.7,60230.4,60238.9,259.453
2026-06-26 12:27:00,60238.9,60319.9,60236.8,60298.9,385.021
2026-06-26 12:30:00,60298.9,60322.0,60265.1,60273.7,359.948
2026-06-26 12:33:00,60273.7,60314.0,60252.6,60281.8,284.81
2026-06-26 12:36:00,60281.9,60384.0,60281.9,60309.1,442.389
2026-06-26 12:39:00,60309.2,60429.9,60293.6,60391.3,434.606
2026-06-26 12:42:00,60391.3,60518.0,60346.1,60491.7,1260.836
2026-06-26 12:45:00,60491.7,60587.8,60441.0,60575.8,975.501
2026-06-26 12:48:00,60575.9,60589.9,60492.9,60492.9,778.292
2026-06-26 12:51:00,60492.9,60538.5,60481.4,60526.1,330.591
2026-06-26 12:54:00,60526.2,60567.2,60481.7,60567.2,419.736
2026-06-26 12:57:00,60567.2,60681.0,60552.9,60560.4,872.991
2026-06-26 13:00:00,60560.4,60676.0,60539.8,60642.9,796.081
2026-06-26 13:03:00,60643.0,60669.4,60522.0,60531.7,974.109
2026-06-26 13:06:00,60531.8,60666.9,60531.8,60654.1,646.386
2026-06-26 13:09:00,60654.2,60734.0,60641.3,60670.0,918.869
2026-06-26 13:12:00,60670.1,60679.0,60554.9,60555.0,921.011
2026-06-26 13:15:00,60554.9,60570.0,60458.8,60469.9,1826.553
2026-06-26 13:18:00,60469.9,60515.6,60467.5,60514.0,607.84
2026-06-26 13:21:00,60514.0,60557.6,60482.1,60538.1,492.394
2026-06-26 13:24:00,60538.2,60607.1,60526.1,60547.9,613.251
2026-06-26 13:27:00,60547.9,60562.4,60490.0,60491.0,673.362
2026-06-26 13:30:00,60491.0,60542.6,60356.6,60369.2,760.576
2026-06-26 13:33:00,60369.3,60418.5,60330.5,60335.4,594.535
2026-06-26 13:36:00,60335.5,60344.7,60224.5,60247.6,1108.957
2026-06-26 13:39:00,60247.7,60286.9,60217.0,60281.1,474.234
2026-06-26 13:42:00,60281.1,60307.6,60187.8,60242.9,528.988
2026-06-26 13:45:00,60243.0,60274.2,60202.1,60263.7,387.213
2026-06-26 13:48:00,60263.9,60273.5,60156.0,60171.9,401.366
2026-06-26 13:51:00,60171.9,60332.8,60171.8,60280.5,502.932
2026-06-26 13:54:00,60280.5,60345.4,60273.8,60279.4,259.556
2026-06-26 13:57:00,60279.3,60316.2,60225.9,60280.9,173.084
2026-06-26 14:00:00,60280.8,60316.9,60195.2,60220.3,335.34
2026-06-26 14:03:00,60220.4,60240.9,60112.0,60146.9,510.407
2026-06-26 14:06:00,60146.9,60233.0,60145.6,60221.2,285.316
2026-06-26 14:09:00,60221.2,60234.3,60153.4,60194.5,187.307
2026-06-26 14:12:00,60194.4,60229.8,60166.8,60184.8,196.2
2026-06-26 14:15:00,60184.8,60249.7,60159.2,60159.7,224.995
2026-06-26 14:18:00,60159.8,60170.9,60116.7,60149.9,262.312
2026-06-26 14:21:00,60149.9,60213.3,60131.1,60202.5,240.791
2026-06-26 14:24:00,60202.5,60211.0,60114.1,60195.1,262.745
2026-06-26 14:27:00,60195.2,60246.0,60178.9,60215.3,248.514
2026-06-26 14:30:00,60215.3,60229.8,60129.1,60134.6,260.955
2026-06-26 14:33:00,60134.5,60155.7,60053.1,60094.0,517.013
2026-06-26 14:36:00,60093.9,60110.0,60040.0,60092.8,357.718
2026-06-26 14:39:00,60092.8,60120.0,60051.0,60109.1,298.763
2026-06-26 14:42:00,60109.1,60148.7,60058.8,60141.1,160.577
2026-06-26 14:45:00,60141.1,60152.0,60100.0,60125.2,274.355
2026-06-26 14:48:00,60125.2,60144.2,60052.3,60133.8,409.222
2026-06-26 14:51:00,60133.8,60151.0,60076.9,60110.1,134.605
2026-06-26 14:54:00,60110.1,60139.4,60082.0,60115.1,296.021
2026-06-26 14:57:00,60115.1,60120.8,60087.7,60096.5,165.522
2026-06-26 15:00:00,60096.5,60102.8,60054.0,60061.1,258.965
2026-06-26 15:03:00,60061.0,60104.3,60027.0,60100.0,314.491
2026-06-26 15:06:00,60100.0,60100.0,60031.3,60070.2,207.704
2026-06-26 15:09:00,60070.1,60091.9,59969.3,60030.0,550.757
2026-06-26 15:12:00,60030.0,60057.0,59918.6,59974.7,562.799
2026-06-26 15:15:00,59974.8,60004.4,59905.0,59923.7,721.538
2026-06-26 15:18:00,59923.7,59923.7,59777.1,59807.8,1326.625
2026-06-26 15:21:00,59807.8,59847.0,59544.7,59630.2,2073.873
2026-06-26 15:24:00,59630.2,59839.7,59600.1,59761.5,1036.378
2026-06-26 15:27:00,59761.5,59761.5,59657.9,59709.3,751.285
2026-06-26 15:30:00,59709.3,59720.0,59625.2,59665.5,696.621
2026-06-26 15:33:00,59665.5,59709.1,59650.0,59705.8,284.754
2026-06-26 15:36:00,59705.8,59777.2,59665.7,59716.7,709.117
2026-06-26 15:39:00,59716.7,59757.4,59652.6,59679.8,302.046
2026-06-26 15:42:00,59679.9,59799.5,59655.4,59717.9,410.578
2026-06-26 15:45:00,59717.9,59834.2,59717.9,59785.1,518.786
2026-06-26 15:48:00,59785.1,59788.6,59703.4,59703.5,398.961
2026-06-26 15:51:00,59703.6,59750.1,59700.0,59745.8,171.47
2026-06-26 15:54:00,59745.9,59772.9,59702.0,59751.6,165.915
2026-06-26 15:57:00,59751.5,59790.9,59688.8,59701.3,406.926
2026-06-26 16:00:00,59701.4,59786.6,59674.9,59750.1,268.597
2026-06-26 16:03:00,59750.1,59787.9,59731.4,59787.6,150.396
2026-06-26 16:06:00,59787.7,59787.7,59572.4,59582.5,367.281
2026-06-26 16:09:00,59582.6,59599.8,59427.4,59528.7,1529.48
2026-06-26 16:12:00,59528.8,59541.7,59490.1,59532.0,322.177
2026-06-26 16:15:00,59532.1,59547.0,59341.4,59355.7,1084.01
2026-06-26 16:18:00,59355.8,59450.0,59328.0,59421.2,1158.734
2026-06-26 16:21:00,59421.3,59433.4,59300.4,59350.1,578.606
2026-06-26 16:24:00,59350.0,59409.0,59327.4,59368.4,524.204
2026-06-26 16:27:00,59368.5,59371.0,59210.4,59290.0,696.049
2026-06-26 16:30:00,59290.0,59383.3,59233.1,59361.6,699.002
2026-06-26 16:33:00,59361.6,59569.0,59357.7,59519.9,971.612
2026-06-26 16:36:00,59520.0,59551.1,59450.1,59469.2,435.67
2026-06-26 16:39:00,59469.2,59486.4,59370.6,59466.3,292.112
2026-06-26 16:42:00,59466.2,59479.5,59443.3,59465.8,238.842
2026-06-26 16:45:00,59465.8,59474.9,59344.3,59354.3,303.383
2026-06-26 16:48:00,59354.2,59446.3,59340.0,59394.8,460.392
2026-06-26 16:51:00,59394.8,59478.8,59379.5,59478.8,160.72
2026-06-26 16:54:00,59478.8,59478.8,59426.4,59448.3,132.169
2026-06-26 16:57:00,59448.3,59459.6,59356.6,59393.6,209.517
2026-06-26 17:00:00,59393.6,59458.7,59391.7,59407.0,151.235
2026-06-26 17:03:00,59407.0,59478.8,59396.0,59478.8,240.636
2026-06-26 17:06:00,59478.8,59515.3,59425.2,59466.8,326.222
2026-06-26 17:09:00,59466.7,59475.0,59369.6,59423.6,298.893
2026-06-26 17:12:00,59423.6,59489.7,59361.1,59419.2,308.098
2026-06-26 17:15:00,59419.2,59419.2,59367.6,59390.0,165.776
2026-06-26 17:18:00,59390.0,59431.6,59328.5,59356.2,328.281
2026-06-26 17:21:00,59356.3,59395.5,59262.5,59279.2,441.87
2026-06-26 17:24:00,59279.2,59387.8,59252.6,59334.1,418.136
2026-06-26 17:27:00,59334.2,59428.0,59327.7,59392.4,216.326
2026-06-26 17:30:00,59392.4,59456.7,59350.0,59350.0,381.284
2026-06-26 17:33:00,59350.1,59494.3,59321.0,59486.4,510.604
2026-06-26 17:36:00,59486.4,59486.4,59416.0,59450.8,279.256
2026-06-26 17:39:00,59450.8,59450.8,59356.5,59402.1,233.295
2026-06-26 17:42:00,59402.1,59489.2,59392.8,59436.7,478.645
2026-06-26 17:45:00,59436.7,59592.9,59425.5,59587.6,822.116
2026-06-26 17:48:00,59587.6,59625.1,59502.8,59504.1,908.38
2026-06-26 17:51:00,59504.1,59565.6,59484.8,59530.7,410.791
2026-06-26 17:54:00,59530.7,59688.6,59530.6,59649.0,1037.135
2026-06-26 17:57:00,59649.0,59714.3,59616.3,59709.9,761.374
2026-06-26 18:00:00,59710.0,59766.9,59635.5,59765.5,1007.834
2026-06-26 18:03:00,59765.5,59998.4,59721.0,59733.7,2286.697
2026-06-26 18:06:00,59733.8,59737.1,59392.2,59444.1,1807.265
2026-06-26 18:09:00,59444.2,59444.4,59111.0,59198.7,2973.491
2026-06-26 18:12:00,59198.8,59217.6,58940.0,59118.9,3602.958
2026-06-26 18:15:00,59118.8,59577.8,59041.1,59346.8,3530.933
2026-06-26 18:18:00,59346.8,59380.4,59181.0,59375.3,1291.824
2026-06-26 18:21:00,59372.3,59389.8,59244.2,59332.9,532.729
2026-06-26 18:24:00,59333.0,59345.9,59203.8,59239.6,379.981
2026-06-26 18:27:00,59239.7,59286.9,59155.0,59167.6,734.972
2026-06-26 18:30:00,59167.6,59227.4,59129.5,59151.7,532.851
2026-06-26 18:33:00,59151.8,59243.0,59105.2,59165.6,595.225
2026-06-26 18:36:00,59165.7,59174.5,59060.0,59122.3,898.589
2026-06-26 18:39:00,59122.4,59130.0,58924.4,59020.7,1059.971
2026-06-26 18:42:00,59020.7,59261.6,59018.2,59076.0,962.38
2026-06-26 18:45:00,59075.9,59153.9,58982.1,58999.9,573.345
2026-06-26 18:48:00,59000.0,59039.6,58388.0,58932.5,8895.725
2026-06-26 18:51:00,58932.4,59038.7,58739.4,58956.0,1480.338
2026-06-26 18:54:00,58956.0,58957.8,58805.8,58905.5,1107.622
2026-06-26 18:57:00,58905.5,58914.2,58793.8,58887.4,634.278
2026-06-26 19:00:00,58887.3,59142.4,58839.3,59078.3,2855.406
2026-06-26 19:03:00,59078.2,59308.3,58810.0,59109.4,2241.47
2026-06-26 19:06:00,59109.4,59236.7,59007.2,59215.8,1118.695
2026-06-26 19:09:00,59215.8,59241.7,59107.3,59194.3,944.224
2026-06-26 19:12:00,59194.3,59493.2,59187.1,59455.0,1975.461
2026-06-26 19:15:00,59454.9,59511.5,59300.8,59447.9,1348.567
2026-06-26 19:18:00,59447.8,59548.8,59389.6,59546.3,1121.015
2026-06-26 19:21:00,59546.4,59747.1,59499.1,59717.9,1609.122
2026-06-26 19:24:00,59717.9,59968.6,59675.7,59968.5,2412.622
2026-06-26 19:27:00,59968.5,60189.5,59963.1,60153.3,3536.064
2026-06-26 19:30:00,60153.5,60274.2,59853.3,59884.4,2723.766
2026-06-26 19:33:00,59884.5,60037.8,59781.0,59871.3,2204.106
2026-06-26 19:36:00,59871.4,60032.6,59834.9,59972.2,1551.59
2026-06-26 19:39:00,59972.2,60029.9,59890.1,59967.9,1187.064
2026-06-26 19:42:00,59967.9,60061.0,59925.0,59954.8,652.722
2026-06-26 19:45:00,59954.6,60050.0,59888.8,59893.0,796.333
2026-06-26 19:48:00,59892.9,60029.9,59793.1,59959.5,770.917
2026-06-26 19:51:00,59959.5,60050.0,59943.2,59986.7,659.603
2026-06-26 19:54:00,59986.7,60119.9,59935.2,60008.7,631.059
2026-06-26 19:57:00,60008.7,60222.0,60004.4,60032.6,818.546
2026-06-26 20:00:00,60032.5,60048.4,59900.0,59933.7,972.124
2026-06-26 20:03:00,59933.7,59946.0,59780.2,59790.8,969.871
2026-06-26 20:06:00,59790.8,59801.4,59556.7,59650.6,2016.008
2026-06-26 20:09:00,59650.6,59659.6,59520.4,59599.2,886.58
2026-06-26 20:12:00,59599.3,59677.8,59562.0,59578.1,526.482
2026-06-26 20:15:00,59578.1,59696.9,59540.2,59696.9,556.028
2026-06-26 20:18:00,59696.9,59887.0,59687.8,59746.8,952.881
2026-06-26 20:21:00,59746.8,59769.2,59604.4,59604.4,394.726
2026-06-26 20:24:00,59604.4,59604.5,59358.8,59477.5,1274.232
2026-06-26 20:27:00,59477.4,59662.9,59477.4,59568.9,546.442
2026-06-26 20:30:00,59568.9,59679.4,59560.0,59679.0,391.272
2026-06-26 20:33:00,59679.0,59760.0,59581.9,59607.4,472.869
2026-06-26 20:36:00,59607.4,59816.5,59572.2,59743.5,588.676
2026-06-26 20:39:00,59744.0,60083.0,59739.1,59880.5,1426.36
2026-06-26 20:42:00,59880.5,59883.9,59726.4,59802.0,416.823
2026-06-26 20:45:00,59802.1,59940.7,59755.0,59884.1,415.804
2026-06-26 20:48:00,59884.2,59978.6,59853.9,59920.3,468.291
2026-06-26 20:51:00,59920.3,60063.6,59917.7,60058.0,528.063
2026-06-26 20:54:00,60058.1,60350.0,60055.7,60349.9,2200.382
2026-06-26 20:57:00,60350.0,60350.7,60095.8,60163.3,965.631
2026-06-26 21:00:00,60163.3,60261.5,60137.0,60184.9,634.878
2026-06-26 21:03:00,60184.9,60199.9,60116.4,60186.4,871.96
2026-06-26 21:06:00,60186.4,60440.0,60184.8,60390.1,1523.322
2026-06-26 21:09:00,60390.1,60494.1,60350.4,60363.1,1272.281
2026-06-26 21:12:00,60363.1,60478.4,60363.1,60400.1,597.42
2026-06-26 21:15:00,60400.2,60421.0,60249.7,60295.5,780.888
2026-06-26 21:18:00,60295.8,60395.7,60266.0,60383.7,514.353
2026-06-26 21:21:00,60383.7,60395.8,60116.4,60171.0,1410.609
2026-06-26 21:24:00,60170.9,60300.0,60134.3,60299.9,539.949
2026-06-26 21:27:00,60300.0,60325.3,60260.0,60296.6,379.764
2026-06-26 21:30:00,60296.9,60580.0,60296.9,60432.7,1595.786
2026-06-26 21:33:00,60432.7,60477.0,60351.6,60368.9,664.998
2026-06-26 21:36:00,60368.8,60423.0,60235.1,60239.4,548.786
2026-06-26 21:39:00,60239.4,60250.0,60139.6,60168.5,890.579
2026-06-26 21:42:00,60168.5,60187.3,60125.4,60154.5,534.143
2026-06-26 21:45:00,60154.5,60260.0,60149.9,60172.6,557.682
2026-06-26 21:48:00,60172.5,60178.2,59941.2,59965.6,1052.321
2026-06-26 21:51:00,59973.5,60060.2,59933.1,60001.8,1158.624
2026-06-26 21:54:00,60001.8,60078.3,59983.1,60019.1,471.671
2026-06-26 21:57:00,60019.2,60081.9,60009.0,60024.6,275.119
2026-06-26 22:00:00,60024.6,60166.2,60024.5,60113.9,599.832
2026-06-26 22:03:00,60114.0,60368.4,60095.4,60300.9,1579.373
2026-06-26 22:06:00,60301.0,60301.0,60166.9,60166.9,663.157
2026-06-26 22:09:00,60166.9,60253.4,60128.8,60142.4,310.698
2026-06-26 22:12:00,60142.4,60200.0,60014.7,60040.2,395.225
2026-06-26 22:15:00,60040.1,60107.5,60019.8,60072.1,430.088
2026-06-26 22:18:00,60072.0,60170.0,60054.9,60105.6,540.667
2026-06-26 22:21:00,60105.5,60144.2,59983.5,60053.9,449.449
2026-06-26 22:24:00,60054.0,60111.6,60000.1,60006.5,174.655
2026-06-26 22:27:00,60006.5,60079.1,60006.5,60017.8,136.642
2026-06-26 22:30:00,60017.8,60089.7,59978.5,60089.7,292.132
2026-06-26 22:33:00,60089.6,60168.2,60075.1,60139.9,326.637
2026-06-26 22:36:00,60139.9,60156.5,60084.7,60156.5,130.462
2026-06-26 22:39:00,60156.4,60276.5,60143.6,60188.5,601.461
2026-06-26 22:42:00,60188.4,60240.0,60160.1,60190.0,162.077
2026-06-26 22:45:00,60190.0,60198.2,60042.6,60050.7,221.311
2026-06-26 22:48:00,60050.8,60131.7,60008.7,60084.5,516.241
2026-06-26 22:51:00,60084.5,60200.2,60033.1,60098.7,579.135
2026-06-26 22:54:00,60098.6,60132.7,60066.3,60120.7,190.889
2026-06-26 22:57:00,60120.6,60229.9,60117.1,60157.0,170.896
2026-06-26 23:00:00,60157.1,60194.6,60121.3,60159.2,167.556
2026-06-26 23:03:00,60159.1,60180.0,59994.2,60004.2,533.206
2026-06-26 23:06:00,60004.3,60022.3,59930.5,59955.7,639.291
2026-06-26 23:09:00,59955.8,60000.0,59921.4,59970.9,264.793
2026-06-26 23:12:00,59971.0,60105.8,59951.0,60043.2,607.398
2026-06-26 23:15:00,60043.2,60091.6,60012.0,60055.6,228.751
2026-06-26 23:18:00,60055.6,60082.0,59966.0,59977.2,187.817
2026-06-26 23:21:00,59977.2,60028.5,59951.3,59960.3,244.652
2026-06-26 23:24:00,59960.4,60034.5,59940.3,59964.3,264.952
2026-06-26 23:27:00,59964.4,60073.2,59930.0,60000.0,619.897
2026-06-26 23:30:00,60000.0,60064.1,59994.0,60011.9,181.155
2026-06-26 23:33:00,60011.8,60114.1,59988.9,60094.1,175.65
2026-06-26 23:36:00,60094.3,60140.7,60048.5,60083.9,261.936
2026-06-26 23:39:00,60083.8,60134.3,60039.8,60134.3,144.14
2026-06-26 23:42:00,60134.3,60134.8,60051.8,60067.0,117.357
2026-06-26 23:45:00,60067.0,60091.6,59982.5,59989.9,150.583
2026-06-26 23:48:00,59989.8,60036.2,59955.5,60025.8,192.013
2026-06-26 23:51:00,60025.8,60062.9,60006.4,60014.2,110.766
2026-06-26 23:54:00,60014.1,60029.8,59943.8,59948.5,250.868
2026-06-26 23:57:00,59948.4,59951.5,59769.6,59807.6,992.818
2026-06-27 00:00:00,59807.7,59826.5,59741.5,59810.9,529.86
2026-06-27 00:03:00,59810.9,59864.0,59792.1,59801.5,329.227
2026-06-27 00:06:00,59801.6,59820.8,59738.0,59746.3,230.009
2026-06-27 00:09:00,59746.2,59781.9,59740.1,59747.9,202.64
2026-06-27 00:12:00,59747.8,59770.7,59717.9,59755.0,228.067
2026-06-27 00:15:00,59755.1,59755.2,59622.4,59658.0,372.95
2026-06-27 00:18:00,59658.0,59676.6,59612.6,59625.3,380.051
2026-06-27 00:21:00,59625.3,59657.4,59601.8,59616.4,186.241
2026-06-27 00:24:00,59616.5,59643.7,59601.7,59605.8,159.853
2026-06-27 00:27:00,59605.7,59668.3,59530.7,59648.9,578.344
2026-06-27 00:30:00,59648.9,59705.5,59586.3,59689.3,369.064
2026-06-27 00:33:00,59689.2,59700.0,59650.5,59668.4,309.527
2026-06-27 00:36:00,59668.5,59863.2,59667.6,59818.8,761.627
2026-06-27 00:39:00,59818.9,60077.8,59817.1,59986.3,1224.809
2026-06-27 00:42:00,59986.3,60035.1,59950.0,60002.1,238.902
2026-06-27 00:45:00,60002.1,60002.1,59928.2,59944.0,188.927
2026-06-27 00:48:00,59944.0,59980.2,59894.1,59898.2,134.717
2026-06-27 00:51:00,59898.2,59965.8,59850.0,59859.1,230.749
2026-06-27 00:54:00,59859.1,59933.1,59859.1,59918.3,110.618
2026-06-27 00:57:00,59918.4,59947.2,59890.6,59914.5,123.757
2026-06-27 01:00:00,59914.6,60029.0,59887.2,60016.4,246.989
2026-06-27 01:03:00,60016.5,60073.0,59957.1,59984.4,304.148
2026-06-27 01:06:00,59984.4,59984.4,59856.4,59870.2,310.168
2026-06-27 01:09:00,59870.2,59961.2,59855.0,59896.4,337.22
2026-06-27 01:12:00,59896.5,59930.9,59857.6,59857.6,274.408
2026-06-27 01:15:00,59857.7,59905.3,59850.0,59851.8,308.656
2026-06-27 01:18:00,59851.8,59888.8,59820.3,59888.8,398.652
2026-06-27 01:21:00,59888.8,59905.6,59840.6,59861.3,151.097
2026-06-27 01:24:00,59861.2,59869.2,59778.5,59822.7,559.545
2026-06-27 01:27:00,59822.6,59870.2,59710.0,59719.7,522.479
2026-06-27 01:30:00,59719.9,59970.0,59716.8,59857.3,1082.171
2026-06-27 01:33:00,59857.6,59880.1,59727.3,59727.6,272.44
2026-06-27 01:36:00,59727.6,59797.8,59709.9,59784.1,203.788
2026-06-27 01:39:00,59784.1,59784.2,59662.1,59686.1,235.712
2026-06-27 01:42:00,59686.0,59714.8,59658.0,59702.2,159.388
2026-06-27 01:45:00,59702.2,59791.0,59702.2,59726.9,181.097
2026-06-27 01:48:00,59727.0,59782.3,59726.9,59765.5,106.932
2026-06-27 01:51:00,59765.5,59765.6,59669.3,59699.4,200.464
2026-06-27 01:54:00,59699.5,59767.4,59699.4,59712.6,203.311
2026-06-27 01:57:00,59712.6,59770.8,59710.2,59755.6,91.104
2026-06-27 02:00:00,59755.6,59762.3,59588.0,59610.9,373.144
2026-06-27 02:03:00,59611.0,59655.4,59582.2,59618.5,281.607
2026-06-27 02:06:00,59618.5,59662.1,59556.0,59658.9,421.552
2026-06-27 02:09:00,59658.9,59697.2,59615.6,59615.7,166.671
2026-06-27 02:12:00,59615.6,59640.3,59594.9,59627.1,114.819
2026-06-27 02:15:00,59627.1,59685.3,59616.3,59663.0,95.042
2026-06-27 02:18:00,59662.9,59776.9,59656.0,59767.8,274.287
2026-06-27 02:21:00,59767.9,59779.6,59718.1,59725.4,157.804
2026-06-27 02:24:00,59725.4,59754.3,59700.0,59720.7,92.199
2026-06-27 02:27:00,59720.7,59725.7,59651.5,59694.7,147.629
2026-06-27 02:30:00,59694.7,59714.6,59670.5,59695.8,74.457
2026-06-27 02:33:00,59695.8,59695.9,59649.2,59669.0,78.151
2026-06-27 02:36:00,59669.0,59715.5,59665.5,59715.4,74.848
2026-06-27 02:39:00,59715.5,59746.7,59696.3,59701.1,117.186
2026-06-27 02:42:00,59701.1,59739.1,59687.4,59737.8,50.611
2026-06-27 02:45:00,59737.7,59737.8,59680.0,59680.1,84.225
2026-06-27 02:48:00,59680.1,59702.9,59658.6,59699.5,82.356
2026-06-27 02:51:00,59699.6,59813.7,59699.6,59799.2,214.129
2026-06-27 02:54:00,59799.0,59799.0,59760.4,59778.0,121.894
2026-06-27 02:57:00,59778.1,59868.1,59759.5,59851.1,185.731
2026-06-27 03:00:00,59851.2,59942.1,59835.1,59906.0,220.623
2026-06-27 03:03:00,59906.0,59906.1,59860.4,59864.0,124.428
2026-06-27 03:06:00,59863.9,59889.7,59846.6,59879.6,124.709
2026-06-27 03:09:00,59879.7,59967.0,59865.5,59931.5,135.277
2026-06-27 03:12:00,59931.4,60028.0,59931.4,59999.9,348.24
2026-06-27 03:15:00,59999.9,60020.0,59922.1,59922.1,193.736
2026-06-27 03:18:00,59922.1,59937.9,59893.1,59917.1,159.136
2026-06-27 03:21:00,59917.2,59944.0,59906.0,59944.0,102.505
2026-06-27 03:24:00,59943.9,59971.4,59893.5,59935.1,64.103
2026-06-27 03:27:00,59935.1,59957.2,59887.6,59887.6,108.637
2026-06-27 03:30:00,59887.6,59923.8,59874.8,59882.9,111.066
2026-06-27 03:33:00,59883.0,59887.0,59717.1,59799.8,311.969
2026-06-27 03:36:00,59799.9,59849.7,59780.1,59845.8,108.803
2026-06-27 03:39:00,59845.7,59927.9,59832.2,59884.8,171.129
2026-06-27 03:42:00,59884.8,59894.0,59829.9,59881.8,140.239
2026-06-27 03:45:00,59881.7,59937.9,59879.1,59920.7,146.943
2026-06-27 03:48:00,59920.6,59955.6,59913.1,59916.8,91.055
2026-06-27 03:51:00,59916.8,59920.6,59889.0,59911.2,111.61
2026-06-27 03:54:00,59911.2,59940.0,59897.4,59907.6,168.82
2026-06-27 03:57:00,59907.6,59907.6,59861.5,59861.5,81.421
2026-06-27 04:00:00,59861.5,59879.3,59834.2,59879.1,110.144
2026-06-27 04:03:00,59879.2,59904.3,59850.9,59870.3,314.924
2026-06-27 04:06:00,59870.3,59927.1,59850.0,59914.1,220.045
2026-06-27 04:09:00,59914.2,59926.0,59901.3,59914.8,111.59
2026-06-27 04:12:00,59914.9,59956.0,59906.7,59934.2,129.876
2026-06-27 04:15:00,59934.2,59947.2,59892.3,59931.8,182.955
2026-06-27 04:18:00,59931.9,59996.8,59931.8,59996.8,82.917
2026-06-27 04:21:00,59996.8,60017.4,59956.3,59962.6,150.472
2026-06-27 04:24:00,59962.8,60046.8,59962.8,60044.2,172.806
2026-06-27 04:27:00,60044.2,60051.0,60007.5,60007.5,169.892
2026-06-27 04:30:00,60007.6,60029.6,59983.8,59983.8,127.227
2026-06-27 04:33:00,59983.9,60090.8,59983.8,60060.0,693.794
2026-06-27 04:36:00,60060.0,60064.1,60044.6,60050.0,111.578
2026-06-27 04:39:00,60049.9,60060.4,60023.6,60044.6,145.623
2026-06-27 04:42:00,60044.6,60060.0,60023.6,60052.8,121.388
2026-06-27 04:45:00,60053.3,60055.8,59966.9,59979.6,187.37
2026-06-27 04:48:00,59979.5,60006.3,59950.1,60001.2,331.58
2026-06-27 04:51:00,60001.3,60002.0,59976.4,59988.9,95.703
2026-06-27 04:54:00,59988.9,60043.5,59988.8,59995.1,208.353
2026-06-27 04:57:00,59995.1,59997.6,59942.9,59943.0,105.145
2026-06-27 05:00:00,59942.9,59970.1,59871.9,59949.4,419.69
2026-06-27 05:03:00,59949.5,59976.0,59949.4,59962.5,70.329
2026-06-27 05:06:00,59962.5,59997.7,59957.1,59985.6,109.411
2026-06-27 05:09:00,59985.6,60023.0,59985.5,60006.1,62.496
2026-06-27 05:12:00,60006.1,60064.3,60006.0,60034.5,164.165
2026-06-27 05:15:00,60034.5,60067.4,60034.5,60049.7,76.249
2026-06-27 05:18:00,60049.7,60058.5,60045.6,60045.6,80.5
2026-06-27 05:21:00,60045.7,60054.5,60025.0,60027.6,72.223
2026-06-27 05:24:00,60027.5,60068.3,60027.5,60049.5,102.551
2026-06-27 05:27:00,60049.4,60087.7,60046.5,60072.0,169.021
2026-06-27 05:30:00,60071.9,60099.9,60058.6,60069.3,235.766
2026-06-27 05:33:00,60069.3,60088.0,60035.6,60072.1,84.164
2026-06-27 05:36:00,60072.1,60100.0,60072.0,60100.0,441.279
2026-06-27 05:39:00,60100.0,60167.3,60064.3,60129.1,924.135
2026-06-27 05:42:00,60129.2,60129.2,60080.9,60084.6,166.23
2026-06-27 05:45:00,60084.6,60099.6,60041.8,60069.0,122.072
2026-06-27 05:48:00,60069.0,60075.4,60020.0,60020.0,73.579
2026-06-27 05:51:00,60020.0,60027.0,59999.4,60023.2,173.565
2026-06-27 05:54:00,60023.2,60029.6,60001.6,60012.8,73.824
2026-06-27 05:57:00,60012.8,60037.2,60006.3,60018.9,75.064
2026-06-27 06:00:00,60018.9,60019.9,59875.1,59900.1,431.386
2026-06-27 06:03:00,59900.1,59900.1,59846.2,59887.6,200.094
2026-06-27 06:06:00,59887.6,59914.5,59883.6,59914.5,114.376
2026-06-27 06:09:00,59914.6,59981.9,59914.6,59947.8,113.197
2026-06-27 06:12:00,59947.8,59953.6,59904.6,59949.1,61.139
2026-06-27 06:15:00,59949.0,59949.1,59923.2,59935.6,45.504
2026-06-27 06:18:00,59935.5,60031.8,59932.0,60015.6,98.677
2026-06-27 06:21:00,60015.6,60043.1,60011.3,60019.2,59.407
2026-06-27 06:24:00,60019.2,60048.0,60015.2,60015.7,59.114
2026-06-27 06:27:00,60015.6,60034.9,60013.7,60033.4,54.029
2026-06-27 06:30:00,60033.4,60046.9,59995.7,59999.7,68.129
2026-06-27 06:33:00,59999.5,59999.5,59940.0,59960.9,88.664
2026-06-27 06:36:00,59961.0,59966.8,59946.0,59963.4,32.656
2026-06-27 06:39:00,59963.4,59963.7,59937.2,59951.0,51.843
2026-06-27 06:42:00,59951.1,59969.2,59941.1,59945.4,69.527
2026-06-27 06:45:00,59945.4,59967.0,59911.3,59961.6,55.114
2026-06-27 06:48:00,59961.6,59980.5,59958.9,59967.0,47.441
2026-06-27 06:51:00,59967.1,59974.8,59944.5,59971.9,43.726
2026-06-27 06:54:00,59971.9,59989.9,59971.2,59973.7,33.581
2026-06-27 06:57:00,59973.9,59975.1,59950.0,59974.1,39.966
2026-06-27 07:00:00,59974.1,59974.1,59904.8,59909.8,80.648
2026-06-27 07:03:00,59909.7,59981.1,59909.7,59970.0,75.01
2026-06-27 07:06:00,59970.0,59970.0,59924.0,59931.5,49.235
2026-06-27 07:09:00,59931.5,59952.7,59927.5,59946.0,40.544
2026-06-27 07:12:00,59945.9,59963.1,59945.9,59946.0,31.246
2026-06-27 07:15:00,59946.1,59960.6,59946.0,59957.4,18.189
2026-06-27 07:18:00,59957.5,59972.0,59940.0,59962.9,35.16
2026-06-27 07:21:00,59962.9,59962.9,59923.2,59927.1,36.848
2026-06-27 07:24:00,59927.1,59933.5,59909.6,59926.7,61.048
2026-06-27 07:27:00,59926.6,59954.3,59919.1,59919.1,55.056
2026-06-27 07:30:00,59919.0,59927.3,59888.7,59913.0,98.801
2026-06-27 07:33:00,59913.0,59968.2,59913.0,59965.0,69.351
2026-06-27 07:36:00,59965.1,59972.8,59950.0,59963.2,51.206
2026-06-27 07:39:00,59963.2,60017.6,59963.1,60017.5,83.369
2026-06-27 07:42:00,60017.6,60100.0,60017.5,60090.0,186.954
2026-06-27 07:45:00,60090.1,60163.9,60046.5,60069.9,361.379
2026-06-27 07:48:00,60069.9,60246.1,60060.1,60230.4,366.013
2026-06-27 07:51:00,60230.3,60287.0,60208.8,60247.3,456.045
2026-06-27 07:54:00,60247.3,60331.3,60240.0,60326.9,672.326
2026-06-27 07:57:00,60326.9,60349.0,60264.1,60275.4,410.078
2026-06-27 08:00:00,60275.5,60275.5,60168.3,60234.6,321.531
2026-06-27 08:03:00,60234.5,60297.1,60226.2,60260.1,207.767
2026-06-27 08:06:00,60260.2,60260.2,60202.3,60242.3,172.244
2026-06-27 08:09:00,60242.3,60295.7,60242.3,60287.9,222.282
2026-06-27 08:12:00,60288.0,60288.0,60260.5,60260.5,141.825
2026-06-27 08:15:00,60260.5,60330.1,60260.5,60312.3,374.06
2026-06-27 08:18:00,60312.3,60312.4,60240.0,60291.0,131.318
2026-06-27 08:21:00,60291.1,60322.9,60279.4,60316.3,78.332
2026-06-27 08:24:00,60316.4,60333.0,60272.5,60277.9,483.808
2026-06-27 08:27:00,60277.8,60288.0,60254.0,60256.6,90.543
2026-06-27 08:30:00,60256.6,60387.8,60208.2,60333.5,370.085
2026-06-27 08:33:00,60333.5,60341.2,60223.1,60239.4,161.481
2026-06-27 08:36:00,60239.5,60239.5,60155.0,60175.9,173.957
2026-06-27 08:39:00,60175.9,60188.0,60165.5,60176.7,88.609
2026-06-27 08:42:00,60176.9,60200.4,60134.8,60144.1,213.721
2026-06-27 08:45:00,60144.0,60227.4,60134.5,60224.9,88.249
2026-06-27 08:48:00,60224.9,60245.3,60212.2,60237.0,98.012
2026-06-27 08:51:00,60237.0,60287.6,60232.4,60287.5,118.208
2026-06-27 08:54:00,60287.4,60325.9,60264.3,60266.0,83.233
2026-06-27 08:57:00,60265.9,60302.3,60265.9,60283.1,89.795
2026-06-27 09:00:00,60283.2,60308.6,60254.1,60277.9,98.955
2026-06-27 09:03:00,60277.9,60333.0,60268.4,60330.1,181.262
2026-06-27 09:06:00,60330.2,60366.0,60300.0,60327.6,695.848
2026-06-27 09:09:00,60327.5,60327.5,60274.0,60294.7,66.208
2026-06-27 09:12:00,60294.6,60297.2,60282.8,60282.8,50.77
2026-06-27 09:15:00,60282.8,60330.6,60274.0,60330.6,95.972
2026-06-27 09:18:00,60330.6,60333.0,60284.7,60284.7,66.625
2026-06-27 09:21:00,60284.7,60284.8,60253.2,60256.1,129.368
2026-06-27 09:24:00,60256.2,60283.5,60231.2,60271.2,84.716
2026-06-27 09:27:00,60271.3,60298.0,60243.9,60274.7,308.974
2026-06-27 09:30:00,60274.8,60336.7,60274.7,60322.9,134.276
2026-06-27 09:33:00,60322.8,60443.0,60315.0,60379.3,717.294
2026-06-27 09:36:00,60379.2,60414.5,60349.4,60389.7,384.774
2026-06-27 09:39:00,60389.8,60389.8,60341.2,60368.2,105.798
2026-06-27 09:42:00,60368.3,60416.4,60368.2,60381.1,94.153
2026-06-27 09:45:00,60381.1,60394.5,60350.0,60363.1,72.498
2026-06-27 09:48:00,60363.1,60414.6,60363.0,60386.9,123.688
2026-06-27 09:51:00,60387.0,60387.0,60363.3,60379.9,53.725
2026-06-27 09:54:00,60379.9,60472.2,60379.9,60427.6,464.671
2026-06-27 09:57:00,60427.7,60427.7,60363.1,60366.1,121.938
2026-06-27 10:00:00,60366.1,60371.9,60351.0,60361.3,64.416
2026-06-27 10:03:00,60361.2,60419.7,60361.2,60369.3,128.069
2026-06-27 10:06:00,60369.2,60369.9,60323.2,60341.2,82.43
2026-06-27 10:09:00,60341.2,60366.9,60341.2,60350.1,54.079
2026-06-27 10:12:00,60350.0,60354.1,60339.2,60347.8,65.936
2026-06-27 10:15:00,60347.9,60350.0,60310.0,60323.9,120.808
2026-06-27 10:18:00,60323.9,60336.8,60290.4,60290.9,94.032
2026-06-27 10:21:00,60291.0,60293.6,60264.0,60268.6,177.684
2026-06-27 10:24:00,60268.7,60268.7,60217.9,60237.6,225.422
2026-06-27 10:27:00,60237.6,60237.6,60189.4,60215.9,148.267
2026-06-27 10:30:00,60215.9,60239.6,60213.9,60229.1,128.226
2026-06-27 10:33:00,60229.2,60229.2,60167.1,60209.2,126.224
2026-06-27 10:36:00,60209.3,60229.0,60195.0,60228.9,105.454
2026-06-27 10:39:00,60229.0,60268.7,60228.9,60254.7,88.825
2026-06-27 10:42:00,60254.8,60286.0,60254.7,60276.9,65.201
2026-06-27 10:45:00,60276.9,60276.9,60201.0,60233.7,96.196
2026-06-27 10:48:00,60233.7,60245.5,60225.8,60243.9,42.45
2026-06-27 10:51:00,60243.8,60259.9,60224.6,60233.3,61.959
2026-06-27 10:54:00,60233.1,60243.2,60222.1,60229.6,25.624
2026-06-27 10:57:00,60229.6,60251.8,60132.7,60132.8,220.061
2026-06-27 11:00:00,60132.8,60172.2,60101.9,60172.2,222.186
2026-06-27 11:03:00,60172.2,60206.7,60147.4,60176.6,106.198
2026-06-27 11:06:00,60176.5,60200.0,60170.4,60181.9,82.472
2026-06-27 11:09:00,60181.9,60203.8,60167.5,60191.1,94.006
2026-06-27 11:12:00,60191.1,60205.9,60173.1,60198.8,109.378
2026-06-27 11:15:00,60198.8,60247.6,60192.0,60247.6,93.824
2026-06-27 11:18:00,60247.6,60247.6,60203.5,60235.0,81.275
2026-06-27 11:21:00,60234.9,60245.0,60215.9,60215.9,67.353
2026-06-27 11:24:00,60216.0,60231.3,60208.9,60222.6,69.906
2026-06-27 11:27:00,60222.6,60238.1,60203.4,60208.3,58.714
2026-06-27 11:30:00,60208.4,60214.7,60128.9,60129.0,133.484
2026-06-27 11:33:00,60128.9,60174.6,60128.9,60174.6,59.69
2026-06-27 11:36:00,60174.6,60178.5,60155.5,60164.3,54.005
2026-06-27 11:39:00,60164.4,60173.8,60086.8,60092.8,224.83
2026-06-27 11:42:00,60092.8,60121.0,60083.7,60121.0,130.465
2026-06-27 11:45:00,60121.0,60138.0,60074.5,60133.6,153.036
2026-06-27 11:48:00,60133.7,60175.2,60133.6,60169.5,195.367
2026-06-27 11:51:00,60169.5,60176.2,60160.0,60176.2,45.389
2026-06-27 11:54:00,60176.1,60194.7,60169.0,60178.1,89.405
2026-06-27 11:57:00,60178.2,60205.0,60178.1,60178.8,115.972
2026-06-27 12:00:00,60178.8,60336.3,60178.8,60309.7,314.706
2026-06-27 12:03:00,60309.7,60327.3,60241.6,60265.8,203.532
2026-06-27 12:06:00,60265.9,60287.6,60258.3,60260.5,94.513
2026-06-27 12:09:00,60260.6,60420.0,60252.7,60392.3,703.239
2026-06-27 12:12:00,60392.3,60392.3,60351.6,60383.0,163.722
2026-06-27 12:15:00,60383.0,60470.0,60382.9,60438.1,441.801
2026-06-27 12:18:00,60438.1,60492.2,60380.4,60384.5,479.611
2026-06-27 12:21:00,60384.5,60384.6,60321.7,60340.0,548.718
2026-06-27 12:24:00,60340.0,60348.2,60329.0,60343.1,58.372
2026-06-27 12:27:00,60343.1,60346.9,60331.1,60345.3,61.304
2026-06-27 12:30:00,60345.2,60369.2,60313.1,60313.3,93.518
2026-06-27 12:33:00,60313.3,60322.9,60300.0,60319.4,112.742
2026-06-27 12:36:00,60319.3,60333.0,60285.4,60297.5,277.988
2026-06-27 12:39:00,60297.6,60298.4,60266.0,60269.0,83.624
2026-06-27 12:42:00,60269.0,60294.8,60269.0,60293.8,40.118
2026-06-27 12:45:00,60293.8,60329.9,60282.7,60291.0,96.866
2026-06-27 12:48:00,60291.0,60350.9,60283.3,60335.9,81.096
2026-06-27 12:51:00,60335.8,60414.5,60328.8,60414.5,178.984
2026-06-27 12:54:00,60414.5,60424.6,60367.5,60378.3,90.626
2026-06-27 12:57:00,60378.2,60405.0,60374.5,60400.1,98.951
2026-06-27 13:00:00,60400.1,60410.7,60354.1,60373.2,123.999
2026-06-27 13:03:00,60373.2,60420.0,60373.2,60403.8,118.726
2026-06-27 13:06:00,60403.7,60412.2,60376.1,60409.0,144.967
2026-06-27 13:09:00,60408.9,60425.0,60390.0,60402.9,140.158
2026-06-27 13:12:00,60402.8,60440.5,60402.8,60417.9,226.294
2026-06-27 13:15:00,60417.8,60483.3,60417.8,60448.9,337.913
2026-06-27 13:18:00,60449.0,60492.3,60448.9,60492.2,92.583
2026-06-27 13:21:00,60492.2,60519.5,60454.2,60468.4,442.309
2026-06-27 13:24:00,60468.4,60557.8,60464.0,60530.5,369.643
2026-06-27 13:27:00,60530.5,60530.6,60479.0,60522.3,205.443
2026-06-27 13:30:00,60522.4,60522.5,60435.6,60436.8,256.952
2026-06-27 13:33:00,60436.8,60461.7,60420.6,60438.3,83.642
2026-06-27 13:36:00,60438.3,60516.8,60423.6,60463.0,274.001
2026-06-27 13:39:00,60463.0,60491.4,60450.0,60463.7,161.38
2026-06-27 13:42:00,60463.6,60469.6,60450.0,60463.5,73.211
2026-06-27 13:45:00,60463.5,60512.7,60440.1,60440.1,275.222
2026-06-27 13:48:00,60440.1,60451.1,60422.4,60439.6,105.319
2026-06-27 13:51:00,60439.6,60450.0,60430.1,60446.0,60.009
2026-06-27 13:54:00,60446.0,60459.0,60445.9,60447.0,41.886
2026-06-27 13:57:00,60447.0,60447.1,60420.6,60429.1,86.604
2026-06-27 14:00:00,60429.1,60437.4,60421.5,60431.5,63.335
2026-06-27 14:03:00,60431.4,60438.8,60421.1,60438.7,35.149
2026-06-27 14:06:00,60438.7,60438.8,60364.4,60375.0,180.681
2026-06-27 14:09:00,60375.0,60391.0,60360.4,60380.9,185.122
2026-06-27 14:12:00,60380.9,60381.0,60336.2,60351.2,127.807
2026-06-27 14:15:00,60351.1,60389.9,60348.3,60378.8,108.022
2026-06-27 14:18:00,60378.8,60410.5,60378.8,60410.4,78.468
2026-06-27 14:21:00,60410.5,60485.7,60410.4,60453.4,122.063
2026-06-27 14:24:00,60453.5,60500.0,60433.1,60439.9,90.132
2026-06-27 14:27:00,60439.8,60439.9,60425.1,60425.1,45.035
2026-06-27 14:30:00,60425.2,60428.6,60394.2,60401.6,52.754
2026-06-27 14:33:00,60401.7,60439.2,60401.6,60439.2,62.192
2026-06-27 14:36:00,60439.2,60482.9,60435.0,60440.1,280.345
2026-06-27 14:39:00,60440.1,60440.1,60347.4,60347.4,141.752
2026-06-27 14:42:00,60347.5,60362.8,60314.9,60332.1,410.313
2026-06-27 14:45:00,60332.1,60332.2,60261.0,60285.5,349.834
2026-06-27 14:48:00,60285.6,60333.4,60285.5,60333.3,99.485
2026-06-27 14:51:00,60333.3,60333.3,60303.0,60312.6,75.71
2026-06-27 14:54:00,60312.6,60329.8,60305.7,60329.8,80.23
2026-06-27 14:57:00,60329.7,60347.9,60328.3,60342.4,82.169
2026-06-27 15:00:00,60342.4,60400.0,60342.3,60399.9,78.079
2026-06-27 15:03:00,60400.0,60420.2,60380.4,60393.5,108.222
2026-06-27 15:06:00,60393.4,60395.0,60380.4,60389.2,47.396
2026-06-27 15:09:00,60389.2,60398.0,60380.4,60389.3,39.358
2026-06-27 15:12:00,60389.3,60389.3,60372.6,60372.6,30.027
2026-06-27 15:15:00,60372.6,60414.6,60371.7,60391.7,83.988
2026-06-27 15:18:00,60391.7,60404.2,60369.3,60377.2,94.182
2026-06-27 15:21:00,60377.2,60377.4,60359.6,60359.8,32.851
2026-06-27 15:24:00,60359.9,60386.1,60359.8,60386.0,89.89
2026-06-27 15:27:00,60386.1,60414.6,60386.0,60391.2,71.994
2026-06-27 15:30:00,60391.3,60426.0,60391.2,60402.6,40.448
2026-06-27 15:33:00,60402.7,60407.6,60369.3,60407.5,68.269
2026-06-27 15:36:00,60407.6,60411.6,60400.0,60407.6,32.813
2026-06-27 15:39:00,60407.6,60434.2,60395.8,60428.4,49.352
2026-06-27 15:42:00,60428.3,60450.0,60424.4,60449.9,84.285
2026-06-27 15:45:00,60450.0,60450.0,60426.0,60429.0,41.351
2026-06-27 15:48:00,60429.0,60450.0,60418.9,60450.0,32.602
2026-06-27 15:51:00,60449.9,60466.5,60435.6,60466.4,57.623
2026-06-27 15:54:00,60466.4,60466.5,60446.8,60450.0,43.54
2026-06-27 15:57:00,60450.1,60450.1,60414.5,60430.8,56.562
2026-06-27 16:00:00,60430.8,60430.9,60378.0,60387.0,93.643
2026-06-27 16:03:00,60387.0,60403.9,60380.4,60401.5,39.912
2026-06-27 16:06:00,60401.5,60415.6,60394.8,60406.9,66.748
2026-06-27 16:09:00,60406.8,60422.9,60400.8,60416.8,43.234
2026-06-27 16:12:00,60416.9,60416.9,60381.6,60401.7,52.502
2026-06-27 16:15:00,60401.7,60401.7,60372.2,60377.3,47.286
2026-06-27 16:18:00,60377.3,60391.6,60350.0,60352.4,57.046
2026-06-27 16:21:00,60352.3,60359.2,60350.0,60358.9,45.897
2026-06-27 16:24:00,60358.8,60370.0,60356.5,60368.7,39.926
2026-06-27 16:27:00,60368.8,60391.3,60368.7,60390.3,39.702
2026-06-27 16:30:00,60390.3,60407.2,60372.0,60404.7,53.815
2026-06-27 16:33:00,60404.7,60425.4,60347.1,60347.2,79.997
2026-06-27 16:36:00,60347.2,60361.5,60335.6,60347.3,67.848
2026-06-27 16:39:00,60347.3,60369.8,60347.3,60365.3,46.412
2026-06-27 16:42:00,60365.2,60386.3,60365.2,60371.7,30.292
2026-06-27 16:45:00,60371.7,60371.8,60294.9,60311.9,194.147
2026-06-27 16:48:00,60311.8,60311.9,60288.2,60298.9,150.951
2026-06-27 16:51:00,60298.9,60326.1,60298.8,60310.2,216.726
2026-06-27 16:54:00,60310.2,60312.6,60273.3,60273.3,169.194
2026-06-27 16:57:00,60273.4,60273.4,60195.4,60234.5,408.571
2026-06-27 17:00:00,60234.5,60240.0,60228.7,60240.0,150.649
2026-06-27 17:03:00,60240.0,60275.0,60221.0,60249.5,299.348
2026-06-27 17:06:00,60249.5,60269.8,60162.0,60178.9,357.671
2026-06-27 17:09:00,60179.0,60209.9,60175.9,60188.0,160.381
2026-06-27 17:12:00,60188.1,60240.0,60185.4,60240.0,200.673
2026-06-27 17:15:00,60240.0,60391.3,60239.9,60321.9,264.305
2026-06-27 17:18:00,60322.0,60350.6,60286.4,60292.8,98.462
2026-06-27 17:21:00,60292.8,60330.0,60288.0,60322.8,65.726
2026-06-27 17:24:00,60322.8,60345.0,60308.7,60333.2,57.461
2026-06-27 17:27:00,60333.1,60348.9,60331.9,60331.9,49.746
2026-06-27 17:30:00,60331.9,60332.0,60291.2,60291.2,97.206
2026-06-27 17:33:00,60291.0,60315.2,60271.0,60308.8,79.202
2026-06-27 17:36:00,60308.7,60308.8,60282.9,60293.8,39.503
2026-06-27 17:39:00,60293.8,60308.8,60222.6,60243.1,170.323
2026-06-27 17:42:00,60243.2,60265.6,60231.3,60265.6,84.661
2026-06-27 17:45:00,60265.5,60274.0,60260.9,60273.9,38.459
2026-06-27 17:48:00,60273.9,60290.0,60267.9,60281.6,58.323
2026-06-27 17:51:00,60281.5,60320.5,60272.8,60275.6,122.717
2026-06-27 17:54:00,60275.6,60288.0,60272.6,60280.0,63.487
2026-06-27 17:57:00,60280.0,60306.4,60275.0,60306.4,55.73
2026-06-27 18:00:00,60306.4,60359.9,60306.3,60348.7,160.306
2026-06-27 18:03:00,60348.7,60348.7,60309.0,60322.7,83.366
2026-06-27 18:06:00,60322.6,60357.4,60304.6,60304.7,57.724
2026-06-27 18:09:00,60304.7,60304.8,60277.5,60287.0,143.361
2026-06-27 18:12:00,60287.1,60310.9,60273.4,60295.0,97.116
2026-06-27 18:15:00,60295.0,60307.2,60277.3,60295.9,66.809
2026-06-27 18:18:00,60295.9,60321.8,60295.8,60320.4,30.76
2026-06-27 18:21:00,60320.5,60379.4,60316.5,60379.3,79.717
2026-06-27 18:24:00,60379.3,60407.1,60363.5,60373.0,188.415
2026-06-27 18:27:00,60373.1,60394.4,60364.5,60394.0,90.007
2026-06-27 18:30:00,60394.0,60400.0,60384.3,60396.2,64.425
2026-06-27 18:33:00,60396.1,60450.1,60375.2,60386.8,203.084
2026-06-27 18:36:00,60386.7,60386.8,60356.1,60361.2,76.424
2026-06-27 18:39:00,60361.2,60400.0,60361.2,60388.3,67.608
2026-06-27 18:42:00,60388.3,60408.7,60378.0,60405.6,96.17
2026-06-27 18:45:00,60405.7,60405.7,60362.5,60369.5,72.798
2026-06-27 18:48:00,60369.6,60429.3,60369.5,60428.7,78.897
2026-06-27 18:51:00,60428.8,60450.0,60417.0,60426.5,135.305
2026-06-27 18:54:00,60426.5,60466.0,60426.4,60435.7,194.302
2026-06-27 18:57:00,60435.8,60447.3,60418.5,60443.2,93.586
2026-06-27 19:00:00,60443.2,60443.2,60419.9,60420.0,117.841
2026-06-27 19:03:00,60419.9,60438.0,60419.9,60438.0,78.636
2026-06-27 19:06:00,60437.9,60643.1,60437.9,60572.7,1214.817
2026-06-27 19:09:00,60572.7,60631.4,60555.0,60564.6,674.341
2026-06-27 19:12:00,60564.7,60576.2,60545.9,60576.1,232.524
2026-06-27 19:15:00,60576.1,60606.5,60537.3,60585.2,199.457
2026-06-27 19:18:00,60585.2,60585.3,60525.9,60538.1,158.462
2026-06-27 19:21:00,60538.1,60567.5,60526.0,60547.8,158.716
2026-06-27 19:24:00,60547.9,60547.9,60511.6,60536.2,137.264
2026-06-27 19:27:00,60536.2,60579.0,60524.0,60554.6,100.227
2026-06-27 19:30:00,60554.6,60563.7,60480.3,60487.2,231.731
2026-06-27 19:33:00,60487.2,60500.0,60480.0,60480.1,59.086
2026-06-27 19:36:00,60480.0,60556.9,60480.0,60543.0,106.152
2026-06-27 19:39:00,60542.9,60597.0,60542.9,60552.1,125.735
2026-06-27 19:42:00,60552.1,60697.6,60550.6,60645.7,747.412
2026-06-27 19:45:00,60645.7,60645.7,60577.6,60600.7,175.543
2026-06-27 19:48:00,60600.7,60614.0,60581.4,60585.7,108.522
2026-06-27 19:51:00,60585.7,60604.8,60570.2,60594.5,96.673
2026-06-27 19:54:00,60594.6,60620.0,60561.8,60609.1,180.316
2026-06-27 19:57:00,60609.0,60611.7,60570.0,60570.0,72.064
2026-06-27 20:00:00,60570.1,60604.6,60567.1,60600.0,97.87
2026-06-27 20:03:00,60599.9,60600.0,60567.2,60567.2,68.95
2026-06-27 20:06:00,60567.3,60574.5,60500.0,60550.8,392.901
2026-06-27 20:09:00,60550.7,60609.8,60550.7,60601.5,106.621
2026-06-27 20:12:00,60601.6,60639.5,60590.1,60607.3,154.214
2026-06-27 20:15:00,60607.3,60644.0,60600.0,60624.4,277.709
2026-06-27 20:18:00,60624.4,60650.0,60606.0,60606.0,136.343
2026-06-27 20:21:00,60606.1,60606.1,60580.0,60595.7,74.382
2026-06-27 20:24:00,60595.6,60595.7,60580.6,60586.3,54.287
2026-06-27 20:27:00,60586.3,60596.0,60586.2,60588.9,54.989
2026-06-27 20:30:00,60589.0,60596.7,60569.3,60586.1,113.583
2026-06-27 20:33:00,60586.1,60586.1,60541.1,60574.8,114.951
2026-06-27 20:36:00,60574.8,60691.0,60574.7,60651.7,553.628
2026-06-27 20:39:00,60651.7,60905.3,60651.7,60829.8,2596.755
2026-06-27 20:42:00,60829.8,60888.7,60805.7,60851.6,654.254
2026-06-27 20:45:00,60851.7,60854.4,60741.7,60748.7,408.606
2026-06-27 20:48:00,60748.7,60765.8,60703.2,60738.0,432.892
2026-06-27 20:51:00,60738.0,60738.0,60688.0,60713.5,264.395
2026-06-27 20:54:00,60713.6,60759.7,60713.5,60715.9,211.697
2026-06-27 20:57:00,60715.8,60806.1,60695.0,60789.0,294.097
2026-06-27 21:00:00,60789.0,60800.0,60725.6,60750.3,494.598
2026-06-27 21:03:00,60750.3,60797.5,60744.6,60750.0,130.728
2026-06-27 21:06:00,60750.0,60924.7,60750.0,60875.1,634.833
2026-06-27 21:09:00,60875.1,60875.1,60780.0,60780.0,204.215
2026-06-27 21:12:00,60780.0,60781.2,60762.1,60762.2,102.92
2026-06-27 21:15:00,60762.1,60762.2,60722.0,60729.0,151.592
2026-06-27 21:18:00,60728.9,60773.3,60728.9,60749.9,129.95
2026-06-27 21:21:00,60749.9,60755.0,60732.6,60734.6,65.89
2026-06-27 21:24:00,60734.3,60794.5,60734.2,60788.8,109.155
2026-06-27 21:27:00,60788.8,60834.4,60784.2,60817.2,146.213
2026-06-27 21:30:00,60817.3,60850.0,60757.6,60774.3,586.345
2026-06-27 21:33:00,60774.4,60799.3,60760.8,60769.5,68.199
2026-06-27 21:36:00,60769.5,60809.8,60767.0,60771.2,177.879
2026-06-27 21:39:00,60771.3,60780.0,60712.0,60732.8,192.26
2026-06-27 21:42:00,60732.8,60738.2,60723.1,60725.5,67.359
2026-06-27 21:45:00,60725.5,60725.6,60688.8,60707.9,150.603
2026-06-27 21:48:00,60707.9,60710.1,60659.1,60710.1,212.291
2026-06-27 21:51:00,60710.1,60725.4,60679.1,60679.1,123.796
2026-06-27 21:54:00,60679.2,60700.0,60676.7,60676.7,79.897
2026-06-27 21:57:00,60676.7,60699.8,60671.7,60692.9,63.2
2026-06-27 22:00:00,60692.9,60705.0,60648.2,60674.6,162.021
2026-06-27 22:03:00,60674.5,60679.7,60653.2,60653.3,63.732
2026-06-27 22:06:00,60653.2,60725.3,60653.2,60718.0,82.899
2026-06-27 22:09:00,60718.0,60762.6,60718.0,60757.7,129.668
2026-06-27 22:12:00,60757.8,60770.0,60747.7,60770.0,67.002
2026-06-27 22:15:00,60769.9,60772.5,60740.5,60749.7,58.329
2026-06-27 22:18:00,60749.8,60799.2,60749.8,60785.8,114.373
2026-06-27 22:21:00,60785.8,60800.0,60776.8,60792.1,182.583
2026-06-27 22:24:00,60792.1,60795.3,60744.6,60756.5,122.673
2026-06-27 22:27:00,60756.6,60785.0,60750.1,60785.0,73.217
2026-06-27 22:30:00,60784.9,60796.6,60555.0,60555.0,560.227
2026-06-27 22:33:00,60555.0,60600.0,60383.0,60519.4,2755.373
2026-06-27 22:36:00,60519.2,60549.5,60487.8,60530.0,360.448
2026-06-27 22:39:00,60530.0,60550.5,60487.9,60550.4,274.315
2026-06-27 22:42:00,60550.4,60569.8,60530.4,60544.1,154.609
2026-06-27 22:45:00,60544.2,60584.5,60435.2,60542.0,314.364
2026-06-27 22:48:00,60542.0,60595.6,60540.2,60576.4,91.622
2026-06-27 22:51:00,60576.5,60595.6,60542.9,60569.1,91.822
2026-06-27 22:54:00,60569.1,60581.5,60507.6,60511.6,83.787
2026-06-27 22:57:00,60511.6,60577.0,60509.0,60552.2,154.249
2026-06-27 23:00:00,60552.2,60578.2,60474.8,60533.3,258.734
2026-06-27 23:03:00,60533.3,60567.0,60499.8,60561.9,140.211
2026-06-27 23:06:00,60562.0,60617.9,60542.9,60605.6,300.272
2026-06-27 23:09:00,60605.6,60630.0,60567.6,60569.9,149.705
2026-06-27 23:12:00,60569.9,60595.0,60569.9,60572.2,111.885
2026-06-27 23:15:00,60572.1,60572.1,60528.4,60538.6,77.333
2026-06-27 23:18:00,60538.5,60590.0,60516.0,60558.0,171.921
2026-06-27 23:21:00,60558.0,60599.2,60557.9,60585.1,69.671
2026-06-27 23:24:00,60585.2,60589.6,60553.2,60553.2,40.493
2026-06-27 23:27:00,60553.2,60553.2,60492.3,60495.6,274.846
2026-06-27 23:30:00,60495.6,60500.0,60423.2,60434.2,350.181
2026-06-27 23:33:00,60434.2,60475.4,60420.2,60450.3,223.774
2026-06-27 23:36:00,60450.4,60494.8,60425.9,60494.7,78.91
2026-06-27 23:39:00,60494.8,60539.9,60487.6,60514.9,87.663
2026-06-27 23:42:00,60514.9,60516.7,60494.5,60494.5,41.254
2026-06-27 23:45:00,60494.5,60535.8,60494.5,60516.3,87.168
2026-06-27 23:48:00,60516.4,60516.4,60478.7,60485.7,52.834
2026-06-27 23:51:00,60485.6,60485.7,60432.1,60469.5,115.299
2026-06-27 23:54:00,60469.6,60478.5,60454.2,60469.1,49.846
2026-06-27 23:57:00,60469.1,60487.9,60451.2,60487.9,124.447
2026-06-28 00:00:00,60487.8,60514.0,60472.1,60513.4,58.857
2026-06-28 00:03:00,60513.3,60538.1,60502.8,60538.0,43.404
2026-06-28 00:06:00,60538.1,60541.6,60511.7,60529.1,59.301
2026-06-28 00:09:00,60529.0,60529.1,60521.1,60521.1,21.658
2026-06-28 00:12:00,60521.2,60541.5,60521.1,60538.4,32.549
2026-06-28 00:15:00,60538.5,60538.5,60513.2,60518.5,74.351
2026-06-28 00:18:00,60518.6,60518.6,60488.4,60506.9,38.725
2026-06-28 00:21:00,60506.8,60506.9,60495.4,60500.2,18.198
2026-06-28 00:24:00,60500.3,60547.3,60500.2,60526.4,63.974
2026-06-28 00:27:00,60526.3,60542.9,60514.8,60537.8,40.563
2026-06-28 00:30:00,60537.9,60567.4,60530.0,60567.4,84.37
2026-06-28 00:33:00,60567.5,60568.0,60551.4,60567.9,104.355
2026-06-28 00:36:00,60567.9,60572.9,60544.8,60572.9,37.853
2026-06-28 00:39:00,60572.8,60576.9,60549.1,60561.4,44.46
2026-06-28 00:42:00,60561.4,60576.9,60561.3,60568.1,42.904
2026-06-28 00:45:00,60568.2,60570.3,60535.0,60535.1,31.036
2026-06-28 00:48:00,60535.1,60544.7,60416.4,60423.4,249.371
2026-06-28 00:51:00,60423.3,60432.7,60400.0,60413.8,249.298
2026-06-28 00:54:00,60413.7,60426.0,60202.4,60243.7,1281.266
2026-06-28 00:57:00,60243.6,60305.7,60231.9,60298.6,392.441
2026-06-28 01:00:00,60298.5,60301.0,60100.0,60139.9,1709.657
2026-06-28 01:03:00,60139.9,60202.5,60132.5,60200.6,249.663
2026-06-28 01:06:00,60200.6,60211.8,60050.0,60107.4,633.723
2026-06-28 01:09:00,60107.4,60168.0,60107.4,60144.0,155.626
2026-06-28 01:12:00,60144.1,60184.5,60140.5,60169.9,111.444
2026-06-28 01:15:00,60170.0,60220.2,60145.6,60165.6,172.28
2026-06-28 01:18:00,60165.6,60195.0,60119.9,60160.9,99.423
2026-06-28 01:21:00,60160.9,60176.2,60150.0,60176.2,41.305
2026-06-28 01:24:00,60176.2,60188.2,60113.8,60128.4,109.569
2026-06-28 01:27:00,60128.3,60157.9,60128.3,60149.9,100.726
2026-06-28 01:30:00,60149.9,60219.8,60141.7,60218.4,325.258
2026-06-28 01:33:00,60218.4,60238.9,60204.6,60226.6,79.078
2026-06-28 01:36:00,60226.6,60248.1,60226.3,60226.5,89.965
2026-06-28 01:39:00,60226.6,60266.3,60226.4,60254.5,170.472
2026-06-28 01:42:00,60254.4,60255.9,60235.3,60236.6,54.974
2026-06-28 01:45:00,60236.6,60283.4,60236.5,60252.3,120.521
2026-06-28 01:48:00,60252.4,60267.9,60230.4,60267.9,107.961
2026-06-28 01:51:00,60267.9,60279.0,60246.1,60250.2,58.218
2026-06-28 01:54:00,60250.3,60255.9,60222.8,60234.6,85.039
2026-06-28 01:57:00,60234.6,60245.7,60228.8,60242.8,46.655
2026-06-28 02:00:00,60242.7,60247.2,60230.4,60233.7,27.681
2026-06-28 02:03:00,60233.7,60240.0,60233.7,60240.0,11.958
2026-06-28 02:06:00,60240.0,60240.2,60230.0,60231.9,74.704
2026-06-28 02:09:00,60231.9,60252.6,60223.2,60243.7,65.72
2026-06-28 02:12:00,60243.8,60247.4,60224.0,60224.1,34.695
2026-06-28 02:15:00,60224.1,60275.3,60224.0,60275.3,43.172
2026-06-28 02:18:00,60275.3,60275.3,60249.8,60260.8,75.06
2026-06-28 02:21:00,60260.7,60270.0,60246.8,60251.0,25.855
2026-06-28 02:24:00,60251.0,60254.3,60242.7,60242.8,45.295
2026-06-28 02:27:00,60242.7,60272.8,60242.7,60272.8,20.915
2026-06-28 02:30:00,60272.8,60331.2,60272.8,60310.4,219.971
2026-06-28 02:33:00,60310.4,60327.2,60276.0,60327.2,60.048
2026-06-28 02:36:00,60327.1,60344.7,60322.7,60324.8,107.929
2026-06-28 02:39:00,60324.8,60341.3,60324.8,60332.4,42.956
2026-06-28 02:42:00,60332.5,60378.9,60329.1,60365.7,203.116
2026-06-28 02:45:00,60365.6,60382.4,60330.2,60359.5,255.455
2026-06-28 02:48:00,60359.4,60363.1,60333.2,60360.7,60.619
2026-06-28 02:51:00,60360.7,60443.3,60360.7,60397.3,364.893
2026-06-28 02:54:00,60397.3,60397.4,60370.4,60389.6,53.081
2026-06-28 02:57:00,60389.7,60424.5,60389.6,60424.5,90.131
2026-06-28 03:00:00,60424.5,60469.8,60424.4,60435.0,141.713
2026-06-28 03:03:00,60435.1,60444.5,60350.0,60354.8,102.984
2026-06-28 03:06:00,60354.8,60362.0,60312.9,60329.0,106.127
2026-06-28 03:09:00,60329.0,60329.0,60250.0,60264.7,135.596
2026-06-28 03:12:00,60264.7,60264.7,60203.3,60219.4,143.656
2026-06-28 03:15:00,60219.4,60252.5,60200.0,60233.4,100.015
2026-06-28 03:18:00,60233.4,60270.0,60158.0,60158.0,161.14
2026-06-28 03:21:00,60157.9,60192.0,60108.9,60159.0,231.623
2026-06-28 03:24:00,60159.0,60197.2,60153.7,60177.8,87.088
2026-06-28 03:27:00,60177.7,60178.9,60168.6,60173.4,59.757
2026-06-28 03:30:00,60173.4,60173.4,60075.0,60075.0,322.505
2026-06-28 03:33:00,60075.0,60089.6,60015.3,60046.2,401.407
2026-06-28 03:36:00,60046.2,60118.7,60046.1,60115.6,239.03
2026-06-28 03:39:00,60115.7,60122.9,60090.6,60121.1,88.361
2026-06-28 03:42:00,60121.1,60122.8,60097.5,60098.0,61.358
2026-06-28 03:45:00,60098.1,60098.1,59819.8,59900.0,1672.546
2026-06-28 03:48:00,59899.9,60006.7,59899.9,60006.6,296.697
2026-06-28 03:51:00,60006.7,60064.2,59997.5,60033.2,158.407
2026-06-28 03:54:00,60033.2,60060.0,60025.0,60060.0,134.859
2026-06-28 03:57:00,60059.9,60143.1,60050.2,60105.2,289.433
2026-06-28 04:00:00,60105.2,60169.0,60096.8,60128.8,203.843
2026-06-28 04:03:00,60128.7,60164.5,60108.0,60156.4,75.282
2026-06-28 04:06:00,60156.4,60230.0,60139.7,60227.0,205.379
2026-06-28 04:09:00,60227.1,60227.1,60176.8,60189.0,93.357
2026-06-28 04:12:00,60188.9,60190.8,60133.5,60147.1,65.092
2026-06-28 04:15:00,60147.1,60151.6,60131.1,60132.7,50.353
2026-06-28 04:18:00,60132.7,60199.3,60132.6,60199.3,130.79
2026-06-28 04:21:00,60199.3,60200.0,60176.1,60176.1,51.019
2026-06-28 04:24:00,60176.1,60200.0,60161.7,60200.0,66.287
2026-06-28 04:27:00,60199.9,60217.8,60192.8,60204.3,86.965
2026-06-28 04:30:00,60204.3,60240.1,60194.6,60240.1,155.928
2026-06-28 04:33:00,60240.1,60240.1,60214.0,60231.1,50.826
2026-06-28 04:36:00,60231.1,60303.2,60231.1,60255.3,265.919
2026-06-28 04:39:00,60255.3,60257.3,60210.8,60234.6,120.384
2026-06-28 04:42:00,60234.7,60243.6,59988.9,60009.1,764.149
2026-06-28 04:45:00,60009.1,60071.4,59994.9,60028.8,448.415
2026-06-28 04:48:00,60028.8,60051.5,59955.6,59988.0,323.54
2026-06-28 04:51:00,59988.1,59988.1,59913.9,59951.6,233.72
2026-06-28 04:54:00,59951.6,59991.9,59946.0,59972.6,131.567
2026-06-28 04:57:00,59972.7,59989.8,59937.9,59962.7,130.079
2026-06-28 05:00:00,59962.8,59993.5,59937.9,59956.7,128.014
2026-06-28 05:03:00,59956.7,60023.9,59956.6,60002.2,84.317
2026-06-28 05:06:00,60002.2,60011.0,59966.6,60007.7,130.233
2026-06-28 05:09:00,60007.8,60071.3,60000.0,60060.1,148.928
2026-06-28 05:12:00,60060.1,60064.1,60030.5,60030.5,67.722
2026-06-28 05:15:00,60030.5,60039.0,60006.0,60007.4,96.996
2026-06-28 05:18:00,60006.7,60054.0,60001.5,60053.9,75.438
2026-06-28 05:21:00,60054.0,60054.0,60036.1,60037.1,56.29
2026-06-28 05:24:00,60037.1,60049.0,59985.5,59985.5,174.636
2026-06-28 05:27:00,59985.6,60007.2,59979.6,60000.3,64.323
2026-06-28 05:30:00,60000.4,60056.6,59983.3,59983.3,157.094
2026-06-28 05:33:00,59983.4,60054.3,59983.3,60048.3,105.921
2026-06-28 05:36:00,60048.3,60115.9,60048.3,60114.1,172.314
2026-06-28 05:39:00,60114.1,60123.0,60084.6,60105.7,213.237
2026-06-28 05:42:00,60105.8,60112.0,60080.0,60107.3,69.621
2026-06-28 05:45:00,60107.2,60125.0,60099.8,60125.0,63.856
2026-06-28 05:48:00,60125.0,60149.0,60125.0,60125.0,72.877
2026-06-28 05:51:00,60125.1,60149.0,60125.0,60127.6,45.704
2026-06-28 05:54:00,60127.6,60143.1,60111.6,60135.2,55.28
2026-06-28 05:57:00,60135.2,60165.8,60135.2,60141.8,155.638
2026-06-28 06:00:00,60141.9,60150.0,60120.0,60125.9,92.331
2026-06-28 06:03:00,60126.0,60137.8,60094.1,60094.1,80.111
2026-06-28 06:06:00,60094.0,60137.6,60057.1,60125.2,103.213
2026-06-28 06:09:00,60125.3,60135.0,60107.1,60125.4,59.604
2026-06-28 06:12:00,60125.3,60150.0,60110.0,60149.9,123.695
2026-06-28 06:15:00,60150.0,60168.7,60110.2,60110.3,68.325
2026-06-28 06:18:00,60110.2,60154.9,60110.2,60126.2,56.19
2026-06-28 06:21:00,60126.1,60138.6,60115.0,60129.3,71.977
2026-06-28 06:24:00,60129.3,60148.2,60124.7,60132.7,41.657
2026-06-28 06:27:00,60132.7,60161.9,60117.5,60125.1,91.633
2026-06-28 06:30:00,60125.1,60140.6,60119.9,60125.2,59.222
2026-06-28 06:33:00,60125.3,60125.3,59971.6,59996.4,287.273
2026-06-28 06:36:00,59996.4,60025.4,59950.0,60025.4,241.744
2026-06-28 06:39:00,60025.3,60025.4,59985.0,60003.3,94.755
2026-06-28 06:42:00,60003.2,60057.4,59985.0,60055.8,162.287
2026-06-28 06:45:00,60055.8,60103.2,60034.8,60103.2,105.658
2026-06-28 06:48:00,60103.2,60120.0,60054.3,60090.0,87.129
2026-06-28 06:51:00,60090.0,60145.6,60090.0,60142.6,72.813
2026-06-28 06:54:00,60142.6,60199.0,60137.0,60193.1,180.736
2026-06-28 06:57:00,60193.0,60217.2,60162.3,60181.1,134.42
2026-06-28 07:00:00,60181.0,60185.3,60159.8,60177.0,93.946
2026-06-28 07:03:00,60177.0,60226.4,60176.9,60226.3,83.092
2026-06-28 07:06:00,60226.4,60226.4,60193.6,60197.3,92.04
2026-06-28 07:09:00,60197.3,60245.5,60183.0,60243.8,209.219
2026-06-28 07:12:00,60243.9,60243.9,60209.9,60231.2,139.496
2026-06-28 07:15:00,60231.1,60256.8,60213.4,60220.0,139.271
2026-06-28 07:18:00,60219.9,60226.3,60203.9,60226.2,56.656
2026-06-28 07:21:00,60226.2,60232.2,60213.9,60224.1,73.199
2026-06-28 07:24:00,60224.2,60224.2,60175.2,60204.8,69.835
2026-06-28 07:27:00,60204.8,60204.8,60176.2,60193.0,56.647
2026-06-28 07:30:00,60193.1,60234.0,60193.0,60230.6,74.213
2026-06-28 07:33:00,60230.6,60247.8,60221.4,60234.8,55.688
2026-06-28 07:36:00,60234.9,60255.9,60230.9,60248.4,67.223
2026-06-28 07:39:00,60248.3,60251.4,60241.8,60251.3,34.588
2026-06-28 07:42:00,60251.4,60260.0,60248.5,60256.0,92.203
2026-06-28 07:45:00,60256.0,60314.3,60250.0,60288.5,291.856
2026-06-28 07:48:00,60288.4,60288.5,60152.0,60172.6,163.629
2026-06-28 07:51:00,60172.7,60180.6,60030.5,60030.5,278.491
2026-06-28 07:54:00,60030.5,60074.4,60017.2,60064.7,223.477
2026-06-28 07:57:00,60064.7,60107.9,60064.7,60087.2,109.711
2026-06-28 08:00:00,60087.2,60112.5,60087.2,60106.8,77.346
2026-06-28 08:03:00,60106.7,60117.0,60082.8,60107.0,51.659
2026-06-28 08:06:00,60107.0,60125.0,60103.1,60117.4,49.512
2026-06-28 08:09:00,60117.5,60122.9,60076.2,60076.2,55.065
2026-06-28 08:12:00,60076.2,60100.0,60066.4,60099.9,84.857
2026-06-28 08:15:00,60100.0,60120.0,60099.9,60106.7,68.232
2026-06-28 08:18:00,60106.6,60121.2,60074.1,60121.2,74.133
2026-06-28 08:21:00,60121.2,60147.0,60115.9,60144.6,63.201
2026-06-28 08:24:00,60144.7,60144.7,60125.9,60141.7,40.067
2026-06-28 08:27:00,60141.8,60156.2,60121.2,60121.2,102.54
2026-06-28 08:30:00,60121.2,60178.0,60121.2,60175.3,61.659
2026-06-28 08:33:00,60175.3,60177.4,60158.1,60158.3,56.865
2026-06-28 08:36:00,60158.3,60178.0,60147.8,60164.5,60.14
2026-06-28 08:39:00,60164.5,60228.0,60162.9,60220.2,107.514
2026-06-28 08:42:00,60220.2,60243.1,60220.2,60230.4,102.246
2026-06-28 08:45:00,60230.5,60230.5,60145.9,60197.1,286.085
2026-06-28 08:48:00,60197.1,60249.9,60197.1,60223.3,61.581
2026-06-28 08:51:00,60223.4,60246.5,60223.3,60228.5,52.701
2026-06-28 08:54:00,60228.6,60239.7,60219.1,60231.4,46.391
2026-06-28 08:57:00,60231.4,60231.4,60225.1,60229.3,15.061
2026-06-28 09:00:00,60229.4,60250.4,60187.7,60187.8,123.463
2026-06-28 09:03:00,60187.8,60202.2,60167.0,60170.0,54.105
2026-06-28 09:06:00,60170.1,60186.6,60164.1,60165.6,49.375
2026-06-28 09:09:00,60165.6,60178.7,60165.6,60172.6,23.006
2026-06-28 09:12:00,60172.5,60177.4,60146.9,60166.4,88.621
2026-06-28 09:15:00,60166.4,60166.5,60152.6,60157.9,26.44
2026-06-28 09:18:00,60157.9,60180.0,60157.9,60174.0,42.526
2026-06-28 09:21:00,60173.9,60178.2,60128.2,60128.2,55.974
2026-06-28 09:24:00,60128.3,60151.2,60128.2,60151.1,28.119
2026-06-28 09:27:00,60151.1,60194.6,60151.1,60169.5,113.073
2026-06-28 09:30:00,60169.5,60188.7,60105.7,60109.7,104.616
2026-06-28 09:33:00,60109.8,60175.0,60109.7,60161.6,51.213
2026-06-28 09:36:00,60161.5,60199.2,60161.5,60199.1,62.494
2026-06-28 09:39:00,60199.2,60203.2,60159.3,60163.6,64.812
2026-06-28 09:42:00,60163.5,60186.1,60161.2,60186.1,44.83
2026-06-28 09:45:00,60186.1,60200.0,60186.1,60186.3,35.482
2026-06-28 09:48:00,60186.1,60195.1,60170.1,60173.8,33.569
2026-06-28 09:51:00,60173.9,60200.0,60173.8,60196.7,46.583
2026-06-28 09:54:00,60196.8,60205.4,60191.8,60202.7,34.62
2026-06-28 09:57:00,60202.6,60203.6,60165.1,60172.6,42.941
2026-06-28 10:00:00,60172.5,60172.6,60070.8,60070.9,105.267
2026-06-28 10:03:00,60070.8,60098.1,60060.0,60086.5,115.774
2026-06-28 10:06:00,60086.4,60115.6,60086.4,60097.9,115.502
2026-06-28 10:09:00,60097.9,60139.1,60097.8,60116.4,58.77
2026-06-28 10:12:00,60116.5,60150.7,60116.4,60146.3,55.894
2026-06-28 10:15:00,60146.3,60157.9,60132.4,60157.9,36.771
2026-06-28 10:18:00,60157.9,60167.7,60140.9,60155.5,43.937
2026-06-28 10:21:00,60155.5,60155.5,60140.9,60141.2,40.847
2026-06-28 10:24:00,60141.1,60141.1,60101.0,60101.1,54.871
2026-06-28 10:27:00,60101.1,60108.1,60093.0,60108.1,67.311
2026-06-28 10:30:00,60108.0,60112.3,60041.3,60055.7,119.988
2026-06-28 10:33:00,60055.7,60055.8,59934.3,59944.9,543.798
2026-06-28 10:36:00,59944.9,60016.7,59944.8,59997.1,301.872
2026-06-28 10:39:00,59997.1,60022.0,59985.7,60001.5,117.344
2026-06-28 10:42:00,60001.5,60001.6,59970.0,59990.2,130.931
2026-06-28 10:45:00,59990.2,59992.6,59908.3,59984.0,329.971
2026-06-28 10:48:00,59984.0,59999.2,59971.9,59984.7,130.951
2026-06-28 10:51:00,59984.7,59984.7,59933.4,59935.2,91.545
2026-06-28 10:54:00,59935.2,59936.0,59743.0,59801.4,1130.82
2026-06-28 10:57:00,59801.5,59843.4,59714.8,59802.7,706.87
2026-06-28 11:00:00,59802.7,59860.2,59760.1,59856.0,683.007
2026-06-28 11:03:00,59856.0,59934.4,59850.7,59900.5,324.788
2026-06-28 11:06:00,59900.5,59912.7,59870.0,59892.6,153.689
2026-06-28 11:09:00,59892.6,59906.3,59885.6,59890.6,75.016
2026-06-28 11:12:00,59890.6,59906.3,59882.9,59892.8,97.225
2026-06-28 11:15:00,59892.8,59906.8,59891.7,59900.5,72.073
2026-06-28 11:18:00,59900.6,59927.3,59900.5,59921.8,108.483
2026-06-28 11:21:00,59921.7,59929.8,59906.4,59915.9,83.099
2026-06-28 11:24:00,59915.9,59987.2,59915.8,59954.7,170.206
2026-06-28 11:27:00,59954.8,59969.8,59945.1,59956.6,66.524
2026-06-28 11:30:00,59956.6,59997.4,59956.5,59997.3,111.603
2026-06-28 11:33:00,59997.2,59997.3,59922.1,59939.8,187.551
2026-06-28 11:36:00,59939.8,59949.8,59916.4,59949.7,153.65
2026-06-28 11:39:00,59949.7,59968.0,59901.7,59908.7,109.91
2026-06-28 11:42:00,59908.7,59918.2,59810.1,59811.8,302.684
2026-06-28 11:45:00,59811.7,59843.8,59772.9,59833.1,432.666
2026-06-28 11:48:00,59833.2,59938.1,59820.0,59916.5,338.43
2026-06-28 11:51:00,59916.4,59916.4,59888.1,59889.1,120.753
2026-06-28 11:54:00,59889.1,59905.6,59868.2,59891.9,129.913
2026-06-28 11:57:00,59892.0,59900.0,59884.3,59900.0,38.845
2026-06-28 12:00:00,59899.9,59937.9,59893.6,59937.8,65.025
2026-06-28 12:03:00,59937.9,59948.6,59920.0,59942.0,159.33
2026-06-28 12:06:00,59942.0,59942.0,59928.0,59933.7,36.612
2026-06-28 12:09:00,59933.7,59967.9,59933.4,59962.9,105.369
2026-06-28 12:12:00,59962.8,59968.5,59937.9,59937.9,57.449
2026-06-28 12:15:00,59937.9,59959.9,59928.1,59959.9,49.182
2026-06-28 12:18:00,59959.8,60020.0,59959.8,60001.1,241.929
2026-06-28 12:21:00,60001.1,60011.6,59993.4,59999.4,121.983
2026-06-28 12:24:00,59999.3,59999.4,59960.0,59982.2,89.425
2026-06-28 12:27:00,59982.2,59984.7,59970.0,59970.0,62.845
2026-06-28 12:30:00,59970.0,60165.8,59965.8,60122.1,664.593
2026-06-28 12:33:00,60122.1,60130.0,60060.1,60071.3,246.984
2026-06-28 12:36:00,60071.3,60098.4,60071.3,60075.5,98.535
2026-06-28 12:39:00,60075.5,60130.0,60063.8,60111.6,139.772
2026-06-28 12:42:00,60111.6,60119.9,60104.6,60112.9,81.611
2026-06-28 12:45:00,60112.9,60114.5,60106.0,60110.4,96.501
2026-06-28 12:48:00,60110.4,60113.1,60104.5,60109.1,55.486
2026-06-28 12:51:00,60109.0,60114.9,60100.1,60114.8,70.458
2026-06-28 12:54:00,60114.9,60114.9,60073.3,60076.4,73.693
2026-06-28 12:57:00,60076.3,60084.0,60075.9,60075.9,34.68
2026-06-28 13:00:00,60076.0,60099.9,60073.4,60073.7,75.265
2026-06-28 13:03:00,60073.8,60114.4,60073.7,60097.8,179.903
2026-06-28 13:06:00,60097.8,60247.1,60094.2,60166.1,537.747
2026-06-28 13:09:00,60166.0,60210.0,60166.0,60200.1,195.232
2026-06-28 13:12:00,60200.1,60200.1,60169.6,60193.7,152.588
2026-06-28 13:15:00,60193.7,60230.8,60186.0,60224.0,218.667
2026-06-28 13:18:00,60223.9,60244.3,60194.6,60208.7,199.727
2026-06-28 13:21:00,60208.8,60208.8,60168.9,60173.4,125.182
2026-06-28 13:24:00,60173.5,60188.0,60169.9,60175.0,87.636
2026-06-28 13:27:00,60174.9,60192.5,60166.6,60192.5,98.963
2026-06-28 13:30:00,60192.4,60227.0,60160.5,60194.6,245.857
2026-06-28 13:33:00,60194.5,60198.6,60141.6,60141.6,95.072
2026-06-28 13:36:00,60141.7,60166.7,60134.6,60162.6,99.996
2026-06-28 13:39:00,60162.6,60162.6,60109.5,60132.5,166.375
2026-06-28 13:42:00,60132.5,60159.5,60132.5,60159.4,84.52
2026-06-28 13:45:00,60159.5,60188.2,60132.5,60170.0,144.454
2026-06-28 13:48:00,60170.1,60188.0,60134.4,60187.9,108.47
2026-06-28 13:51:00,60187.9,60200.0,60173.7,60179.4,82.54
2026-06-28 13:54:00,60179.4,60209.7,60179.3,60209.7,104.608
2026-06-28 13:57:00,60209.6,60209.7,60196.0,60196.5,54.184
2026-06-28 14:00:00,60196.4,60210.1,60196.4,60206.1,94.912
2026-06-28 14:03:00,60206.2,60227.0,60200.7,60227.0,113.447
2026-06-28 14:06:00,60226.9,60543.3,60226.9,60474.7,1620.759
2026-06-28 14:09:00,60474.6,60487.9,60382.0,60384.5,742.276
2026-06-28 14:12:00,60384.5,60432.9,60380.0,60424.0,234.092
2026-06-28 14:15:00,60424.0,60465.0,60408.0,60414.2,213.925
2026-06-28 14:18:00,60414.1,60426.3,60380.0,60387.8,272.029
2026-06-28 14:21:00,60387.7,60387.7,60365.7,60386.7,161.49
2026-06-28 14:24:00,60386.8,60386.8,60360.0,60372.1,89.548
2026-06-28 14:27:00,60372.1,60372.2,60340.0,60340.1,181.647
2026-06-28 14:30:00,60340.1,60358.1,60321.6,60339.1,124.875
2026-06-28 14:33:00,60339.0,60339.1,60263.4,60330.1,399.269
2026-06-28 14:36:00,60330.0,60398.7,60330.0,60378.0,194.025
2026-06-28 14:39:00,60378.0,60444.0,60368.9,60394.5,225.982
2026-06-28 14:42:00,60394.5,60400.0,60324.9,60340.6,139.592
2026-06-28 14:45:00,60340.6,60373.1,60340.6,60350.1,106.241
2026-06-28 14:48:00,60350.1,60350.1,60301.4,60301.5,61.809
2026-06-28 14:51:00,60301.4,60322.2,60286.2,60317.3,68.636
2026-06-28 14:54:00,60317.3,60330.1,60297.0,60316.1,81.217
2026-06-28 14:57:00,60316.1,60316.2,60287.8,60303.1,100.576
2026-06-28 15:00:00,60303.1,60322.0,60283.0,60322.0,71.825
2026-06-28 15:03:00,60322.0,60359.6,60322.0,60359.6,70.412
2026-06-28 15:06:00,60359.5,60365.2,60315.1,60326.0,66.923
2026-06-28 15:09:00,60326.1,60343.1,60326.0,60334.9,19.773
2026-06-28 15:12:00,60334.8,60386.9,60334.8,60351.2,106.409
2026-06-28 15:15:00,60351.2,60371.1,60317.0,60317.0,52.045
2026-06-28 15:18:00,60317.0,60317.0,60251.4,60256.8,263.263
2026-06-28 15:21:00,60256.9,60304.5,60232.9,60259.4,172.638
2026-06-28 15:24:00,60259.4,60284.9,60223.1,60234.9,255.314
2026-06-28 15:27:00,60234.9,60258.0,60226.4,60230.0,179.55
2026-06-28 15:30:00,60230.0,60271.8,60203.1,60230.9,212.605
2026-06-28 15:33:00,60230.9,60240.2,60154.4,60172.7,297.653
2026-06-28 15:36:00,60172.8,60185.9,60162.0,60167.3,104.569
2026-06-28 15:39:00,60167.4,60190.1,60167.3,60190.1,78.989
2026-06-28 15:42:00,60190.0,60266.6,60190.0,60232.5,161.74
2026-06-28 15:45:00,60232.4,60263.5,60219.0,60244.2,68.651
2026-06-28 15:48:00,60244.2,60249.0,60154.4,60155.0,114.623
2026-06-28 15:51:00,60155.0,60170.4,60138.0,60147.9,124.274
2026-06-28 15:54:00,60148.0,60148.0,60037.0,60077.1,392.601
2026-06-28 15:57:00,60077.1,60102.9,60077.0,60079.4,125.588
2026-06-28 16:00:00,60079.5,60117.0,60077.2,60092.9,88.743
2026-06-28 16:03:00,60093.0,60093.9,60066.2,60078.2,79.287
2026-06-28 16:06:00,60078.2,60084.6,60046.0,60052.8,138.873
2026-06-28 16:09:00,60052.7,60117.0,60047.9,60097.5,105.257
2026-06-28 16:12:00,60097.6,60112.0,60095.6,60100.2,47.403
2026-06-28 16:15:00,60100.3,60140.8,60100.2,60133.0,82.202
2026-06-28 16:18:00,60132.9,60143.0,60105.6,60140.9,64.628
2026-06-28 16:21:00,60140.9,60150.0,60124.9,60140.1,86.962
2026-06-28 16:24:00,60140.1,60149.9,60140.0,60146.5,54.01
2026-06-28 16:27:00,60146.5,60146.5,60134.8,60138.5,48.478
2026-06-28 16:30:00,60138.4,60244.6,60138.4,60238.9,240.465
2026-06-28 16:33:00,60238.8,60238.8,60187.6,60197.3,65.297
2026-06-28 16:36:00,60197.3,60211.9,60131.5,60145.6,118.115
2026-06-28 16:39:00,60145.7,60145.7,60091.4,60104.6,170.786
2026-06-28 16:42:00,60104.6,60105.0,60095.0,60100.9,77.936
2026-06-28 16:45:00,60100.9,60144.7,60098.8,60144.7,119.483
2026-06-28 16:48:00,60144.6,60207.0,60144.6,60191.2,76.849
2026-06-28 16:51:00,60191.2,60325.0,60191.2,60278.5,362.099
2026-06-28 16:54:00,60278.5,60346.0,60262.6,60333.4,154.161
2026-06-28 16:57:00,60333.3,60333.3,60288.5,60288.6,94.491
2026-06-28 17:00:00,60288.5,60304.3,60275.0,60294.3,133.756
2026-06-28 17:03:00,60294.3,60304.0,60277.0,60300.0,94.556
2026-06-28 17:06:00,60300.1,60304.0,60235.4,60247.6,233.541
2026-06-28 17:09:00,60247.6,60289.2,60247.5,60270.7,36.648
2026-06-28 17:12:00,60270.7,60280.8,60250.0,60280.0,76.12
2026-06-28 17:15:00,60279.9,60300.0,60241.7,60248.6,66.687
2026-06-28 17:18:00,60248.6,60263.9,60228.6,60249.3,55.287
2026-06-28 17:21:00,60249.3,60314.3,60243.3,60300.3,107.404
2026-06-28 17:24:00,60300.3,60351.3,60300.3,60305.6,151.974
2026-06-28 17:27:00,60305.7,60316.7,60300.0,60314.9,60.146
2026-06-28 17:30:00,60315.0,60324.3,60292.9,60300.1,95.119
2026-06-28 17:33:00,60300.0,60331.1,60291.2,60331.0,63.665
2026-06-28 17:36:00,60331.0,60379.8,60305.4,60305.4,145.168
2026-06-28 17:39:00,60305.4,60319.4,60300.0,60303.0,73.709
2026-06-28 17:42:00,60302.9,60302.9,60265.1,60279.1,115.458
2026-06-28 17:45:00,60279.1,60318.8,60167.6,60186.0,242.568
2026-06-28 17:48:00,60186.0,60219.0,60161.2,60189.9,123.203
2026-06-28 17:51:00,60189.9,60224.0,60189.9,60222.0,66.156
2026-06-28 17:54:00,60222.0,60226.7,60212.8,60219.9,37.663
2026-06-28 17:57:00,60219.9,60319.3,60208.9,60314.6,115.734
2026-06-28 18:00:00,60314.7,60435.8,60294.4,60315.0,322.779
2026-06-28 18:03:00,60315.0,60350.0,60273.1,60284.4,105.941
2026-06-28 18:06:00,60284.5,60284.5,60210.1,60210.1,94.062
2026-06-28 18:09:00,60210.1,60239.5,60181.2,60181.2,114.518
2026-06-28 18:12:00,60181.2,60230.7,60174.6,60213.2,91.478
2026-06-28 18:15:00,60213.3,60260.5,60213.2,60231.1,107.024
2026-06-28 18:18:00,60231.1,60260.0,60228.0,60260.0,38.548
2026-06-28 18:21:00,60260.0,60267.3,60254.7,60255.2,41.573
2026-06-28 18:24:00,60255.2,60291.0,60240.0,60281.2,185.64
2026-06-28 18:27:00,60281.1,60281.2,60262.9,60270.0,47.604
2026-06-28 18:30:00,60269.9,60269.9,60059.9,60069.5,368.986
2026-06-28 18:33:00,60069.4,60089.3,59988.0,60006.0,646.432
2026-06-28 18:36:00,60006.0,60064.0,59934.3,60000.0,590.209
2026-06-28 18:39:00,60000.0,60041.1,59967.6,60038.2,403.462
2026-06-28 18:42:00,60038.2,60122.7,60025.9,60099.7,262.899
2026-06-28 18:45:00,60099.7,60120.2,60045.5,60064.5,213.223
2026-06-28 18:48:00,60064.5,60091.6,60045.0,60091.6,70.04
2026-06-28 18:51:00,60091.6,60140.3,60088.4,60129.0,132.49
2026-06-28 18:54:00,60129.0,60142.0,60068.2,60076.9,94.027
2026-06-28 18:57:00,60077.0,60106.6,60062.6,60097.6,59.462
2026-06-28 19:00:00,60097.6,60160.7,60088.4,60138.6,148.068
2026-06-28 19:03:00,60138.6,60155.9,60108.0,60108.0,86.315
2026-06-28 19:06:00,60108.0,60127.8,60108.0,60117.9,42.424
2026-06-28 19:09:00,60117.9,60123.9,60012.2,60057.2,396.817
2026-06-28 19:12:00,60057.2,60110.3,60026.2,60100.1,253.106
2026-06-28 19:15:00,60100.1,60108.6,60067.2,60075.1,147.57
2026-06-28 19:18:00,60075.1,60080.0,60060.0,60075.1,129.902
2026-06-28 19:21:00,60075.0,60100.0,60066.8,60084.4,58.032
2026-06-28 19:24:00,60084.4,60084.4,60036.1,60053.7,108.163
2026-06-28 19:27:00,60053.6,60071.3,60031.5,60044.5,78.691
2026-06-28 19:30:00,60044.6,60074.7,60044.6,60055.0,89.98
2026-06-28 19:33:00,60055.0,60097.5,60003.6,60028.8,96.444
2026-06-28 19:36:00,60028.8,60092.2,60028.0,60061.4,131.008
2026-06-28 19:39:00,60061.5,60131.4,60061.4,60129.8,116.872
2026-06-28 19:42:00,60129.9,60150.0,60122.8,60150.0,82.868
2026-06-28 19:45:00,60150.0,60150.0,60070.3,60086.7,226.054
2026-06-28 19:48:00,60086.8,60228.5,60076.5,60190.0,276.999
2026-06-28 19:51:00,60190.0,60200.0,60089.5,60143.5,153.997
2026-06-28 19:54:00,60143.4,60144.7,60089.6,60099.1,83.6
2026-06-28 19:57:00,60099.1,60138.0,60095.1,60130.1,89.619
2026-06-28 20:00:00,60130.2,60147.3,60073.7,60106.8,105.325
2026-06-28 20:03:00,60106.7,60170.0,60106.7,60140.8,55.458
2026-06-28 20:06:00,60140.8,60147.6,60059.5,60077.6,352.669
2026-06-28 20:09:00,60077.5,60100.7,60077.5,60089.4,51.969
2026-06-28 20:12:00,60089.3,60089.4,60050.4,60085.0,61.678
2026-06-28 20:15:00,60085.0,60099.0,60050.0,60094.7,102.135
2026-06-28 20:18:00,60094.8,60151.5,60038.5,60050.8,420.601
2026-06-28 20:21:00,60050.8,60064.8,60017.7,60019.3,117.004
2026-06-28 20:24:00,60019.3,60027.0,59983.0,60014.4,203.296
2026-06-28 20:27:00,60014.3,60026.5,59995.2,59995.3,119.815
2026-06-28 20:30:00,59995.3,60037.4,59972.2,60016.0,175.817
2026-06-28 20:33:00,60016.0,60068.1,60016.0,60038.3,136.121
2026-06-28 20:36:00,60038.2,60065.4,59934.7,59934.9,213.305
2026-06-28 20:39:00,59934.9,59939.0,59852.0,59914.2,747.968
2026-06-28 20:42:00,59914.2,60053.2,59914.2,60046.4,397.541
2026-06-28 20:45:00,60046.3,60075.0,59971.8,60028.2,208.414
2026-06-28 20:48:00,60028.3,60103.2,60020.2,60031.2,140.062
2026-06-28 20:51:00,60031.2,60033.0,60000.0,60010.8,123.149
2026-06-28 20:54:00,60010.7,60050.9,60010.7,60024.0,110.235
2026-06-28 20:57:00,60024.0,60028.2,60003.8,60008.6,50.146
2026-06-28 21:00:00,60008.6,60028.2,59974.8,60010.8,131.168
2026-06-28 21:03:00,60010.8,60070.1,59966.4,59966.4,449.965
2026-06-28 21:06:00,59966.4,59977.4,59866.6,59909.0,521.585
2026-06-28 21:09:00,59909.1,59912.2,59882.9,59886.5,186.32
2026-06-28 21:12:00,59886.5,59945.7,59886.4,59939.1,326.517
2026-06-28 21:15:00,59939.0,59939.0,59885.0,59886.2,119.839
2026-06-28 21:18:00,59886.2,59913.0,59850.3,59913.0,202.582
2026-06-28 21:21:00,59912.9,59971.8,59781.8,59785.2,789.319
2026-06-28 21:24:00,59785.1,59836.3,59785.1,59823.5,335.111
2026-06-28 21:27:00,59823.5,59850.0,59823.5,59849.9,405.863
2026-06-28 21:30:00,59850.0,59915.7,59834.3,59900.0,786.559
2026-06-28 21:33:00,59900.0,59905.5,59852.5,59887.4,179.543
2026-06-28 21:36:00,59887.4,59889.0,59851.3,59875.7,111.657
2026-06-28 21:39:00,59875.7,59875.7,59770.9,59846.9,351.857
2026-06-28 21:42:00,59847.0,59848.6,59800.0,59800.0,141.975
2026-06-28 21:45:00,59800.1,59859.2,59751.6,59854.1,300.089
2026-06-28 21:48:00,59854.2,59873.9,59800.0,59800.0,212.822
2026-06-28 21:51:00,59800.1,59838.4,59750.3,59772.0,242.701
2026-06-28 21:54:00,59772.1,59772.1,59645.0,59701.0,1078.36
2026-06-28 21:57:00,59701.0,59741.7,59680.0,59741.3,398.843
2026-06-28 22:00:00,59741.3,59768.3,59674.4,59700.5,259.453
2026-06-28 22:03:00,59700.4,59711.8,59573.8,59630.4,996.522
2026-06-28 22:06:00,59630.4,59680.0,59608.5,59650.1,379.423
2026-06-28 22:09:00,59650.1,59729.9,59650.1,59713.0,286.582
2026-06-28 22:12:00,59713.1,59720.0,59578.0,59589.9,447.593
2026-06-28 22:15:00,59589.9,59645.6,59550.0,59645.6,491.279
2026-06-28 22:18:00,59645.8,59708.0,59633.3,59648.5,273.54
2026-06-28 22:21:00,59648.6,59659.8,59595.2,59639.9,219.774
2026-06-28 22:24:00,59640.0,59661.0,59622.4,59649.1,133.82
2026-06-28 22:27:00,59649.1,59666.7,59644.8,59655.9,132.169
2026-06-28 22:30:00,59655.9,59680.0,59622.0,59635.2,201.898
2026-06-28 22:33:00,59635.2,59698.6,59635.2,59660.9,184.323
2026-06-28 22:36:00,59660.9,59821.9,59660.9,59736.4,779.591
2026-06-28 22:39:00,59736.4,59756.9,59574.9,59604.0,442.195
2026-06-28 22:42:00,59604.0,59625.1,59523.0,59608.8,469.761
2026-06-28 22:45:00,59608.9,59659.5,59600.0,59621.8,188.418
2026-06-28 22:48:00,59621.8,59644.3,59566.0,59636.1,214.47
2026-06-28 22:51:00,59636.1,59645.9,59589.0,59628.9,358.129
2026-06-28 22:54:00,59628.9,59641.8,59567.6,59581.9,149.6
2026-06-28 22:57:00,59581.9,59600.1,59563.6,59567.7,165.008
2026-06-28 23:00:00,59567.8,59606.7,59547.4,59600.1,332.45
2026-06-28 23:03:00,59600.1,59615.0,59455.0,59472.6,1296.053
2026-06-28 23:06:00,59472.6,59495.7,59366.6,59399.0,1865.782
2026-06-28 23:09:00,59399.3,59506.2,59379.0,59484.7,465.034
2026-06-28 23:12:00,59484.7,59533.0,59470.9,59505.1,273.158
2026-06-28 23:15:00,59505.0,59563.4,59490.0,59517.6,206.716
2026-06-28 23:18:00,59517.7,59536.8,59488.0,59514.5,165.099
2026-06-28 23:21:00,59514.4,59604.8,59514.4,59550.1,308.7
2026-06-28 23:24:00,59550.1,59608.0,59542.8,59580.1,191.664
2026-06-28 23:27:00,59580.2,59589.4,59549.6,59557.3,143.869
2026-06-28 23:30:00,59557.3,59643.8,59544.8,59639.7,324.903
2026-06-28 23:33:00,59639.6,59678.8,59600.0,59608.2,260.942
2026-06-28 23:36:00,59608.1,59666.6,59584.3,59662.1,162.098
2026-06-28 23:39:00,59662.1,59662.1,59622.1,59625.0,146.199
2026-06-28 23:42:00,59624.9,59649.8,59613.6,59616.4,103.864
2026-06-28 23:45:00,59616.4,59637.7,59592.0,59617.1,183.459
2026-06-28 23:48:00,59617.1,59629.2,59588.8,59588.9,143.488
2026-06-28 23:51:00,59588.8,59632.3,59584.3,59617.9,112.012
2026-06-28 23:54:00,59617.9,59646.3,59603.2,59603.3,131.267
2026-06-28 23:57:00,59603.2,59616.3,59566.0,59579.2,141.845
2026-06-29 00:00:00,59579.1,59649.4,59576.4,59627.3,175.824
2026-06-29 00:03:00,59627.2,59630.1,59571.3,59571.4,113.495
2026-06-29 00:06:00,59571.3,59600.0,59551.6,59559.1,138.435
2026-06-29 00:09:00,59559.2,59601.6,59544.3,59595.7,142.0
2026-06-29 00:12:00,59595.7,59611.5,59568.2,59568.2,80.035
2026-06-29 00:15:00,59568.3,59595.0,59560.9,59567.5,80.139
2026-06-29 00:18:00,59567.4,59567.4,59466.9,59496.2,304.325
2026-06-29 00:21:00,59496.3,59571.1,59480.4,59542.0,181.334
2026-06-29 00:24:00,59542.0,59575.0,59500.8,59562.1,123.394
2026-06-29 00:27:00,59562.0,59599.6,59559.9,59580.7,121.899
2026-06-29 00:30:00,59580.7,59584.2,59504.2,59504.2,126.675
2026-06-29 00:33:00,59504.2,59520.0,59430.2,59479.4,227.537
2026-06-29 00:36:00,59479.4,59517.0,59479.3,59497.6,93.151
2026-06-29 00:39:00,59497.6,59522.7,59485.4,59486.0,120.849
2026-06-29 00:42:00,59486.0,59492.9,59469.9,59478.6,110.025
2026-06-29 00:45:00,59478.6,59490.5,59427.1,59430.5,155.733
2026-06-29 00:48:00,59430.6,59457.5,59410.6,59413.0,94.593
2026-06-29 00:51:00,59413.0,59508.6,59407.6,59483.5,176.893
2026-06-29 00:54:00,59483.5,59510.6,59474.0,59490.1,80.933
2026-06-29 00:57:00,59490.1,59520.0,59486.2,59520.0,79.504
2026-06-29 01:00:00,59520.0,59658.2,59506.0,59612.8,346.518
2026-06-29 01:03:00,59612.9,59636.9,59485.1,59485.2,266.678
2026-06-29 01:06:00,59485.1,59512.4,59388.0,59398.8,455.226
2026-06-29 01:09:00,59398.8,59432.0,59390.4,59405.1,199.55
2026-06-29 01:12:00,59405.0,59417.0,59400.0,59408.1,151.788
2026-06-29 01:15:00,59408.1,59412.0,59224.6,59249.9,1692.356
2026-06-29 01:18:00,59250.0,59366.2,59249.1,59354.4,394.159
2026-06-29 01:21:00,59354.4,59384.0,59304.9,59383.9,289.442
2026-06-29 01:24:00,59384.0,59470.2,59384.0,59427.0,336.192
2026-06-29 01:27:00,59427.1,59478.0,59415.0,59451.4,243.109
2026-06-29 01:30:00,59451.3,59500.1,59443.8,59478.7,172.976
2026-06-29 01:33:00,59478.7,59518.7,59478.7,59511.0,146.271
2026-06-29 01:36:00,59511.0,59521.8,59496.6,59496.6,67.046
2026-06-29 01:39:00,59496.6,59571.4,59496.6,59539.7,193.791
2026-06-29 01:42:00,59539.7,59657.5,59539.6,59637.5,263.268
2026-06-29 01:45:00,59637.4,59747.7,59627.6,59669.9,511.916
2026-06-29 01:48:00,59670.0,59670.0,59650.0,59650.6,215.619
2026-06-29 01:51:00,59650.6,59679.4,59650.0,59679.4,274.168
2026-06-29 01:54:00,59679.4,59721.4,59653.4,59669.1,246.352
2026-06-29 01:57:00,59669.1,59727.4,59665.4,59693.5,276.515
2026-06-29 02:00:00,59693.5,59700.3,59650.0,59651.4,195.466
2026-06-29 02:03:00,59651.3,59659.6,59650.0,59650.0,212.965
2026-06-29 02:06:00,59650.0,59695.2,59606.3,59680.0,789.015
2026-06-29 02:09:00,59680.0,59685.0,59659.9,59669.1,86.651
2026-06-29 02:12:00,59669.0,59669.1,59644.8,59646.2,73.713
2026-06-29 02:15:00,59646.2,59671.2,59625.3,59671.2,180.631
2026-06-29 02:18:00,59671.2,59701.5,59636.9,59637.2,95.749
2026-06-29 02:21:00,59637.2,59643.7,59623.3,59639.9,105.42
2026-06-29 02:24:00,59640.0,59644.3,59632.1,59641.5,80.458
2026-06-29 02:27:00,59641.6,59642.9,59634.0,59634.0,35.378
2026-06-29 02:30:00,59634.1,59636.9,59623.0,59627.6,101.836
2026-06-29 02:33:00,59627.5,59673.2,59627.5,59670.1,121.845
2026-06-29 02:36:00,59670.1,59681.8,59637.6,59667.7,100.7
2026-06-29 02:39:00,59667.6,59674.5,59650.0,59650.0,43.864
2026-06-29 02:42:00,59650.1,59670.1,59623.0,59670.0,329.019
2026-06-29 02:45:00,59670.0,59670.0,59633.9,59645.2,65.196
2026-06-29 02:48:00,59645.2,59683.9,59634.4,59683.2,65.581
2026-06-29 02:51:00,59683.2,59692.5,59635.5,59671.4,65.748
2026-06-29 02:54:00,59671.4,59676.0,59651.9,59671.4,50.578
2026-06-29 02:57:00,59671.5,59720.1,59668.3,59680.9,160.081
2026-06-29 03:00:00,59681.0,59704.9,59672.5,59686.8,91.147
2026-06-29 03:03:00,59686.7,59703.4,59686.7,59693.3,113.467
2026-06-29 03:06:00,59693.4,59773.8,59666.0,59674.0,201.797
2026-06-29 03:09:00,59674.1,59688.0,59642.0,59672.3,92.378
2026-06-29 03:12:00,59672.3,59686.8,59628.6,59628.6,146.372
2026-06-29 03:15:00,59628.6,59655.0,59438.3,59474.2,1366.117
2026-06-29 03:18:00,59474.3,59487.5,59351.0,59382.4,581.57
2026-06-29 03:21:00,59382.5,59399.5,59300.0,59322.6,569.913
2026-06-29 03:24:00,59322.5,59391.1,59311.6,59351.1,215.943
2026-06-29 03:27:00,59351.0,59418.1,59333.6,59418.1,167.508
2026-06-29 03:30:00,59418.1,59800.0,59418.1,59728.1,973.634
2026-06-29 03:33:00,59728.2,59883.2,59728.0,59792.0,1223.482
2026-06-29 03:36:00,59792.0,59861.2,59665.9,59665.9,464.066
2026-06-29 03:39:00,59665.9,59722.0,59576.1,59584.8,366.305
2026-06-29 03:42:00,59585.0,59664.7,59577.0,59606.7,229.767
2026-06-29 03:45:00,59606.7,59617.3,59535.4,59571.9,271.948
2026-06-29 03:48:00,59571.8,59571.9,59121.8,59199.9,1934.435
2026-06-29 03:51:00,59199.9,59477.8,59190.6,59432.5,829.786
2026-06-29 03:54:00,59432.6,59500.0,59302.1,59307.1,703.532
2026-06-29 03:57:00,59307.1,59391.9,59228.0,59356.0,343.107
2026-06-29 04:00:00,59356.1,59433.8,59292.0,59292.0,424.331
2026-06-29 04:03:00,59292.0,59324.6,59142.4,59228.5,774.34
2026-06-29 04:06:00,59228.5,59299.3,59211.4,59260.8,328.416
2026-06-29 04:09:00,59260.8,59294.1,59102.4,59118.8,545.754
2026-06-29 04:12:00,59118.9,59173.8,59041.8,59077.1,763.59
2026-06-29 04:15:00,59077.1,59193.6,59077.1,59096.1,348.983
2026-06-29 04:18:00,59096.0,59192.6,59096.0,59136.6,280.794
2026-06-29 04:21:00,59136.6,59136.6,58888.0,58983.8,1760.196
2026-06-29 04:24:00,58983.8,59099.1,58938.7,59041.0,700.276
2026-06-29 04:27:00,59040.9,59066.7,58988.1,59040.1,383.326
2026-06-29 04:30:00,59040.0,59283.1,58975.0,59205.3,1087.84
2026-06-29 04:33:00,59205.3,59253.0,59152.8,59175.0,298.58
2026-06-29 04:36:00,59175.0,59323.0,59174.9,59278.3,265.117
2026-06-29 04:39:00,59278.2,59300.0,59252.4,59300.0,144.857
2026-06-29 04:42:00,59299.9,59341.2,59231.5,59235.3,268.024
2026-06-29 04:45:00,59235.3,59278.6,59218.7,59272.4,163.0
2026-06-29 04:48:00,59272.4,59391.6,59257.4,59321.6,278.237
2026-06-29 04:51:00,59321.5,59381.8,59268.1,59341.6,146.274
2026-06-29 04:54:00,59341.5,59399.0,59334.1,59398.7,179.516
2026-06-29 04:57:00,59398.8,59560.0,59385.3,59508.4,851.249
2026-06-29 05:00:00,59508.3,59640.6,59496.4,59590.4,768.667
2026-06-29 05:03:00,59590.4,59620.0,59533.6,59612.9,281.735
2026-06-29 05:06:00,59613.0,59820.4,59600.0,59791.8,847.017
2026-06-29 05:09:00,59791.8,59801.4,59715.1,59759.1,600.863
2026-06-29 05:12:00,59759.1,59781.3,59691.3,59699.9,217.1
2026-06-29 05:15:00,59699.9,59775.0,59673.3,59709.7,298.836
2026-06-29 05:18:00,59709.6,59750.4,59680.0,59716.8,219.132
2026-06-29 05:21:00,59716.7,59732.4,59625.2,59696.2,241.363
2026-06-29 05:24:00,59696.2,59696.2,59622.1,59630.0,146.229
2026-06-29 05:27:00,59630.0,59640.4,59544.7,59550.2,407.727
2026-06-29 05:30:00,59550.2,59559.1,59357.9,59397.3,638.303
2026-06-29 05:33:00,59397.4,59460.4,59304.7,59338.6,393.443
2026-06-29 05:36:00,59338.6,59393.3,59237.6,59356.4,551.343
2026-06-29 05:39:00,59356.4,59523.6,59356.4,59512.2,277.462
2026-06-29 05:42:00,59512.3,59673.3,59487.1,59557.1,425.161
2026-06-29 05:45:00,59557.1,59575.0,59320.0,59407.8,364.778
2026-06-29 05:48:00,59407.8,59426.4,59300.8,59300.8,213.016
2026-06-29 05:51:00,59300.9,59327.8,59165.3,59235.5,712.356
2026-06-29 05:54:00,59235.6,59330.6,59228.5,59272.9,298.614
2026-06-29 05:57:00,59272.9,59290.8,59180.9,59181.0,222.768
2026-06-29 06:00:00,59181.0,59226.9,58980.0,59055.1,1208.336
2026-06-29 06:03:00,59055.1,59200.1,59055.1,59106.6,486.41
2026-06-29 06:06:00,59106.6,59181.0,58978.2,59096.6,710.782
2026-06-29 06:09:00,59097.0,59291.8,59066.2,59291.8,503.171
2026-06-29 06:12:00,59291.8,59361.4,59254.7,59355.5,331.405
2026-06-29 06:15:00,59355.4,59355.5,59208.1,59212.1,253.169
2026-06-29 06:18:00,59212.0,59430.6,59145.1,59339.0,415.37
2026-06-29 06:21:00,59339.1,59459.4,59331.8,59434.9,251.378
2026-06-29 06:24:00,59434.8,59609.3,59431.0,59549.7,495.767
2026-06-29 06:27:00,59549.6,59678.1,59528.5,59637.3,485.456
2026-06-29 06:30:00,59637.3,59674.3,59457.9,59503.2,521.105
2026-06-29 06:33:00,59503.2,59526.1,59436.1,59463.0,221.328
2026-06-29 06:36:00,59463.0,59609.4,59463.0,59508.8,268.18
2026-06-29 06:39:00,59508.9,59534.2,59473.3,59488.8,117.647
2026-06-29 06:42:00,59488.9,59507.9,59427.4,59462.5,117.993
2026-06-29 06:45:00,59462.5,59493.8,59253.3,59253.4,358.342
2026-06-29 06:48:00,59253.3,59296.8,59204.5,59279.8,553.256
2026-06-29 06:51:00,59279.8,59313.2,59244.4,59283.9,299.26
2026-06-29 06:54:00,59284.0,59419.9,59268.0,59395.0,226.483
2026-06-29 06:57:00,59394.9,59408.7,59268.0,59276.3,226.419
2026-06-29 07:00:00,59276.3,59342.8,59170.5,59342.7,371.292
2026-06-29 07:03:00,59342.8,59349.9,59209.4,59345.9,201.577
2026-06-29 07:06:00,59345.8,59470.8,59316.1,59432.7,216.698
2026-06-29 07:09:00,59432.7,59548.1,59422.9,59544.6,332.927
2026-06-29 07:12:00,59544.7,59550.0,59493.2,59523.6,202.115
2026-06-29 07:15:00,59523.6,59547.6,59430.3,59456.0,146.287
2026-06-29 07:18:00,59455.9,59551.7,59433.6,59434.6,286.19
2026-06-29 07:21:00,59434.7,59512.1,59403.8,59438.9,164.593
2026-06-29 07:24:00,59439.0,59509.3,59436.4,59436.4,114.143
2026-06-29 07:27:00,59436.1,59460.0,59411.0,59413.0,89.451
2026-06-29 07:30:00,59413.0,59483.3,59350.6,59471.5,130.881
2026-06-29 07:33:00,59471.6,59493.9,59320.0,59410.4,215.808
2026-06-29 07:36:00,59410.4,59412.0,59247.0,59265.1,263.372
2026-06-29 07:39:00,59265.1,59283.6,59181.3,59190.1,414.887
2026-06-29 07:42:00,59190.0,59190.1,58850.0,58998.3,2176.167
2026-06-29 07:45:00,58998.3,59197.2,58950.3,59138.7,699.646
2026-06-29 07:48:00,59138.8,59196.5,59092.8,59196.5,250.611
2026-06-29 07:51:00,59196.5,59319.3,59172.5,59263.9,565.068
2026-06-29 07:54:00,59263.8,59345.3,59243.5,59345.3,277.16
2026-06-29 07:57:00,59345.3,59576.8,59339.3,59522.8,1695.566
2026-06-29 08:00:00,59522.8,59538.3,59477.7,59538.1,1100.243
2026-06-29 08:03:00,59538.1,59550.0,59477.0,59513.0,476.914
2026-06-29 08:06:00,59513.1,59648.3,59490.2,59644.2,826.321
2026-06-29 08:09:00,59644.1,59681.4,59616.0,59669.0,760.901
2026-06-29 08:12:00,59669.1,59784.9,59669.1,59751.4,1009.225
2026-06-29 08:15:00,59751.4,59788.0,59730.0,59735.8,440.384
2026-06-29 08:18:00,59735.9,59763.6,59679.9,59747.5,545.558
2026-06-29 08:21:00,59747.6,59747.6,59689.5,59693.4,155.083
2026-06-29 08:24:00,59693.4,59778.0,59683.7,59770.2,1243.777
2026-06-29 08:27:00,59770.2,59787.0,59700.0,59731.7,750.204
2026-06-29 08:30:00,59731.8,59975.0,59731.8,59895.3,2028.538
2026-06-29 08:33:00,59895.4,60147.2,59833.0,60000.5,1606.783
2026-06-29 08:36:00,60000.5,60137.7,59933.0,60091.7,1054.065
2026-06-29 08:39:00,60091.7,60166.0,60051.5,60066.8,656.872
2026-06-29 08:42:00,60066.9,60066.9,59960.1,59978.3,342.463
2026-06-29 08:45:00,59978.2,60000.0,59960.0,59983.6,163.745
2026-06-29 08:48:00,59983.7,60050.0,59942.3,60050.0,379.846
2026-06-29 08:51:00,60050.0,60064.9,60000.0,60006.5,168.302
2026-06-29 08:54:00,60006.5,60153.8,59988.8,60153.7,402.243
2026-06-29 08:57:00,60153.7,60219.4,60102.0,60151.7,685.813
2026-06-29 09:00:00,60151.8,60188.0,60015.0,60029.2,321.463
2026-06-29 09:03:00,60029.2,60044.1,59978.0,59980.1,361.047
2026-06-29 09:06:00,59980.0,59992.7,59846.6,59871.6,624.989
2026-06-29 09:09:00,59871.7,59928.3,59850.0,59876.0,271.115
2026-06-29 09:12:00,59876.2,59916.1,59855.0,59891.1,193.939
2026-06-29 09:15:00,59891.0,59995.6,59850.3,59987.6,180.61
2026-06-29 09:18:00,59987.5,60000.0,59937.6,59951.7,123.459
2026-06-29 09:21:00,59951.6,60057.8,59927.6,60002.1,193.464
2026-06-29 09:24:00,60002.0,60015.3,59932.9,59951.9,120.003
2026-06-29 09:27:00,59951.8,60039.5,59940.6,60019.8,103.54
2026-06-29 09:30:00,60019.9,60031.5,59967.2,59978.0,151.638
2026-06-29 09:33:00,59978.0,60011.5,59944.1,59955.6,160.529
2026-06-29 09:36:00,59955.5,59967.8,59902.8,59957.1,109.789
2026-06-29 09:39:00,59957.1,59967.7,59888.0,59905.3,113.589
2026-06-29 09:42:00,59905.3,59916.2,59875.0,59897.4,69.361
2026-06-29 09:45:00,59897.4,59954.2,59879.4,59944.6,97.454
2026-06-29 09:48:00,59944.5,59944.5,59863.2,59883.5,81.846
2026-06-29 09:51:00,59883.4,59883.4,59810.5,59859.5,189.482
2026-06-29 09:54:00,59859.6,59975.1,59859.5,59953.9,122.459
2026-06-29 09:57:00,59953.9,59954.0,59912.8,59931.7,78.8
2026-06-29 10:00:00,59931.8,59939.8,59872.5,59896.0,101.299
2026-06-29 10:03:00,59895.9,59896.0,59853.9,59857.1,79.556
2026-06-29 10:06:00,59857.2,59887.7,59800.1,59875.4,181.891
2026-06-29 10:09:00,59875.4,59875.4,59717.0,59768.8,414.695
2026-06-29 10:12:00,59768.8,59817.9,59742.8,59814.5,220.313
2026-06-29 10:15:00,59814.5,59822.9,59771.8,59795.1,154.55
2026-06-29 10:18:00,59795.0,59814.3,59756.8,59807.0,114.21
2026-06-29 10:21:00,59806.9,59885.5,59785.2,59861.5,151.277
2026-06-29 10:24:00,59861.6,59874.6,59764.7,59803.7,93.261
2026-06-29 10:27:00,59803.7,59824.5,59800.0,59806.2,60.072
2026-06-29 10:30:00,59806.2,59839.9,59721.2,59726.8,157.848
2026-06-29 10:33:00,59726.8,59730.3,59436.2,59464.2,1273.54
2026-06-29 10:36:00,59464.1,59596.1,59464.1,59588.7,558.243
2026-06-29 10:39:00,59588.7,59588.7,59462.0,59486.3,282.579
2026-06-29 10:42:00,59486.4,59520.0,59360.3,59504.8,792.452
2026-06-29 10:45:00,59504.9,59691.5,59500.9,59596.5,516.02
2026-06-29 10:48:00,59596.4,59638.7,59540.6,59601.3,213.165
2026-06-29 10:51:00,59601.2,59648.4,59575.4,59648.4,158.819
2026-06-29 10:54:00,59648.4,59693.1,59620.2,59660.9,204.888
2026-06-29 10:57:00,59660.9,59694.6,59644.0,59662.2,131.454
2026-06-29 11:00:00,59662.1,59718.1,59616.5,59665.4,169.412
2026-06-29 11:03:00,59665.4,59815.2,59665.3,59733.3,336.11
2026-06-29 11:06:00,59733.2,59742.9,59690.1,59726.6,104.007
2026-06-29 11:09:00,59726.5,59746.0,59701.5,59719.4,102.094
2026-06-29 11:12:00,59719.5,59904.8,59719.4,59888.7,365.981
2026-06-29 11:15:00,59888.6,59983.3,59873.8,59939.8,401.033
2026-06-29 11:18:00,59940.0,59940.8,59874.4,59899.9,204.598
2026-06-29 11:21:00,59899.9,59963.3,59899.9,59943.1,242.505
2026-06-29 11:24:00,59943.0,60022.4,59934.0,60011.3,314.678
2026-06-29 11:27:00,60011.3,60088.0,60007.0,60082.7,439.827
2026-06-29 11:30:00,60082.7,60200.0,60082.7,60093.1,1099.257
2026-06-29 11:33:00,60093.0,60124.9,60060.3,60066.3,309.739
2026-06-29 11:36:00,60066.4,60175.0,60056.9,60100.0,440.1
2026-06-29 11:39:00,60100.0,60146.2,60091.6,60103.8,252.382
2026-06-29 11:42:00,60103.8,60159.9,60100.0,60149.7,232.359
2026-06-29 11:45:00,60149.7,60299.1,60094.3,60288.8,941.744
2026-06-29 11:48:00,60288.9,60325.0,60226.9,60297.9,893.372
2026-06-29 11:51:00,60297.8,60297.8,60203.4,60280.0,335.233
2026-06-29 11:54:00,60280.0,60280.1,60204.4,60204.4,336.145
2026-06-29 11:57:00,60204.4,60217.6,60130.1,60140.4,408.255
2026-06-29 12:00:00,60140.4,60180.0,60124.0,60158.6,181.895
2026-06-29 12:03:00,60158.5,60164.4,60083.3,60089.3,363.718
2026-06-29 12:06:00,60089.3,60094.0,60043.6,60049.8,427.921
2026-06-29 12:09:00,60049.8,60125.0,60045.4,60086.8,178.863
2026-06-29 12:12:00,60086.8,60100.0,60048.1,60048.1,108.566
2026-06-29 12:15:00,60048.2,60084.8,60048.0,60065.6,168.661
2026-06-29 12:18:00,60065.7,60098.5,60022.2,60049.9,229.648
2026-06-29 12:21:00,60050.0,60138.7,60050.0,60129.9,236.336
2026-06-29 12:24:00,60129.9,60131.0,60051.7,60062.4,150.015
2026-06-29 12:27:00,60062.5,60075.7,60050.6,60051.0,77.79
2026-06-29 12:30:00,60051.1,60054.1,59900.7,59911.9,555.537
2026-06-29 12:33:00,59911.9,60040.0,59906.0,60000.1,357.562
2026-06-29 12:36:00,60000.2,60027.6,59977.2,59980.3,197.666
2026-06-29 12:39:00,59980.3,60000.0,59954.6,59959.6,120.633
2026-06-29 12:42:00,59959.6,60053.0,59956.9,60053.0,170.489
2026-06-29 12:45:00,60053.0,60162.5,60053.0,60084.3,304.685
2026-06-29 12:48:00,60084.3,60111.2,60028.2,60064.9,134.546
2026-06-29 12:51:00,60064.9,60075.1,60005.4,60018.0,124.953
2026-06-29 12:54:00,60018.0,60035.1,59992.6,60027.2,106.522
2026-06-29 12:57:00,60027.2,60119.4,60011.8,60072.1,127.618
2026-06-29 13:00:00,60072.2,60093.0,60058.8,60064.7,97.962
2026-06-29 13:03:00,60064.7,60083.9,60032.7,60077.9,117.841
2026-06-29 13:06:00,60077.9,60110.8,60065.3,60066.7,150.079
2026-06-29 13:09:00,60066.7,60085.4,60036.0,60036.0,86.737
2026-06-29 13:12:00,60036.0,60047.6,60017.8,60026.8,133.689
2026-06-29 13:15:00,60026.8,60063.0,60014.9,60043.9,141.379
2026-06-29 13:18:00,60044.0,60096.0,60031.2,60088.0,190.836
2026-06-29 13:21:00,60088.1,60108.8,60069.7,60095.0,149.283
2026-06-29 13:24:00,60095.0,60095.0,60046.3,60051.2,169.165
2026-06-29 13:27:00,60051.3,60053.3,59998.9,59998.9,198.603
2026-06-29 13:30:00,59998.9,60070.1,59975.0,60017.2,256.884
2026-06-29 13:33:00,60017.2,60064.5,59960.1,60010.3,182.293
2026-06-29 13:36:00,60010.3,60013.2,59868.5,59949.8,366.296
2026-06-29 13:39:00,59949.8,59988.5,59942.0,59955.7,294.741
2026-06-29 13:42:00,59955.8,59968.3,59912.8,59938.3,184.587
2026-06-29 13:45:00,59938.2,59984.2,59924.6,59984.1,157.967
2026-06-29 13:48:00,59984.2,60038.3,59924.3,59924.4,160.108
2026-06-29 13:51:00,59924.4,59989.0,59847.0,59847.0,414.172
2026-06-29 13:54:00,59847.0,59899.9,59794.1,59794.1,556.857
2026-06-29 13:57:00,59794.0,59844.3,59781.8,59803.0,314.437
2026-06-29 14:00:00,59802.8,59820.3,59728.2,59754.2,467.089
2026-06-29 14:03:00,59754.3,59885.3,59712.8,59813.2,483.149
2026-06-29 14:06:00,59813.1,59888.0,59813.1,59831.4,138.21
2026-06-29 14:09:00,59831.3,59877.7,59831.3,59832.4,98.632
2026-06-29 14:12:00,59832.4,59849.0,59775.4,59840.2,100.78
2026-06-29 14:15:00,59840.1,59927.6,59831.2,59906.9,248.534
2026-06-29 14:18:00,59906.9,59908.1,59861.3,59884.7,137.229
2026-06-29 14:21:00,59884.7,59900.0,59857.6,59877.8,91.754
2026-06-29 14:24:00,59877.8,59877.8,59805.0,59814.8,154.156
2026-06-29 14:27:00,59814.8,59834.9,59806.8,59806.9,91.544
2026-06-29 14:30:00,59806.9,59864.9,59777.8,59814.7,157.281
2026-06-29 14:33:00,59814.7,59850.0,59810.2,59822.9,135.364
2026-06-29 14:36:00,59822.8,59856.8,59811.9,59847.1,89.774
2026-06-29 14:39:00,59847.0,59870.0,59836.3,59870.0,80.226
2026-06-29 14:42:00,59870.0,59932.7,59852.3,59921.0,184.713
2026-06-29 14:45:00,59921.0,60039.6,59914.3,60030.7,500.685
2026-06-29 14:48:00,60030.8,60089.1,59947.8,59980.1,539.513
2026-06-29 14:51:00,59980.1,60010.0,59933.3,59944.7,130.782
2026-06-29 14:54:00,59944.6,59944.7,59750.1,59794.0,552.143
2026-06-29 14:57:00,59793.9,59952.7,59793.9,59906.0,709.521
2026-06-29 15:00:00,59906.0,59977.4,59906.0,59940.9,166.617
2026-06-29 15:03:00,59941.0,59953.9,59856.2,59865.3,165.675
2026-06-29 15:06:00,59865.2,59912.2,59861.2,59896.8,106.698
2026-06-29 15:09:00,59896.9,59940.5,59873.1,59882.8,97.647
2026-06-29 15:12:00,59882.7,59976.1,59882.7,59946.7,512.448
2026-06-29 15:15:00,59946.7,60034.3,59941.5,60030.7,204.358
2026-06-29 15:18:00,60030.7,60041.8,59979.7,60014.5,188.513
2026-06-29 15:21:00,60014.4,60021.7,59895.2,59947.5,339.043
2026-06-29 15:24:00,59947.5,60048.8,59943.4,60010.7,128.978
2026-06-29 15:27:00,60010.7,60050.0,60005.0,60031.3,104.526
2026-06-29 15:30:00,60031.3,60174.7,60031.3,60165.5,433.672
2026-06-29 15:33:00,60165.5,60165.5,60098.4,60141.8,287.378
2026-06-29 15:36:00,60141.7,60175.7,60105.6,60132.3,239.475
2026-06-29 15:39:00,60132.3,60287.1,60132.3,60198.8,922.53
2026-06-29 15:42:00,60198.8,60230.0,60168.0,60207.1,525.468
2026-06-29 15:45:00,60207.1,60261.0,60169.1,60235.6,481.988
2026-06-29 15:48:00,60235.6,60287.0,60235.6,60260.9,255.719
2026-06-29 15:51:00,60260.9,60275.0,60210.1,60210.5,222.373
2026-06-29 15:54:00,60210.5,60217.8,60171.7,60199.5,271.766
2026-06-29 15:57:00,60199.6,60206.9,60154.2,60191.2,154.391
2026-06-29 16:00:00,60191.3,60195.9,60073.5,60115.9,332.668
2026-06-29 16:03:00,60115.9,60143.2,60074.4,60099.7,199.037
2026-06-29 16:06:00,60099.7,60129.6,60048.3,60092.7,264.073
2026-06-29 16:09:00,60092.7,60119.6,60072.8,60094.4,97.32
2026-06-29 16:12:00,60094.3,60111.2,60085.0,60106.3,74.138
2026-06-29 16:15:00,60106.3,60132.0,60049.2,60075.3,262.536
2026-06-29 16:18:00,60075.7,60085.4,60050.0,60077.2,102.928
2026-06-29 16:21:00,60077.2,60114.5,60037.0,60054.3,145.233
2026-06-29 16:24:00,60054.3,60075.5,60039.9,60053.2,161.446
2026-06-29 16:27:00,60053.3,60066.5,60050.0,60062.4,77.769
2026-06-29 16:30:00,60062.3,60075.9,59996.2,60014.9,172.416
2026-06-29 16:33:00,60014.9,60023.0,59975.4,59985.0,240.828
2026-06-29 16:36:00,59985.0,60019.1,59969.0,59994.6,169.437
2026-06-29 16:39:00,59994.5,60000.0,59935.0,59938.4,163.306
2026-06-29 16:42:00,59938.4,59954.9,59919.0,59919.1,287.116
2026-06-29 16:45:00,59919.1,59940.0,59850.2,59850.2,296.788
2026-06-29 16:48:00,59850.3,59894.7,59850.3,59880.7,205.762
2026-06-29 16:51:00,59880.8,59897.6,59869.3,59885.9,230.294
2026-06-29 16:54:00,59885.9,59971.4,59885.9,59961.3,349.797
2026-06-29 16:57:00,59961.3,59974.2,59928.5,59965.8,137.424
2026-06-29 17:00:00,59965.7,60193.2,59929.9,60031.8,999.864
2026-06-29 17:03:00,60031.8,60031.8,59923.3,59926.1,235.159
2026-06-29 17:06:00,59926.1,59938.0,59860.7,59860.7,189.008
2026-06-29 17:09:00,59860.7,59860.8,59784.0,59829.3,468.497
2026-06-29 17:12:00,59829.2,59869.1,59807.9,59830.4,279.619
2026-06-29 17:15:00,59830.4,59867.9,59816.9,59848.9,137.975
2026-06-29 17:18:00,59848.9,59863.6,59773.5,59827.3,237.516
2026-06-29 17:21:00,59827.4,59827.4,59770.4,59777.5,172.265
2026-06-29 17:24:00,59777.5,59894.3,59777.4,59883.2,336.318
2026-06-29 17:27:00,59883.3,59979.5,59866.7,59927.2,753.419
2026-06-29 17:30:00,59927.2,60123.7,59552.6,60100.4,5021.375
2026-06-29 17:33:00,60100.3,60498.0,60002.7,60457.5,5182.863
2026-06-29 17:36:00,60457.5,60722.0,60377.5,60461.0,4251.294
2026-06-29 17:39:00,60461.1,60549.9,60368.8,60473.2,1831.021
2026-06-29 17:42:00,60473.2,60758.3,60473.2,60651.0,1914.283
2026-06-29 17:45:00,60651.1,60714.6,60565.5,60649.9,990.43
2026-06-29 17:48:00,60650.0,60742.1,60633.5,60643.8,1299.633
2026-06-29 17:51:00,60643.8,60645.0,60383.8,60404.5,2050.641
2026-06-29 17:54:00,60404.4,60478.5,60388.5,60440.0,923.692
2026-06-29 17:57:00,60440.0,60458.8,60406.0,60412.2,299.868
2026-06-29 18:00:00,60412.3,60438.8,60320.0,60330.1,837.445
2026-06-29 18:03:00,60330.2,60365.4,60300.0,60300.0,504.107
2026-06-29 18:06:00,60300.1,60309.4,59909.0,59909.3,2726.835
2026-06-29 18:09:00,59909.3,59949.9,59774.0,59875.6,3365.206
2026-06-29 18:12:00,59875.6,59943.0,59844.4,59919.9,975.661
2026-06-29 18:15:00,59920.0,60025.9,59900.0,59993.0,697.246
2026-06-29 18:18:00,59993.0,60000.0,59875.0,59923.3,521.351
2026-06-29 18:21:00,59923.2,59940.9,59749.0,59903.7,970.758
2026-06-29 18:24:00,59903.7,59940.1,59895.4,59930.0,287.93
2026-06-29 18:27:00,59930.0,59960.0,59911.0,59923.5,311.974
2026-06-29 18:30:00,59923.5,60067.5,59923.5,60041.8,495.563
2026-06-29 18:33:00,60041.8,60200.0,60035.7,60183.6,867.119
2026-06-29 18:36:00,60183.6,60217.7,60066.5,60083.4,500.75
2026-06-29 18:39:00,60083.6,60178.9,60043.6,60178.8,264.729
2026-06-29 18:42:00,60178.8,60313.0,60165.4,60191.9,708.694
2026-06-29 18:45:00,60191.9,60246.8,60180.2,60239.0,214.424
2026-06-29 18:48:00,60238.9,60281.9,60203.2,60207.7,290.96
2026-06-29 18:51:00,60207.6,60207.6,60043.6,60088.4,490.597
2026-06-29 18:54:00,60088.4,60098.5,59962.6,59988.6,533.859
2026-06-29 18:57:00,59988.5,60013.0,59933.8,59950.1,415.669
2026-06-29 19:00:00,59950.0,60253.3,59804.0,60095.0,1595.525
2026-06-29 19:03:00,60095.0,60191.5,59856.6,59866.1,695.064
2026-06-29 19:06:00,59866.1,59929.5,59724.7,59791.5,1098.087
2026-06-29 19:09:00,59791.5,59830.7,59533.7,59545.3,2435.651
2026-06-29 19:12:00,59545.4,59642.3,59421.0,59432.2,3230.306
2026-06-29 19:15:00,59432.2,59548.9,59302.8,59415.2,2570.632
2026-06-29 19:18:00,59415.2,59478.1,59302.8,59478.1,2002.153
2026-06-29 19:21:00,59478.0,59577.6,59392.3,59472.9,1378.752
2026-06-29 19:24:00,59473.0,59512.2,59333.6,59421.0,895.566
2026-06-29 19:27:00,59420.9,59568.9,59375.4,59559.3,992.277
2026-06-29 19:30:00,59559.4,59575.0,59373.2,59429.9,847.167
2026-06-29 19:33:00,59429.9,59497.8,59266.4,59287.7,1527.967
2026-06-29 19:36:00,59287.7,59394.8,59150.0,59306.1,1669.921
2026-06-29 19:39:00,59306.2,59327.9,59116.3,59131.0,1289.004
2026-06-29 19:42:00,59131.0,59159.2,59063.0,59070.2,2066.454
2026-06-29 19:45:00,59070.1,59230.1,58988.0,59126.6,2969.372
2026-06-29 19:48:00,59126.5,59193.0,59014.8,59143.0,1467.619
2026-06-29 19:51:00,59143.0,59238.8,59102.8,59185.9,855.106
2026-06-29 19:54:00,59185.9,59400.5,59135.3,59346.2,1110.821
2026-06-29 19:57:00,59346.3,59546.3,59342.1,59481.6,1718.589
2026-06-29 20:00:00,59481.6,59520.7,59323.9,59348.1,933.096
2026-06-29 20:03:00,59348.2,59689.6,59348.1,59577.4,1743.921
2026-06-29 20:06:00,59577.4,59599.0,59489.0,59504.2,450.506
2026-06-29 20:09:00,59504.2,59564.1,59417.1,59499.9,392.811
2026-06-29 20:12:00,59499.5,59518.5,59285.7,59289.2,714.207
2026-06-29 20:15:00,59289.1,59363.8,59267.6,59267.7,516.017
2026-06-29 20:18:00,59267.7,59457.0,59221.2,59372.6,555.698
2026-06-29 20:21:00,59372.6,59483.1,59292.9,59478.6,530.729
2026-06-29 20:24:00,59478.5,59587.6,59458.4,59466.1,710.872
2026-06-29 20:27:00,59466.1,59480.0,59355.4,59444.0,266.405
2026-06-29 20:30:00,59444.1,59456.6,59282.2,59289.5,489.997
2026-06-29 20:33:00,59289.4,59289.4,59111.0,59191.4,821.538
2026-06-29 20:36:00,59191.4,59213.0,59100.0,59190.5,584.897
2026-06-29 20:39:00,59190.5,59284.0,59086.3,59100.3,490.031
2026-06-29 20:42:00,59100.4,59258.0,59067.6,59236.6,448.519
2026-06-29 20:45:00,59236.7,59319.4,59223.4,59270.4,421.558
2026-06-29 20:48:00,59270.3,59382.0,59270.3,59304.8,515.394
2026-06-29 20:51:00,59304.8,59335.5,59130.0,59138.9,442.798
2026-06-29 20:54:00,59138.8,59278.5,59111.4,59277.6,597.098
2026-06-29 20:57:00,59277.6,59475.0,59250.1,59470.4,451.709
2026-06-29 21:00:00,59470.4,59697.8,59470.4,59639.8,1892.224
2026-06-29 21:03:00,59639.8,59677.0,59571.6,59677.0,1209.817
2026-06-29 21:06:00,59677.0,59855.0,59672.9,59837.7,2495.56
2026-06-29 21:09:00,59837.7,59840.5,59643.7,59720.0,1302.542
2026-06-29 21:12:00,59719.9,59832.5,59659.8,59809.4,1454.707
2026-06-29 21:15:00,59809.4,59922.5,59735.5,59880.2,2002.457
2026-06-29 21:18:00,59880.1,59939.2,59856.0,59929.3,1318.417
2026-06-29 21:21:00,59929.2,59929.3,59814.9,59868.5,804.463
2026-06-29 21:24:00,59868.3,59928.6,59848.3,59854.6,337.596
2026-06-29 21:27:00,59854.6,59861.5,59785.9,59800.2,357.89
2026-06-29 21:30:00,59800.3,59817.9,59754.4,59754.5,503.026
2026-06-29 21:33:00,59754.4,59925.3,59754.4,59885.4,591.903
2026-06-29 21:36:00,59885.4,59885.4,59790.4,59835.5,315.934
2026-06-29 21:39:00,59835.6,59835.6,59730.6,59776.9,333.845
2026-06-29 21:42:00,59776.9,59821.2,59684.2,59709.9,609.002
2026-06-29 21:45:00,59709.9,59756.7,59707.2,59750.1,178.102
2026-06-29 21:48:00,59750.1,59765.9,59689.0,59700.9,168.59
2026-06-29 21:51:00,59700.8,59700.9,59638.1,59682.0,355.896
2026-06-29 21:54:00,59682.0,59700.9,59581.5,59581.6,362.127
2026-06-29 21:57:00,59581.5,59594.4,59562.6,59583.6,243.982
2026-06-29 22:00:00,59583.6,59723.8,59583.6,59650.2,438.209
2026-06-29 22:03:00,59650.1,59707.5,59631.2,59700.3,159.516
2026-06-29 22:06:00,59700.3,59794.2,59677.5,59750.2,172.132
2026-06-29 22:09:00,59750.2,59828.9,59750.1,59822.6,377.603
2026-06-29 22:12:00,59822.6,59872.8,59816.6,59859.4,338.956
2026-06-29 22:15:00,59859.5,59888.5,59806.3,59880.4,225.276
2026-06-29 22:18:00,59880.4,59999.0,59871.9,59885.0,642.085
2026-06-29 22:21:00,59884.9,59896.8,59810.6,59832.2,251.377
2026-06-29 22:24:00,59832.2,59869.4,59803.0,59869.3,145.574
2026-06-29 22:27:00,59869.3,59896.7,59858.9,59870.9,130.106
2026-06-29 22:30:00,59870.9,59990.2,59870.9,59990.2,330.637
2026-06-29 22:33:00,59990.3,60264.9,59990.2,60203.9,2486.316
2026-06-29 22:36:00,60203.8,60229.8,60144.0,60164.0,732.302
2026-06-29 22:39:00,60164.0,60294.7,60144.8,60261.7,708.053
2026-06-29 22:42:00,60261.8,60480.0,60248.7,60440.7,1659.653
2026-06-29 22:45:00,60440.7,60599.9,60440.7,60576.6,2419.73
2026-06-29 22:48:00,60576.6,60624.1,60506.7,60590.3,1520.916
2026-06-29 22:51:00,60590.3,60590.4,60385.9,60397.5,1237.361
2026-06-29 22:54:00,60397.5,60469.6,60380.2,60383.7,561.09
2026-06-29 22:57:00,60383.7,60552.1,60380.2,60526.8,654.479
2026-06-29 23:00:00,60526.8,60666.6,60486.2,60509.4,1050.067
2026-06-29 23:03:00,60509.4,60514.8,60444.5,60450.0,411.928
2026-06-29 23:06:00,60450.0,60468.9,60377.4,60377.5,461.168
2026-06-29 23:09:00,60377.5,60536.1,60368.0,60525.2,454.167
2026-06-29 23:12:00,60525.3,60640.0,60499.0,60594.5,588.523
2026-06-29 23:15:00,60594.6,60637.6,60517.1,60520.9,602.533
2026-06-29 23:18:00,60521.0,60587.8,60450.6,60491.8,478.837
2026-06-29 23:21:00,60491.9,60564.4,60459.1,60519.0,346.637
2026-06-29 23:24:00,60519.0,60534.5,60465.9,60507.5,290.039
2026-06-29 23:27:00,60507.4,60518.7,60376.8,60396.0,436.757
2026-06-29 23:30:00,60396.0,60426.0,60300.3,60353.0,616.431
2026-06-29 23:33:00,60353.1,60432.6,60350.1,60410.7,275.979
2026-06-29 23:36:00,60410.7,60483.7,60378.4,60458.7,352.539
2026-06-29 23:39:00,60458.8,60483.8,60420.0,60469.3,212.616
2026-06-29 23:42:00,60469.3,60500.1,60461.4,60499.9,265.509
2026-06-29 23:45:00,60500.0,60500.0,60355.3,60384.3,346.14
2026-06-29 23:48:00,60384.3,60456.9,60369.4,60438.6,180.67
2026-06-29 23:51:00,60438.7,60458.9,60411.0,60413.1,205.895
2026-06-29 23:54:00,60413.0,60427.8,60400.0,60400.5,165.821
2026-06-29 23:57:00,60400.4,60402.0,60200.5,60254.4,1282.794
2026-06-30 00:00:00,60254.4,60317.8,60230.4,60317.7,287.068
2026-06-30 00:03:00,60317.7,60317.8,60214.0,60250.0,244.403
2026-06-30 00:06:00,60250.0,60281.6,60179.8,60266.6,824.88
2026-06-30 00:09:00,60266.5,60285.3,60202.3,60229.8,491.11
2026-06-30 00:12:00,60229.8,60265.6,60200.0,60265.6,309.68
2026-06-30 00:15:00,60265.5,60274.1,60220.0,60249.5,189.789
2026-06-30 00:18:00,60249.5,60267.5,60206.7,60218.9,137.199
2026-06-30 00:21:00,60218.8,60220.5,60150.2,60219.9,360.783
2026-06-30 00:24:00,60219.9,60240.0,60207.1,60233.4,87.289
2026-06-30 00:27:00,60233.3,60275.4,60217.1,60275.4,88.084
2026-06-30 00:30:00,60275.4,60288.5,60168.9,60172.5,196.355
2026-06-30 00:33:00,60172.5,60195.2,60131.5,60137.6,225.799
2026-06-30 00:36:00,60137.6,60190.0,60127.4,60177.4,330.734
2026-06-30 00:39:00,60177.4,60242.6,60165.0,60238.8,204.669
2026-06-30 00:42:00,60238.8,60245.9,60172.5,60178.9,86.623
2026-06-30 00:45:00,60178.9,60231.9,60164.0,60199.0,110.708
2026-06-30 00:48:00,60198.9,60326.3,60168.3,60294.4,269.242
2026-06-30 00:51:00,60294.3,60369.3,60287.5,60366.5,339.497
2026-06-30 00:54:00,60366.5,60404.9,60320.9,60378.4,282.729
2026-06-30 00:57:00,60378.3,60459.0,60378.3,60430.2,398.35
2026-06-30 01:00:00,60430.2,60445.7,60397.2,60402.9,307.083
2026-06-30 01:03:00,60402.9,60403.0,60289.9,60298.5,362.463
2026-06-30 01:06:00,60298.1,60368.0,60284.0,60344.2,206.815
2026-06-30 01:09:00,60344.1,60379.4,60329.1,60369.6,89.736
2026-06-30 01:12:00,60369.6,60451.9,60316.8,60443.1,349.81
2026-06-30 01:15:00,60443.0,60506.1,60433.1,60442.5,296.075
2026-06-30 01:18:00,60442.4,60506.1,60408.9,60475.1,514.744
2026-06-30 01:21:00,60475.1,60540.0,60462.0,60472.8,455.214
2026-06-30 01:24:00,60472.8,60517.7,60389.8,60399.6,643.02
2026-06-30 01:27:00,60399.7,60457.5,60399.6,60409.3,356.475
2026-06-30 01:30:00,60409.3,60530.0,60402.6,60524.0,560.823
2026-06-30 01:33:00,60524.0,60535.0,60450.4,60472.1,287.259
2026-06-30 01:36:00,60472.0,60483.2,60410.0,60438.5,380.231
2026-06-30 01:39:00,60438.3,60469.8,60400.0,60418.7,549.27
2026-06-30 01:42:00,60418.2,60461.8,60403.9,60410.0,216.971
2026-06-30 01:45:00,60409.9,60416.2,60373.8,60385.9,121.702
2026-06-30 01:48:00,60386.0,60386.0,60334.4,60377.9,110.992
2026-06-30 01:51:00,60377.9,60419.0,60348.0,60415.4,118.628
2026-06-30 01:54:00,60415.4,60464.7,60369.1,60412.4,349.395
2026-06-30 01:57:00,60412.4,60416.9,60369.2,60380.6,158.0
2026-06-30 02:00:00,60380.6,60412.1,60371.9,60404.9,82.849
2026-06-30 02:03:00,60405.0,60451.3,60398.0,60438.1,96.097
2026-06-30 02:06:00,60438.2,60450.0,60386.6,60418.3,151.594
2026-06-30 02:09:00,60418.4,60456.1,60401.7,60420.1,397.389
2026-06-30 02:12:00,60420.0,60428.8,60386.0,60392.6,138.692
2026-06-30 02:15:00,60392.7,60392.7,60321.4,60332.8,355.62
2026-06-30 02:18:00,60332.8,60378.4,60322.5,60331.6,329.591
2026-06-30 02:21:00,60331.7,60340.0,60277.4,60285.2,347.806
2026-06-30 02:24:00,60285.3,60297.1,60272.6,60278.3,92.746
2026-06-30 02:27:00,60278.4,60281.2,60265.1,60271.2,108.499
2026-06-30 02:30:00,60271.2,60305.3,60271.2,60293.7,93.767
2026-06-30 02:33:00,60293.8,60333.3,60232.1,60247.0,356.507
2026-06-30 02:36:00,60247.0,60327.0,60247.0,60307.9,149.154
2026-06-30 02:39:00,60307.6,60337.3,60293.7,60325.9,91.222
2026-06-30 02:42:00,60325.8,60390.5,60325.8,60383.7,161.768
2026-06-30 02:45:00,60383.8,60383.9,60310.1,60310.1,198.714
2026-06-30 02:48:00,60310.1,60320.4,60290.1,60313.2,86.689
2026-06-30 02:51:00,60313.3,60315.0,60279.9,60298.3,104.115
2026-06-30 02:54:00,60298.3,60298.4,60276.1,60276.7,91.973
2026-06-30 02:57:00,60276.7,60329.2,60276.6,60325.1,60.65
2026-06-30 03:00:00,60325.1,60375.3,60325.1,60367.8,55.987
2026-06-30 03:03:00,60367.8,60406.1,60367.8,60387.1,139.109
2026-06-30 03:06:00,60387.1,60415.0,60371.5,60414.9,86.357
2026-06-30 03:09:00,60414.9,60470.0,60414.9,60465.2,127.417
2026-06-30 03:12:00,60465.3,60465.9,60380.5,60436.1,205.692
2026-06-30 03:15:00,60436.1,60480.9,60436.1,60480.9,79.806
2026-06-30 03:18:00,60480.8,60494.4,60454.5,60463.6,107.036
2026-06-30 03:21:00,60463.6,60518.6,60463.6,60518.5,234.147
2026-06-30 03:24:00,60518.6,60565.6,60500.0,60501.7,136.537
2026-06-30 03:27:00,60501.8,60508.4,60434.3,60454.9,255.379
2026-06-30 03:30:00,60454.9,60471.4,60430.1,60448.4,99.49
2026-06-30 03:33:00,60448.4,60469.9,60424.1,60456.2,84.117
2026-06-30 03:36:00,60456.2,60456.2,60378.1,60401.1,100.752
2026-06-30 03:39:00,60401.1,60422.5,60333.1,60357.0,225.514
2026-06-30 03:42:00,60357.0,60426.0,60333.1,60426.0,165.376
2026-06-30 03:45:00,60426.0,60457.0,60423.8,60436.0,79.044
2026-06-30 03:48:00,60436.0,60493.2,60406.1,60493.2,121.083
2026-06-30 03:51:00,60493.2,60493.2,60407.6,60422.1,105.785
2026-06-30 03:54:00,60422.0,60441.1,60400.0,60428.3,111.198
2026-06-30 03:57:00,60428.3,60438.0,60414.0,60414.6,36.003
2026-06-30 04:00:00,60414.5,60433.5,60384.9,60408.0,96.951
2026-06-30 04:03:00,60407.9,60408.0,60317.7,60321.6,120.094
2026-06-30 04:06:00,60321.6,60360.4,60314.0,60353.9,84.579
2026-06-30 04:09:00,60353.9,60354.0,60328.9,60330.0,57.676
2026-06-30 04:12:00,60330.1,60371.0,60330.0,60360.0,59.125
2026-06-30 04:15:00,60360.0,60378.0,60355.9,60378.0,48.082
2026-06-30 04:18:00,60378.0,60396.0,60357.8,60374.7,211.274
2026-06-30 04:21:00,60374.7,60374.7,60341.8,60362.6,57.546
2026-06-30 04:24:00,60362.7,60406.0,60362.6,60388.6,71.324
2026-06-30 04:27:00,60388.5,60388.6,60319.0,60326.5,131.383
2026-06-30 04:30:00,60326.4,60353.9,60321.7,60346.0,105.388
2026-06-30 04:33:00,60346.0,60350.0,60318.0,60318.0,33.484
2026-06-30 04:36:00,60318.0,60325.0,60302.9,60322.1,87.397
2026-06-30 04:39:00,60322.2,60325.0,60300.0,60325.0,105.671
2026-06-30 04:42:00,60325.0,60335.9,60301.2,60316.0,123.699
2026-06-30 04:45:00,60316.1,60339.1,60309.5,60309.5,126.81
2026-06-30 04:48:00,60309.6,60309.6,60263.3,60272.0,110.391
2026-06-30 04:51:00,60272.1,60277.6,60134.0,60187.0,641.073
2026-06-30 04:54:00,60187.1,60229.0,60181.6,60203.3,196.127
2026-06-30 04:57:00,60203.4,60228.0,60198.3,60199.5,112.722
2026-06-30 05:00:00,60199.5,60233.1,60185.6,60217.0,160.312
2026-06-30 05:03:00,60217.0,60261.1,60208.4,60217.3,108.383
2026-06-30 05:06:00,60217.3,60267.6,60207.5,60254.2,116.114
2026-06-30 05:09:00,60254.2,60254.2,60222.3,60232.4,79.588
2026-06-30 05:12:00,60232.3,60239.0,60216.9,60219.5,79.011
2026-06-30 05:15:00,60219.5,60265.4,60216.9,60236.5,266.086
2026-06-30 05:18:00,60236.5,60265.5,60207.5,60235.6,172.616
2026-06-30 05:21:00,60235.6,60240.0,60204.5,60204.5,67.685
2026-06-30 05:24:00,60204.6,60207.3,60186.4,60190.7,137.717
2026-06-30 05:27:00,60190.6,60244.0,60185.0,60224.7,217.09
2026-06-30 05:30:00,60224.7,60224.7,60164.3,60175.4,264.908
2026-06-30 05:33:00,60175.5,60250.0,60175.4,60222.7,280.94
2026-06-30 05:36:00,60222.7,60228.1,60165.0,60174.6,155.22
2026-06-30 05:39:00,60174.6,60228.1,60110.0,60202.9,270.213
2026-06-30 05:42:00,60202.8,60210.3,60150.0,60171.0,160.05
2026-06-30 05:45:00,60171.1,60207.0,60138.1,60187.7,160.685
2026-06-30 05:48:00,60187.6,60193.8,60082.2,60112.4,219.193
2026-06-30 05:51:00,60112.4,60112.4,60058.0,60063.4,256.271
2026-06-30 05:54:00,60063.4,60077.4,60050.0,60065.7,217.042
2026-06-30 05:57:00,60065.7,60065.7,59888.0,59908.5,955.707
2026-06-30 06:00:00,59908.4,59911.3,59668.6,59800.1,2435.594
2026-06-30 06:03:00,59800.1,59873.3,59788.3,59854.9,571.44
2026-06-30 06:06:00,59854.9,59868.1,59744.6,59787.7,565.456
2026-06-30 06:09:00,59787.6,59787.7,59667.5,59709.0,621.813
2026-06-30 06:12:00,59709.0,59759.9,59674.4,59747.6,354.671
2026-06-30 06:15:00,59747.5,59863.5,59721.9,59816.4,468.051
2026-06-30 06:18:00,59816.4,59850.0,59739.6,59752.6,299.814
2026-06-30 06:21:00,59752.6,59920.8,59752.5,59862.5,500.022
2026-06-30 06:24:00,59862.6,59862.6,59800.0,59800.0,264.996
2026-06-30 06:27:00,59800.0,59837.4,59795.6,59806.1,111.161
2026-06-30 06:30:00,59806.1,59837.4,59768.1,59781.1,279.098
2026-06-30 06:33:00,59781.0,59841.0,59753.1,59809.3,216.866
2026-06-30 06:36:00,59809.3,59831.1,59740.0,59792.3,303.468
2026-06-30 06:39:00,59792.2,59810.8,59751.3,59783.3,187.153
2026-06-30 06:42:00,59783.4,59827.2,59756.9,59797.8,195.366
2026-06-30 06:45:00,59797.8,59888.8,59779.2,59873.0,189.999
2026-06-30 06:48:00,59873.0,59969.6,59850.0,59937.3,441.457
2026-06-30 06:51:00,59937.2,59937.2,59887.0,59911.0,177.449
2026-06-30 06:54:00,59911.0,60022.0,59900.0,60009.7,268.822
2026-06-30 06:57:00,60009.7,60023.9,59974.2,60010.2,277.867
2026-06-30 07:00:00,60010.2,60024.9,59987.8,60003.1,240.424
2026-06-30 07:03:00,60003.0,60006.4,59957.3,59963.8,120.598
2026-06-30 07:06:00,59963.8,59979.6,59799.9,59802.2,591.145
2026-06-30 07:09:00,59802.3,59850.0,59759.8,59795.0,423.985
2026-06-30 07:12:00,59795.0,59819.7,59790.0,59804.0,161.799
2026-06-30 07:15:00,59804.0,59835.2,59801.2,59824.2,158.16
2026-06-30 07:18:00,59824.2,59890.0,59824.2,59877.6,129.299
2026-06-30 07:21:00,59877.6,59890.0,59860.4,59890.0,98.075
2026-06-30 07:24:00,59890.0,59903.1,59879.5,59894.7,118.908
2026-06-30 07:27:00,59894.7,59922.2,59894.7,59919.6,102.368
2026-06-30 07:30:00,59919.6,59928.0,59860.0,59864.1,169.686
2026-06-30 07:33:00,59864.1,59871.6,59843.1,59864.1,101.167
2026-06-30 07:36:00,59864.2,59876.6,59848.4,59860.1,109.844
2026-06-30 07:39:00,59860.1,59892.1,59812.2,59812.2,166.636
2026-06-30 07:42:00,59812.2,59816.7,59740.1,59761.2,373.004
2026-06-30 07:45:00,59761.3,59761.9,59719.6,59740.0,167.925
2026-06-30 07:48:00,59740.0,59809.0,59740.0,59808.9,318.0
2026-06-30 07:51:00,59809.0,59894.4,59808.9,59894.4,158.93
2026-06-30 07:54:00,59894.4,59940.5,59874.0,59930.6,130.24
2026-06-30 07:57:00,59930.5,59968.0,59924.5,59947.2,120.592
2026-06-30 08:00:00,59947.3,59947.3,59892.0,59899.9,122.514
2026-06-30 08:03:00,59900.0,59955.0,59899.9,59955.0,153.721
2026-06-30 08:06:00,59954.9,59996.9,59949.2,59991.8,149.119
2026-06-30 08:09:00,59991.8,60004.3,59979.9,59996.4,195.885
2026-06-30 08:12:00,59996.4,60004.1,59983.5,59985.6,161.97
2026-06-30 08:15:00,59985.5,60009.6,59985.2,60009.5,146.79
2026-06-30 08:18:00,60009.5,60020.0,60000.0,60000.0,144.04
2026-06-30 08:21:00,60000.0,60021.4,59995.4,60015.1,159.006
2026-06-30 08:24:00,60015.0,60015.1,59961.3,59966.9,180.455
2026-06-30 08:27:00,59966.9,59975.8,59907.4,59920.4,240.686
2026-06-30 08:30:00,59920.4,59946.9,59916.4,59943.1,173.435
2026-06-30 08:33:00,59943.1,59959.7,59912.7,59917.3,199.24
2026-06-30 08:36:00,59917.2,59950.0,59832.1,59840.2,243.326
2026-06-30 08:39:00,59840.1,59903.6,59840.1,59900.0,163.823
2026-06-30 08:42:00,59900.1,59921.5,59869.6,59877.8,129.583
2026-06-30 08:45:00,59877.8,59956.3,59866.2,59956.3,177.598
2026-06-30 08:48:00,59956.3,60007.9,59956.2,59990.8,220.479
2026-06-30 08:51:00,59990.9,59990.9,59884.0,59884.0,139.644
2026-06-30 08:54:00,59884.0,59884.0,59791.3,59844.9,183.011
2026-06-30 08:57:00,59845.0,59855.4,59828.0,59832.9,114.701
2026-06-30 09:00:00,59832.8,59832.9,59770.1,59770.1,181.446
2026-06-30 09:03:00,59770.1,59778.5,59723.1,59751.1,709.061
2026-06-30 09:06:00,59751.1,59770.1,59727.2,59745.5,270.442
2026-06-30 09:09:00,59745.6,59749.3,59720.0,59720.1,130.879
2026-06-30 09:12:00,59720.1,59732.6,59713.8,59714.0,147.028
2026-06-30 09:15:00,59714.0,59714.0,59579.1,59631.7,1471.748
2026-06-30 09:18:00,59631.7,59674.3,59631.7,59658.1,249.607
2026-06-30 09:21:00,59658.1,59663.7,59600.0,59600.1,122.588
2026-06-30 09:24:00,59600.1,59625.2,59570.0,59599.2,374.414
2026-06-30 09:27:00,59599.2,59620.0,59586.0,59596.1,168.45
2026-06-30 09:30:00,59596.1,59601.4,59536.0,59536.1,539.057
2026-06-30 09:33:00,59536.1,59567.9,59512.0,59542.8,462.331
2026-06-30 09:36:00,59542.7,59549.4,59420.0,59448.9,892.586
2026-06-30 09:39:00,59448.8,59460.9,59400.0,59448.3,756.498
2026-06-30 09:42:00,59448.2,59558.0,59448.2,59529.6,456.126
2026-06-30 09:45:00,59529.6,59533.6,59445.9,59448.6,381.265
2026-06-30 09:48:00,59448.5,59482.0,59410.0,59444.5,253.733
2026-06-30 09:51:00,59444.5,59500.0,59444.4,59491.3,370.694
2026-06-30 09:54:00,59491.2,59507.6,59446.8,59507.5,299.956
2026-06-30 09:57:00,59507.5,59554.5,59504.9,59521.6,342.308
2026-06-30 10:00:00,59521.5,59623.9,59520.0,59609.4,520.658
2026-06-30 10:03:00,59609.3,59649.9,59601.9,59645.5,377.174
2026-06-30 10:06:00,59645.5,59672.1,59602.1,59602.1,292.809
2026-06-30 10:09:00,59602.2,59602.2,59528.3,59531.0,294.406
2026-06-30 10:12:00,59531.0,59591.6,59509.9,59580.2,379.232
2026-06-30 10:15:00,59580.2,59580.2,59516.5,59516.6,426.55
2026-06-30 10:18:00,59516.5,59529.6,59500.2,59513.4,206.417
2026-06-30 10:21:00,59513.4,59520.0,59475.6,59475.7,334.727
2026-06-30 10:24:00,59475.6,59475.7,59418.3,59437.3,323.317
2026-06-30 10:27:00,59437.2,59483.3,59437.2,59458.3,156.692
2026-06-30 10:30:00,59458.3,59511.1,59452.2,59465.7,372.444
2026-06-30 10:33:00,59465.6,59491.8,59436.5,59477.4,276.01
2026-06-30 10:36:00,59477.3,59477.3,59412.1,59429.2,268.845
2026-06-30 10:39:00,59429.1,59438.2,59372.4,59372.5,637.967
2026-06-30 10:42:00,59372.5,59412.6,59329.2,59410.7,694.441
2026-06-30 10:45:00,59410.8,59412.5,59351.0,59360.1,175.415
2026-06-30 10:48:00,59360.0,59412.6,59360.0,59404.9,192.905
2026-06-30 10:51:00,59404.9,59426.4,59393.7,59415.4,279.139
2026-06-30 10:54:00,59415.4,59470.3,59386.3,59386.4,247.873
2026-06-30 10:57:00,59386.4,59386.4,59343.0,59356.4,258.28
2026-06-30 11:00:00,59356.4,59382.3,59336.0,59354.3,431.703
2026-06-30 11:03:00,59354.3,59381.7,59344.8,59345.6,260.872
2026-06-30 11:06:00,59345.6,59408.9,59330.0,59408.9,366.866
2026-06-30 11:09:00,59408.9,59533.7,59391.1,59515.0,982.599
2026-06-30 11:12:00,59515.0,59550.7,59514.1,59541.2,414.564
2026-06-30 11:15:00,59541.2,59567.0,59523.4,59559.8,336.546
2026-06-30 11:18:00,59559.8,59596.2,59550.0,59550.0,306.3
2026-06-30 11:21:00,59550.1,59558.6,59540.7,59552.2,96.926
2026-06-30 11:24:00,59552.2,59622.5,59530.0,59606.8,343.3
2026-06-30 11:27:00,59606.8,59633.5,59600.0,59627.7,315.547
2026-06-30 11:30:00,59627.8,59649.7,59552.8,59555.1,255.81
2026-06-30 11:33:00,59555.1,59563.3,59527.2,59527.2,192.671
2026-06-30 11:36:00,59527.2,59534.5,59514.0,59534.5,94.498
2026-06-30 11:39:00,59534.5,59534.5,59508.8,59516.0,109.586
2026-06-30 11:42:00,59515.9,59555.0,59513.7,59546.9,82.431
2026-06-30 11:45:00,59546.9,59555.3,59508.0,59527.0,114.141
2026-06-30 11:48:00,59527.0,59541.7,59508.0,59508.1,162.154
2026-06-30 11:51:00,59508.0,59552.5,59488.6,59549.6,477.045
2026-06-30 11:54:00,59549.6,59549.6,59503.0,59514.7,159.916
2026-06-30 11:57:00,59514.7,59698.9,59514.7,59669.2,679.903
2026-06-30 12:00:00,59669.1,59691.6,59601.1,59601.8,324.294
2026-06-30 12:03:00,59601.8,59601.8,59520.5,59531.2,169.054
2026-06-30 12:06:00,59531.1,59619.5,59531.1,59548.8,171.961
2026-06-30 12:09:00,59548.8,59561.8,59531.1,59543.0,86.611
2026-06-30 12:12:00,59543.0,59597.9,59532.5,59541.6,162.341
2026-06-30 12:15:00,59541.7,59563.8,59524.9,59551.7,115.855
2026-06-30 12:18:00,59551.7,59585.3,59547.2,59558.6,62.784
2026-06-30 12:21:00,59558.5,59561.7,59531.1,59531.5,76.332
2026-06-30 12:24:00,59531.5,59567.1,59529.9,59546.8,159.853
2026-06-30 12:27:00,59546.7,59575.2,59546.7,59571.7,79.581
2026-06-30 12:30:00,59571.6,59611.7,59556.0,59583.6,128.301
2026-06-30 12:33:00,59583.4,59606.8,59530.4,59537.0,202.856
2026-06-30 12:36:00,59536.8,59547.3,59488.7,59488.7,118.588
2026-06-30 12:39:00,59488.7,59488.7,59430.0,59430.1,250.079
2026-06-30 12:42:00,59430.0,59479.1,59423.3,59471.6,159.916
2026-06-30 12:45:00,59471.6,59513.4,59471.6,59502.0,85.959
2026-06-30 12:48:00,59501.9,59513.2,59442.6,59456.9,174.089
2026-06-30 12:51:00,59456.8,59471.0,59448.1,59471.0,80.748
2026-06-30 12:54:00,59470.9,59556.8,59470.9,59532.2,157.979
2026-06-30 12:57:00,59532.2,59547.3,59430.0,59450.8,355.965
2026-06-30 13:00:00,59450.8,59541.9,59450.8,59513.7,176.435
2026-06-30 13:03:00,59513.7,59539.2,59493.7,59539.1,82.875
2026-06-30 13:06:00,59539.1,59547.0,59450.0,59483.8,313.196
2026-06-30 13:09:00,59483.8,59495.3,59441.6,59466.7,271.509
2026-06-30 13:12:00,59466.7,59538.9,59457.6,59490.3,416.969
2026-06-30 13:15:00,59490.3,59541.1,59476.3,59515.1,179.139
2026-06-30 13:18:00,59515.0,59521.7,59453.6,59456.9,122.096
2026-06-30 13:21:00,59456.9,59484.0,59440.5,59464.2,173.775
2026-06-30 13:24:00,59464.2,59516.9,59455.2,59511.1,231.574
2026-06-30 13:27:00,59511.2,59514.1,59494.4,59497.7,142.45
2026-06-30 13:30:00,59497.7,59532.7,59497.6,59498.0,164.124
2026-06-30 13:33:00,59497.9,59520.4,59480.2,59509.7,189.198
2026-06-30 13:36:00,59509.7,59513.2,59458.1,59480.0,143.516
2026-06-30 13:39:00,59480.0,59500.0,59450.0,59488.6,97.118
2026-06-30 13:42:00,59488.6,59488.7,59405.0,59405.0,337.37
2026-06-30 13:45:00,59405.0,59405.1,59357.6,59382.8,454.206
2026-06-30 13:48:00,59382.9,59411.9,59376.4,59388.1,155.232
2026-06-30 13:51:00,59388.1,59411.3,59335.0,59403.2,393.267
2026-06-30 13:54:00,59403.3,59419.2,59366.0,59370.5,157.11
2026-06-30 13:57:00,59370.6,59393.0,59343.0,59383.9,266.562
2026-06-30 14:00:00,59383.9,59420.2,59351.3,59359.6,270.473
2026-06-30 14:03:00,59359.6,59359.7,59258.3,59275.4,1039.924
2026-06-30 14:06:00,59275.4,59287.1,59188.0,59243.8,1717.951
2026-06-30 14:09:00,59243.7,59260.0,59202.3,59213.0,561.636
2026-06-30 14:12:00,59212.9,59273.4,59212.0,59250.2,516.581
2026-06-30 14:15:00,59250.1,59263.9,59159.0,59243.8,781.732
2026-06-30 14:18:00,59243.7,59271.2,59212.0,59236.8,333.143
2026-06-30 14:21:00,59236.8,59271.1,59211.1,59261.0,309.08
2026-06-30 14:24:00,59261.0,59362.7,59239.1,59254.8,712.861
2026-06-30 14:27:00,59254.7,59303.5,59249.9,59285.8,262.248
2026-06-30 14:30:00,59285.8,59345.9,59276.0,59337.9,254.76
2026-06-30 14:33:00,59337.9,59379.0,59333.3,59352.3,507.872
2026-06-30 14:36:00,59352.2,59356.6,59276.0,59282.1,191.902
2026-06-30 14:39:00,59282.2,59293.4,59256.5,59292.6,187.749
2026-06-30 14:42:00,59292.5,59341.5,59282.1,59323.3,201.769
2026-06-30 14:45:00,59323.3,59349.9,59282.2,59282.2,213.22
2026-06-30 14:48:00,59282.3,59330.8,59236.6,59240.9,495.167
2026-06-30 14:51:00,59240.9,59296.7,59240.9,59287.1,190.33
2026-06-30 14:54:00,59287.1,59324.3,59287.1,59297.5,111.737
2026-06-30 14:57:00,59297.4,59306.2,59274.9,59275.3,89.125
2026-06-30 15:00:00,59275.3,59289.1,59225.0,59241.9,201.081
2026-06-30 15:03:00,59241.9,59298.5,59236.2,59294.7,128.875
2026-06-30 15:06:00,59294.7,59318.0,59274.5,59287.4,169.587
2026-06-30 15:09:00,59287.4,59370.1,59287.3,59329.2,329.424
2026-06-30 15:12:00,59329.2,59368.8,59314.3,59331.4,340.823
2026-06-30 15:15:00,59331.5,59358.2,59331.4,59355.5,116.2
2026-06-30 15:18:00,59355.5,59395.3,59335.7,59385.1,136.461
2026-06-30 15:21:00,59385.0,59397.0,59352.9,59369.1,90.593
2026-06-30 15:24:00,59369.0,59369.1,59340.6,59355.8,145.686
2026-06-30 15:27:00,59355.8,59357.8,59343.7,59348.7,65.602
2026-06-30 15:30:00,59348.7,59379.2,59348.7,59363.8,121.606
2026-06-30 15:33:00,59363.8,59363.8,59309.5,59322.0,123.766
2026-06-30 15:36:00,59321.9,59403.0,59317.9,59378.1,324.027
2026-06-30 15:39:00,59378.1,59380.2,59285.7,59313.6,132.994
2026-06-30 15:42:00,59313.6,59355.4,59313.6,59342.4,78.683
2026-06-30 15:45:00,59342.4,59400.0,59342.4,59377.0,106.12
2026-06-30 15:48:00,59377.0,59377.1,59329.3,59329.3,157.772
2026-06-30 15:51:00,59329.4,59350.1,59308.6,59316.9,78.955
2026-06-30 15:54:00,59316.9,59359.5,59316.8,59342.3,60.872
2026-06-30 15:57:00,59342.4,59347.7,59338.0,59344.4,36.041
2026-06-30 16:00:00,59344.3,59347.6,59313.3,59347.6,90.462
2026-06-30 16:03:00,59347.7,59347.7,59304.2,59304.3,96.707
2026-06-30 16:06:00,59304.2,59304.3,59264.5,59287.1,179.826
2026-06-30 16:09:00,59287.1,59302.6,59276.9,59294.8,95.601
2026-06-30 16:12:00,59294.8,59316.8,59294.7,59308.8,102.336
2026-06-30 16:15:00,59308.9,59342.2,59284.2,59326.5,91.436
2026-06-30 16:18:00,59326.5,59345.2,59265.0,59293.0,104.538
2026-06-30 16:21:00,59292.9,59324.9,59284.5,59321.1,96.064
2026-06-30 16:24:00,59321.1,59350.0,59299.3,59349.9,94.503
2026-06-30 16:27:00,59349.9,59378.8,59303.6,59303.6,208.591
2026-06-30 16:30:00,59303.7,59350.0,59294.5,59343.7,152.187
2026-06-30 16:33:00,59343.8,59372.4,59333.4,59365.2,122.694
2026-06-30 16:36:00,59365.1,59399.3,59344.7,59348.2,119.433
2026-06-30 16:39:00,59348.3,59379.9,59348.2,59360.0,88.953
2026-06-30 16:42:00,59360.1,59369.6,59355.4,59357.8,85.6
2026-06-30 16:45:00,59357.9,59367.7,59300.6,59309.4,183.756
2026-06-30 16:48:00,59309.3,59316.5,59276.3,59289.1,152.234
2026-06-30 16:51:00,59289.1,59292.3,59237.2,59251.8,221.536
2026-06-30 16:54:00,59251.8,59251.8,59180.4,59209.4,385.788
2026-06-30 16:57:00,59209.5,59229.9,59161.7,59191.1,410.322
2026-06-30 17:00:00,59191.2,59247.7,59115.1,59120.7,822.093
2026-06-30 17:03:00,59120.7,59166.6,59100.0,59162.0,712.611
2026-06-30 17:06:00,59162.0,59209.9,59124.0,59147.9,516.327
2026-06-30 17:09:00,59147.8,59218.4,59140.2,59218.2,298.905
2026-06-30 17:12:00,59218.1,59245.0,59200.5,59218.6,272.052
2026-06-30 17:15:00,59218.6,59275.1,59218.5,59243.1,210.894
2026-06-30 17:18:00,59243.2,59291.0,59243.1,59289.1,349.499
2026-06-30 17:21:00,59289.1,59316.3,59212.2,59212.2,298.78
2026-06-30 17:24:00,59212.3,59212.3,59130.0,59152.6,523.617
2026-06-30 17:27:00,59152.7,59176.8,59140.2,59162.3,287.037
2026-06-30 17:30:00,59162.2,59162.3,59063.5,59063.5,905.903
2026-06-30 17:33:00,59063.5,59067.8,59010.0,59033.7,844.136
2026-06-30 17:36:00,59033.7,59060.5,58955.6,58991.9,1528.413
2026-06-30 17:39:00,58991.9,59080.0,58991.9,59068.8,546.477
2026-06-30 17:42:00,59068.7,59081.3,58980.1,58987.8,404.136
2026-06-30 17:45:00,58987.7,59044.3,58983.5,59019.0,549.608
2026-06-30 17:48:00,59019.1,59046.3,58924.7,58939.2,800.038
2026-06-30 17:51:00,58939.3,58942.7,58835.2,58835.2,1841.42
2026-06-30 17:54:00,58835.2,58846.3,58724.5,58753.6,3109.212
2026-06-30 17:57:00,58753.6,58899.7,58751.5,58832.8,957.937
2026-06-30 18:00:00,58832.9,58861.7,58769.0,58814.4,642.603
2026-06-30 18:03:00,58814.4,58829.0,58745.0,58782.3,593.552
2026-06-30 18:06:00,58782.3,58842.5,58772.0,58783.0,389.924
2026-06-30 18:09:00,58783.1,58850.0,58780.0,58815.0,346.252
2026-06-30 18:12:00,58814.9,58830.0,58787.3,58813.2,251.087
2026-06-30 18:15:00,58813.3,58828.8,58650.0,58658.9,1473.683
2026-06-30 18:18:00,58658.9,58713.7,58600.0,58605.7,1666.225
2026-06-30 18:21:00,58605.7,58667.0,58568.8,58637.8,1282.465
2026-06-30 18:24:00,58637.9,58677.4,58481.1,58507.7,2843.71
2026-06-30 18:27:00,58507.7,58571.3,58351.0,58374.8,4266.259
2026-06-30 18:30:00,58374.8,58519.9,58285.0,58336.1,3332.661
2026-06-30 18:33:00,58336.1,58494.7,58297.9,58468.4,885.543
2026-06-30 18:36:00,58468.4,58621.2,58450.0,58506.1,2252.689
2026-06-30 18:39:00,58506.1,58619.1,58506.1,58540.2,735.733
2026-06-30 18:42:00,58540.2,58580.0,58385.6,58430.3,2034.533
2026-06-30 18:45:00,58430.3,58537.6,58426.5,58504.4,698.14
2026-06-30 18:48:00,58504.4,58567.8,58499.5,58567.3,365.506
2026-06-30 18:51:00,58567.3,58570.1,58450.0,58507.1,536.095
2026-06-30 18:54:00,58507.1,58521.7,58401.5,58467.6,593.779
2026-06-30 18:57:00,58467.6,58492.8,58435.2,58484.9,303.859
2026-06-30 19:00:00,58484.9,58732.0,58337.1,58391.7,3152.203
2026-06-30 19:03:00,58391.6,58438.6,58200.0,58251.7,3091.139
2026-06-30 19:06:00,58251.6,58321.4,58210.2,58313.5,1106.714
2026-06-30 19:09:00,58313.4,58550.0,58291.8,58499.9,1450.502
2026-06-30 19:12:00,58499.8,58558.2,58424.9,58535.1,741.596
2026-06-30 19:15:00,58535.0,58584.7,58436.2,58448.4,940.089
2026-06-30 19:18:00,58448.4,58572.0,58431.4,58572.0,562.159
2026-06-30 19:21:00,58572.0,58791.7,58546.3,58670.3,1907.346
2026-06-30 19:24:00,58670.4,58691.9,58565.6,58608.3,687.749
2026-06-30 19:27:00,58608.3,58721.8,58585.8,58711.9,656.524
2026-06-30 19:30:00,58711.8,59264.4,58627.6,59225.2,4937.192
2026-06-30 19:33:00,59225.2,59231.3,58920.2,58951.5,2611.863
2026-06-30 19:36:00,58951.6,59037.0,58951.5,58979.8,696.027
2026-06-30 19:39:00,58979.9,58993.9,58818.5,58937.8,1134.608
2026-06-30 19:42:00,58937.7,59023.0,58852.8,58971.7,619.11
2026-06-30 19:45:00,58971.7,59015.4,58858.0,58889.0,672.697
2026-06-30 19:48:00,58889.0,58983.4,58883.4,58939.7,440.594
2026-06-30 19:51:00,58939.8,59125.4,58925.7,59086.7,943.304
2026-06-30 19:54:00,59086.7,59124.0,58966.6,58990.4,561.025
2026-06-30 19:57:00,58990.3,59080.0,58987.8,59014.2,565.535
2026-06-30 20:00:00,59014.1,59079.8,58869.9,58936.0,1191.51
2026-06-30 20:03:00,58936.1,59000.0,58890.4,58907.0,779.271
2026-06-30 20:06:00,58907.0,58911.0,58570.0,58572.6,1998.084
2026-06-30 20:09:00,58572.5,58742.3,58550.0,58675.1,1152.125
2026-06-30 20:12:00,58675.1,58911.1,58669.4,58894.8,905.164
2026-06-30 20:15:00,58894.8,58894.8,58666.0,58675.2,591.179
2026-06-30 20:18:00,58675.2,58713.2,58561.0,58564.1,697.176
2026-06-30 20:21:00,58564.1,58613.4,58561.0,58595.9,411.709
2026-06-30 20:24:00,58595.8,58606.9,58400.1,58452.8,1283.439
2026-06-30 20:27:00,58452.2,58586.1,58428.2,58458.6,854.08
2026-06-30 20:30:00,58458.7,58579.4,58405.9,58558.7,686.736
2026-06-30 20:33:00,58558.7,58558.7,58212.0,58219.9,2360.301
2026-06-30 20:36:00,58220.0,58371.0,58171.0,58300.8,1720.695
2026-06-30 20:39:00,58300.7,58361.8,58244.0,58330.9,776.947
2026-06-30 20:42:00,58330.8,58460.0,58330.0,58419.9,667.882
2026-06-30 20:45:00,58420.0,58449.2,58163.5,58186.2,2784.342
2026-06-30 20:48:00,58186.3,58404.5,58160.0,58404.4,1351.141
2026-06-30 20:51:00,58404.5,58418.3,58284.6,58367.5,437.124
2026-06-30 20:54:00,58367.4,58452.4,58339.3,58405.8,873.61
2026-06-30 20:57:00,58405.8,58421.1,58335.1,58359.3,333.124
2026-06-30 21:00:00,58359.4,58429.7,58352.4,58404.6,354.167
2026-06-30 21:03:00,58404.7,58435.5,58366.0,58375.1,425.53
2026-06-30 21:06:00,58375.0,58393.0,58232.0,58253.5,377.432
2026-06-30 21:09:00,58253.5,58365.2,58251.3,58363.5,241.138
2026-06-30 21:12:00,58363.6,58479.6,58352.8,58415.2,559.575
2026-06-30 21:15:00,58415.2,58785.6,58415.2,58562.2,2439.554
2026-06-30 21:18:00,58562.1,58596.0,58500.9,58552.5,470.101
2026-06-30 21:21:00,58552.5,58589.4,58473.4,58511.8,292.615
2026-06-30 21:24:00,58511.8,58567.3,58473.6,58490.7,265.775
2026-06-30 21:27:00,58490.7,58499.0,58318.2,58356.2,715.435
2026-06-30 21:30:00,58356.2,58458.0,58330.8,58443.5,432.737
2026-06-30 21:33:00,58443.5,58461.0,58404.8,58459.4,240.922
2026-06-30 21:36:00,58459.4,58617.4,58459.4,58542.4,707.144
2026-06-30 21:39:00,58542.3,58589.4,58488.0,58499.5,336.673
2026-06-30 21:42:00,58499.5,58526.9,58371.2,58383.2,342.151
2026-06-30 21:45:00,58383.2,58453.6,58288.6,58421.4,791.743
2026-06-30 21:48:00,58421.4,58429.1,58360.7,58391.4,388.164
2026-06-30 21:51:00,58391.4,58396.7,58306.2,58319.9,279.404
2026-06-30 21:54:00,58319.9,58346.6,58223.3,58281.1,580.685
2026-06-30 21:57:00,58280.9,58297.7,58264.3,58293.7,303.053
2026-06-30 22:00:00,58293.7,58316.0,58270.0,58300.0,258.742
2026-06-30 22:03:00,58300.0,58388.8,58232.3,58284.2,584.977
2026-06-30 22:06:00,58284.2,58412.8,58280.3,58401.3,269.31
2026-06-30 22:09:00,58401.4,58460.9,58381.3,58381.3,404.478
2026-06-30 22:12:00,58381.3,58381.4,58273.9,58307.1,243.359
2026-06-30 22:15:00,58307.2,58380.2,58307.2,58357.1,172.837
2026-06-30 22:18:00,58357.1,58414.7,58348.2,58392.8,308.472
2026-06-30 22:21:00,58392.8,58466.0,58365.0,58450.6,276.526
2026-06-30 22:24:00,58450.6,58555.2,58450.6,58550.9,520.911
2026-06-30 22:27:00,58550.9,58555.3,58408.8,58479.3,370.612
2026-06-30 22:30:00,58479.2,58503.1,58423.2,58481.8,205.941
2026-06-30 22:33:00,58481.9,58550.7,58480.0,58480.1,253.708
2026-06-30 22:36:00,58480.0,58604.8,58480.0,58572.9,436.833
2026-06-30 22:39:00,58572.8,58592.8,58455.0,58492.9,209.921
2026-06-30 22:42:00,58493.0,58493.0,58364.0,58387.9,310.968
2026-06-30 22:45:00,58387.9,58438.4,58361.1,58414.8,291.659
2026-06-30 22:48:00,58414.8,58462.2,58405.0,58452.0,182.777
2026-06-30 22:51:00,58451.9,58464.9,58369.8,58373.4,188.859
2026-06-30 22:54:00,58373.5,58416.1,58349.9,58359.6,190.446
2026-06-30 22:57:00,58359.5,58380.0,58341.6,58372.4,178.805
2026-06-30 23:00:00,58372.5,58389.3,58311.0,58340.5,216.512
2026-06-30 23:03:00,58340.4,58439.5,58339.3,58427.0,282.718
2026-06-30 23:06:00,58427.1,58427.1,58339.8,58377.0,206.418
2026-06-30 23:09:00,58377.1,58389.6,58326.0,58378.2,158.66
2026-06-30 23:12:00,58378.2,58399.9,58350.0,58355.5,106.368
2026-06-30 23:15:00,58355.5,58355.5,58301.0,58301.1,197.424
2026-06-30 23:18:00,58301.0,58329.0,58290.0,58309.8,207.132
2026-06-30 23:21:00,58309.8,58383.3,58309.8,58376.0,179.17
2026-06-30 23:24:00,58375.9,58410.8,58355.0,58383.3,123.823
2026-06-30 23:27:00,58383.4,58407.2,58382.1,58396.7,124.044
2026-06-30 23:30:00,58396.8,58463.0,58374.3,58417.7,374.089
2026-06-30 23:33:00,58417.7,58417.7,58334.4,58344.0,137.307
2026-06-30 23:36:00,58344.0,58438.4,58334.0,58425.4,123.248
2026-06-30 23:39:00,58425.4,58456.4,58408.3,58430.5,93.744
2026-06-30 23:42:00,58430.6,58476.7,58407.6,58451.8,138.824
2026-06-30 23:45:00,58451.8,58527.4,58412.6,58507.3,223.603
2026-06-30 23:48:00,58507.3,58675.0,58507.2,58594.1,833.152
2026-06-30 23:51:00,58594.1,58594.2,58540.6,58540.6,275.49
2026-06-30 23:54:00,58540.6,58540.7,58401.4,58471.3,341.056
2026-06-30 23:57:00,58471.4,58519.8,58465.9,58513.3,107.762
2026-07-01 00:00:00,58513.3,58536.9,58464.3,58487.7,140.948
2026-07-01 00:03:00,58487.8,58487.8,58440.0,58466.1,116.125
2026-07-01 00:06:00,58466.0,58474.3,58368.5,58393.7,234.813
2026-07-01 00:09:00,58393.7,58417.2,58358.1,58395.8,285.972
2026-07-01 00:12:00,58395.8,58437.5,58395.8,58436.4,84.626
2026-07-01 00:15:00,58436.4,58539.0,58436.4,58531.8,116.412
2026-07-01 00:18:00,58531.8,58600.1,58527.1,58585.1,286.467
2026-07-01 00:21:00,58585.1,58650.0,58575.2,58640.3,339.007
2026-07-01 00:24:00,58640.3,58655.8,58613.3,58614.6,255.34
2026-07-01 00:27:00,58614.7,58667.1,58604.0,58659.8,184.265
2026-07-01 00:30:00,58659.9,58722.4,58616.2,58632.1,578.624
2026-07-01 00:33:00,58632.1,58678.2,58571.0,58582.9,232.022
2026-07-01 00:36:00,58582.8,58680.3,58566.3,58656.2,227.934
2026-07-01 00:39:00,58656.3,58678.5,58574.9,58584.5,141.082
2026-07-01 00:42:00,58584.6,58633.0,58584.5,58633.0,96.571
2026-07-01 00:45:00,58633.0,58650.0,58577.3,58626.0,234.018
2026-07-01 00:48:00,58626.1,58640.6,58595.2,58610.9,208.241
2026-07-01 00:51:00,58610.9,58626.5,58560.0,58594.8,165.738
2026-07-01 00:54:00,58594.8,58604.6,58561.3,58580.9,138.181
2026-07-01 00:57:00,58581.0,58649.4,58580.9,58649.4,112.162
2026-07-01 01:00:00,58649.3,58760.0,58634.3,58703.3,488.923
2026-07-01 01:03:00,58703.3,58797.3,58703.3,58762.8,388.507
2026-07-01 01:06:00,58762.7,58766.0,58729.3,58735.4,122.852
2026-07-01 01:09:00,58735.4,58735.4,58668.6,58694.5,287.206
2026-07-01 01:12:00,58694.5,58746.9,58694.4,58734.2,117.877
2026-07-01 01:15:00,58734.2,58763.4,58693.7,58750.0,111.326
2026-07-01 01:18:00,58750.1,58819.9,58705.3,58726.9,424.471
2026-07-01 01:21:00,58726.9,58762.8,58668.9,58723.6,193.578
2026-07-01 01:24:00,58723.6,58761.3,58714.6,58759.7,169.331
2026-07-01 01:27:00,58759.8,58808.5,58748.2,58794.4,332.118
2026-07-01 01:30:00,58794.0,58810.2,58712.5,58800.1,272.87
2026-07-01 01:33:00,58800.1,58809.0,58750.9,58789.3,188.002
2026-07-01 01:36:00,58789.3,58790.8,58743.9,58774.2,153.03
2026-07-01 01:39:00,58774.2,58850.0,58771.5,58807.9,355.1
2026-07-01 01:42:00,58807.8,58846.5,58807.6,58838.4,119.003
2026-07-01 01:45:00,58838.3,58839.8,58791.0,58791.1,219.101
2026-07-01 01:48:00,58791.0,58805.8,58707.0,58710.2,151.395
2026-07-01 01:51:00,58710.4,58719.8,58670.9,58712.8,214.72
2026-07-01 01:54:00,58712.9,58721.8,58683.1,58708.3,101.713
2026-07-01 01:57:00,58708.3,58735.7,58706.4,58718.9,83.856
2026-07-01 02:00:00,58718.9,58718.9,58621.3,58647.7,294.129
2026-07-01 02:03:00,58647.7,58683.8,58644.2,58672.2,108.202
2026-07-01 02:06:00,58672.3,58697.4,58660.0,58679.5,76.153
2026-07-01 02:09:00,58679.5,58718.7,58671.6,58686.8,120.681
2026-07-01 02:12:00,58686.7,58686.8,58633.1,58633.1,359.333
2026-07-01 02:15:00,58633.2,58764.5,58621.7,58748.8,244.395
2026-07-01 02:18:00,58748.9,58770.3,58701.2,58714.1,212.209
2026-07-01 02:21:00,58714.0,58714.0,58661.5,58689.4,101.73
2026-07-01 02:24:00,58689.4,58750.2,58689.4,58750.2,113.889
2026-07-01 02:27:00,58750.2,58750.2,58703.5,58708.0,100.596
2026-07-01 02:30:00,58708.0,58744.3,58698.3,58733.8,106.656
2026-07-01 02:33:00,58733.8,58739.1,58654.1,58708.2,265.849
2026-07-01 02:36:00,58708.1,58723.1,58682.7,58693.9,135.436
2026-07-01 02:39:00,58693.8,58696.6,58526.0,58533.8,458.357
2026-07-01 02:42:00,58533.8,58579.9,58525.7,58555.8,183.125
2026-07-01 02:45:00,58555.7,58614.6,58555.7,58581.5,157.072
2026-07-01 02:48:00,58581.4,58600.0,58567.1,58570.4,49.702
2026-07-01 02:51:00,58570.4,58575.0,58472.3,58494.9,274.051
2026-07-01 02:54:00,58494.9,58549.9,58479.9,58547.8,223.64
2026-07-01 02:57:00,58547.9,58585.6,58543.0,58567.8,67.295
2026-07-01 03:00:00,58567.7,58611.8,58552.0,58581.8,110.871
2026-07-01 03:03:00,58581.7,58611.8,58574.5,58604.2,89.61
2026-07-01 03:06:00,58604.2,58636.2,58598.9,58620.0,85.26
2026-07-01 03:09:00,58619.9,58636.9,58595.1,58615.1,134.515
2026-07-01 03:12:00,58615.1,58626.5,58553.8,58560.3,151.778
2026-07-01 03:15:00,58560.3,58590.4,58555.0,58555.0,54.114
2026-07-01 03:18:00,58555.0,58575.4,58486.3,58569.8,365.148
2026-07-01 03:21:00,58569.9,58617.7,58565.8,58603.2,50.808
2026-07-01 03:24:00,58603.1,58627.8,58577.9,58597.9,122.654
2026-07-01 03:27:00,58598.0,58612.3,58597.0,58612.1,59.593
2026-07-01 03:30:00,58612.3,58688.0,58612.3,58688.0,190.22
2026-07-01 03:33:00,58688.0,58715.6,58658.1,58688.4,110.759
2026-07-01 03:36:00,58688.5,58717.8,58688.4,58715.5,115.025
2026-07-01 03:39:00,58715.4,58715.5,58645.1,58653.4,70.109
2026-07-01 03:42:00,58653.5,58718.5,58624.5,58703.8,136.717
2026-07-01 03:45:00,58703.8,58716.4,58671.7,58696.3,77.344
2026-07-01 03:48:00,58696.3,58780.0,58680.0,58712.7,151.255
2026-07-01 03:51:00,58712.6,58718.0,58662.0,58674.1,62.471
2026-07-01 03:54:00,58674.1,58685.8,58626.0,58627.3,73.404
2026-07-01 03:57:00,58627.4,58648.2,58618.0,58623.6,41.617
2026-07-01 04:00:00,58623.7,58623.7,58477.1,58515.7,335.21
2026-07-01 04:03:00,58515.8,58521.2,58482.1,58498.6,100.508
2026-07-01 04:06:00,58498.6,58541.7,58498.5,58541.6,111.529
2026-07-01 04:09:00,58541.7,58584.5,58541.6,58555.2,73.862
2026-07-01 04:12:00,58555.1,58572.8,58550.0,58572.7,62.39
2026-07-01 04:15:00,58572.8,58579.4,58540.3,58579.4,46.949
2026-07-01 04:18:00,58579.4,58600.0,58574.3,58588.1,57.173
2026-07-01 04:21:00,58588.2,58588.2,58512.0,58531.6,70.83
2026-07-01 04:24:00,58531.6,58560.0,58521.0,58560.0,49.743
2026-07-01 04:27:00,58560.0,58595.9,58559.9,58575.8,68.163
2026-07-01 04:30:00,58575.7,58599.0,58537.3,58583.7,95.069
2026-07-01 04:33:00,58583.6,58594.7,58518.8,58567.3,77.154
2026-07-01 04:36:00,58567.2,58620.0,58560.3,58593.2,87.998
2026-07-01 04:39:00,58593.1,58603.2,58571.1,58576.2,45.5
2026-07-01 04:42:00,58576.3,58581.9,58561.5,58580.0,42.877
2026-07-01 04:45:00,58579.9,58629.5,58579.9,58583.0,68.303
2026-07-01 04:48:00,58582.9,58602.6,58556.1,58556.2,46.594
2026-07-01 04:51:00,58556.2,58585.4,58550.0,58568.9,64.623
2026-07-01 04:54:00,58569.0,58627.5,58568.9,58617.7,137.479
2026-07-01 04:57:00,58617.6,58624.9,58581.8,58586.0,51.48
2026-07-01 05:00:00,58586.0,58586.1,58545.0,58585.8,85.645
2026-07-01 05:03:00,58585.8,58616.3,58564.8,58594.0,72.036
2026-07-01 05:06:00,58593.6,58594.8,58560.7,58560.7,41.535
2026-07-01 05:09:00,58560.8,58560.8,58536.4,58546.2,106.457
2026-07-01 05:12:00,58546.3,58584.8,58543.2,58581.8,83.29
2026-07-01 05:15:00,58581.8,58617.0,58556.2,58616.9,122.593
2026-07-01 05:18:00,58616.9,58636.7,58602.8,58624.3,60.696
2026-07-01 05:21:00,58624.3,58632.2,58610.0,58628.2,49.224
2026-07-01 05:24:00,58628.1,58630.0,58588.2,58620.2,130.88
2026-07-01 05:27:00,58620.2,58634.0,58596.9,58605.4,82.16
