timestamp,open,high,low,close,volume
2024-01-01 05:30:00,42314.0,42335.8,42289.6,42331.9,289.641
2024-01-01 05:31:00,42331.9,42353.1,42331.8,42350.4,202.444
2024-01-01 05:32:00,42350.4,42370.8,42349.6,42360.2,271.521
2024-01-01 05:33:00,42360.1,42405.8,42360.1,42405.8,392.238
2024-01-01 05:34:00,42405.7,42437.2,42405.7,42437.1,568.366
2024-01-01 05:35:00,42437.2,42447.6,42420.5,42444.9,321.122
2024-01-01 05:36:00,42445.0,42470.0,42439.0,42468.2,251.858
2024-01-01 05:37:00,42468.3,42474.1,42448.0,42453.8,206.698
2024-01-01 05:38:00,42453.8,42459.3,42440.2,42459.3,100.04
2024-01-01 05:39:00,42459.3,42460.5,42436.1,42446.8,114.285
2024-01-01 05:40:00,42446.8,42479.2,42445.2,42476.9,153.044
2024-01-01 05:41:00,42476.9,42520.9,42476.8,42515.4,272.666
2024-01-01 05:42:00,42515.4,42515.5,42497.0,42497.1,183.61
2024-01-01 05:43:00,42497.1,42522.2,42495.0,42519.2,152.033
2024-01-01 05:44:00,42519.2,42535.0,42502.6,42532.5,138.422
2024-01-01 05:45:00,42532.4,42558.0,42519.7,42549.1,355.086
2024-01-01 05:46:00,42549.3,42603.2,42549.3,42580.5,350.894
2024-01-01 05:47:00,42580.6,42580.6,42541.7,42542.2,215.976
2024-01-01 05:48:00,42542.2,42542.3,42503.5,42514.5,228.238
2024-01-01 05:49:00,42514.5,42516.4,42494.1,42494.1,141.038
2024-01-01 05:50:00,42494.1,42506.0,42491.1,42498.7,77.409
2024-01-01 05:51:00,42498.8,42498.9,42484.4,42486.4,105.509
2024-01-01 05:52:00,42486.3,42503.0,42486.3,42500.6,91.012
2024-01-01 05:53:00,42500.5,42514.4,42500.3,42503.9,65.579
2024-01-01 05:54:00,42504.0,42533.1,42503.9,42509.4,78.954
2024-01-01 05:55:00,42509.4,42542.3,42500.0,42542.3,102.642
2024-01-01 05:56:00,42542.2,42542.3,42500.0,42500.0,83.171
2024-01-01 05:57:00,42500.0,42513.0,42467.0,42471.7,194.193
2024-01-01 05:58:00,42471.8,42477.5,42452.9,42457.7,131.748
2024-01-01 05:59:00,42457.7,42462.9,42449.1,42458.5,100.579
2024-01-01 06:00:00,42458.4,42458.4,42428.5,42428.5,118.719
2024-01-01 06:01:00,42428.4,42428.4,42411.4,42420.3,188.465
2024-01-01 06:02:00,42420.3,42439.0,42405.0,42405.0,106.331
2024-01-01 06:03:00,42405.1,42412.3,42402.5,42411.4,111.2
2024-01-01 06:04:00,42411.4,42411.4,42386.4,42399.6,182.311
2024-01-01 06:05:00,42399.6,42399.6,42386.2,42396.0,87.415
2024-01-01 06:06:00,42396.1,42419.2,42389.2,42414.0,196.2
2024-01-01 06:07:00,42414.0,42450.0,42411.0,42447.0,118.717
2024-01-01 06:08:00,42447.0,42453.3,42436.3,42438.5,63.841
2024-01-01 06:09:00,42438.6,42481.9,42438.5,42481.9,132.286
2024-01-01 06:10:00,42481.9,42485.7,42470.7,42480.1,129.405
2024-01-01 06:11:00,42480.2,42480.2,42456.5,42460.8,34.156
2024-01-01 06:12:00,42460.8,42463.0,42447.6,42463.0,29.566
2024-01-01 06:13:00,42463.0,42468.1,42451.5,42451.5,80.265
2024-01-01 06:14:00,42451.5,42476.4,42437.9,42474.5,105.34
2024-01-01 06:15:00,42474.5,42494.8,42474.5,42494.8,85.954
2024-01-01 06:16:00,42494.7,42498.6,42491.3,42492.7,50.444
2024-01-01 06:17:00,42492.6,42492.6,42475.3,42475.3,54.219
2024-01-01 06:18:00,42475.4,42476.4,42463.7,42463.7,54.122
2024-01-01 06:19:00,42463.5,42463.5,42449.1,42452.6,37.395
2024-01-01 06:20:00,42452.6,42473.4,42451.1,42473.3,24.752
2024-01-01 06:21:00,42473.4,42476.0,42466.8,42472.1,40.76
2024-01-01 06:22:00,42472.1,42476.0,42472.0,42475.9,28.469
2024-01-01 06:23:00,42475.9,42476.9,42471.7,42476.7,35.603
2024-01-01 06:24:00,42476.8,42494.9,42476.7,42494.9,27.995
2024-01-01 06:25:00,42494.9,42499.0,42485.7,42498.9,45.79
2024-01-01 06:26:00,42499.0,42519.4,42498.9,42514.4,101.611
2024-01-01 06:27:00,42514.3,42527.2,42509.6,42527.2,81.701
2024-01-01 06:28:00,42527.1,42527.1,42509.4,42520.7,98.775
2024-01-01 06:29:00,42520.7,42520.8,42503.5,42503.5,67.654
2024-01-01 06:30:00,42503.5,42503.6,42484.6,42484.7,107.554
2024-01-01 06:31:00,42484.6,42484.7,42475.4,42475.5,48.55
2024-01-01 06:32:00,42475.5,42494.1,42467.4,42494.0,118.094
2024-01-01 06:33:00,42494.1,42500.5,42469.2,42475.5,83.397
2024-01-01 06:34:00,42475.6,42475.6,42464.8,42464.8,26.346
2024-01-01 06:35:00,42464.8,42475.5,42462.0,42475.5,42.972
2024-01-01 06:36:00,42475.5,42491.2,42466.8,42491.2,45.8
2024-01-01 06:37:00,42491.2,42491.2,42475.8,42485.6,55.211
2024-01-01 06:38:00,42485.7,42485.7,42478.3,42480.7,20.513
2024-01-01 06:39:00,42480.7,42480.7,42467.5,42472.5,56.528
2024-01-01 06:40:00,42472.4,42493.6,42472.4,42477.5,117.072
2024-01-01 06:41:00,42477.4,42481.5,42477.4,42477.4,18.709
2024-01-01 06:42:00,42477.4,42487.3,42473.9,42487.3,25.669
2024-01-01 06:43:00,42487.3,42510.4,42487.2,42510.4,38.041
2024-01-01 06:44:00,42510.4,42510.4,42497.5,42497.6,45.818
2024-01-01 06:45:00,42497.6,42513.9,42497.5,42513.9,54.282
2024-01-01 06:46:00,42514.4,42530.0,42514.3,42529.9,60.706
2024-01-01 06:47:00,42530.0,42530.0,42525.1,42529.3,25.676
2024-01-01 06:48:00,42529.2,42533.3,42520.6,42520.7,32.073
2024-01-01 06:49:00,42520.7,42533.7,42510.3,42532.6,82.716
2024-01-01 06:50:00,42532.6,42538.9,42532.5,42535.3,55.925
2024-01-01 06:51:00,42535.3,42554.9,42535.3,42538.0,127.896
2024-01-01 06:52:00,42538.0,42540.1,42532.1,42532.2,25.198
2024-01-01 06:53:00,42532.1,42532.2,42520.0,42520.0,31.667
2024-01-01 06:54:00,42520.0,42520.1,42509.3,42511.4,76.39
2024-01-01 06:55:00,42510.9,42523.0,42510.9,42519.1,35.508
2024-01-01 06:56:00,42519.1,42544.9,42502.7,42544.8,129.825
2024-01-01 06:57:00,42544.8,42546.1,42540.0,42546.1,22.39
2024-01-01 06:58:00,42546.1,42546.1,42534.0,42534.0,29.69
2024-01-01 06:59:00,42534.0,42534.1,42524.8,42524.8,36.478
2024-01-01 07:00:00,42524.9,42539.1,42524.8,42534.7,37.67
2024-01-01 07:01:00,42534.7,42555.0,42534.6,42555.0,76.454
2024-01-01 07:02:00,42555.0,42591.7,42554.9,42587.3,198.388
2024-01-01 07:03:00,42587.3,42608.6,42587.2,42604.4,197.197
2024-01-01 07:04:00,42604.3,42616.1,42594.1,42598.2,166.229
2024-01-01 07:05:00,42598.3,42659.4,42598.2,42649.1,362.529
2024-01-01 07:06:00,42649.2,42732.8,42649.1,42712.1,880.203
2024-01-01 07:07:00,42712.0,42784.9,42712.0,42754.1,683.586
2024-01-01 07:08:00,42754.1,42832.0,42720.9,42811.3,1320.427
2024-01-01 07:09:00,42811.4,42811.4,42754.2,42763.0,216.352
2024-01-01 07:10:00,42763.0,42775.8,42739.1,42739.1,406.975
2024-01-01 07:11:00,42739.1,42795.1,42709.8,42767.5,485.244
2024-01-01 07:12:00,42767.4,42776.8,42752.2,42752.3,131.055
2024-01-01 07:13:00,42752.2,42754.6,42734.6,42738.9,116.43
2024-01-01 07:14:00,42738.8,42744.8,42733.2,42734.3,110.282
2024-01-01 07:15:00,42734.2,42749.5,42728.0,42728.1,170.09
2024-01-01 07:16:00,42728.0,42745.1,42728.0,42737.3,92.486
2024-01-01 07:17:00,42737.3,42737.3,42706.2,42706.2,104.196
2024-01-01 07:18:00,42706.2,42735.9,42686.9,42709.5,239.855
2024-01-01 07:19:00,42709.5,42750.0,42709.5,42734.9,315.541
2024-01-01 07:20:00,42734.8,42749.1,42715.7,42720.3,60.19
2024-01-01 07:21:00,42720.3,42734.8,42710.4,42731.0,74.339
2024-01-01 07:22:00,42731.0,42731.1,42713.3,42713.3,64.238
2024-01-01 07:23:00,42713.4,42713.4,42695.5,42700.1,67.862
2024-01-01 07:24:00,42700.0,42709.1,42700.0,42700.1,27.956
2024-01-01 07:25:00,42700.1,42707.3,42680.8,42693.1,125.239
2024-01-01 07:26:00,42693.1,42699.9,42659.7,42681.2,222.106
2024-01-01 07:27:00,42681.1,42681.1,42657.6,42660.3,108.368
2024-01-01 07:28:00,42660.3,42669.0,42658.1,42668.9,59.825
2024-01-01 07:29:00,42669.0,42669.0,42642.5,42647.9,245.405
2024-01-01 07:30:00,42647.9,42676.9,42636.3,42643.5,313.712
2024-01-01 07:31:00,42643.4,42647.1,42628.1,42633.6,68.097
2024-01-01 07:32:00,42633.6,42637.1,42624.4,42624.4,101.802
2024-01-01 07:33:00,42624.5,42636.1,42614.6,42618.4,159.026
2024-01-01 07:34:00,42618.5,42619.2,42591.3,42598.5,275.64
2024-01-01 07:35:00,42598.5,42613.0,42582.3,42612.2,142.288
2024-01-01 07:36:00,42612.3,42615.6,42583.9,42598.8,86.817
2024-01-01 07:37:00,42598.8,42611.2,42594.6,42594.6,65.434
2024-01-01 07:38:00,42594.3,42609.1,42585.7,42599.4,112.953
2024-01-01 07:39:00,42599.4,42599.4,42582.7,42582.7,25.38
2024-01-01 07:40:00,42582.8,42588.7,42582.3,42588.0,50.409
2024-01-01 07:41:00,42587.9,42601.8,42587.9,42597.0,46.358
2024-01-01 07:42:00,42597.1,42597.1,42586.0,42587.3,51.54
2024-01-01 07:43:00,42587.2,42587.3,42586.5,42586.6,22.631
2024-01-01 07:44:00,42586.6,42595.0,42578.0,42593.7,58.441
2024-01-01 07:45:00,42593.6,42593.7,42584.1,42589.4,62.581
2024-01-01 07:46:00,42589.4,42597.5,42589.4,42595.4,25.106
2024-01-01 07:47:00,42595.5,42595.5,42562.3,42568.7,175.979
2024-01-01 07:48:00,42568.7,42579.2,42568.6,42578.0,43.962
2024-01-01 07:49:00,42578.0,42578.0,42567.5,42575.9,37.731
2024-01-01 07:50:00,42576.0,42595.3,42572.5,42595.3,49.026
2024-01-01 07:51:00,42595.3,42595.3,42586.5,42586.5,40.929
2024-01-01 07:52:00,42586.6,42609.4,42578.7,42609.4,85.005
2024-01-01 07:53:00,42609.9,42610.0,42593.1,42594.6,55.655
2024-01-01 07:54:00,42594.6,42594.6,42579.8,42585.8,68.138
2024-01-01 07:55:00,42585.8,42586.9,42581.1,42585.7,39.855
2024-01-01 07:56:00,42585.8,42585.8,42580.4,42580.4,20.437
2024-01-01 07:57:00,42580.4,42582.4,42580.4,42582.3,19.974
2024-01-01 07:58:00,42582.4,42582.4,42579.6,42579.7,21.943
2024-01-01 07:59:00,42579.6,42580.0,42574.7,42575.6,58.133
2024-01-01 08:00:00,42575.6,42612.3,42567.5,42612.3,82.103
2024-01-01 08:01:00,42612.3,42620.0,42612.2,42620.0,61.983
2024-01-01 08:02:00,42619.9,42639.5,42619.9,42639.5,92.438
2024-01-01 08:03:00,42639.5,42639.5,42635.1,42637.7,53.245
2024-01-01 08:04:00,42637.8,42647.6,42637.7,42642.8,59.379
2024-01-01 08:05:00,42642.8,42644.4,42637.9,42641.5,54.994
2024-01-01 08:06:00,42641.5,42642.0,42641.4,42641.9,36.02
2024-01-01 08:07:00,42642.0,42645.3,42607.8,42624.0,128.425
2024-01-01 08:08:00,42624.0,42636.0,42623.9,42629.5,63.113
2024-01-01 08:09:00,42629.6,42629.6,42606.2,42610.2,76.025
2024-01-01 08:10:00,42610.3,42610.3,42595.9,42595.9,42.977
2024-01-01 08:11:00,42595.9,42596.0,42569.9,42573.2,197.857
2024-01-01 08:12:00,42573.2,42587.5,42570.0,42571.6,111.599
2024-01-01 08:13:00,42571.5,42577.8,42571.5,42575.3,47.026
2024-01-01 08:14:00,42575.2,42576.3,42575.2,42576.2,24.693
2024-01-01 08:15:00,42576.2,42576.3,42573.9,42573.9,21.196
2024-01-01 08:16:00,42573.9,42587.1,42573.9,42574.1,65.444
2024-01-01 08:17:00,42574.1,42575.7,42571.2,42571.2,44.53
2024-01-01 08:18:00,42571.3,42575.4,42570.7,42570.7,31.964
2024-01-01 08:19:00,42570.7,42570.8,42545.7,42545.7,120.176
2024-01-01 08:20:00,42545.7,42562.8,42530.0,42562.7,227.042
2024-01-01 08:21:00,42562.7,42625.8,42562.7,42622.4,176.303
2024-01-01 08:22:00,42622.4,42630.0,42610.1,42611.9,126.631
2024-01-01 08:23:00,42611.9,42619.0,42607.0,42614.1,62.586
2024-01-01 08:24:00,42614.1,42617.5,42606.2,42606.3,94.35
2024-01-01 08:25:00,42606.2,42617.5,42600.0,42616.1,42.733
2024-01-01 08:26:00,42616.2,42616.2,42609.6,42614.6,26.495
2024-01-01 08:27:00,42614.6,42623.8,42614.6,42623.7,39.962
2024-01-01 08:28:00,42623.7,42623.8,42623.7,42623.7,28.334
2024-01-01 08:29:00,42623.7,42624.0,42620.4,42620.4,28.462
2024-01-01 08:30:00,42620.5,42623.1,42613.2,42613.2,37.625
2024-01-01 08:31:00,42613.2,42613.3,42602.4,42609.9,57.019
2024-01-01 08:32:00,42609.9,42630.0,42600.2,42627.8,77.841
2024-01-01 08:33:00,42627.9,42627.9,42627.8,42627.8,20.53
2024-01-01 08:34:00,42627.8,42628.5,42588.0,42588.0,127.131
2024-01-01 08:35:00,42588.1,42591.8,42581.6,42591.8,53.098
2024-01-01 08:36:00,42591.8,42613.1,42591.7,42609.2,46.535
2024-01-01 08:37:00,42609.1,42609.2,42594.2,42606.9,49.434
2024-01-01 08:38:00,42606.9,42606.9,42582.8,42588.9,38.21
2024-01-01 08:39:00,42588.9,42589.0,42575.7,42575.7,71.296
2024-01-01 08:40:00,42575.7,42582.8,42575.7,42580.0,24.822
2024-01-01 08:41:00,42579.9,42586.7,42579.9,42580.7,39.397
2024-01-01 08:42:00,42580.7,42589.1,42569.3,42589.1,45.146
2024-01-01 08:43:00,42589.1,42594.5,42571.0,42571.0,40.819
2024-01-01 08:44:00,42571.0,42571.1,42534.8,42544.2,327.944
2024-01-01 08:45:00,42544.2,42544.3,42513.0,42526.6,236.856
2024-01-01 08:46:00,42526.6,42526.7,42505.5,42513.8,180.092
2024-01-01 08:47:00,42513.0,42519.8,42507.7,42513.8,79.96
2024-01-01 08:48:00,42513.9,42526.3,42503.4,42503.4,68.214
2024-01-01 08:49:00,42503.4,42510.0,42486.3,42506.6,392.562
2024-01-01 08:50:00,42506.6,42515.0,42496.0,42496.1,90.222
2024-01-01 08:51:00,42497.5,42510.0,42496.0,42510.0,42.958
2024-01-01 08:52:00,42510.0,42524.4,42489.1,42491.7,77.944
2024-01-01 08:53:00,42491.7,42491.7,42471.2,42471.2,101.682
2024-01-01 08:54:00,42471.3,42481.0,42471.3,42473.7,63.742
2024-01-01 08:55:00,42473.7,42489.3,42473.7,42486.1,50.583
2024-01-01 08:56:00,42486.1,42486.1,42468.0,42468.0,49.218
2024-01-01 08:57:00,42468.0,42475.0,42467.0,42467.0,57.341
2024-01-01 08:58:00,42467.1,42471.9,42461.3,42464.7,62.277
2024-01-01 08:59:00,42464.6,42471.6,42449.0,42466.9,129.981
2024-01-01 09:00:00,42466.9,42493.0,42461.9,42486.3,120.545
2024-01-01 09:01:00,42486.2,42486.3,42457.9,42482.7,86.58
2024-01-01 09:02:00,42482.7,42482.7,42461.6,42466.5,46.928
2024-01-01 09:03:00,42466.4,42466.4,42447.0,42451.4,96.622
2024-01-01 09:04:00,42451.4,42451.4,42445.1,42448.9,33.591
2024-01-01 09:05:00,42448.9,42449.2,42435.0,42449.2,107.344
2024-01-01 09:06:00,42449.2,42473.8,42444.6,42470.2,79.416
2024-01-01 09:07:00,42470.2,42470.2,42454.9,42463.4,36.821
2024-01-01 09:08:00,42463.4,42463.4,42433.0,42433.1,98.652
2024-01-01 09:09:00,42433.0,42433.1,42414.1,42426.4,212.053
2024-01-01 09:10:00,42426.5,42428.6,42403.2,42408.0,117.716
2024-01-01 09:11:00,42408.0,42408.1,42389.8,42397.5,234.113
2024-01-01 09:12:00,42397.5,42397.5,42365.9,42371.6,321.137
2024-01-01 09:13:00,42371.7,42377.5,42270.0,42300.0,993.945
2024-01-01 09:14:00,42300.0,42354.1,42282.1,42331.9,614.375
2024-01-01 09:15:00,42331.9,42331.9,42287.9,42302.1,259.882
2024-01-01 09:16:00,42302.1,42312.0,42275.0,42308.8,332.937
2024-01-01 09:17:00,42308.8,42341.0,42307.7,42328.7,262.476
2024-01-01 09:18:00,42327.5,42352.9,42326.0,42351.3,158.709
2024-01-01 09:19:00,42351.4,42382.5,42346.8,42380.0,314.448
2024-01-01 09:20:00,42379.9,42391.2,42366.0,42370.2,169.686
2024-01-01 09:21:00,42370.2,42370.3,42350.0,42367.5,86.676
2024-01-01 09:22:00,42367.5,42375.1,42360.3,42360.3,70.194
2024-01-01 09:23:00,42360.3,42363.7,42336.0,42339.2,77.262
2024-01-01 09:24:00,42339.2,42357.4,42330.2,42353.3,68.286
2024-01-01 09:25:00,42353.2,42374.0,42342.3,42374.0,54.985
2024-01-01 09:26:00,42374.0,42391.5,42374.0,42379.5,66.601
2024-01-01 09:27:00,42379.6,42385.9,42371.1,42371.1,85.778
2024-01-01 09:28:00,42371.1,42371.1,42350.6,42350.6,58.934
2024-01-01 09:29:00,42350.7,42375.4,42350.6,42369.8,112.709
2024-01-01 09:30:00,42369.8,42369.8,42352.9,42367.3,123.29
2024-01-01 09:31:00,42368.5,42385.8,42368.5,42381.5,52.864
2024-01-01 09:32:00,42381.4,42397.6,42381.4,42393.5,96.322
2024-01-01 09:33:00,42393.5,42403.6,42386.9,42391.1,151.134
2024-01-01 09:34:00,42391.1,42393.0,42386.0,42392.9,84.238
2024-01-01 09:35:00,42393.0,42405.0,42392.9,42404.9,99.844
2024-01-01 09:36:00,42405.0,42413.0,42404.9,42407.4,143.482
2024-01-01 09:37:00,42407.3,42414.2,42405.0,42410.0,40.37
2024-01-01 09:38:00,42410.0,42414.2,42410.0,42411.9,23.521
2024-01-01 09:39:00,42412.0,42412.0,42384.2,42384.2,106.66
2024-01-01 09:40:00,42384.2,42390.1,42379.2,42379.2,51.989
2024-01-01 09:41:00,42379.1,42387.1,42367.2,42387.0,96.066
2024-01-01 09:42:00,42387.0,42393.0,42372.0,42372.1,50.54
2024-01-01 09:43:00,42372.1,42372.1,42325.3,42337.2,255.316
2024-01-01 09:44:00,42337.2,42337.3,42307.8,42324.6,428.125
2024-01-01 09:45:00,42324.6,42327.0,42296.2,42296.2,126.298
2024-01-01 09:46:00,42296.2,42323.8,42288.7,42321.6,202.049
2024-01-01 09:47:00,42321.6,42334.3,42288.6,42294.2,110.644
2024-01-01 09:48:00,42294.2,42296.3,42277.3,42292.3,207.553
2024-01-01 09:49:00,42292.3,42323.9,42292.3,42302.6,110.455
2024-01-01 09:50:00,42302.7,42305.3,42253.8,42262.4,419.695
2024-01-01 09:51:00,42262.4,42278.4,42235.2,42257.4,352.872
2024-01-01 09:52:00,42257.4,42295.6,42256.0,42292.5,153.594
2024-01-01 09:53:00,42292.5,42316.9,42292.4,42316.9,153.877
2024-01-01 09:54:00,42316.9,42353.3,42316.8,42352.2,199.206
2024-01-01 09:55:00,42352.1,42352.2,42325.2,42332.1,124.173
2024-01-01 09:56:00,42332.2,42332.2,42313.4,42330.8,72.191
2024-01-01 09:57:00,42330.8,42330.8,42308.4,42310.8,62.624
2024-01-01 09:58:00,42310.8,42316.9,42307.0,42316.9,74.709
2024-01-01 09:59:00,42316.9,42343.0,42316.9,42342.9,79.998
2024-01-01 10:00:00,42342.9,42360.7,42338.2,42347.7,117.441
2024-01-01 10:01:00,42347.8,42347.8,42334.5,42336.4,54.037
2024-01-01 10:02:00,42336.5,42347.8,42316.5,42347.8,201.685
2024-01-01 10:03:00,42347.8,42357.3,42347.7,42354.2,58.492
2024-01-01 10:04:00,42354.2,42360.7,42352.0,42360.7,30.986
2024-01-01 10:05:00,42360.6,42375.1,42360.6,42373.8,98.198
2024-01-01 10:06:00,42373.7,42378.9,42372.9,42378.9,50.443
2024-01-01 10:07:00,42378.9,42378.9,42360.8,42360.8,37.719
2024-01-01 10:08:00,42360.8,42366.0,42352.3,42353.6,57.033
2024-01-01 10:09:00,42353.6,42375.9,42353.6,42375.9,49.735
2024-01-01 10:10:00,42375.9,42379.1,42358.8,42365.5,74.24
2024-01-01 10:11:00,42365.4,42381.0,42359.0,42378.1,48.555
2024-01-01 10:12:00,42378.1,42378.1,42357.0,42368.6,62.427
2024-01-01 10:13:00,42368.5,42368.5,42337.0,42346.5,61.31
2024-01-01 10:14:00,42346.5,42351.7,42343.7,42347.3,51.625
2024-01-01 10:15:00,42347.4,42358.5,42335.2,42352.8,88.207
2024-01-01 10:16:00,42352.7,42376.7,42352.7,42365.3,60.29
2024-01-01 10:17:00,42365.2,42377.2,42365.2,42377.2,34.656
2024-01-01 10:18:00,42377.2,42390.0,42370.0,42390.0,62.229
2024-01-01 10:19:00,42389.9,42394.6,42370.2,42391.5,98.481
2024-01-01 10:20:00,42391.6,42394.7,42380.1,42380.1,128.446
2024-01-01 10:21:00,42380.1,42393.8,42376.2,42393.8,50.138
2024-01-01 10:22:00,42393.8,42396.3,42387.0,42396.3,35.971
2024-01-01 10:23:00,42396.4,42396.5,42385.8,42385.9,48.496
2024-01-01 10:24:00,42385.8,42402.4,42382.2,42402.4,59.692
2024-01-01 10:25:00,42402.4,42402.4,42393.6,42393.6,60.363
2024-01-01 10:26:00,42393.7,42396.1,42393.5,42394.5,25.967
2024-01-01 10:27:00,42394.6,42404.0,42394.5,42403.9,47.381
2024-01-01 10:28:00,42403.9,42439.8,42403.9,42438.6,168.21
2024-01-01 10:29:00,42438.6,42438.6,42417.8,42436.6,80.384
2024-01-01 10:30:00,42436.6,42440.0,42420.4,42432.0,129.59
2024-01-01 10:31:00,42432.0,42434.9,42384.4,42398.1,171.351
2024-01-01 10:32:00,42398.1,42412.0,42385.8,42395.0,57.924
2024-01-01 10:33:00,42395.0,42395.0,42359.8,42359.8,161.783
2024-01-01 10:34:00,42359.9,42359.9,42351.9,42358.8,59.881
2024-01-01 10:35:00,42358.9,42384.5,42358.9,42378.9,32.149
2024-01-01 10:36:00,42378.9,42390.7,42377.6,42383.1,67.664
2024-01-01 10:37:00,42383.1,42391.6,42371.0,42387.7,67.664
2024-01-01 10:38:00,42387.7,42387.7,42375.5,42382.5,86.493
2024-01-01 10:39:00,42383.1,42383.2,42367.5,42376.0,39.589
2024-01-01 10:40:00,42375.9,42386.4,42375.9,42386.4,34.468
2024-01-01 10:41:00,42386.3,42394.2,42378.2,42381.4,47.761
2024-01-01 10:42:00,42381.5,42381.5,42373.0,42377.0,44.429
2024-01-01 10:43:00,42376.9,42377.0,42371.1,42372.0,27.425
2024-01-01 10:44:00,42372.1,42392.6,42372.0,42389.3,46.917
2024-01-01 10:45:00,42389.4,42392.7,42376.7,42385.7,73.645
2024-01-01 10:46:00,42385.6,42385.6,42368.3,42370.2,52.623
2024-01-01 10:47:00,42370.1,42392.7,42370.1,42391.9,65.339
2024-01-01 10:48:00,42391.9,42395.0,42384.3,42395.0,33.948
2024-01-01 10:49:00,42395.0,42398.5,42385.0,42390.0,118.301
2024-01-01 10:50:00,42390.1,42390.1,42381.6,42381.6,21.184
2024-01-01 10:51:00,42381.6,42381.7,42373.7,42377.1,25.805
2024-01-01 10:52:00,42377.2,42380.3,42377.1,42377.2,22.584
2024-01-01 10:53:00,42377.2,42377.2,42370.1,42374.8,27.774
2024-01-01 10:54:00,42374.7,42374.8,42368.3,42368.3,15.552
2024-01-01 10:55:00,42368.4,42380.0,42368.3,42369.5,41.089
2024-01-01 10:56:00,42369.6,42369.6,42362.6,42365.3,40.539
2024-01-01 10:57:00,42365.3,42365.3,42326.3,42326.3,142.452
2024-01-01 10:58:00,42326.4,42333.2,42325.4,42328.9,68.158
2024-01-01 10:59:00,42328.9,42329.0,42326.2,42326.3,22.953
2024-01-01 11:00:00,42326.2,42341.1,42325.0,42341.1,54.035
2024-01-01 11:01:00,42341.1,42357.1,42325.0,42335.9,93.445
2024-01-01 11:02:00,42335.9,42350.8,42329.0,42332.6,46.543
2024-01-01 11:03:00,42332.9,42351.4,42332.8,42346.0,28.383
2024-01-01 11:04:00,42346.1,42358.1,42344.1,42344.1,51.53
2024-01-01 11:05:00,42344.2,42349.5,42330.6,42333.6,35.748
2024-01-01 11:06:00,42332.5,42332.5,42313.8,42313.8,44.673
2024-01-01 11:07:00,42313.8,42319.2,42304.0,42314.3,85.536
2024-01-01 11:08:00,42314.2,42324.2,42314.2,42321.9,46.133
2024-01-01 11:09:00,42322.0,42322.0,42310.0,42310.8,41.082
2024-01-01 11:10:00,42310.7,42322.4,42307.3,42315.5,79.401
2024-01-01 11:11:00,42315.4,42332.2,42310.7,42332.2,53.19
2024-01-01 11:12:00,42332.1,42332.2,42313.7,42321.5,48.151
2024-01-01 11:13:00,42321.5,42339.0,42321.4,42339.0,45.921
2024-01-01 11:14:00,42339.0,42339.0,42329.3,42335.7,26.381
2024-01-01 11:15:00,42335.8,42335.8,42306.9,42307.0,61.687
2024-01-01 11:16:00,42306.9,42306.9,42302.0,42302.0,50.866
2024-01-01 11:17:00,42302.0,42302.1,42285.2,42290.5,153.785
2024-01-01 11:18:00,42290.5,42298.8,42278.7,42278.7,108.016
2024-01-01 11:19:00,42278.8,42278.8,42270.4,42273.0,73.984
2024-01-01 11:20:00,42273.0,42273.1,42242.0,42254.0,225.399
2024-01-01 11:21:00,42254.0,42268.7,42243.0,42267.0,101.296
2024-01-01 11:22:00,42266.9,42270.0,42266.9,42269.5,27.605
2024-01-01 11:23:00,42269.4,42278.1,42269.4,42278.0,52.302
2024-01-01 11:24:00,42278.1,42280.0,42251.5,42261.7,67.664
2024-01-01 11:25:00,42261.6,42261.7,42244.2,42244.2,58.259
2024-01-01 11:26:00,42244.2,42245.8,42207.9,42244.0,345.593
2024-01-01 11:27:00,42244.0,42265.1,42240.5,42265.0,71.953
2024-01-01 11:28:00,42265.0,42270.5,42260.4,42267.3,77.161
2024-01-01 11:29:00,42267.2,42272.7,42265.6,42272.6,36.801
2024-01-01 11:30:00,42272.6,42272.7,42251.0,42253.2,106.269
2024-01-01 11:31:00,42253.3,42253.3,42239.1,42250.5,77.083
2024-01-01 11:32:00,42250.4,42278.1,42250.4,42278.1,70.025
2024-01-01 11:33:00,42278.1,42300.5,42278.0,42300.5,125.065
2024-01-01 11:34:00,42300.5,42309.1,42292.4,42309.1,73.015
2024-01-01 11:35:00,42309.0,42328.8,42304.9,42328.7,172.605
2024-01-01 11:36:00,42328.7,42337.8,42328.7,42333.3,133.121
2024-01-01 11:37:00,42333.4,42337.8,42331.1,42331.1,60.339
2024-01-01 11:38:00,42331.1,42331.2,42313.2,42316.2,85.606
2024-01-01 11:39:00,42316.1,42321.0,42316.1,42320.9,23.752
2024-01-01 11:40:00,42320.9,42321.0,42309.2,42310.9,43.065
2024-01-01 11:41:00,42310.9,42313.0,42310.9,42310.9,17.153
2024-01-01 11:42:00,42310.9,42311.0,42304.0,42304.0,14.296
2024-01-01 11:43:00,42304.1,42315.6,42300.0,42300.0,53.061
2024-01-01 11:44:00,42300.0,42316.7,42294.2,42308.2,72.524
2024-01-01 11:45:00,42308.3,42320.0,42298.1,42320.0,47.493
2024-01-01 11:46:00,42320.0,42341.1,42319.9,42341.1,57.392
2024-01-01 11:47:00,42341.0,42370.9,42341.0,42368.1,164.246
2024-01-01 11:48:00,42368.1,42375.0,42362.3,42371.8,128.546
2024-01-01 11:49:00,42371.8,42382.3,42370.0,42370.8,66.806
2024-01-01 11:50:00,42370.9,42370.9,42347.9,42347.9,53.748
2024-01-01 11:51:00,42347.9,42348.0,42321.1,42321.1,56.448
2024-01-01 11:52:00,42321.2,42327.0,42309.0,42316.7,72.912
2024-01-01 11:53:00,42316.8,42333.9,42310.0,42333.9,62.082
2024-01-01 11:54:00,42333.9,42347.7,42332.9,42346.9,54.166
2024-01-01 11:55:00,42346.9,42347.3,42340.7,42343.1,40.146
2024-01-01 11:56:00,42343.1,42347.1,42333.4,42343.2,35.607
2024-01-01 11:57:00,42343.1,42358.0,42343.1,42357.9,59.286
2024-01-01 11:58:00,42358.0,42358.0,42350.7,42350.7,30.178
2024-01-01 11:59:00,42350.7,42354.6,42349.6,42349.6,35.59
2024-01-01 12:00:00,42349.1,42351.8,42337.6,42346.1,48.323
2024-01-01 12:01:00,42346.1,42354.5,42346.0,42354.4,18.729
2024-01-01 12:02:00,42354.4,42354.5,42346.0,42351.0,19.211
2024-01-01 12:03:00,42351.0,42383.3,42351.0,42376.7,90.692
2024-01-01 12:04:00,42376.6,42376.7,42364.8,42364.8,64.346
2024-01-01 12:05:00,42364.8,42390.3,42364.8,42390.2,143.408
2024-01-01 12:06:00,42390.3,42397.4,42379.6,42379.6,59.486
2024-01-01 12:07:00,42379.7,42386.4,42373.5,42383.4,34.872
2024-01-01 12:08:00,42383.4,42383.5,42373.1,42380.1,21.347
2024-01-01 12:09:00,42380.0,42383.6,42378.2,42383.6,26.996
2024-01-01 12:10:00,42383.5,42403.0,42383.5,42398.2,148.768
2024-01-01 12:11:00,42398.1,42418.7,42398.1,42418.6,45.751
2024-01-01 12:12:00,42418.7,42418.7,42414.3,42414.5,18.546
2024-01-01 12:13:00,42414.5,42414.5,42404.6,42404.7,62.351
2024-01-01 12:14:00,42404.7,42410.3,42404.7,42405.9,37.256
2024-01-01 12:15:00,42405.9,42412.0,42397.9,42412.0,103.452
2024-01-01 12:16:00,42411.9,42439.1,42411.9,42416.7,245.823
2024-01-01 12:17:00,42416.7,42416.7,42403.1,42403.1,36.675
2024-01-01 12:18:00,42403.2,42414.6,42403.1,42410.6,30.564
2024-01-01 12:19:00,42410.6,42410.7,42406.8,42406.9,14.274
2024-01-01 12:20:00,42406.7,42406.7,42405.9,42405.9,11.107
2024-01-01 12:21:00,42405.9,42431.7,42405.9,42431.6,49.802
2024-01-01 12:22:00,42431.7,42448.1,42428.3,42440.2,108.651
2024-01-01 12:23:00,42440.2,42461.3,42440.1,42450.4,131.161
2024-01-01 12:24:00,42450.5,42450.5,42440.0,42440.0,45.658
2024-01-01 12:25:00,42440.1,42440.1,42426.4,42426.5,34.45
2024-01-01 12:26:00,42426.4,42433.1,42420.0,42420.0,74.156
2024-01-01 12:27:00,42420.0,42440.4,42420.0,42436.4,39.403
2024-01-01 12:28:00,42436.4,42436.5,42427.0,42427.1,43.889
2024-01-01 12:29:00,42427.1,42431.6,42423.3,42423.3,32.247
2024-01-01 12:30:00,42423.4,42456.1,42421.7,42456.1,99.023
2024-01-01 12:31:00,42456.0,42482.0,42453.8,42482.0,152.879
2024-01-01 12:32:00,42482.0,42490.6,42477.8,42480.1,129.933
2024-01-01 12:33:00,42480.0,42505.6,42480.0,42505.5,130.878
2024-01-01 12:34:00,42505.5,42512.6,42462.6,42462.6,246.391
2024-01-01 12:35:00,42462.6,42485.0,42458.5,42485.0,62.824
2024-01-01 12:36:00,42484.9,42517.0,42482.9,42516.1,131.087
2024-01-01 12:37:00,42516.1,42516.2,42474.7,42485.0,381.374
2024-01-01 12:38:00,42485.0,42488.3,42459.9,42474.2,233.795
2024-01-01 12:39:00,42474.2,42504.1,42474.1,42504.1,52.355
2024-01-01 12:40:00,42504.1,42504.1,42498.7,42498.7,33.618
2024-01-01 12:41:00,42498.8,42504.1,42481.7,42481.8,163.021
2024-01-01 12:42:00,42481.7,42492.7,42481.7,42492.6,42.471
2024-01-01 12:43:00,42492.7,42493.1,42485.7,42485.7,49.463
2024-01-01 12:44:00,42485.7,42485.8,42480.8,42482.2,28.844
2024-01-01 12:45:00,42482.2,42494.2,42472.6,42482.1,96.123
2024-01-01 12:46:00,42482.2,42486.3,42469.0,42469.1,59.43
2024-01-01 12:47:00,42469.0,42484.4,42469.0,42478.4,57.882
2024-01-01 12:48:00,42478.5,42496.9,42478.4,42489.5,36.869
2024-01-01 12:49:00,42489.4,42490.0,42481.0,42481.1,29.404
2024-01-01 12:50:00,42481.1,42493.3,42463.1,42463.1,50.911
2024-01-01 12:51:00,42463.1,42476.5,42463.1,42472.1,37.61
2024-01-01 12:52:00,42472.1,42483.6,42472.0,42472.0,32.735
2024-01-01 12:53:00,42472.0,42505.0,42472.0,42483.3,93.442
2024-01-01 12:54:00,42483.3,42485.6,42483.3,42485.5,20.22
2024-01-01 12:55:00,42485.5,42510.3,42485.5,42507.6,76.562
2024-01-01 12:56:00,42507.6,42518.8,42504.6,42518.8,92.688
2024-01-01 12:57:00,42518.7,42518.8,42516.4,42516.5,29.763
2024-01-01 12:58:00,42516.4,42536.0,42500.0,42500.0,221.236
2024-01-01 12:59:00,42500.0,42525.0,42500.0,42524.9,57.984
2024-01-01 13:00:00,42524.9,42525.0,42515.5,42516.2,54.199
2024-01-01 13:01:00,42516.2,42525.0,42505.9,42512.2,78.719
2024-01-01 13:02:00,42512.3,42530.1,42512.3,42530.0,105.692
2024-01-01 13:03:00,42530.1,42531.9,42520.0,42524.1,44.611
2024-01-01 13:04:00,42524.1,42529.5,42524.1,42529.5,22.978
2024-01-01 13:05:00,42529.5,42535.9,42524.1,42524.1,63.03
2024-01-01 13:06:00,42524.2,42527.0,42522.7,42526.9,23.124
2024-01-01 13:07:00,42526.9,42527.0,42523.6,42527.0,56.009
2024-01-01 13:08:00,42527.0,42527.2,42523.7,42527.2,25.448
2024-01-01 13:09:00,42527.1,42528.0,42524.5,42524.5,49.942
2024-01-01 13:10:00,42524.6,42524.7,42500.0,42500.0,74.971
2024-01-01 13:11:00,42500.1,42500.1,42488.2,42492.6,79.864
2024-01-01 13:12:00,42492.6,42492.7,42485.3,42487.9,61.126
2024-01-01 13:13:00,42488.0,42490.2,42486.2,42486.3,29.246
2024-01-01 13:14:00,42486.3,42486.3,42475.4,42475.4,68.599
2024-01-01 13:15:00,42475.4,42475.5,42461.3,42465.9,83.031
2024-01-01 13:16:00,42465.9,42503.0,42465.9,42503.0,83.41
2024-01-01 13:17:00,42503.0,42503.0,42491.9,42494.4,57.839
2024-01-01 13:18:00,42494.4,42498.9,42492.3,42492.3,14.187
2024-01-01 13:19:00,42492.4,42496.7,42488.4,42496.7,57.466
2024-01-01 13:20:00,42496.7,42505.0,42490.0,42490.0,31.342
2024-01-01 13:21:00,42490.1,42501.1,42490.0,42497.3,17.995
2024-01-01 13:22:00,42497.2,42507.0,42496.7,42507.0,18.933
2024-01-01 13:23:00,42506.9,42507.0,42498.5,42498.6,23.432
2024-01-01 13:24:00,42498.6,42506.9,42498.5,42506.9,15.036
2024-01-01 13:25:00,42506.9,42510.0,42506.8,42510.0,29.154
2024-01-01 13:26:00,42510.0,42523.0,42507.0,42507.0,84.191
2024-01-01 13:27:00,42507.1,42515.4,42507.0,42507.0,33.48
2024-01-01 13:28:00,42507.1,42507.1,42494.2,42496.1,35.302
2024-01-01 13:29:00,42496.2,42532.0,42496.1,42527.0,101.879
2024-01-01 13:30:00,42527.1,42533.0,42519.3,42530.9,102.877
2024-01-01 13:31:00,42530.8,42567.3,42530.8,42559.4,224.83
2024-01-01 13:32:00,42559.4,42570.0,42498.8,42502.6,331.826
2024-01-01 13:33:00,42502.7,42503.7,42489.4,42489.4,80.326
2024-01-01 13:34:00,42489.4,42495.0,42489.4,42494.9,48.654
2024-01-01 13:35:00,42494.9,42518.7,42494.9,42513.1,102.4
2024-01-01 13:36:00,42513.2,42522.2,42513.1,42521.0,39.477
2024-01-01 13:37:00,42521.0,42521.6,42520.9,42521.5,24.64
2024-01-01 13:38:00,42521.6,42521.6,42521.5,42521.5,27.884
2024-01-01 13:39:00,42521.6,42522.0,42518.2,42522.0,34.444
2024-01-01 13:40:00,42521.9,42546.8,42521.9,42546.7,55.446
2024-01-01 13:41:00,42546.7,42558.7,42544.7,42558.6,54.755
2024-01-01 13:42:00,42558.6,42560.0,42557.4,42557.4,41.11
2024-01-01 13:43:00,42557.4,42557.5,42531.6,42534.9,94.609
2024-01-01 13:44:00,42534.9,42552.0,42534.9,42551.9,42.335
2024-01-01 13:45:00,42551.9,42555.5,42545.0,42552.2,64.844
2024-01-01 13:46:00,42552.1,42552.2,42544.3,42544.3,24.632
2024-01-01 13:47:00,42544.0,42551.9,42540.0,42551.8,23.819
2024-01-01 13:48:00,42551.8,42551.9,42539.5,42543.3,17.984
2024-01-01 13:49:00,42543.2,42551.4,42543.2,42550.0,20.145
2024-01-01 13:50:00,42550.0,42552.1,42546.2,42552.0,24.035
2024-01-01 13:51:00,42552.0,42563.7,42552.0,42563.7,42.916
2024-01-01 13:52:00,42563.7,42563.7,42558.0,42559.4,33.033
2024-01-01 13:53:00,42559.4,42570.8,42559.4,42570.7,85.82
2024-01-01 13:54:00,42570.7,42577.0,42543.1,42543.1,73.7
2024-01-01 13:55:00,42543.1,42543.2,42511.0,42512.9,86.995
2024-01-01 13:56:00,42513.0,42527.2,42513.0,42522.3,51.548
2024-01-01 13:57:00,42522.4,42526.7,42517.3,42526.6,32.422
2024-01-01 13:58:00,42526.6,42526.6,42517.3,42517.3,26.566
2024-01-01 13:59:00,42517.3,42520.0,42509.0,42519.9,39.896
2024-01-01 14:00:00,42520.0,42540.0,42519.9,42540.0,57.14
2024-01-01 14:01:00,42540.0,42543.3,42522.2,42522.2,38.978
2024-01-01 14:02:00,42522.2,42522.3,42513.2,42515.3,48.053
2024-01-01 14:03:00,42515.3,42522.1,42513.0,42513.0,45.802
2024-01-01 14:04:00,42513.0,42517.3,42492.8,42495.2,89.102
2024-01-01 14:05:00,42495.2,42516.8,42495.2,42516.8,55.951
2024-01-01 14:06:00,42516.8,42530.2,42516.8,42520.1,54.18
2024-01-01 14:07:00,42520.0,42520.1,42510.1,42514.7,39.675
2024-01-01 14:08:00,42515.8,42515.9,42505.5,42505.5,41.37
2024-01-01 14:09:00,42505.5,42508.0,42505.5,42507.9,9.538
2024-01-01 14:10:00,42507.9,42532.3,42507.9,42532.3,70.246
2024-01-01 14:11:00,42532.2,42532.3,42522.1,42527.7,34.443
2024-01-01 14:12:00,42527.7,42529.1,42523.9,42529.0,32.568
2024-01-01 14:13:00,42529.0,42532.8,42529.0,42530.4,27.601
2024-01-01 14:14:00,42530.4,42530.5,42530.4,42530.4,19.017
2024-01-01 14:15:00,42530.5,42530.5,42522.0,42529.6,34.493
2024-01-01 14:16:00,42529.6,42559.6,42529.6,42559.6,106.99
2024-01-01 14:17:00,42559.5,42570.0,42559.5,42569.9,48.613
2024-01-01 14:18:00,42570.0,42587.0,42569.9,42578.5,108.257
2024-01-01 14:19:00,42578.5,42582.0,42562.8,42564.0,69.845
2024-01-01 14:20:00,42562.8,42570.0,42562.4,42565.3,159.489
2024-01-01 14:21:00,42565.3,42565.4,42547.2,42555.4,57.734
2024-01-01 14:22:00,42555.5,42557.7,42549.5,42553.9,33.791
2024-01-01 14:23:00,42553.9,42560.0,42553.8,42559.7,19.723
2024-01-01 14:24:00,42559.7,42581.4,42559.7,42581.4,33.064
2024-01-01 14:25:00,42581.4,42586.5,42573.8,42586.5,42.071
2024-01-01 14:26:00,42586.5,42590.0,42578.5,42590.0,77.125
2024-01-01 14:27:00,42589.9,42597.3,42582.9,42588.7,166.399
2024-01-01 14:28:00,42588.7,42589.0,42577.4,42583.5,69.966
2024-01-01 14:29:00,42583.6,42591.6,42583.3,42588.2,28.554
2024-01-01 14:30:00,42588.2,42594.9,42579.2,42594.9,57.964
2024-01-01 14:31:00,42594.9,42608.7,42589.9,42608.7,129.219
2024-01-01 14:32:00,42608.6,42609.8,42605.0,42608.4,51.455
2024-01-01 14:33:00,42608.5,42608.5,42597.2,42601.7,52.083
2024-01-01 14:34:00,42601.6,42611.2,42601.6,42610.0,46.116
2024-01-01 14:35:00,42610.0,42610.1,42583.8,42591.4,53.492
2024-01-01 14:36:00,42591.4,42602.8,42587.0,42587.0,26.184
2024-01-01 14:37:00,42587.0,42594.3,42580.9,42581.0,67.264
2024-01-01 14:38:00,42580.9,42591.9,42580.9,42581.4,41.647
2024-01-01 14:39:00,42581.5,42594.0,42579.4,42579.5,57.068
2024-01-01 14:40:00,42579.5,42594.0,42579.4,42586.1,89.119
2024-01-01 14:41:00,42586.2,42586.3,42570.0,42586.3,45.149
2024-01-01 14:42:00,42586.2,42591.4,42586.2,42591.4,11.052
2024-01-01 14:43:00,42591.4,42591.4,42580.5,42584.0,25.72
2024-01-01 14:44:00,42584.1,42615.8,42584.0,42609.0,229.58
2024-01-01 14:45:00,42609.1,42625.0,42609.0,42621.6,74.911
2024-01-01 14:46:00,42621.5,42627.0,42610.2,42617.9,157.261
2024-01-01 14:47:00,42617.8,42640.5,42614.3,42630.2,221.402
2024-01-01 14:48:00,42630.2,42635.2,42618.6,42623.0,41.317
2024-01-01 14:49:00,42622.9,42628.0,42622.9,42627.9,26.413
2024-01-01 14:50:00,42627.9,42647.5,42627.8,42647.3,79.022
2024-01-01 14:51:00,42647.3,42663.0,42647.3,42649.9,217.8
2024-01-01 14:52:00,42650.0,42650.0,42637.0,42647.0,65.375
2024-01-01 14:53:00,42647.1,42669.4,42647.0,42666.8,114.263
2024-01-01 14:54:00,42666.8,42688.0,42659.7,42688.0,168.357
2024-01-01 14:55:00,42687.9,42700.0,42687.6,42687.7,293.113
2024-01-01 14:56:00,42687.7,42687.7,42666.4,42666.4,118.346
2024-01-01 14:57:00,42666.5,42666.5,42645.3,42645.3,88.088
2024-01-01 14:58:00,42645.4,42651.6,42645.3,42646.5,51.392
2024-01-01 14:59:00,42646.5,42646.5,42622.9,42622.9,63.748
2024-01-01 15:00:00,42622.9,42638.5,42622.9,42637.9,70.425
2024-01-01 15:01:00,42637.9,42670.9,42637.8,42664.1,113.56
2024-01-01 15:02:00,42664.1,42685.1,42664.1,42675.0,70.827
2024-01-01 15:03:00,42675.0,42693.1,42670.4,42693.1,55.735
2024-01-01 15:04:00,42693.0,42700.0,42693.0,42697.4,86.244
2024-01-01 15:05:00,42697.3,42700.0,42680.7,42697.4,112.493
2024-01-01 15:06:00,42697.3,42706.9,42697.2,42706.0,173.869
2024-01-01 15:07:00,42706.0,42706.0,42701.4,42706.0,46.208
2024-01-01 15:08:00,42705.9,42734.2,42705.9,42718.3,363.336
2024-01-01 15:09:00,42718.3,42732.4,42707.7,42732.3,118.965
2024-01-01 15:10:00,42732.4,42732.4,42700.0,42700.1,200.741
2024-01-01 15:11:00,42700.0,42700.1,42668.9,42687.5,200.088
2024-01-01 15:12:00,42687.4,42689.0,42672.9,42683.0,81.234
2024-01-01 15:13:00,42683.0,42704.8,42683.0,42700.6,65.947
2024-01-01 15:14:00,42700.5,42700.5,42673.2,42675.2,161.612
2024-01-01 15:15:00,42675.2,42690.0,42675.2,42690.0,46.139
2024-01-01 15:16:00,42689.9,42705.8,42689.9,42705.8,50.533
2024-01-01 15:17:00,42705.7,42730.0,42705.7,42720.0,162.708
2024-01-01 15:18:00,42720.0,42720.0,42683.2,42683.6,87.793
2024-01-01 15:19:00,42683.6,42683.7,42660.4,42678.7,240.743
2024-01-01 15:20:00,42678.7,42678.7,42662.7,42662.7,58.856
2024-01-01 15:21:00,42662.7,42685.0,42657.6,42685.0,37.024
2024-01-01 15:22:00,42685.0,42685.0,42669.0,42673.6,48.866
2024-01-01 15:23:00,42673.5,42685.9,42673.5,42685.9,21.073
2024-01-01 15:24:00,42685.9,42694.6,42685.8,42685.8,49.473
2024-01-01 15:25:00,42685.9,42685.9,42672.9,42676.7,48.539
2024-01-01 15:26:00,42676.8,42680.0,42664.7,42672.8,134.262
2024-01-01 15:27:00,42672.8,42672.9,42660.0,42660.0,38.487
2024-01-01 15:28:00,42660.0,42676.6,42660.0,42670.0,33.887
2024-01-01 15:29:00,42670.0,42688.8,42670.0,42688.8,36.288
2024-01-01 15:30:00,42688.8,42696.3,42686.2,42695.4,54.093
2024-01-01 15:31:00,42695.4,42698.9,42687.8,42696.6,60.365
2024-01-01 15:32:00,42696.6,42706.8,42692.0,42692.0,71.502
2024-01-01 15:33:00,42691.9,42700.3,42688.2,42695.2,55.04
2024-01-01 15:34:00,42695.1,42695.2,42683.0,42685.9,63.499
2024-01-01 15:35:00,42685.9,42724.0,42685.9,42716.6,194.726
2024-01-01 15:36:00,42716.6,42734.3,42716.6,42728.7,108.708
2024-01-01 15:37:00,42728.7,42735.1,42717.6,42717.6,69.416
2024-01-01 15:38:00,42717.6,42724.6,42711.4,42711.4,120.655
2024-01-01 15:39:00,42711.0,42711.0,42685.2,42690.2,92.449
2024-01-01 15:40:00,42690.1,42694.0,42683.1,42690.6,62.992
2024-01-01 15:41:00,42690.6,42699.3,42690.5,42695.5,57.415
2024-01-01 15:42:00,42695.4,42700.0,42695.4,42699.9,34.617
2024-01-01 15:43:00,42700.0,42712.5,42699.9,42710.5,67.645
2024-01-01 15:44:00,42710.5,42712.3,42700.0,42700.0,53.056
2024-01-01 15:45:00,42700.1,42716.0,42691.5,42691.5,271.033
2024-01-01 15:46:00,42691.5,42698.9,42679.8,42679.8,57.059
2024-01-01 15:47:00,42679.8,42692.0,42669.9,42679.9,280.2
2024-01-01 15:48:00,42680.0,42680.0,42661.1,42677.1,165.512
2024-01-01 15:49:00,42677.1,42686.0,42668.1,42674.4,67.49
2024-01-01 15:50:00,42674.4,42684.0,42674.4,42683.9,49.193
2024-01-01 15:51:00,42683.8,42706.7,42683.8,42695.4,68.528
2024-01-01 15:52:00,42695.5,42710.0,42695.4,42706.9,60.105
2024-01-01 15:53:00,42706.9,42708.7,42691.4,42691.5,90.759
2024-01-01 15:54:00,42691.5,42719.3,42691.4,42714.8,96.565
2024-01-01 15:55:00,42714.9,42730.0,42710.7,42730.0,92.062
2024-01-01 15:56:00,42729.9,42750.0,42720.9,42721.0,175.935
2024-01-01 15:57:00,42720.9,42723.9,42717.1,42723.9,22.678
2024-01-01 15:58:00,42723.8,42723.8,42692.6,42695.0,131.03
2024-01-01 15:59:00,42695.0,42703.7,42695.0,42703.7,27.774
2024-01-01 16:00:00,42703.7,42703.7,42699.9,42703.0,47.585
2024-01-01 16:01:00,42703.0,42703.7,42703.0,42703.7,13.132
2024-01-01 16:02:00,42703.7,42704.2,42703.6,42704.1,22.309
2024-01-01 16:03:00,42704.2,42723.9,42704.1,42723.9,27.379
2024-01-01 16:04:00,42723.9,42744.1,42723.8,42726.8,227.406
2024-01-01 16:05:00,42726.8,42729.0,42722.7,42722.8,49.523
2024-01-01 16:06:00,42722.8,42728.0,42722.7,42728.0,20.178
2024-01-01 16:07:00,42728.0,42729.0,42727.9,42729.0,12.346
2024-01-01 16:08:00,42728.9,42729.0,42718.2,42718.2,31.672
2024-01-01 16:09:00,42718.2,42723.1,42717.7,42719.3,30.73
2024-01-01 16:10:00,42719.2,42742.3,42713.2,42740.4,221.977
2024-01-01 16:11:00,42740.4,42749.8,42735.3,42735.4,103.158
2024-01-01 16:12:00,42735.4,42745.7,42735.3,42738.0,58.734
2024-01-01 16:13:00,42738.0,42743.0,42738.0,42739.9,65.628
2024-01-01 16:14:00,42739.9,42761.2,42739.9,42755.8,315.892
2024-01-01 16:15:00,42755.8,42778.0,42755.8,42760.1,247.32
2024-01-01 16:16:00,42760.0,42760.1,42745.5,42756.8,76.269
2024-01-01 16:17:00,42756.9,42756.9,42738.6,42746.0,73.11
2024-01-01 16:18:00,42746.0,42751.3,42740.2,42740.2,63.192
2024-01-01 16:19:00,42740.2,42768.0,42740.2,42761.1,122.437
2024-01-01 16:20:00,42761.1,42775.0,42761.0,42774.9,68.373
2024-01-01 16:21:00,42775.0,42795.0,42775.0,42788.0,270.3
2024-01-01 16:22:00,42788.1,42794.4,42782.1,42791.0,114.715
2024-01-01 16:23:00,42790.9,42791.0,42765.0,42774.6,150.284
2024-01-01 16:24:00,42774.6,42774.7,42755.5,42755.5,108.696
2024-01-01 16:25:00,42755.5,42755.6,42730.9,42735.0,199.527
2024-01-01 16:26:00,42734.9,42743.5,42728.7,42743.5,79.56
2024-01-01 16:27:00,42743.5,42743.5,42739.1,42740.0,35.411
2024-01-01 16:28:00,42739.9,42739.9,42727.2,42731.9,66.314
2024-01-01 16:29:00,42731.9,42737.9,42727.6,42727.7,61.485
2024-01-01 16:30:00,42727.7,42744.8,42722.1,42744.7,100.951
2024-01-01 16:31:00,42744.8,42777.0,42744.7,42777.0,171.229
2024-01-01 16:32:00,42777.0,42785.2,42776.4,42782.4,122.117
2024-01-01 16:33:00,42782.4,42795.0,42779.7,42783.9,121.241
2024-01-01 16:34:00,42783.9,42800.0,42767.2,42793.3,294.696
2024-01-01 16:35:00,42793.3,42799.0,42781.0,42781.0,198.209
2024-01-01 16:36:00,42781.0,42800.0,42781.0,42799.9,175.263
2024-01-01 16:37:00,42799.9,42800.0,42781.6,42786.9,96.366
2024-01-01 16:38:00,42787.0,42800.0,42777.0,42791.9,104.822
2024-01-01 16:39:00,42791.9,42794.8,42783.1,42786.1,34.427
2024-01-01 16:40:00,42786.1,42786.1,42782.1,42784.8,24.507
2024-01-01 16:41:00,42784.8,42791.5,42777.9,42777.9,56.279
2024-01-01 16:42:00,42777.7,42777.7,42756.9,42757.1,116.703
2024-01-01 16:43:00,42757.0,42757.1,42742.0,42754.5,99.784
2024-01-01 16:44:00,42754.5,42756.0,42730.0,42730.0,112.976
2024-01-01 16:45:00,42730.0,42740.9,42725.7,42735.3,88.007
2024-01-01 16:46:00,42735.3,42735.3,42730.9,42731.9,61.125
2024-01-01 16:47:00,42731.9,42755.0,42731.9,42754.9,41.674
2024-01-01 16:48:00,42755.0,42758.7,42736.5,42736.6,57.049
2024-01-01 16:49:00,42736.5,42736.9,42724.7,42733.9,133.239
2024-01-01 16:50:00,42733.9,42733.9,42707.1,42707.1,97.65
2024-01-01 16:51:00,42707.1,42717.6,42688.6,42695.5,404.787
2024-01-01 16:52:00,42695.5,42700.0,42686.8,42692.5,162.618
2024-01-01 16:53:00,42692.5,42699.9,42691.2,42696.7,84.088
2024-01-01 16:54:00,42696.8,42720.0,42696.0,42704.1,160.294
2024-01-01 16:55:00,42704.0,42721.1,42696.4,42721.1,62.933
2024-01-01 16:56:00,42721.0,42733.7,42721.0,42733.7,22.957
2024-01-01 16:57:00,42733.7,42742.1,42733.7,42739.3,38.069
2024-01-01 16:58:00,42739.3,42739.3,42726.0,42727.9,87.737
2024-01-01 16:59:00,42727.9,42728.0,42715.0,42715.0,54.733
2024-01-01 17:00:00,42715.0,42724.9,42710.9,42711.8,73.088
2024-01-01 17:01:00,42711.9,42711.9,42702.2,42705.9,59.518
2024-01-01 17:02:00,42705.9,42706.0,42656.9,42663.1,390.078
2024-01-01 17:03:00,42663.0,42679.9,42663.0,42675.6,199.319
2024-01-01 17:04:00,42675.7,42682.1,42675.6,42681.6,63.906
2024-01-01 17:05:00,42681.5,42696.4,42681.5,42696.4,81.304
2024-01-01 17:06:00,42696.3,42696.4,42696.3,42696.4,19.864
2024-01-01 17:07:00,42696.3,42696.4,42663.9,42663.9,113.223
2024-01-01 17:08:00,42664.0,42673.0,42662.5,42667.5,58.038
2024-01-01 17:09:00,42667.9,42678.8,42667.9,42678.7,74.057
2024-01-01 17:10:00,42678.7,42694.0,42656.5,42666.2,137.027
2024-01-01 17:11:00,42666.2,42666.2,42643.5,42646.9,126.909
2024-01-01 17:12:00,42646.9,42655.6,42639.0,42645.0,124.254
2024-01-01 17:13:00,42645.0,42647.1,42638.0,42645.9,69.251
2024-01-01 17:14:00,42645.9,42647.2,42641.8,42647.2,31.503
2024-01-01 17:15:00,42647.3,42670.0,42644.8,42660.4,152.298
2024-01-01 17:16:00,42660.4,42670.7,42660.3,42670.3,35.078
2024-01-01 17:17:00,42670.4,42670.4,42665.7,42665.8,31.564
2024-01-01 17:18:00,42665.7,42665.8,42652.1,42664.1,20.528
2024-01-01 17:19:00,42664.1,42664.1,42643.8,42643.9,78.973
2024-01-01 17:20:00,42643.9,42684.0,42643.8,42684.0,51.237
2024-01-01 17:21:00,42683.9,42700.0,42683.9,42690.1,64.163
2024-01-01 17:22:00,42690.1,42690.1,42676.7,42679.9,47.541
2024-01-01 17:23:00,42679.9,42680.0,42676.7,42676.8,12.005
2024-01-01 17:24:00,42676.8,42687.0,42676.7,42685.1,55.015
2024-01-01 17:25:00,42685.1,42719.3,42685.1,42719.3,127.71
2024-01-01 17:26:00,42719.7,42735.0,42719.3,42734.9,110.934
2024-01-01 17:27:00,42735.0,42743.7,42734.9,42736.0,107.582
2024-01-01 17:28:00,42736.0,42736.1,42723.5,42723.5,29.647
2024-01-01 17:29:00,42723.5,42727.7,42723.5,42727.6,32.894
2024-01-01 17:30:00,42727.7,42749.1,42726.8,42749.1,165.866
2024-01-01 17:31:00,42749.0,42777.4,42749.0,42775.5,308.72
2024-01-01 17:32:00,42775.5,42777.7,42742.8,42742.9,96.751
2024-01-01 17:33:00,42742.8,42742.9,42726.4,42733.9,58.863
2024-01-01 17:34:00,42733.9,42734.0,42724.0,42724.0,40.885
2024-01-01 17:35:00,42724.0,42735.0,42724.0,42724.0,76.943
2024-01-01 17:36:00,42724.0,42724.1,42701.6,42701.6,190.071
2024-01-01 17:37:00,42701.7,42705.7,42685.7,42685.7,61.192
2024-01-01 17:38:00,42685.7,42700.0,42657.6,42664.8,332.668
2024-01-01 17:39:00,42664.9,42691.0,42664.8,42688.1,62.897
2024-01-01 17:40:00,42687.9,42694.0,42678.8,42691.3,76.511
2024-01-01 17:41:00,42691.2,42693.5,42678.1,42678.1,28.562
2024-01-01 17:42:00,42678.1,42678.1,42652.8,42667.1,105.047
2024-01-01 17:43:00,42667.1,42676.7,42665.3,42665.4,52.521
2024-01-01 17:44:00,42665.3,42669.0,42651.1,42669.0,43.565
2024-01-01 17:45:00,42669.0,42672.8,42668.9,42668.9,47.553
2024-01-01 17:46:00,42668.9,42672.8,42668.9,42672.8,33.931
2024-01-01 17:47:00,42672.7,42673.3,42667.5,42673.2,40.013
2024-01-01 17:48:00,42673.3,42691.6,42673.2,42686.0,61.991
2024-01-01 17:49:00,42686.1,42706.9,42676.9,42700.5,165.941
2024-01-01 17:50:00,42700.4,42709.4,42686.0,42709.4,51.893
2024-01-01 17:51:00,42709.4,42733.4,42709.3,42733.4,38.668
2024-01-01 17:52:00,42733.4,42748.3,42733.3,42748.2,105.922
2024-01-01 17:53:00,42748.3,42749.9,42740.0,42740.0,93.999
2024-01-01 17:54:00,42740.0,42740.1,42724.0,42724.1,161.913
2024-01-01 17:55:00,42724.0,42728.1,42715.3,42728.1,111.085
2024-01-01 17:56:00,42728.1,42728.1,42725.4,42725.5,24.702
2024-01-01 17:57:00,42725.5,42725.5,42710.7,42715.5,48.457
2024-01-01 17:58:00,42715.5,42727.9,42700.1,42725.6,98.184
2024-01-01 17:59:00,42725.5,42725.6,42721.1,42724.1,16.365
2024-01-01 18:00:00,42724.1,42739.9,42724.0,42739.9,161.298
2024-01-01 18:01:00,42739.8,42739.9,42727.3,42727.3,29.344
2024-01-01 18:02:00,42727.3,42727.4,42715.4,42722.3,34.69
2024-01-01 18:03:00,42722.3,42722.4,42712.6,42718.5,52.53
2024-01-01 18:04:00,42718.5,42737.3,42706.5,42730.0,75.388
2024-01-01 18:05:00,42730.0,42753.0,42729.3,42750.6,133.309
2024-01-01 18:06:00,42750.7,42779.2,42750.6,42777.9,246.959
2024-01-01 18:07:00,42777.9,42789.4,42770.6,42780.2,219.304
2024-01-01 18:08:00,42780.1,42796.7,42773.0,42790.0,135.93
2024-01-01 18:09:00,42789.9,42825.0,42782.8,42820.5,361.392
2024-01-01 18:10:00,42820.4,42825.2,42791.5,42800.3,312.187
2024-01-01 18:11:00,42800.2,42810.0,42792.8,42807.1,158.431
2024-01-01 18:12:00,42807.1,42809.5,42797.0,42797.0,91.313
2024-01-01 18:13:00,42797.1,42802.0,42777.9,42797.0,101.075
2024-01-01 18:14:00,42797.0,42797.0,42789.7,42789.9,66.756
2024-01-01 18:15:00,42789.8,42795.8,42769.8,42770.7,84.187
2024-01-01 18:16:00,42770.8,42773.4,42757.6,42763.1,112.103
2024-01-01 18:17:00,42763.0,42763.0,42756.0,42757.1,109.481
2024-01-01 18:18:00,42757.0,42776.3,42757.0,42757.1,52.794
2024-01-01 18:19:00,42757.1,42760.0,42751.6,42751.6,51.327
2024-01-01 18:20:00,42751.7,42759.2,42745.0,42751.0,101.369
2024-01-01 18:21:00,42751.1,42758.4,42749.7,42749.8,23.983
2024-01-01 18:22:00,42749.8,42771.7,42741.4,42767.0,228.429
2024-01-01 18:23:00,42767.0,42767.0,42745.4,42745.4,23.869
2024-01-01 18:24:00,42745.5,42745.5,42720.0,42725.8,78.288
2024-01-01 18:25:00,42725.9,42733.7,42702.1,42707.3,122.107
2024-01-01 18:26:00,42707.3,42724.5,42704.9,42717.6,162.737
2024-01-01 18:27:00,42717.6,42718.8,42696.0,42697.9,74.325
2024-01-01 18:28:00,42698.0,42703.7,42688.1,42697.0,82.397
2024-01-01 18:29:00,42696.5,42696.5,42681.5,42682.0,91.482
2024-01-01 18:30:00,42682.0,42703.7,42681.9,42703.7,99.891
2024-01-01 18:31:00,42703.7,42704.3,42690.3,42690.4,52.797
2024-01-01 18:32:00,42690.3,42690.3,42664.4,42664.4,110.352
2024-01-01 18:33:00,42664.5,42685.5,42647.9,42675.4,398.257
2024-01-01 18:34:00,42675.5,42698.9,42675.4,42698.8,55.958
2024-01-01 18:35:00,42698.9,42703.7,42689.2,42689.2,59.193
2024-01-01 18:36:00,42689.2,42712.0,42684.9,42712.0,66.534
2024-01-01 18:37:00,42712.0,42712.0,42696.1,42700.1,44.385
2024-01-01 18:38:00,42700.1,42711.9,42700.0,42704.6,41.362
2024-01-01 18:39:00,42704.7,42727.5,42704.6,42727.5,63.551
2024-01-01 18:40:00,42727.5,42743.8,42727.4,42743.8,68.99
2024-01-01 18:41:00,42743.8,42743.8,42731.9,42731.9,51.607
2024-01-01 18:42:00,42731.9,42739.5,42731.9,42733.5,42.892
2024-01-01 18:43:00,42733.6,42744.3,42732.9,42744.3,22.914
2024-01-01 18:44:00,42744.3,42744.4,42737.6,42742.6,39.998
2024-01-01 18:45:00,42742.6,42764.2,42742.6,42761.0,98.663
2024-01-01 18:46:00,42761.0,42761.0,42747.6,42754.4,34.356
2024-01-01 18:47:00,42754.4,42754.5,42738.0,42738.1,36.472
2024-01-01 18:48:00,42738.0,42743.6,42736.7,42737.3,28.993
2024-01-01 18:49:00,42737.2,42748.0,42735.7,42745.4,20.295
2024-01-01 18:50:00,42745.4,42753.0,42740.2,42753.0,27.779
2024-01-01 18:51:00,42753.0,42770.0,42752.9,42767.1,53.077
2024-01-01 18:52:00,42767.1,42769.0,42754.1,42758.0,47.519
2024-01-01 18:53:00,42758.0,42758.0,42747.5,42750.9,29.069
2024-01-01 18:54:00,42751.0,42759.1,42750.9,42754.5,30.146
2024-01-01 18:55:00,42754.4,42754.4,42750.0,42750.0,18.789
2024-01-01 18:56:00,42750.0,42750.1,42727.0,42730.0,63.789
2024-01-01 18:57:00,42730.0,42762.7,42729.9,42762.7,55.011
2024-01-01 18:58:00,42762.6,42763.9,42758.4,42758.4,29.474
2024-01-01 18:59:00,42758.4,42758.4,42747.9,42752.7,37.699
2024-01-01 19:00:00,42752.7,42752.8,42732.5,42732.6,45.27
2024-01-01 19:01:00,42732.6,42732.6,42701.4,42710.1,155.371
2024-01-01 19:02:00,42710.1,42728.4,42710.0,42727.4,33.346
2024-01-01 19:03:00,42727.4,42737.8,42727.4,42737.8,39.362
2024-01-01 19:04:00,42737.7,42737.8,42737.7,42737.7,18.033
2024-01-01 19:05:00,42737.8,42737.8,42737.7,42737.8,10.696
2024-01-01 19:06:00,42737.7,42737.8,42723.4,42732.0,64.65
2024-01-01 19:07:00,42732.0,42749.7,42731.9,42742.0,95.139
2024-01-01 19:08:00,42742.1,42745.8,42742.0,42742.1,26.961
2024-01-01 19:09:00,42742.1,42745.4,42738.1,42745.4,23.377
2024-01-01 19:10:00,42745.7,42754.2,42734.7,42754.2,52.313
2024-01-01 19:11:00,42754.2,42754.2,42750.0,42750.1,40.257
2024-01-01 19:12:00,42750.1,42753.3,42743.4,42753.2,25.983
2024-01-01 19:13:00,42753.2,42763.0,42753.2,42763.0,42.844
2024-01-01 19:14:00,42762.9,42777.1,42762.9,42777.1,54.909
2024-01-01 19:15:00,42777.1,42787.5,42777.0,42778.5,148.728
2024-01-01 19:16:00,42778.6,42778.6,42760.9,42760.9,42.613
2024-01-01 19:17:00,42760.9,42767.4,42760.9,42766.8,49.372
2024-01-01 19:18:00,42766.8,42766.8,42749.0,42749.0,47.862
2024-01-01 19:19:00,42749.0,42764.7,42748.2,42754.9,68.591
2024-01-01 19:20:00,42755.0,42761.8,42755.0,42761.7,39.486
2024-01-01 19:21:00,42761.8,42767.8,42758.2,42758.2,26.532
2024-01-01 19:22:00,42758.3,42760.0,42756.9,42756.9,21.109
2024-01-01 19:23:00,42756.9,42757.0,42740.3,42743.5,45.391
2024-01-01 19:24:00,42743.4,42759.0,42743.4,42759.0,30.657
2024-01-01 19:25:00,42759.0,42769.9,42758.9,42768.0,35.023
2024-01-01 19:26:00,42767.9,42768.0,42763.1,42768.0,33.061
2024-01-01 19:27:00,42768.0,42781.2,42767.9,42781.1,47.177
2024-01-01 19:28:00,42781.1,42781.2,42767.0,42767.0,44.352
2024-01-01 19:29:00,42767.0,42767.1,42753.9,42753.9,31.498
2024-01-01 19:30:00,42753.8,42755.8,42724.4,42724.4,82.207
2024-01-01 19:31:00,42724.2,42724.2,42686.2,42686.2,119.651
2024-01-01 19:32:00,42686.3,42699.9,42680.0,42680.1,141.32
2024-01-01 19:33:00,42680.1,42700.6,42680.0,42681.6,116.258
2024-01-01 19:34:00,42681.6,42694.1,42670.5,42676.2,129.266
2024-01-01 19:35:00,42676.3,42683.5,42632.0,42657.3,473.781
2024-01-01 19:36:00,42657.3,42693.7,42657.3,42685.5,160.033
2024-01-01 19:37:00,42685.4,42706.1,42673.1,42706.1,97.279
2024-01-01 19:38:00,42706.0,42711.4,42689.5,42711.3,89.889
2024-01-01 19:39:00,42711.3,42711.4,42701.6,42711.3,48.541
2024-01-01 19:40:00,42711.3,42711.3,42695.5,42704.1,62.703
2024-01-01 19:41:00,42704.1,42711.0,42697.9,42700.4,32.2
2024-01-01 19:42:00,42700.4,42702.2,42690.9,42690.9,29.385
2024-01-01 19:43:00,42691.0,42695.1,42690.0,42690.0,51.101
2024-01-01 19:44:00,42690.0,42690.1,42678.6,42686.3,32.53
2024-01-01 19:45:00,42686.2,42696.3,42683.6,42693.7,35.493
2024-01-01 19:46:00,42693.7,42699.0,42683.5,42691.6,38.437
2024-01-01 19:47:00,42691.7,42700.3,42691.6,42700.2,30.861
2024-01-01 19:48:00,42700.2,42700.3,42695.0,42695.3,26.72
2024-01-01 19:49:00,42695.4,42699.9,42695.3,42699.8,26.956
2024-01-01 19:50:00,42699.9,42699.9,42691.9,42696.0,25.229
2024-01-01 19:51:00,42696.0,42696.0,42659.0,42674.1,110.377
2024-01-01 19:52:00,42674.1,42689.4,42668.6,42676.7,109.745
2024-01-01 19:53:00,42676.7,42676.8,42624.3,42624.3,361.492
2024-01-01 19:54:00,42624.3,42651.0,42615.0,42651.0,214.771
2024-01-01 19:55:00,42650.9,42665.7,42646.5,42652.0,86.934
2024-01-01 19:56:00,42651.9,42664.4,42651.9,42661.2,49.077
2024-01-01 19:57:00,42661.1,42661.2,42621.0,42621.1,154.961
2024-01-01 19:58:00,42621.0,42628.6,42621.0,42626.8,96.156
2024-01-01 19:59:00,42626.9,42658.3,42624.7,42658.3,86.922
2024-01-01 20:00:00,42658.3,42675.9,42658.2,42672.4,89.142
2024-01-01 20:01:00,42672.3,42693.0,42672.3,42690.1,118.884
2024-01-01 20:02:00,42690.1,42696.5,42690.0,42696.5,27.499
2024-01-01 20:03:00,42696.4,42700.0,42691.5,42696.7,49.851
2024-01-01 20:04:00,42696.7,42696.7,42688.3,42688.4,30.873
2024-01-01 20:05:00,42688.4,42698.5,42680.1,42698.5,74.901
2024-01-01 20:06:00,42698.5,42698.6,42688.4,42693.8,22.114
2024-01-01 20:07:00,42693.7,42694.5,42683.3,42689.1,55.898
2024-01-01 20:08:00,42689.0,42689.0,42663.1,42670.1,64.063
2024-01-01 20:09:00,42670.0,42670.9,42646.3,42651.6,91.805
2024-01-01 20:10:00,42651.5,42668.3,42625.4,42668.3,126.414
2024-01-01 20:11:00,42668.2,42679.3,42664.3,42679.2,43.511
2024-01-01 20:12:00,42679.3,42689.0,42679.3,42689.0,39.484
2024-01-01 20:13:00,42689.0,42696.8,42677.6,42682.2,65.11
2024-01-01 20:14:00,42682.2,42682.2,42677.2,42677.2,13.538
2024-01-01 20:15:00,42677.3,42687.9,42670.6,42687.9,46.401
2024-01-01 20:16:00,42687.9,42696.8,42677.2,42677.2,69.235
2024-01-01 20:17:00,42677.2,42677.3,42628.7,42632.3,139.518
2024-01-01 20:18:00,42632.2,42652.0,42614.5,42632.9,222.793
2024-01-01 20:19:00,42633.0,42656.4,42630.2,42632.3,208.482
2024-01-01 20:20:00,42632.2,42657.8,42631.0,42651.1,85.205
2024-01-01 20:21:00,42651.1,42651.1,42633.0,42637.8,87.703
2024-01-01 20:22:00,42637.8,42651.0,42633.7,42651.0,113.643
2024-01-01 20:23:00,42651.0,42669.4,42650.9,42659.0,42.656
2024-01-01 20:24:00,42659.1,42664.8,42645.6,42655.3,26.489
2024-01-01 20:25:00,42655.2,42666.9,42639.4,42640.1,51.061
2024-01-01 20:26:00,42640.1,42649.2,42633.5,42633.5,66.076
2024-01-01 20:27:00,42633.5,42645.6,42633.5,42645.6,33.39
2024-01-01 20:28:00,42645.6,42662.4,42642.0,42643.4,78.187
2024-01-01 20:29:00,42643.5,42647.5,42642.0,42645.6,29.758
2024-01-01 20:30:00,42645.5,42648.7,42633.5,42648.6,95.761
2024-01-01 20:31:00,42648.7,42655.1,42639.7,42655.1,33.11
2024-01-01 20:32:00,42655.0,42655.8,42626.3,42626.3,113.18
2024-01-01 20:33:00,42626.4,42641.3,42624.2,42628.3,113.211
2024-01-01 20:34:00,42628.2,42633.4,42617.6,42629.5,79.936
2024-01-01 20:35:00,42629.5,42637.4,42628.0,42637.0,68.82
2024-01-01 20:36:00,42636.9,42639.1,42631.4,42637.1,72.207
2024-01-01 20:37:00,42637.0,42670.0,42637.0,42663.7,128.523
2024-01-01 20:38:00,42663.7,42681.4,42663.6,42667.3,101.339
2024-01-01 20:39:00,42667.3,42681.2,42667.2,42674.4,46.867
2024-01-01 20:40:00,42674.4,42674.5,42660.0,42660.1,37.055
2024-01-01 20:41:00,42660.0,42679.6,42658.4,42674.5,47.425
2024-01-01 20:42:00,42674.5,42679.9,42674.4,42679.9,17.35
2024-01-01 20:43:00,42679.9,42683.0,42676.3,42682.9,21.866
2024-01-01 20:44:00,42683.0,42687.3,42681.3,42681.4,44.384
2024-01-01 20:45:00,42681.3,42681.4,42666.6,42676.5,63.183
2024-01-01 20:46:00,42676.4,42682.5,42676.4,42681.6,22.757
2024-01-01 20:47:00,42681.6,42687.2,42681.5,42687.2,33.298
2024-01-01 20:48:00,42687.2,42691.9,42677.4,42677.4,56.414
2024-01-01 20:49:00,42677.4,42682.0,42676.1,42680.0,22.123
2024-01-01 20:50:00,42680.0,42700.3,42680.0,42700.3,78.123
2024-01-01 20:51:00,42700.3,42729.0,42700.2,42729.0,131.908
2024-01-01 20:52:00,42729.0,42740.0,42723.2,42738.3,129.942
2024-01-01 20:53:00,42738.2,42748.7,42738.2,42742.1,62.914
2024-01-01 20:54:00,42742.2,42757.2,42742.1,42757.2,121.284
2024-01-01 20:55:00,42757.1,42772.0,42757.1,42758.1,165.343
2024-01-01 20:56:00,42758.1,42758.2,42725.0,42725.0,131.774
2024-01-01 20:57:00,42725.0,42730.0,42708.2,42708.2,51.99
2024-01-01 20:58:00,42708.3,42718.7,42705.8,42712.0,53.512
2024-01-01 20:59:00,42712.1,42719.2,42712.0,42715.0,26.058
2024-01-01 21:00:00,42715.1,42718.8,42708.0,42717.1,62.471
2024-01-01 21:01:00,42717.1,42727.8,42717.0,42727.8,46.713
2024-01-01 21:02:00,42727.8,42740.0,42726.5,42740.0,92.588
2024-01-01 21:03:00,42739.9,42740.0,42668.9,42668.9,123.165
2024-01-01 21:04:00,42668.8,42668.9,42655.0,42655.0,99.436
2024-01-01 21:05:00,42655.1,42655.1,42630.1,42630.1,144.422
2024-01-01 21:06:00,42630.2,42663.0,42630.2,42663.0,91.74
2024-01-01 21:07:00,42662.9,42683.5,42659.1,42683.5,93.427
2024-01-01 21:08:00,42683.5,42720.0,42683.5,42699.7,149.255
2024-01-01 21:09:00,42699.7,42701.1,42680.5,42682.6,78.511
2024-01-01 21:10:00,42682.6,42682.6,42669.9,42669.9,26.864
2024-01-01 21:11:00,42669.9,42701.0,42665.7,42697.3,79.026
2024-01-01 21:12:00,42697.2,42719.7,42697.2,42717.8,56.679
2024-01-01 21:13:00,42717.7,42763.2,42717.7,42763.1,203.684
2024-01-01 21:14:00,42763.2,42887.5,42759.2,42885.6,1483.905
2024-01-01 21:15:00,42885.6,42887.3,42831.0,42831.1,598.46
2024-01-01 21:16:00,42831.0,42878.1,42831.0,42851.3,272.687
2024-01-01 21:17:00,42851.4,42869.8,42842.5,42842.5,194.508
2024-01-01 21:18:00,42842.5,42842.6,42787.7,42800.0,396.22
2024-01-01 21:19:00,42800.1,42827.2,42797.9,42798.0,177.863
2024-01-01 21:20:00,42797.9,42817.3,42790.0,42803.6,243.38
2024-01-01 21:21:00,42803.6,42809.1,42768.9,42804.9,143.706
2024-01-01 21:22:00,42804.9,42834.0,42802.8,42822.4,240.116
2024-01-01 21:23:00,42820.2,42835.1,42806.7,42815.5,192.738
2024-01-01 21:24:00,42815.4,42831.7,42807.9,42818.3,132.07
2024-01-01 21:25:00,42818.3,42830.0,42793.1,42830.0,166.949
2024-01-01 21:26:00,42829.9,42849.6,42825.9,42836.2,170.366
2024-01-01 21:27:00,42836.2,42836.2,42788.9,42815.4,114.461
2024-01-01 21:28:00,42815.5,42819.4,42800.3,42800.4,60.315
2024-01-01 21:29:00,42800.4,42818.0,42799.3,42818.0,69.248
2024-01-01 21:30:00,42818.0,42843.4,42815.0,42838.1,165.991
2024-01-01 21:31:00,42838.1,42838.1,42807.9,42807.9,124.371
2024-01-01 21:32:00,42808.0,42816.0,42795.5,42815.9,74.103
2024-01-01 21:33:00,42816.0,42816.0,42799.0,42807.5,54.571
2024-01-01 21:34:00,42807.5,42807.5,42795.5,42800.2,50.446
2024-01-01 21:35:00,42800.1,42844.0,42797.4,42833.3,144.39
2024-01-01 21:36:00,42833.2,42844.0,42812.2,42822.1,185.271
2024-01-01 21:37:00,42822.1,42842.0,42815.8,42841.9,89.728
2024-01-01 21:38:00,42841.9,42868.3,42839.2,42868.3,280.671
2024-01-01 21:39:00,42868.2,42869.1,42842.1,42867.2,237.094
2024-01-01 21:40:00,42867.2,42875.6,42850.0,42850.0,223.322
2024-01-01 21:41:00,42849.1,42890.0,42849.0,42857.9,361.104
2024-01-01 21:42:00,42857.9,42879.9,42855.8,42866.5,114.094
2024-01-01 21:43:00,42866.5,42868.5,42845.8,42868.4,93.824
2024-01-01 21:44:00,42868.4,42880.0,42860.3,42880.0,214.496
2024-01-01 21:45:00,42880.0,42898.9,42871.7,42893.0,241.672
2024-01-01 21:46:00,42893.0,42896.4,42884.9,42893.5,169.865
2024-01-01 21:47:00,42893.4,42893.4,42869.0,42870.2,105.355
2024-01-01 21:48:00,42870.1,42870.2,42851.4,42858.1,122.68
2024-01-01 21:49:00,42858.2,42858.2,42814.0,42821.1,193.896
2024-01-01 21:50:00,42821.0,42821.0,42787.6,42787.6,241.796
2024-01-01 21:51:00,42787.5,42792.0,42757.8,42757.9,253.138
2024-01-01 21:52:00,42757.9,42758.0,42727.2,42747.3,329.614
2024-01-01 21:53:00,42747.4,42771.2,42740.0,42748.4,153.649
2024-01-01 21:54:00,42748.4,42756.9,42700.9,42706.1,316.497
2024-01-01 21:55:00,42706.1,42731.0,42694.1,42700.1,185.726
2024-01-01 21:56:00,42700.1,42723.0,42693.1,42721.2,195.619
2024-01-01 21:57:00,42721.2,42735.7,42715.3,42728.0,122.581
2024-01-01 21:58:00,42727.9,42741.5,42703.1,42738.8,156.395
2024-01-01 21:59:00,42738.9,42768.1,42738.9,42753.0,156.246
2024-01-01 22:00:00,42753.1,42761.8,42747.3,42747.4,64.229
2024-01-01 22:01:00,42747.4,42753.1,42732.9,42748.0,63.568
2024-01-01 22:02:00,42747.9,42762.0,42747.9,42754.9,50.95
2024-01-01 22:03:00,42754.9,42765.0,42754.9,42759.5,40.141
2024-01-01 22:04:00,42759.6,42764.3,42748.0,42761.8,37.07
2024-01-01 22:05:00,42761.9,42775.0,42756.6,42774.9,57.479
2024-01-01 22:06:00,42775.0,42782.0,42769.9,42782.0,105.749
2024-01-01 22:07:00,42781.9,42782.0,42753.2,42755.6,102.83
2024-01-01 22:08:00,42755.7,42805.0,42755.6,42791.4,144.536
2024-01-01 22:09:00,42791.4,42815.5,42789.0,42810.2,85.366
2024-01-01 22:10:00,42810.3,42810.3,42788.7,42788.8,49.986
2024-01-01 22:11:00,42788.8,42800.3,42786.9,42788.4,80.285
2024-01-01 22:12:00,42788.5,42818.9,42788.4,42799.3,75.237
2024-01-01 22:13:00,42799.4,42812.6,42794.1,42810.5,33.51
2024-01-01 22:14:00,42810.4,42810.5,42795.0,42808.0,66.333
2024-01-01 22:15:00,42807.9,42812.6,42788.5,42788.5,43.31
2024-01-01 22:16:00,42788.6,42805.1,42760.8,42770.2,153.175
2024-01-01 22:17:00,42770.3,42800.0,42770.2,42799.9,39.851
2024-01-01 22:18:00,42799.9,42803.4,42785.1,42796.8,73.855
2024-01-01 22:19:00,42796.9,42799.9,42783.3,42791.7,61.331
2024-01-01 22:20:00,42791.6,42804.0,42791.6,42803.9,42.631
2024-01-01 22:21:00,42803.9,42804.0,42777.5,42781.2,66.217
2024-01-01 22:22:00,42781.5,42795.8,42781.5,42784.6,18.953
2024-01-01 22:23:00,42784.7,42784.7,42759.0,42759.1,47.329
2024-01-01 22:24:00,42759.1,42762.9,42745.8,42748.9,46.704
2024-01-01 22:25:00,42748.9,42752.2,42747.3,42748.8,30.956
2024-01-01 22:26:00,42748.7,42753.0,42748.7,42752.9,20.077
2024-01-01 22:27:00,42752.9,42753.0,42752.9,42753.0,10.544
2024-01-01 22:28:00,42752.9,42753.0,42746.9,42746.9,24.944
2024-01-01 22:29:00,42747.0,42759.7,42742.4,42759.7,31.264
2024-01-01 22:30:00,42759.7,42782.4,42759.6,42782.4,110.438
2024-01-01 22:31:00,42782.4,42785.8,42771.5,42778.8,74.356
2024-01-01 22:32:00,42778.9,42778.9,42753.9,42777.6,69.419
2024-01-01 22:33:00,42777.6,42799.5,42777.6,42792.9,45.099
2024-01-01 22:34:00,42792.8,42796.0,42784.6,42784.7,43.11
2024-01-01 22:35:00,42784.7,42799.5,42784.6,42796.0,28.447
2024-01-01 22:36:00,42796.0,42802.2,42795.9,42802.1,27.807
2024-01-01 22:37:00,42802.2,42806.0,42796.4,42806.0,35.103
2024-01-01 22:38:00,42806.0,42808.2,42782.5,42786.6,86.414
2024-01-01 22:39:00,42786.6,42797.9,42786.6,42790.2,20.197
2024-01-01 22:40:00,42790.2,42795.0,42790.2,42791.7,16.389
2024-01-01 22:41:00,42791.8,42805.6,42791.7,42803.9,57.413
2024-01-01 22:42:00,42804.0,42817.0,42803.8,42816.9,66.697
2024-01-01 22:43:00,42817.0,42817.0,42806.0,42811.0,63.391
2024-01-01 22:44:00,42811.0,42814.0,42810.0,42810.1,12.406
2024-01-01 22:45:00,42810.1,42814.1,42810.0,42810.1,24.559
2024-01-01 22:46:00,42810.2,42810.2,42772.3,42772.3,42.761
2024-01-01 22:47:00,42772.4,42800.0,42772.4,42799.9,58.869
2024-01-01 22:48:00,42799.9,42806.0,42783.3,42794.6,23.261
2024-01-01 22:49:00,42794.6,42794.6,42781.2,42789.0,43.322
2024-01-01 22:50:00,42789.0,42789.0,42770.0,42777.9,42.773
2024-01-01 22:51:00,42777.9,42778.0,42754.9,42760.7,50.2
2024-01-01 22:52:00,42760.6,42784.0,42760.6,42783.9,49.94
2024-01-01 22:53:00,42783.9,42784.0,42779.2,42784.0,21.479
2024-01-01 22:54:00,42783.9,42784.0,42780.8,42781.0,17.97
2024-01-01 22:55:00,42781.0,42781.0,42765.4,42780.5,30.592
2024-01-01 22:56:00,42780.6,42794.1,42776.4,42794.1,36.66
2024-01-01 22:57:00,42794.1,42794.1,42778.4,42782.1,49.212
2024-01-01 22:58:00,42782.1,42782.1,42761.2,42771.7,80.869
2024-01-01 22:59:00,42771.7,42779.3,42758.0,42765.9,27.636
2024-01-01 23:00:00,42765.9,42779.5,42762.3,42779.4,32.964
2024-01-01 23:01:00,42779.5,42779.5,42760.5,42766.3,49.748
2024-01-01 23:02:00,42766.3,42775.0,42740.7,42740.7,235.933
2024-01-01 23:03:00,42740.8,42755.7,42739.5,42739.5,39.319
2024-01-01 23:04:00,42739.6,42746.9,42736.7,42745.1,76.945
2024-01-01 23:05:00,42745.1,42759.7,42735.4,42748.5,92.015
2024-01-01 23:06:00,42748.6,42754.3,42748.4,42754.2,36.171
2024-01-01 23:07:00,42754.2,42759.3,42744.5,42744.6,18.738
2024-01-01 23:08:00,42744.6,42749.5,42744.5,42749.4,19.945
2024-01-01 23:09:00,42749.5,42749.5,42734.8,42739.3,49.298
2024-01-01 23:10:00,42739.3,42758.8,42739.2,42758.8,41.798
2024-01-01 23:11:00,42758.7,42758.8,42755.8,42757.9,21.576
2024-01-01 23:12:00,42757.8,42764.5,42750.0,42752.9,63.514
2024-01-01 23:13:00,42753.0,42767.9,42752.9,42767.8,28.455
2024-01-01 23:14:00,42767.8,42767.9,42763.5,42767.0,19.548
2024-01-01 23:15:00,42766.9,42792.4,42766.9,42792.3,57.582
2024-01-01 23:16:00,42792.4,42837.1,42790.2,42828.0,277.785
2024-01-01 23:17:00,42828.1,42828.1,42816.2,42823.1,80.416
2024-01-01 23:18:00,42823.1,42823.1,42808.8,42817.4,96.3
2024-01-01 23:19:00,42817.5,42840.0,42817.4,42839.9,51.83
2024-01-01 23:20:00,42839.9,42840.7,42831.6,42836.9,84.193
2024-01-01 23:21:00,42837.0,42855.9,42836.9,42846.2,113.851
2024-01-01 23:22:00,42846.2,42846.3,42830.7,42844.9,90.332
2024-01-01 23:23:00,42844.9,42845.0,42838.1,42843.0,56.69
2024-01-01 23:24:00,42843.0,42860.8,42843.0,42852.6,109.94
2024-01-01 23:25:00,42852.7,42860.5,42852.6,42856.8,37.533
2024-01-01 23:26:00,42856.8,42860.0,42855.6,42855.6,24.251
2024-01-01 23:27:00,42855.6,42855.7,42833.0,42833.0,49.414
2024-01-01 23:28:00,42833.1,42849.6,42833.0,42842.4,45.551
2024-01-01 23:29:00,42842.4,42850.0,42842.4,42847.0,52.595
2024-01-01 23:30:00,42847.0,42875.0,42847.0,42874.9,103.504
2024-01-01 23:31:00,42875.0,42908.4,42861.8,42900.0,497.226
2024-01-01 23:32:00,42899.9,42933.0,42883.5,42918.3,437.659
2024-01-01 23:33:00,42918.2,42994.1,42918.2,42976.8,1303.893
2024-01-01 23:34:00,42976.8,42986.5,42965.4,42982.3,356.875
2024-01-01 23:35:00,42982.4,42985.9,42963.0,42972.1,168.82
2024-01-01 23:36:00,42972.2,42985.0,42960.5,42960.5,212.262
2024-01-01 23:37:00,42960.5,43047.9,42960.5,43041.3,1224.955
2024-01-01 23:38:00,43041.3,43094.7,43041.3,43084.4,1081.736
2024-01-01 23:39:00,43084.3,43084.4,43021.3,43049.5,592.239
2024-01-01 23:40:00,43049.9,43078.0,43037.0,43062.6,219.282
2024-01-01 23:41:00,43062.6,43079.4,43054.0,43059.8,273.019
2024-01-01 23:42:00,43059.8,43125.0,43054.2,43094.2,762.132
2024-01-01 23:43:00,43094.2,43177.0,43094.2,43171.8,1009.372
2024-01-01 23:44:00,43171.7,43171.8,43137.6,43148.5,392.194
2024-01-01 23:45:00,43148.4,43268.0,43148.4,43226.4,1728.108
2024-01-01 23:46:00,43226.4,43231.4,43137.9,43145.0,684.579
2024-01-01 23:47:00,43145.1,43145.1,43085.5,43098.0,542.865
2024-01-01 23:48:00,43098.0,43132.3,43072.8,43131.2,296.226
2024-01-01 23:49:00,43131.3,43134.3,43080.7,43129.9,194.588
2024-01-01 23:50:00,43130.0,43145.0,43084.8,43144.9,223.707
2024-01-01 23:51:00,43145.0,43188.1,43144.5,43182.8,306.403
2024-01-01 23:52:00,43182.7,43182.8,43100.5,43135.0,453.896
2024-01-01 23:53:00,43134.9,43175.4,43134.9,43170.2,162.85
2024-01-01 23:54:00,43170.3,43170.3,43140.2,43159.6,203.044
2024-01-01 23:55:00,43159.7,43189.2,43152.0,43172.5,237.149
2024-01-01 23:56:00,43172.6,43172.6,43117.2,43151.4,347.494
2024-01-01 23:57:00,43151.4,43151.5,43103.0,43135.7,246.255
2024-01-01 23:58:00,43135.6,43155.2,43129.6,43145.1,107.945
2024-01-01 23:59:00,43145.0,43145.1,43096.1,43096.2,343.949
2024-01-02 00:00:00,43096.1,43134.0,43086.6,43096.4,319.473
2024-01-02 00:01:00,43097.1,43124.3,43092.3,43097.4,93.215
2024-01-02 00:02:00,43097.5,43114.7,43094.2,43098.1,84.856
2024-01-02 00:03:00,43098.1,43101.4,43067.2,43072.8,163.339
2024-01-02 00:04:00,43072.9,43091.4,43072.6,43085.8,109.126
2024-01-02 00:05:00,43085.7,43095.4,43069.6,43079.5,75.579
2024-01-02 00:06:00,43079.5,43079.5,43052.1,43076.6,124.614
2024-01-02 00:07:00,43076.6,43108.7,43076.5,43108.7,94.475
2024-01-02 00:08:00,43108.7,43134.1,43102.2,43130.0,153.553
2024-01-02 00:09:00,43130.0,43140.8,43109.3,43128.4,93.055
2024-01-02 00:10:00,43128.3,43128.3,43105.4,43127.3,91.212
2024-01-02 00:11:00,43127.4,43140.1,43123.9,43139.2,83.368
2024-01-02 00:12:00,43139.2,43176.3,43133.9,43169.6,191.204
2024-01-02 00:13:00,43169.6,43200.0,43167.4,43174.7,282.284
2024-01-02 00:14:00,43174.7,43190.0,43164.7,43183.1,131.005
2024-01-02 00:15:00,43183.0,43221.9,43177.3,43211.8,272.412
2024-01-02 00:16:00,43211.9,43211.9,43172.3,43188.7,151.852
2024-01-02 00:17:00,43188.7,43200.1,43174.2,43186.2,125.145
2024-01-02 00:18:00,43186.2,43193.1,43150.0,43160.0,221.84
2024-01-02 00:19:00,43160.0,43175.0,43160.0,43175.0,86.088
2024-01-02 00:20:00,43175.0,43190.5,43173.9,43174.0,63.572
2024-01-02 00:21:00,43173.9,43217.9,43171.8,43173.1,238.379
2024-01-02 00:22:00,43173.1,43197.3,43173.1,43193.5,91.041
2024-01-02 00:23:00,43193.6,43193.6,43175.9,43178.7,66.316
2024-01-02 00:24:00,43178.7,43184.4,43170.0,43170.0,60.869
2024-01-02 00:25:00,43170.1,43180.0,43165.0,43165.1,64.76
2024-01-02 00:26:00,43165.0,43165.0,43113.7,43132.1,413.299
2024-01-02 00:27:00,43132.2,43135.0,43117.3,43117.4,93.806
2024-01-02 00:28:00,43117.4,43149.9,43117.3,43147.9,101.428
2024-01-02 00:29:00,43147.9,43150.0,43135.6,43148.0,40.135
2024-01-02 00:30:00,43148.0,43180.1,43148.0,43180.1,127.031
2024-01-02 00:31:00,43180.6,43180.6,43133.3,43137.4,128.475
2024-01-02 00:32:00,43137.4,43166.5,43137.4,43166.4,76.648
2024-01-02 00:33:00,43166.5,43195.3,43166.4,43195.2,131.301
2024-01-02 00:34:00,43195.3,43197.6,43180.9,43183.3,66.791
2024-01-02 00:35:00,43183.1,43204.7,43173.9,43200.2,125.58
2024-01-02 00:36:00,43200.1,43210.0,43200.0,43208.6,96.689
2024-01-02 00:37:00,43208.7,43220.0,43191.4,43217.3,150.107
2024-01-02 00:38:00,43217.2,43224.7,43212.8,43219.7,101.155
2024-01-02 00:39:00,43219.7,43226.6,43193.3,43206.8,134.29
2024-01-02 00:40:00,43206.7,43206.8,43187.2,43187.3,67.25
2024-01-02 00:41:00,43187.2,43197.0,43160.2,43193.3,132.951
2024-01-02 00:42:00,43193.3,43201.9,43190.8,43191.8,70.521
2024-01-02 00:43:00,43191.7,43198.2,43191.7,43198.1,38.224
2024-01-02 00:44:00,43198.2,43219.8,43198.1,43219.8,148.188
2024-01-02 00:45:00,43219.8,43234.6,43211.2,43218.5,245.528
2024-01-02 00:46:00,43218.5,43218.6,43176.3,43182.6,239.897
2024-01-02 00:47:00,43182.6,43215.7,43182.6,43208.5,118.84
2024-01-02 00:48:00,43208.5,43208.5,43196.7,43200.5,30.82
2024-01-02 00:49:00,43200.6,43214.9,43197.8,43214.9,77.161
2024-01-02 00:50:00,43214.8,43227.4,43214.2,43214.8,100.888
2024-01-02 00:51:00,43214.7,43229.9,43214.7,43225.7,67.698
2024-01-02 00:52:00,43225.7,43242.2,43225.7,43234.5,91.448
2024-01-02 00:53:00,43234.5,43239.1,43226.7,43239.1,88.406
2024-01-02 00:54:00,43239.0,43248.9,43224.5,43244.9,123.684
2024-01-02 00:55:00,43244.9,43258.9,43240.0,43250.0,178.756
2024-01-02 00:56:00,43250.0,43250.2,43224.3,43235.8,131.296
2024-01-02 00:57:00,43235.8,43243.6,43231.4,43240.5,46.884
2024-01-02 00:58:00,43240.6,43311.0,43240.5,43311.0,1110.649
2024-01-02 00:59:00,43310.9,43359.9,43300.4,43300.4,990.689
2024-01-02 01:00:00,43300.4,43313.5,43279.1,43290.1,219.475
2024-01-02 01:01:00,43290.0,43312.3,43270.0,43308.5,196.806
2024-01-02 01:02:00,43308.4,43429.5,43308.4,43387.4,1121.626
2024-01-02 01:03:00,43387.4,43434.3,43362.0,43370.4,1068.355
2024-01-02 01:04:00,43370.5,43453.0,43365.6,43403.1,838.006
2024-01-02 01:05:00,43403.1,43416.2,43380.0,43386.1,286.067
2024-01-02 01:06:00,43386.1,43386.5,43352.8,43359.5,184.803
2024-01-02 01:07:00,43359.5,43372.5,43337.4,43372.5,226.336
2024-01-02 01:08:00,43372.5,43411.6,43372.4,43402.3,115.341
2024-01-02 01:09:00,43402.2,43437.4,43389.4,43430.0,340.919
2024-01-02 01:10:00,43430.0,43435.8,43350.0,43363.6,271.978
2024-01-02 01:11:00,43363.6,43395.4,43362.8,43375.0,105.681
2024-01-02 01:12:00,43375.0,43400.0,43354.9,43395.1,212.815
2024-01-02 01:13:00,43395.0,43418.7,43395.0,43414.2,135.446
2024-01-02 01:14:00,43414.2,43433.1,43414.2,43425.9,163.867
2024-01-02 01:15:00,43425.9,43454.6,43425.8,43448.1,215.852
2024-01-02 01:16:00,43448.1,43478.0,43441.5,43467.6,264.595
2024-01-02 01:17:00,43467.6,43500.0,43465.8,43496.2,880.908
2024-01-02 01:18:00,43496.3,43549.9,43466.7,43525.8,1083.274
2024-01-02 01:19:00,43525.7,43546.6,43491.5,43499.1,459.063
2024-01-02 01:20:00,43499.1,43526.9,43476.9,43520.1,246.471
2024-01-02 01:21:00,43520.2,43557.0,43511.0,43544.6,448.756
2024-01-02 01:22:00,43544.6,43579.0,43542.1,43546.8,537.437
2024-01-02 01:23:00,43546.8,43579.8,43527.2,43571.5,313.35
2024-01-02 01:24:00,43571.6,43593.2,43561.5,43567.8,468.161
2024-01-02 01:25:00,43567.8,43567.9,43505.1,43525.2,344.155
2024-01-02 01:26:00,43525.2,43554.8,43502.6,43502.6,186.101
2024-01-02 01:27:00,43502.6,43528.9,43481.8,43528.3,251.193
2024-01-02 01:28:00,43528.4,43572.2,43518.4,43569.1,197.48
2024-01-02 01:29:00,43569.3,43570.0,43530.9,43556.2,415.121
2024-01-02 01:30:00,43556.2,43692.0,43548.5,43654.5,2058.355
2024-01-02 01:31:00,43654.6,43731.3,43640.3,43652.5,1448.31
2024-01-02 01:32:00,43652.5,43694.0,43632.0,43639.0,357.551
2024-01-02 01:33:00,43639.0,43714.6,43637.1,43705.4,382.211
2024-01-02 01:34:00,43705.4,43749.0,43700.0,43740.1,793.986
2024-01-02 01:35:00,43740.1,43740.6,43668.6,43736.4,553.664
2024-01-02 01:36:00,43736.4,43750.5,43726.2,43736.2,516.104
2024-01-02 01:37:00,43736.2,43757.0,43708.9,43731.3,409.383
2024-01-02 01:38:00,43731.3,43750.0,43723.6,43737.7,210.162
2024-01-02 01:39:00,43737.8,43753.0,43720.8,43742.4,254.551
2024-01-02 01:40:00,43742.5,43787.1,43734.0,43778.9,497.416
2024-01-02 01:41:00,43779.0,43781.6,43746.0,43756.1,256.639
2024-01-02 01:42:00,43756.2,43770.3,43733.1,43753.6,288.93
2024-01-02 01:43:00,43753.5,43815.0,43751.3,43776.1,1092.098
2024-01-02 01:44:00,43776.1,43776.2,43689.6,43692.3,501.921
2024-01-02 01:45:00,43692.3,43740.0,43680.4,43721.4,506.118
2024-01-02 01:46:00,43721.5,43756.0,43701.0,43706.2,293.97
2024-01-02 01:47:00,43706.3,43726.8,43699.0,43702.0,154.74
2024-01-02 01:48:00,43701.5,43703.0,43655.6,43691.6,464.748
2024-01-02 01:49:00,43691.7,43691.7,43650.0,43658.5,451.724
2024-01-02 01:50:00,43658.5,43685.5,43650.0,43680.0,276.138
2024-01-02 01:51:00,43679.9,43684.4,43642.0,43642.0,316.075
2024-01-02 01:52:00,43642.0,43651.0,43604.7,43628.2,357.189
2024-01-02 01:53:00,43628.2,43635.6,43618.0,43635.6,194.119
2024-01-02 01:54:00,43635.5,43698.0,43635.5,43686.1,385.795
2024-01-02 01:55:00,43686.0,43738.5,43672.0,43728.8,240.581
2024-01-02 01:56:00,43728.7,43735.6,43700.2,43709.2,175.455
2024-01-02 01:57:00,43709.2,43732.1,43705.9,43730.9,123.615
2024-01-02 01:58:00,43730.9,43778.8,43730.9,43750.0,258.635
2024-01-02 01:59:00,43750.0,43759.9,43743.6,43750.5,155.161
2024-01-02 02:00:00,43750.3,43786.5,43740.0,43780.3,385.82
2024-01-02 02:01:00,43780.2,43787.7,43773.7,43774.3,159.571
2024-01-02 02:02:00,43774.2,43783.1,43720.2,43720.2,204.811
2024-01-02 02:03:00,43720.1,43745.8,43702.5,43739.1,218.27
2024-01-02 02:04:00,43739.1,43742.3,43722.0,43726.5,97.787
2024-01-02 02:05:00,43726.8,43752.4,43722.0,43740.2,124.288
2024-01-02 02:06:00,43740.2,43741.0,43700.4,43718.5,133.395
2024-01-02 02:07:00,43718.5,43732.3,43698.4,43699.9,122.994
2024-01-02 02:08:00,43700.0,43732.9,43699.9,43720.9,94.873
2024-01-02 02:09:00,43721.0,43721.0,43678.3,43712.9,165.033
2024-01-02 02:10:00,43712.8,43766.8,43706.0,43761.6,184.773
2024-01-02 02:11:00,43761.6,43769.9,43754.5,43767.9,140.237
2024-01-02 02:12:00,43767.8,43767.9,43748.3,43749.0,69.678
2024-01-02 02:13:00,43748.3,43797.7,43736.8,43782.0,533.995
2024-01-02 02:14:00,43781.9,43888.0,43770.1,43868.5,2585.435
2024-01-02 02:15:00,43868.4,43915.5,43850.0,43853.4,1256.702
2024-01-02 02:16:00,43853.4,43899.5,43830.4,43891.3,418.013
2024-01-02 02:17:00,43891.2,43897.7,43869.2,43873.4,298.383
2024-01-02 02:18:00,43873.4,43883.9,43857.8,43857.9,160.832
2024-01-02 02:19:00,43857.8,43865.2,43819.4,43820.9,307.061
2024-01-02 02:20:00,43820.9,43820.9,43803.3,43803.4,151.789
2024-01-02 02:21:00,43803.3,43803.4,43764.1,43764.1,257.234
2024-01-02 02:22:00,43764.1,43794.6,43760.0,43760.0,276.137
2024-01-02 02:23:00,43760.0,43763.4,43755.5,43759.4,91.438
2024-01-02 02:24:00,43759.4,43760.4,43740.0,43752.2,317.229
2024-01-02 02:25:00,43752.2,43760.0,43736.6,43759.0,133.265
2024-01-02 02:26:00,43759.0,43781.2,43753.7,43766.4,161.542
2024-01-02 02:27:00,43766.3,43766.4,43733.8,43733.8,132.036
2024-01-02 02:28:00,43733.7,43733.7,43720.0,43720.1,157.829
2024-01-02 02:29:00,43720.1,43756.4,43716.5,43753.3,332.403
2024-01-02 02:30:00,43753.2,43791.3,43753.2,43784.5,327.238
2024-01-02 02:31:00,43784.4,43800.0,43779.0,43793.5,176.927
2024-01-02 02:32:00,43793.5,43793.6,43755.7,43776.0,161.616
2024-01-02 02:33:00,43776.0,43776.1,43755.6,43755.6,114.387
2024-01-02 02:34:00,43755.7,43805.1,43755.6,43795.7,135.117
2024-01-02 02:35:00,43795.7,43799.9,43765.5,43791.8,105.302
2024-01-02 02:36:00,43791.8,43801.5,43788.7,43801.5,91.715
2024-01-02 02:37:00,43801.4,43834.8,43801.4,43821.8,329.215
2024-01-02 02:38:00,43821.7,43821.8,43784.4,43784.4,157.174
2024-01-02 02:39:00,43784.5,43784.5,43750.0,43752.9,116.756
2024-01-02 02:40:00,43752.9,43772.6,43752.9,43769.4,174.69
2024-01-02 02:41:00,43769.4,43769.5,43751.3,43768.9,100.304
2024-01-02 02:42:00,43768.8,43812.8,43768.8,43812.8,108.944
2024-01-02 02:43:00,43812.7,43812.8,43763.4,43769.7,113.886
2024-01-02 02:44:00,43769.7,43783.0,43762.0,43781.1,71.807
2024-01-02 02:45:00,43781.1,43802.0,43776.4,43776.4,88.778
2024-01-02 02:46:00,43776.5,43836.0,43776.5,43836.0,125.632
2024-01-02 02:47:00,43835.9,43853.0,43811.9,43817.4,271.831
2024-01-02 02:48:00,43817.4,43818.4,43795.0,43804.0,139.876
2024-01-02 02:49:00,43804.2,43817.5,43796.1,43813.5,75.039
2024-01-02 02:50:00,43813.4,43830.0,43795.0,43809.9,141.437
2024-01-02 02:51:00,43809.8,43809.8,43768.5,43776.6,155.046
2024-01-02 02:52:00,43776.5,43780.0,43768.3,43779.4,63.462
2024-01-02 02:53:00,43779.4,43779.5,43739.0,43752.4,188.873
2024-01-02 02:54:00,43752.4,43752.4,43725.7,43728.7,143.212
2024-01-02 02:55:00,43728.8,43759.1,43728.8,43734.0,166.402
2024-01-02 02:56:00,43734.0,43738.5,43724.1,43726.4,79.01
2024-01-02 02:57:00,43726.4,43739.2,43680.6,43685.2,431.262
2024-01-02 02:58:00,43685.2,43700.8,43682.2,43700.7,243.307
2024-01-02 02:59:00,43700.8,43718.3,43700.7,43706.7,113.143
2024-01-02 03:00:00,43706.6,43713.0,43690.0,43690.1,149.998
2024-01-02 03:01:00,43690.0,43690.1,43651.6,43651.7,406.236
2024-01-02 03:02:00,43651.7,43680.1,43650.0,43680.1,279.234
2024-01-02 03:03:00,43680.0,43691.0,43663.6,43671.0,134.484
2024-01-02 03:04:00,43670.9,43670.9,43645.0,43666.9,323.062
2024-01-02 03:05:00,43666.9,43674.8,43640.9,43657.9,177.708
2024-01-02 03:06:00,43657.8,43660.9,43633.6,43633.7,141.368
2024-01-02 03:07:00,43633.6,43642.8,43610.4,43613.6,298.013
2024-01-02 03:08:00,43613.5,43613.6,43574.5,43576.8,780.916
2024-01-02 03:09:00,43576.7,43594.8,43573.8,43590.6,249.139
2024-01-02 03:10:00,43590.5,43629.5,43590.5,43620.1,199.246
2024-01-02 03:11:00,43620.0,43620.1,43571.4,43571.4,125.074
2024-01-02 03:12:00,43571.5,43575.5,43557.1,43559.1,168.277
2024-01-02 03:13:00,43559.1,43560.6,43537.6,43541.7,335.052
2024-01-02 03:14:00,43541.8,43549.9,43531.8,43540.1,198.553
2024-01-02 03:15:00,43540.1,43577.0,43540.1,43551.6,195.25
2024-01-02 03:16:00,43551.6,43558.1,43540.1,43540.1,125.166
2024-01-02 03:17:00,43540.2,43577.9,43540.1,43560.8,195.831
2024-01-02 03:18:00,43560.9,43614.7,43560.8,43610.0,196.026
2024-01-02 03:19:00,43610.0,43614.4,43581.3,43586.1,127.714
2024-01-02 03:20:00,43586.1,43608.8,43577.7,43577.8,89.623
2024-01-02 03:21:00,43577.7,43613.9,43577.7,43613.9,103.329
2024-01-02 03:22:00,43613.8,43648.6,43609.9,43643.3,193.907
2024-01-02 03:23:00,43643.4,43645.0,43625.6,43634.8,73.871
2024-01-02 03:24:00,43634.8,43669.9,43629.1,43669.8,114.786
2024-01-02 03:25:00,43669.8,43684.2,43662.7,43666.0,133.436
2024-01-02 03:26:00,43666.0,43670.2,43650.0,43650.0,72.543
2024-01-02 03:27:00,43650.0,43651.7,43632.6,43645.4,126.383
2024-01-02 03:28:00,43645.3,43656.5,43639.4,43651.4,63.833
2024-01-02 03:29:00,43651.4,43679.8,43651.3,43679.8,47.498
2024-01-02 03:30:00,43679.7,43721.9,43676.1,43711.9,206.167
2024-01-02 03:31:00,43711.9,43723.8,43706.7,43709.9,121.654
2024-01-02 03:32:00,43709.9,43710.0,43624.8,43624.9,154.629
2024-01-02 03:33:00,43624.9,43628.2,43614.5,43616.5,103.895
2024-01-02 03:34:00,43616.6,43622.1,43610.2,43618.9,72.63
2024-01-02 03:35:00,43619.0,43633.6,43614.7,43614.7,80.783
2024-01-02 03:36:00,43614.7,43617.6,43584.0,43602.1,162.773
2024-01-02 03:37:00,43602.1,43614.0,43592.3,43594.1,61.939
2024-01-02 03:38:00,43594.1,43630.0,43594.1,43624.5,140.979
2024-01-02 03:39:00,43624.4,43624.4,43602.5,43616.9,186.215
2024-01-02 03:40:00,43616.8,43620.0,43607.2,43619.9,75.564
2024-01-02 03:41:00,43619.9,43619.9,43578.7,43578.7,95.806
2024-01-02 03:42:00,43578.7,43609.5,43576.9,43606.0,92.044
2024-01-02 03:43:00,43606.1,43606.1,43566.6,43571.0,178.625
2024-01-02 03:44:00,43571.1,43576.3,43571.0,43571.3,54.879
2024-01-02 03:45:00,43571.3,43596.6,43563.3,43589.6,123.053
2024-01-02 03:46:00,43590.0,43590.0,43575.6,43576.6,31.004
2024-01-02 03:47:00,43576.6,43580.9,43539.0,43542.7,136.781
2024-01-02 03:48:00,43542.7,43542.8,43512.2,43518.2,176.966
2024-01-02 03:49:00,43518.2,43518.3,43501.0,43501.0,259.82
2024-01-02 03:50:00,43501.0,43501.1,43426.0,43454.1,795.814
2024-01-02 03:51:00,43454.1,43464.8,43450.0,43464.8,288.195
2024-01-02 03:52:00,43464.7,43523.9,43464.7,43501.7,245.668
2024-01-02 03:53:00,43501.7,43545.0,43496.0,43522.8,165.377
2024-01-02 03:54:00,43522.7,43566.1,43522.7,43535.7,156.759
2024-01-02 03:55:00,43535.7,43535.8,43464.7,43516.7,206.859
2024-01-02 03:56:00,43516.8,43517.5,43487.0,43508.0,129.301
2024-01-02 03:57:00,43508.0,43567.1,43507.9,43544.5,141.193
2024-01-02 03:58:00,43544.4,43546.5,43533.6,43545.5,61.957
2024-01-02 03:59:00,43545.5,43545.5,43523.7,43528.4,46.509
2024-01-02 04:00:00,43528.3,43581.5,43528.3,43581.5,134.173
2024-01-02 04:01:00,43581.5,43581.5,43541.7,43541.7,78.368
2024-01-02 04:02:00,43541.7,43556.9,43540.5,43556.9,59.203
2024-01-02 04:03:00,43556.9,43562.8,43556.8,43560.0,30.699
2024-01-02 04:04:00,43560.1,43562.4,43552.4,43557.5,50.891
2024-01-02 04:05:00,43557.4,43563.0,43550.0,43562.9,65.614
2024-01-02 04:06:00,43563.0,43570.0,43562.8,43569.9,55.719
2024-01-02 04:07:00,43570.0,43579.2,43569.9,43579.2,68.493
2024-01-02 04:08:00,43579.2,43590.6,43579.1,43589.2,72.721
2024-01-02 04:09:00,43589.3,43590.3,43589.3,43589.8,23.787
2024-01-02 04:10:00,43589.7,43589.8,43567.9,43568.0,57.702
2024-01-02 04:11:00,43567.9,43567.9,43551.1,43551.1,25.033
2024-01-02 04:12:00,43551.2,43551.2,43518.0,43521.4,90.507
2024-01-02 04:13:00,43521.5,43528.4,43512.4,43514.2,125.727
2024-01-02 04:14:00,43514.2,43514.2,43503.5,43505.0,79.794
2024-01-02 04:15:00,43504.9,43552.7,43504.9,43552.7,98.476
2024-01-02 04:16:00,43552.7,43566.3,43552.7,43564.4,62.763
2024-01-02 04:17:00,43564.4,43568.2,43562.0,43562.0,32.348
2024-01-02 04:18:00,43562.0,43562.0,43550.0,43550.0,21.313
2024-01-02 04:19:00,43550.1,43550.1,43516.5,43517.1,99.268
2024-01-02 04:20:00,43517.1,43517.2,43513.6,43517.0,34.285
2024-01-02 04:21:00,43517.0,43519.4,43511.1,43514.1,79.793
2024-01-02 04:22:00,43514.1,43520.0,43511.6,43516.2,60.716
2024-01-02 04:23:00,43516.3,43522.5,43516.3,43521.1,28.145
2024-01-02 04:24:00,43521.1,43523.1,43521.0,43523.1,29.807
2024-01-02 04:25:00,43523.0,43548.2,43523.0,43548.1,62.538
2024-01-02 04:26:00,43548.2,43561.2,43548.2,43561.2,48.696
2024-01-02 04:27:00,43561.1,43561.2,43561.1,43561.2,44.19
2024-01-02 04:28:00,43561.1,43592.7,43561.1,43591.9,119.262
2024-01-02 04:29:00,43592.0,43592.0,43583.9,43583.9,39.038
2024-01-02 04:30:00,43584.0,43649.4,43583.9,43648.6,540.838
2024-01-02 04:31:00,43649.2,43691.6,43649.2,43669.1,455.76
2024-01-02 04:32:00,43669.0,43690.1,43656.9,43656.9,180.685
2024-01-02 04:33:00,43656.9,43718.7,43655.7,43712.0,425.533
2024-01-02 04:34:00,43712.0,43755.0,43702.1,43738.1,538.98
2024-01-02 04:35:00,43738.1,43755.3,43719.3,43750.3,393.186
2024-01-02 04:36:00,43750.2,43760.0,43710.8,43740.7,415.845
2024-01-02 04:37:00,43740.6,43740.8,43687.9,43692.3,156.342
2024-01-02 04:38:00,43692.2,43702.4,43685.0,43694.6,119.903
2024-01-02 04:39:00,43694.6,43713.2,43680.1,43713.2,131.909
2024-01-02 04:40:00,43713.2,43718.0,43702.2,43707.0,179.163
2024-01-02 04:41:00,43707.1,43707.1,43685.7,43686.3,153.714
2024-01-02 04:42:00,43686.3,43739.5,43685.7,43719.2,177.012
2024-01-02 04:43:00,43719.2,43754.4,43719.1,43738.6,172.439
2024-01-02 04:44:00,43738.6,43748.0,43728.3,43733.8,110.786
2024-01-02 04:45:00,43733.7,43733.7,43687.0,43687.1,233.0
2024-01-02 04:46:00,43687.0,43725.0,43687.0,43721.6,246.614
2024-01-02 04:47:00,43721.5,43772.5,43717.2,43772.5,264.103
2024-01-02 04:48:00,43772.4,43828.4,43772.4,43811.0,607.484
2024-01-02 04:49:00,43810.9,43811.0,43784.2,43790.0,181.334
2024-01-02 04:50:00,43789.9,43819.8,43787.9,43819.7,230.369
2024-01-02 04:51:00,43819.7,43860.6,43819.7,43853.5,367.922
2024-01-02 04:52:00,43853.5,43861.0,43846.2,43856.6,252.326
2024-01-02 04:53:00,43856.7,43900.0,43830.2,43830.2,967.529
2024-01-02 04:54:00,43830.2,43880.0,43822.7,43875.4,314.198
2024-01-02 04:55:00,43875.5,43950.0,43865.1,43949.9,1127.301
2024-01-02 04:56:00,43950.0,43983.0,43939.5,43950.1,761.418
2024-01-02 04:57:00,43950.1,44056.0,43920.9,44021.5,2085.283
2024-01-02 04:58:00,44021.3,44100.0,44010.0,44048.4,1228.132
2024-01-02 04:59:00,44048.5,44087.8,44039.9,44059.2,702.962
2024-01-02 05:00:00,44059.2,44059.2,44019.6,44049.3,493.844
2024-01-02 05:01:00,44049.3,44079.5,43989.5,44052.6,700.974
2024-01-02 05:02:00,44052.7,44147.4,44045.4,44108.5,1274.16
2024-01-02 05:03:00,44108.5,44149.6,44056.3,44098.3,924.574
2024-01-02 05:04:00,44098.3,44118.8,44060.7,44077.9,285.849
2024-01-02 05:05:00,44077.9,44087.2,44013.1,44016.0,287.002
2024-01-02 05:06:00,44018.0,44072.4,43989.0,44058.7,366.24
2024-01-02 05:07:00,44058.8,44109.0,44029.4,44109.0,335.269
2024-01-02 05:08:00,44109.0,44169.0,44094.0,44162.8,699.513
2024-01-02 05:09:00,44162.7,44177.0,44132.9,44172.0,503.594
2024-01-02 05:10:00,44172.0,44172.0,44116.8,44116.8,365.729
2024-01-02 05:11:00,44116.8,44149.8,44093.1,44146.4,342.214
2024-01-02 05:12:00,44146.4,44146.5,44092.7,44101.0,167.363
2024-01-02 05:13:00,44101.4,44145.4,44087.1,44137.4,210.547
2024-01-02 05:14:00,44137.4,44160.0,44133.9,44139.9,160.728
2024-01-02 05:15:00,44139.9,44143.0,44090.0,44129.9,210.029
2024-01-02 05:16:00,44130.0,44154.3,44113.1,44138.3,236.428
2024-01-02 05:17:00,44138.3,44173.1,44128.7,44138.4,377.759
2024-01-02 05:18:00,44138.3,44138.4,44111.0,44125.3,170.411
2024-01-02 05:19:00,44125.3,44133.6,44115.4,44124.7,139.746
2024-01-02 05:20:00,44124.6,44160.0,44124.6,44154.6,278.37
2024-01-02 05:21:00,44154.5,44222.6,44146.6,44208.3,818.17
2024-01-02 05:22:00,44208.2,44266.0,44203.0,44203.1,740.231
2024-01-02 05:23:00,44203.1,44216.0,44162.9,44204.3,446.504
2024-01-02 05:24:00,44204.2,44209.5,44177.5,44189.0,238.856
2024-01-02 05:25:00,44189.0,44200.0,44162.5,44200.0,265.867
2024-01-02 05:26:00,44199.9,44203.7,44183.0,44188.0,193.425
2024-01-02 05:27:00,44188.0,44210.0,44183.5,44189.5,192.951
2024-01-02 05:28:00,44189.5,44215.0,44181.4,44210.4,230.332
2024-01-02 05:29:00,44210.4,44236.3,44208.1,44230.2,210.678
2024-01-02 05:30:00,44230.3,44245.4,44200.9,44233.5,1241.853
2024-01-02 05:31:00,44233.5,44316.4,44224.3,44282.4,1542.211
2024-01-02 05:32:00,44282.5,44290.1,44219.5,44230.6,586.002
2024-01-02 05:33:00,44230.5,44280.0,44219.5,44279.9,283.442
2024-01-02 05:34:00,44280.0,44344.0,44260.3,44341.0,622.48
2024-01-02 05:35:00,44341.0,44400.0,44336.4,44399.9,1643.926
2024-01-02 05:36:00,44399.9,44535.4,44390.2,44440.3,3133.038
2024-01-02 05:37:00,44440.3,44536.0,44400.3,44510.2,919.528
2024-01-02 05:38:00,44510.3,44526.8,44416.3,44465.6,901.13
2024-01-02 05:39:00,44465.5,44474.1,44417.0,44468.0,339.7
2024-01-02 05:40:00,44467.9,44507.2,44420.0,44490.5,499.791
2024-01-02 05:41:00,44490.6,44588.9,44475.1,44568.2,1011.617
2024-01-02 05:42:00,44568.2,44589.7,44562.5,44579.7,576.574
2024-01-02 05:43:00,44579.6,44731.8,44571.6,44682.4,2216.687
2024-01-02 05:44:00,44682.4,44800.0,44670.3,44744.5,1925.216
2024-01-02 05:45:00,44744.5,44919.0,44635.0,44638.9,3462.002
2024-01-02 05:46:00,44642.0,44665.8,44548.4,44587.8,1477.648
2024-01-02 05:47:00,44587.8,44700.7,44574.0,44700.6,868.671
2024-01-02 05:48:00,44700.7,44850.0,44700.6,44764.7,1254.321
2024-01-02 05:49:00,44764.6,44779.3,44629.2,44640.0,748.782
2024-01-02 05:50:00,44640.0,44677.9,44636.2,44677.8,496.087
2024-01-02 05:51:00,44677.8,44814.4,44674.6,44788.4,952.7
2024-01-02 05:52:00,44788.4,44835.4,44719.0,44804.5,863.431
2024-01-02 05:53:00,44804.6,44909.7,44790.0,44885.4,1182.818
2024-01-02 05:54:00,44885.4,44971.0,44860.0,44860.0,1960.24
2024-01-02 05:55:00,44860.0,44860.1,44719.6,44795.8,1182.76
2024-01-02 05:56:00,44795.7,44842.6,44704.1,44838.1,1068.819
2024-01-02 05:57:00,44838.2,44841.2,44668.4,44695.6,1047.627
2024-01-02 05:58:00,44695.6,44750.0,44665.3,44714.5,578.192
2024-01-02 05:59:00,44714.4,44740.8,44663.9,44679.4,293.589
2024-01-02 06:00:00,44679.4,44709.5,44666.5,44691.4,364.389
2024-01-02 06:01:00,44691.1,44707.9,44623.2,44706.1,662.207
2024-01-02 06:02:00,44706.1,44750.0,44706.0,44750.0,326.919
2024-01-02 06:03:00,44749.9,44805.6,44743.7,44775.3,540.324
2024-01-02 06:04:00,44775.3,44775.3,44708.1,44724.6,327.874
2024-01-02 06:05:00,44724.5,44791.5,44691.6,44693.2,296.591
2024-01-02 06:06:00,44693.2,44740.7,44656.7,44666.7,351.25
2024-01-02 06:07:00,44666.6,44671.1,44636.8,44652.5,350.388
2024-01-02 06:08:00,44652.5,44666.3,44628.8,44638.6,271.012
2024-01-02 06:09:00,44638.5,44655.0,44615.0,44654.9,407.576
2024-01-02 06:10:00,44654.9,44706.3,44626.9,44682.7,242.745
2024-01-02 06:11:00,44682.6,44752.3,44681.5,44749.7,289.223
2024-01-02 06:12:00,44749.7,44829.8,44728.4,44787.1,933.2
2024-01-02 06:13:00,44787.1,44846.5,44787.0,44833.4,557.416
2024-01-02 06:14:00,44833.5,44833.5,44772.2,44797.8,461.917
2024-01-02 06:15:00,44797.8,44809.6,44745.6,44747.8,342.853
2024-01-02 06:16:00,44747.8,44780.9,44742.0,44751.7,201.927
2024-01-02 06:17:00,44751.8,44887.9,44745.4,44869.0,841.547
2024-01-02 06:18:00,44869.1,44887.8,44821.8,44872.5,667.875
2024-01-02 06:19:00,44872.6,44875.8,44765.3,44766.0,495.557
2024-01-02 06:20:00,44766.1,44856.0,44763.7,44846.3,318.867
2024-01-02 06:21:00,44846.3,44853.0,44770.1,44824.1,538.907
2024-01-02 06:22:00,44824.0,44829.0,44795.1,44826.6,163.85
2024-01-02 06:23:00,44826.7,44872.0,44826.7,44860.5,226.741
2024-01-02 06:24:00,44860.8,44900.0,44854.3,44899.9,439.878
2024-01-02 06:25:00,44899.9,44943.7,44878.7,44907.0,752.02
2024-01-02 06:26:00,44907.1,44960.0,44879.8,44941.0,1123.054
2024-01-02 06:27:00,44941.0,45254.4,44940.9,45175.1,5785.185
2024-01-02 06:28:00,45175.1,45252.3,45097.8,45143.3,3222.953
2024-01-02 06:29:00,45143.3,45376.0,45116.0,45179.8,2985.875
2024-01-02 06:30:00,45179.7,45334.0,45156.8,45156.8,1712.475
2024-01-02 06:31:00,45156.8,45275.0,45116.4,45211.3,1475.277
2024-01-02 06:32:00,45211.3,45264.0,45177.1,45225.1,851.343
2024-01-02 06:33:00,45225.0,45256.1,45173.0,45194.7,758.127
2024-01-02 06:34:00,45194.7,45211.6,45136.0,45203.4,585.609
2024-01-02 06:35:00,45203.4,45250.0,45193.0,45221.1,866.53
2024-01-02 06:36:00,45221.0,45344.7,45212.5,45301.2,1116.894
2024-01-02 06:37:00,45301.2,45327.7,45261.0,45314.3,583.346
2024-01-02 06:38:00,45315.8,45485.7,45305.9,45428.2,2498.792
2024-01-02 06:39:00,45428.3,45431.0,45260.1,45287.0,1644.31
2024-01-02 06:40:00,45286.9,45295.0,45208.5,45249.4,1135.716
2024-01-02 06:41:00,45249.3,45249.4,45067.2,45093.1,1949.612
2024-01-02 06:42:00,45093.1,45104.4,45056.5,45067.6,737.18
2024-01-02 06:43:00,45067.6,45073.8,44971.2,44981.2,1475.045
2024-01-02 06:44:00,44981.2,44992.1,44937.5,44937.6,889.232
2024-01-02 06:45:00,44937.5,45020.0,44921.0,44957.1,819.02
2024-01-02 06:46:00,44957.1,45020.0,44957.0,45019.9,500.486
2024-01-02 06:47:00,45020.0,45050.0,44982.9,44984.1,508.383
2024-01-02 06:48:00,44984.1,45036.1,44984.1,45015.1,211.271
2024-01-02 06:49:00,45015.0,45067.2,44991.0,45038.2,347.986
2024-01-02 06:50:00,45038.1,45053.4,45004.0,45015.1,194.495
2024-01-02 06:51:00,45015.1,45015.2,44972.0,44991.2,242.737
2024-01-02 06:52:00,44991.2,44992.6,44965.6,44985.8,226.596
2024-01-02 06:53:00,44985.8,45052.2,44976.3,45042.2,166.873
2024-01-02 06:54:00,45042.2,45056.6,45027.0,45027.0,196.136
2024-01-02 06:55:00,45027.0,45063.2,45011.0,45063.2,365.571
2024-01-02 06:56:00,45063.2,45131.1,45063.2,45118.0,595.723
2024-01-02 06:57:00,45118.0,45144.0,45088.4,45114.7,332.694
2024-01-02 06:58:00,45114.7,45122.0,44994.6,44994.6,469.703
2024-01-02 06:59:00,44994.5,45009.8,44974.8,45002.5,279.04
2024-01-02 07:00:00,45002.4,45050.0,44991.0,45008.7,250.496
2024-01-02 07:01:00,45008.6,45090.7,45008.6,45047.0,204.333
2024-01-02 07:02:00,45047.0,45061.6,45010.0,45017.2,268.897
2024-01-02 07:03:00,45017.3,45062.6,45000.4,45000.4,201.449
2024-01-02 07:04:00,45000.4,45000.5,44951.4,44965.8,400.324
2024-01-02 07:05:00,44965.8,44967.7,44900.5,44919.2,656.54
2024-01-02 07:06:00,44919.1,44943.4,44910.0,44915.4,236.0
2024-01-02 07:07:00,44915.3,44931.3,44876.4,44890.1,513.816
2024-01-02 07:08:00,44890.1,44923.2,44882.3,44884.4,317.128
2024-01-02 07:09:00,44884.5,44895.0,44861.0,44895.0,301.357
2024-01-02 07:10:00,44894.9,45000.0,44894.9,44983.3,358.987
2024-01-02 07:11:00,44983.4,44997.7,44909.5,44914.8,381.79
2024-01-02 07:12:00,44914.8,44914.8,44866.6,44875.9,485.216
2024-01-02 07:13:00,44875.9,44968.0,44868.9,44924.4,436.059
2024-01-02 07:14:00,44924.4,44926.4,44872.7,44878.3,255.9
2024-01-02 07:15:00,44878.2,44918.6,44870.2,44874.6,293.54
2024-01-02 07:16:00,44875.3,44892.1,44860.1,44861.6,158.55
2024-01-02 07:17:00,44861.5,44863.7,44828.0,44832.3,509.278
2024-01-02 07:18:00,44832.3,44865.6,44812.8,44853.0,311.415
2024-01-02 07:19:00,44853.1,44853.1,44750.0,44762.0,938.378
2024-01-02 07:20:00,44762.0,44820.3,44762.0,44794.6,314.299
2024-01-02 07:21:00,44794.6,44819.3,44794.6,44797.0,227.627
2024-01-02 07:22:00,44797.0,44859.5,44797.0,44859.5,309.034
2024-01-02 07:23:00,44859.5,44880.0,44847.2,44856.5,211.64
2024-01-02 07:24:00,44856.1,44879.2,44833.6,44864.0,156.127
2024-01-02 07:25:00,44863.9,44926.5,44854.3,44919.5,312.891
2024-01-02 07:26:00,44919.5,44942.8,44900.1,44942.8,354.715
2024-01-02 07:27:00,44942.7,44983.4,44912.5,44970.7,344.224
2024-01-02 07:28:00,44970.8,44970.8,44902.9,44903.0,204.011
2024-01-02 07:29:00,44902.9,44927.8,44901.7,44926.3,91.753
2024-01-02 07:30:00,44926.5,44966.0,44926.5,44953.4,278.797
2024-01-02 07:31:00,44953.3,44976.0,44944.1,44958.8,586.002
2024-01-02 07:32:00,44958.9,45004.8,44951.7,45000.9,416.316
2024-01-02 07:33:00,45000.9,45019.9,44977.0,45013.9,331.367
2024-01-02 07:34:00,45013.9,45022.8,45011.5,45017.5,186.316
2024-01-02 07:35:00,45017.5,45023.6,44995.5,45006.5,307.888
2024-01-02 07:36:00,45006.4,45013.3,44995.6,44999.7,212.369
2024-01-02 07:37:00,44999.7,45023.3,44992.4,45016.9,307.078
2024-01-02 07:38:00,45016.8,45029.4,45007.2,45021.3,200.221
2024-01-02 07:39:00,45021.4,45048.8,45007.2,45041.1,247.38
2024-01-02 07:40:00,45041.0,45055.0,44982.9,44998.0,361.622
2024-01-02 07:41:00,44998.1,45040.0,44985.7,45039.9,162.972
2024-01-02 07:42:00,45040.0,45055.0,45030.8,45053.5,198.795
2024-01-02 07:43:00,45053.5,45055.0,45003.5,45003.5,235.951
2024-01-02 07:44:00,45003.2,45049.5,44999.7,45035.0,183.288
2024-01-02 07:45:00,45035.0,45078.7,45022.5,45056.3,302.617
2024-01-02 07:46:00,45056.4,45064.6,45001.0,45021.3,228.964
2024-01-02 07:47:00,45021.4,45021.8,44961.2,44961.3,243.132
2024-01-02 07:48:00,44961.3,44990.6,44941.1,44954.2,516.566
2024-01-02 07:49:00,44954.1,44983.0,44954.1,44975.4,116.128
2024-01-02 07:50:00,44975.4,45026.8,44975.3,45010.1,133.555
2024-01-02 07:51:00,45010.2,45058.0,45010.1,45057.9,127.789
2024-01-02 07:52:00,45057.9,45120.9,45057.9,45095.9,657.953
2024-01-02 07:53:00,45096.3,45122.0,45080.1,45084.5,253.617
2024-01-02 07:54:00,45084.6,45087.9,45029.3,45043.0,232.914
2024-01-02 07:55:00,45042.9,45095.3,45042.9,45087.6,204.324
2024-01-02 07:56:00,45087.7,45110.0,45082.0,45109.8,131.567
2024-01-02 07:57:00,45109.9,45132.4,45090.1,45132.4,302.927
2024-01-02 07:58:00,45132.4,45166.6,45119.4,45147.5,359.926
2024-01-02 07:59:00,45147.6,45167.7,45140.5,45167.3,241.178
2024-01-02 08:00:00,45167.4,45167.4,45134.6,45162.8,274.691
2024-01-02 08:01:00,45162.8,45187.1,45120.6,45148.5,354.468
2024-01-02 08:02:00,45148.5,45175.9,45140.0,45172.0,143.464
2024-01-02 08:03:00,45172.0,45226.0,45172.0,45203.1,482.683
2024-01-02 08:04:00,45203.1,45229.5,45181.9,45198.5,314.499
2024-01-02 08:05:00,45198.5,45208.8,45180.0,45196.1,256.043
2024-01-02 08:06:00,45196.2,45207.9,45181.0,45190.9,157.218
2024-01-02 08:07:00,45190.9,45226.1,45183.5,45218.8,211.909
2024-01-02 08:08:00,45218.8,45238.0,45203.3,45229.7,286.182
2024-01-02 08:09:00,45229.7,45239.7,45209.3,45236.7,182.039
2024-01-02 08:10:00,45236.8,45287.1,45226.8,45280.0,589.699
2024-01-02 08:11:00,45280.0,45292.5,45255.2,45289.7,329.125
2024-01-02 08:12:00,45289.7,45293.1,45242.5,45269.5,270.469
2024-01-02 08:13:00,45269.5,45328.6,45267.3,45322.9,449.002
2024-01-02 08:14:00,45323.0,45365.0,45318.1,45330.1,670.92
2024-01-02 08:15:00,45330.2,45336.6,45282.9,45295.6,339.85
2024-01-02 08:16:00,45295.7,45302.3,45233.9,45266.9,740.066
2024-01-02 08:17:00,45267.0,45291.0,45248.5,45278.3,313.572
2024-01-02 08:18:00,45278.3,45290.0,45263.7,45290.0,186.77
2024-01-02 08:19:00,45290.0,45307.6,45202.7,45244.3,535.932
2024-01-02 08:20:00,45244.3,45250.0,45213.9,45216.0,278.883
2024-01-02 08:21:00,45216.1,45296.5,45216.1,45285.6,218.516
2024-01-02 08:22:00,45285.6,45291.4,45253.6,45279.1,167.921
2024-01-02 08:23:00,45279.2,45290.4,45251.8,45290.3,158.752
2024-01-02 08:24:00,45290.4,45295.0,45279.2,45291.8,156.958
2024-01-02 08:25:00,45291.9,45325.4,45291.9,45324.9,197.236
2024-01-02 08:26:00,45325.0,45358.8,45296.0,45358.6,264.707
2024-01-02 08:27:00,45358.6,45388.9,45320.1,45376.3,519.521
2024-01-02 08:28:00,45376.4,45424.1,45371.3,45408.4,862.823
2024-01-02 08:29:00,45408.4,45428.0,45399.0,45420.0,374.383
2024-01-02 08:30:00,45420.0,45549.2,45342.0,45353.9,2769.002
2024-01-02 08:31:00,45354.0,45392.0,45315.6,45323.7,580.26
2024-01-02 08:32:00,45323.8,45340.0,45256.3,45283.7,771.984
2024-01-02 08:33:00,45283.8,45288.0,45250.0,45250.0,340.348
2024-01-02 08:34:00,45250.1,45278.8,45176.1,45185.9,760.059
2024-01-02 08:35:00,45185.9,45267.2,45167.3,45253.5,672.069
2024-01-02 08:36:00,45253.1,45271.5,45222.0,45222.5,243.102
2024-01-02 08:37:00,45222.5,45242.4,45200.5,45210.2,218.428
2024-01-02 08:38:00,45210.3,45243.9,45200.4,45238.8,135.588
2024-01-02 08:39:00,45238.8,45241.5,45208.0,45215.2,126.655
2024-01-02 08:40:00,45215.3,45275.9,45215.2,45273.4,194.572
2024-01-02 08:41:00,45273.4,45290.0,45256.2,45256.2,145.678
2024-01-02 08:42:00,45256.3,45297.0,45253.4,45296.9,179.333
2024-01-02 08:43:00,45297.0,45326.0,45290.3,45301.4,237.133
2024-01-02 08:44:00,45301.4,45301.4,45279.9,45286.0,159.596
2024-01-02 08:45:00,45286.0,45340.0,45269.3,45338.7,206.399
2024-01-02 08:46:00,45338.8,45343.3,45317.0,45325.3,168.119
2024-01-02 08:47:00,45325.4,45350.0,45302.4,45345.4,130.199
2024-01-02 08:48:00,45345.5,45347.1,45266.2,45276.4,246.373
2024-01-02 08:49:00,45276.5,45282.1,45251.1,45254.7,112.823
2024-01-02 08:50:00,45254.8,45270.0,45227.3,45268.9,193.569
2024-01-02 08:51:00,45269.0,45272.3,45238.9,45238.9,155.335
2024-01-02 08:52:00,45239.0,45266.7,45222.3,45266.7,191.113
2024-01-02 08:53:00,45266.7,45368.1,45266.6,45345.1,446.712
2024-01-02 08:54:00,45345.0,45382.1,45345.0,45370.4,234.324
2024-01-02 08:55:00,45370.5,45411.7,45354.4,45359.6,337.542
2024-01-02 08:56:00,45359.7,45366.4,45267.8,45278.0,486.713
2024-01-02 08:57:00,45278.0,45337.6,45277.9,45334.1,199.963
2024-01-02 08:58:00,45334.0,45352.8,45334.0,45343.7,135.534
2024-01-02 08:59:00,45343.8,45356.7,45331.9,45353.8,127.015
2024-01-02 09:00:00,45353.7,45406.0,45353.7,45395.4,224.496
2024-01-02 09:01:00,45395.4,45403.9,45386.8,45398.4,250.511
2024-01-02 09:02:00,45398.4,45403.9,45351.6,45380.9,236.924
2024-01-02 09:03:00,45381.0,45402.1,45380.9,45389.8,117.075
2024-01-02 09:04:00,45389.8,45389.8,45354.0,45359.0,152.719
2024-01-02 09:05:00,45359.1,45368.5,45339.2,45350.0,145.223
2024-01-02 09:06:00,45350.1,45383.0,45350.1,45358.5,99.425
2024-01-02 09:07:00,45358.6,45377.8,45345.0,45352.2,137.865
2024-01-02 09:08:00,45352.3,45395.3,45352.2,45385.1,128.47
2024-01-02 09:09:00,45385.2,45403.6,45385.1,45397.7,111.802
2024-01-02 09:10:00,45397.8,45431.6,45397.7,45418.4,252.695
2024-01-02 09:11:00,45418.4,45491.9,45418.3,45489.8,617.292
2024-01-02 09:12:00,45489.9,45491.0,45451.8,45475.8,263.793
2024-01-02 09:13:00,45475.9,45565.0,45453.5,45493.9,1382.727
2024-01-02 09:14:00,45493.8,45499.0,45448.6,45458.8,302.273
2024-01-02 09:15:00,45458.8,45474.4,45389.1,45464.6,494.19
2024-01-02 09:16:00,45464.6,45491.9,45432.8,45432.9,297.548
2024-01-02 09:17:00,45432.9,45449.7,45370.5,45405.9,264.433
2024-01-02 09:18:00,45405.9,45434.0,45376.8,45382.5,467.136
2024-01-02 09:19:00,45382.5,45402.8,45363.0,45378.3,280.979
2024-01-02 09:20:00,45378.4,45466.9,45378.3,45452.1,340.999
2024-01-02 09:21:00,45452.2,45453.6,45416.0,45434.7,143.609
2024-01-02 09:22:00,45434.8,45465.5,45404.7,45423.2,348.365
2024-01-02 09:23:00,45423.2,45436.4,45401.7,45401.7,119.242
2024-01-02 09:24:00,45401.8,45425.0,45384.5,45411.2,199.038
2024-01-02 09:25:00,45411.2,45415.8,45383.3,45392.0,123.781
2024-01-02 09:26:00,45392.0,45405.0,45389.5,45391.8,117.181
2024-01-02 09:27:00,45391.8,45415.9,45383.1,45395.9,124.197
2024-01-02 09:28:00,45396.0,45418.1,45385.4,45417.0,132.913
2024-01-02 09:29:00,45417.0,45435.0,45395.3,45435.0,96.102
2024-01-02 09:30:00,45434.9,45465.6,45423.1,45423.1,279.148
2024-01-02 09:31:00,45423.2,45457.9,45420.9,45437.7,179.351
2024-01-02 09:32:00,45437.7,45442.3,45392.7,45404.2,243.04
2024-01-02 09:33:00,45404.2,45450.0,45402.0,45449.9,172.342
2024-01-02 09:34:00,45449.9,45484.4,45395.5,45397.8,483.836
2024-01-02 09:35:00,45397.9,45400.0,45380.3,45380.3,261.739
2024-01-02 09:36:00,45380.4,45381.7,45289.0,45312.2,933.093
2024-01-02 09:37:00,45312.3,45352.0,45295.6,45325.3,335.972
2024-01-02 09:38:00,45325.3,45334.3,45283.6,45283.6,312.568
2024-01-02 09:39:00,45283.7,45295.8,45265.2,45274.3,262.417
2024-01-02 09:40:00,45274.5,45324.2,45274.5,45301.3,232.941
2024-01-02 09:41:00,45301.3,45326.9,45301.3,45326.8,129.385
2024-01-02 09:42:00,45326.8,45333.0,45315.1,45333.0,116.172
2024-01-02 09:43:00,45333.0,45385.0,45328.8,45377.0,199.916
2024-01-02 09:44:00,45377.0,45426.9,45372.0,45419.1,241.151
2024-01-02 09:45:00,45419.1,45439.0,45383.7,45383.7,304.072
2024-01-02 09:46:00,45383.0,45402.0,45337.7,45337.7,330.354
2024-01-02 09:47:00,45337.7,45369.5,45326.8,45369.5,163.967
2024-01-02 09:48:00,45369.4,45387.1,45338.4,45356.1,137.775
2024-01-02 09:49:00,45356.2,45372.2,45308.5,45312.1,225.809
2024-01-02 09:50:00,45312.2,45349.4,45312.1,45348.3,169.049
2024-01-02 09:51:00,45348.3,45360.0,45319.6,45360.0,146.235
2024-01-02 09:52:00,45359.9,45360.0,45330.0,45331.9,72.04
2024-01-02 09:53:00,45332.1,45361.8,45332.1,45361.8,75.535
2024-01-02 09:54:00,45361.7,45361.8,45322.3,45331.7,72.58
2024-01-02 09:55:00,45331.8,45349.0,45324.5,45349.0,60.811
2024-01-02 09:56:00,45349.0,45349.0,45330.0,45338.8,66.83
2024-01-02 09:57:00,45338.8,45350.0,45332.0,45347.1,60.448
2024-01-02 09:58:00,45347.0,45360.0,45346.1,45351.3,60.834
2024-01-02 09:59:00,45351.4,45400.9,45351.3,45400.8,102.539
2024-01-02 10:00:00,45400.8,45402.2,45360.0,45360.1,157.627
2024-01-02 10:01:00,45360.1,45370.1,45323.0,45327.8,259.422
2024-01-02 10:02:00,45327.8,45330.0,45300.0,45300.0,160.354
2024-01-02 10:03:00,45300.0,45359.5,45295.8,45323.1,265.344
2024-01-02 10:04:00,45323.0,45323.1,45288.8,45299.8,324.531
2024-01-02 10:05:00,45299.8,45317.3,45277.2,45306.0,266.875
2024-01-02 10:06:00,45306.0,45306.0,45280.0,45284.5,124.1
2024-01-02 10:07:00,45284.5,45313.0,45284.4,45312.9,68.77
2024-01-02 10:08:00,45313.0,45313.0,45287.0,45289.9,112.782
2024-01-02 10:09:00,45290.0,45290.0,45209.6,45239.5,493.451
2024-01-02 10:10:00,45239.5,45282.0,45227.9,45269.1,185.533
2024-01-02 10:11:00,45269.0,45287.8,45240.0,45287.8,117.699
2024-01-02 10:12:00,45287.7,45287.8,45263.9,45267.3,88.046
2024-01-02 10:13:00,45267.4,45275.9,45252.6,45252.6,71.947
2024-01-02 10:14:00,45252.7,45265.9,45252.6,45256.1,62.632
2024-01-02 10:15:00,45256.1,45265.0,45247.2,45256.4,107.782
2024-01-02 10:16:00,45256.3,45281.1,45240.0,45280.1,121.489
2024-01-02 10:17:00,45280.0,45280.1,45240.6,45251.6,87.167
2024-01-02 10:18:00,45251.7,45269.2,45241.4,45263.4,136.094
2024-01-02 10:19:00,45263.4,45264.9,45250.0,45250.0,63.45
2024-01-02 10:20:00,45250.1,45258.2,45241.8,45241.8,89.278
2024-01-02 10:21:00,45241.9,45266.2,45241.3,45243.4,100.85
2024-01-02 10:22:00,45243.3,45265.5,45240.4,45247.7,167.676
2024-01-02 10:23:00,45247.7,45264.1,45235.7,45235.7,99.505
2024-01-02 10:24:00,45235.8,45240.4,45225.0,45230.0,110.71
2024-01-02 10:25:00,45230.0,45240.2,45212.0,45217.7,206.484
2024-01-02 10:26:00,45217.7,45238.6,45206.9,45222.4,340.244
2024-01-02 10:27:00,45221.9,45221.9,45200.0,45204.9,136.469
2024-01-02 10:28:00,45204.9,45228.4,45193.1,45211.4,201.889
2024-01-02 10:29:00,45211.3,45232.3,45211.3,45211.7,166.445
2024-01-02 10:30:00,45211.5,45219.1,45182.7,45186.0,197.907
2024-01-02 10:31:00,45187.2,45207.0,45180.2,45183.1,170.207
2024-01-02 10:32:00,45183.1,45197.2,45183.1,45188.0,117.864
2024-01-02 10:33:00,45188.1,45194.1,45160.0,45184.9,208.659
2024-01-02 10:34:00,45184.7,45195.0,45153.0,45160.3,231.227
2024-01-02 10:35:00,45160.4,45183.9,45154.8,45182.9,145.061
2024-01-02 10:36:00,45182.8,45219.3,45180.1,45219.3,207.322
2024-01-02 10:37:00,45219.2,45249.6,45219.2,45246.5,185.523
2024-01-02 10:38:00,45246.5,45276.7,45243.4,45272.4,191.155
2024-01-02 10:39:00,45272.3,45305.1,45263.7,45305.1,342.729
2024-01-02 10:40:00,45305.0,45317.5,45285.3,45310.1,211.233
2024-01-02 10:41:00,45310.1,45310.1,45276.9,45304.2,152.84
2024-01-02 10:42:00,45304.1,45312.2,45288.1,45312.2,54.682
2024-01-02 10:43:00,45312.1,45340.0,45309.9,45340.0,167.598
2024-01-02 10:44:00,45340.0,45361.0,45335.5,45344.0,292.164
2024-01-02 10:45:00,45344.1,45366.0,45338.2,45365.9,145.895
2024-01-02 10:46:00,45365.9,45366.0,45266.5,45266.6,337.544
2024-01-02 10:47:00,45266.6,45296.3,45266.5,45285.0,93.4
2024-01-02 10:48:00,45285.0,45300.0,45285.0,45298.1,92.729
2024-01-02 10:49:00,45298.0,45317.2,45280.9,45295.9,115.029
2024-01-02 10:50:00,45295.9,45316.1,45295.5,45309.9,49.141
2024-01-02 10:51:00,45309.9,45310.0,45284.7,45300.0,39.963
2024-01-02 10:52:00,45300.0,45310.0,45285.5,45286.5,54.164
2024-01-02 10:53:00,45286.6,45290.5,45280.9,45290.4,72.693
2024-01-02 10:54:00,45290.4,45312.3,45281.9,45298.4,107.257
2024-01-02 10:55:00,45298.4,45309.8,45277.4,45287.7,133.884
2024-01-02 10:56:00,45287.8,45319.3,45287.7,45315.0,85.977
2024-01-02 10:57:00,45314.9,45315.0,45276.3,45276.3,65.837
2024-01-02 10:58:00,45276.4,45293.7,45276.3,45288.7,41.025
2024-01-02 10:59:00,45288.7,45299.0,45281.3,45294.3,59.497
2024-01-02 11:00:00,45294.2,45300.0,45266.2,45266.3,104.963
2024-01-02 11:01:00,45266.3,45270.4,45253.2,45262.0,76.542
2024-01-02 11:02:00,45262.1,45280.0,45259.4,45279.9,91.511
2024-01-02 11:03:00,45279.9,45293.2,45275.3,45275.4,68.12
2024-01-02 11:04:00,45275.3,45299.0,45267.3,45298.9,72.66
2024-01-02 11:05:00,45298.9,45313.0,45280.7,45299.1,100.817
2024-01-02 11:06:00,45299.1,45305.8,45277.9,45283.4,122.821
2024-01-02 11:07:00,45283.5,45308.2,45279.1,45308.2,53.526
2024-01-02 11:08:00,45308.1,45328.9,45308.1,45328.7,93.828
2024-01-02 11:09:00,45328.7,45334.5,45328.7,45331.5,75.496
2024-01-02 11:10:00,45331.4,45331.5,45304.1,45308.8,76.77
2024-01-02 11:11:00,45308.9,45311.1,45289.0,45298.5,41.33
2024-01-02 11:12:00,45297.6,45297.6,45275.1,45276.9,62.042
2024-01-02 11:13:00,45277.0,45291.7,45269.7,45289.3,95.149
2024-01-02 11:14:00,45288.9,45295.8,45280.5,45280.6,54.939
2024-01-02 11:15:00,45280.7,45285.8,45265.0,45265.1,120.896
2024-01-02 11:16:00,45265.1,45282.1,45260.0,45271.7,131.765
2024-01-02 11:17:00,45271.6,45330.0,45271.6,45322.9,150.487
2024-01-02 11:18:00,45322.9,45356.8,45322.9,45336.3,136.341
2024-01-02 11:19:00,45336.3,45341.3,45314.5,45321.6,57.872
2024-01-02 11:20:00,45321.7,45344.3,45301.9,45312.7,178.865
2024-01-02 11:21:00,45312.8,45315.7,45260.6,45267.8,157.927
2024-01-02 11:22:00,45267.8,45275.9,45229.1,45229.1,205.921
2024-01-02 11:23:00,45229.2,45231.3,45174.8,45177.0,434.145
2024-01-02 11:24:00,45177.1,45200.0,45177.0,45200.0,212.667
2024-01-02 11:25:00,45199.9,45209.3,45181.9,45201.5,163.635
2024-01-02 11:26:00,45201.3,45230.5,45201.3,45227.4,127.504
2024-01-02 11:27:00,45227.3,45235.4,45207.5,45227.7,142.141
2024-01-02 11:28:00,45227.7,45228.6,45218.9,45223.5,69.279
2024-01-02 11:29:00,45223.4,45237.6,45218.1,45218.2,81.406
2024-01-02 11:30:00,45218.2,45219.8,45200.9,45204.4,111.613
2024-01-02 11:31:00,45204.5,45225.4,45200.0,45203.6,74.276
2024-01-02 11:32:00,45203.7,45211.8,45193.0,45193.1,187.764
2024-01-02 11:33:00,45193.1,45195.9,45176.8,45176.8,75.171
2024-01-02 11:34:00,45176.9,45222.8,45163.9,45217.6,256.266
2024-01-02 11:35:00,45217.6,45225.0,45198.6,45221.2,130.465
2024-01-02 11:36:00,45221.3,45225.0,45209.7,45225.0,169.239
2024-01-02 11:37:00,45224.9,45237.8,45190.0,45190.0,174.864
2024-01-02 11:38:00,45190.1,45214.4,45170.7,45213.5,108.834
2024-01-02 11:39:00,45213.5,45226.8,45204.4,45218.6,81.455
2024-01-02 11:40:00,45218.6,45251.5,45214.8,45244.9,101.867
2024-01-02 11:41:00,45244.8,45249.7,45240.0,45249.3,72.199
2024-01-02 11:42:00,45249.3,45259.0,45243.0,45255.4,66.242
2024-01-02 11:43:00,45255.4,45281.2,45255.4,45280.1,209.408
2024-01-02 11:44:00,45280.0,45285.5,45270.7,45280.0,103.967
2024-01-02 11:45:00,45280.0,45283.0,45242.1,45242.2,122.475
2024-01-02 11:46:00,45242.2,45272.8,45233.0,45272.7,103.47
2024-01-02 11:47:00,45272.7,45276.3,45258.2,45267.4,47.67
2024-01-02 11:48:00,45267.3,45269.3,45267.3,45269.2,24.672
2024-01-02 11:49:00,45269.2,45273.1,45249.8,45261.4,72.936
2024-01-02 11:50:00,45261.4,45265.9,45241.0,45249.9,83.624
2024-01-02 11:51:00,45250.0,45261.1,45237.3,45261.0,75.392
2024-01-02 11:52:00,45261.1,45281.3,45253.4,45261.6,74.842
2024-01-02 11:53:00,45261.6,45279.6,45261.5,45264.7,76.691
2024-01-02 11:54:00,45264.8,45279.0,45264.8,45279.0,51.299
2024-01-02 11:55:00,45278.9,45299.7,45278.9,45286.8,119.696
2024-01-02 11:56:00,45286.7,45319.3,45286.7,45319.2,92.348
2024-01-02 11:57:00,45319.2,45320.5,45291.8,45303.4,203.141
2024-01-02 11:58:00,45303.5,45303.5,45288.8,45289.9,37.7
2024-01-02 11:59:00,45289.9,45300.0,45283.4,45283.4,49.43
2024-01-02 12:00:00,45283.5,45283.5,45260.5,45263.9,68.824
2024-01-02 12:01:00,45264.0,45264.0,45252.2,45253.5,58.309
2024-01-02 12:02:00,45253.5,45263.9,45241.0,45247.9,72.323
2024-01-02 12:03:00,45248.0,45254.3,45245.2,45246.9,63.416
2024-01-02 12:04:00,45246.9,45252.3,45236.0,45240.8,44.745
2024-01-02 12:05:00,45240.8,45263.4,45232.1,45263.3,69.362
2024-01-02 12:06:00,45263.3,45274.8,45255.2,45274.8,47.03
2024-01-02 12:07:00,45274.7,45289.9,45274.7,45283.6,62.614
2024-01-02 12:08:00,45283.6,45285.6,45257.0,45257.0,57.594
2024-01-02 12:09:00,45257.1,45265.3,45257.0,45261.0,56.916
2024-01-02 12:10:00,45260.9,45313.0,45260.9,45313.0,103.646
2024-01-02 12:11:00,45312.9,45334.0,45305.4,45328.5,182.266
2024-01-02 12:12:00,45328.4,45334.1,45322.6,45332.9,106.021
2024-01-02 12:13:00,45332.9,45332.9,45317.3,45323.4,81.23
2024-01-02 12:14:00,45323.4,45332.4,45323.3,45325.8,50.537
2024-01-02 12:15:00,45325.8,45346.2,45303.1,45314.0,211.01
2024-01-02 12:16:00,45314.0,45315.0,45305.4,45311.7,43.218
2024-01-02 12:17:00,45311.6,45318.5,45295.8,45295.8,58.331
2024-01-02 12:18:00,45295.9,45295.9,45276.1,45276.1,45.895
2024-01-02 12:19:00,45276.2,45319.5,45275.0,45319.5,112.783
2024-01-02 12:20:00,45319.4,45342.1,45319.4,45328.1,140.441
2024-01-02 12:21:00,45328.1,45328.2,45315.1,45317.5,43.815
2024-01-02 12:22:00,45317.5,45317.5,45292.0,45292.0,53.291
2024-01-02 12:23:00,45292.1,45297.9,45268.6,45269.9,44.328
2024-01-02 12:24:00,45270.0,45292.7,45270.0,45285.5,53.133
2024-01-02 12:25:00,45285.4,45306.8,45277.3,45278.4,100.795
2024-01-02 12:26:00,45278.4,45293.4,45278.4,45289.2,43.416
2024-01-02 12:27:00,45289.2,45289.3,45268.6,45268.6,52.454
2024-01-02 12:28:00,45268.7,45274.2,45251.9,45251.9,93.227
2024-01-02 12:29:00,45252.0,45257.2,45202.8,45202.9,332.144
2024-01-02 12:30:00,45202.9,45228.1,45202.5,45228.0,195.998
2024-01-02 12:31:00,45227.9,45250.0,45227.9,45245.6,82.503
2024-01-02 12:32:00,45245.5,45265.4,45221.0,45263.0,269.641
2024-01-02 12:33:00,45263.0,45276.3,45258.5,45273.6,82.862
2024-01-02 12:34:00,45273.5,45278.4,45261.9,45277.6,87.495
2024-01-02 12:35:00,45277.6,45281.2,45274.2,45279.1,52.987
2024-01-02 12:36:00,45279.0,45305.7,45279.0,45305.6,65.836
2024-01-02 12:37:00,45305.6,45309.0,45296.1,45309.0,111.818
2024-01-02 12:38:00,45309.0,45325.6,45296.6,45316.8,153.076
2024-01-02 12:39:00,45316.8,45375.0,45315.8,45375.0,340.36
2024-01-02 12:40:00,45374.9,45444.9,45369.4,45437.7,759.14
2024-01-02 12:41:00,45437.6,45437.7,45389.9,45393.9,249.343
2024-01-02 12:42:00,45393.9,45419.0,45391.2,45403.5,127.617
2024-01-02 12:43:00,45403.4,45410.0,45368.6,45378.1,215.478
2024-01-02 12:44:00,45378.2,45380.2,45370.0,45377.1,77.206
2024-01-02 12:45:00,45377.0,45397.9,45375.5,45390.0,82.367
2024-01-02 12:46:00,45390.0,45390.1,45344.4,45344.4,117.701
2024-01-02 12:47:00,45344.5,45379.2,45330.2,45379.1,132.734
2024-01-02 12:48:00,45379.1,45400.0,45373.6,45387.5,138.008
2024-01-02 12:49:00,45387.4,45399.8,45378.9,45398.0,76.552
2024-01-02 12:50:00,45397.9,45440.0,45397.2,45430.4,172.804
2024-01-02 12:51:00,45430.3,45430.3,45380.9,45401.9,302.765
2024-01-02 12:52:00,45402.0,45440.6,45401.9,45439.9,105.463
2024-01-02 12:53:00,45439.8,45480.0,45436.9,45461.7,425.671
2024-01-02 12:54:00,45461.7,45522.9,45461.7,45521.3,632.45
2024-01-02 12:55:00,45519.0,45832.8,45507.9,45596.0,4800.858
2024-01-02 12:56:00,45595.9,45632.8,45530.5,45606.7,1488.608
2024-01-02 12:57:00,45606.6,45640.2,45534.4,45534.4,646.411
2024-01-02 12:58:00,45534.5,45537.0,45482.0,45492.3,693.266
2024-01-02 12:59:00,45492.3,45505.5,45469.8,45502.6,368.236
2024-01-02 13:00:00,45502.6,45512.4,45446.8,45450.7,497.067
2024-01-02 13:01:00,45450.7,45458.3,45396.7,45441.5,504.313
2024-01-02 13:02:00,45441.5,45450.0,45326.4,45367.5,1299.956
2024-01-02 13:03:00,45367.6,45371.2,45325.6,45351.2,321.318
2024-01-02 13:04:00,45351.2,45422.9,45344.2,45420.0,345.246
2024-01-02 13:05:00,45420.0,45451.0,45366.4,45368.1,263.947
2024-01-02 13:06:00,45368.2,45370.8,45336.3,45367.2,338.826
2024-01-02 13:07:00,45367.3,45447.9,45360.0,45433.9,389.646
2024-01-02 13:08:00,45433.9,45475.0,45433.9,45465.0,165.604
2024-01-02 13:09:00,45465.3,45473.9,45441.9,45452.3,192.604
2024-01-02 13:10:00,45452.4,45465.9,45445.7,45465.7,149.299
2024-01-02 13:11:00,45465.7,45474.9,45426.2,45438.1,141.361
2024-01-02 13:12:00,45438.9,45508.9,45437.4,45507.0,236.937
2024-01-02 13:13:00,45506.9,45540.0,45488.9,45532.8,360.2
2024-01-02 13:14:00,45532.8,45574.1,45529.9,45574.1,368.211
2024-01-02 13:15:00,45574.0,45574.1,45510.5,45526.6,528.737
2024-01-02 13:16:00,45526.7,45567.6,45515.4,45544.3,209.886
2024-01-02 13:17:00,45544.0,45550.9,45488.9,45504.3,275.513
2024-01-02 13:18:00,45504.4,45550.1,45495.1,45538.0,174.597
2024-01-02 13:19:00,45538.0,45572.5,45538.0,45568.5,253.874
2024-01-02 13:20:00,45568.5,45568.6,45517.3,45531.1,323.606
2024-01-02 13:21:00,45531.1,45531.1,45506.1,45514.6,171.288
2024-01-02 13:22:00,45514.7,45550.0,45505.5,45543.7,153.937
2024-01-02 13:23:00,45543.6,45543.6,45506.7,45522.5,87.545
2024-01-02 13:24:00,45522.5,45525.0,45491.7,45498.1,93.406
2024-01-02 13:25:00,45498.1,45530.0,45495.9,45512.1,102.391
2024-01-02 13:26:00,45512.0,45541.5,45510.9,45517.9,134.013
2024-01-02 13:27:00,45517.9,45538.9,45488.7,45532.7,165.704
2024-01-02 13:28:00,45532.7,45532.7,45481.5,45481.5,162.519
2024-01-02 13:29:00,45481.6,45502.3,45475.0,45495.5,180.739
2024-01-02 13:30:00,45495.6,45532.7,45480.4,45531.0,223.745
2024-01-02 13:31:00,45530.9,45542.9,45520.3,45542.9,128.753
2024-01-02 13:32:00,45542.8,45559.0,45503.7,45503.7,169.881
2024-01-02 13:33:00,45503.7,45503.8,45475.5,45484.5,215.404
2024-01-02 13:34:00,45484.6,45484.7,45471.4,45471.4,104.837
2024-01-02 13:35:00,45471.5,45471.5,45450.1,45450.6,138.994
2024-01-02 13:36:00,45450.6,45452.1,45404.3,45411.1,318.587
2024-01-02 13:37:00,45411.2,45411.2,45365.0,45367.9,370.031
2024-01-02 13:38:00,45368.0,45407.4,45367.9,45390.8,185.633
2024-01-02 13:39:00,45390.7,45417.6,45370.0,45417.5,181.294
2024-01-02 13:40:00,45417.5,45433.5,45410.0,45432.0,120.565
2024-01-02 13:41:00,45432.0,45504.6,45432.0,45498.5,287.81
2024-01-02 13:42:00,45498.5,45562.4,45498.5,45561.3,291.391
2024-01-02 13:43:00,45561.3,45655.2,45538.0,45628.6,902.776
2024-01-02 13:44:00,45628.6,45760.1,45620.0,45699.5,1465.656
2024-01-02 13:45:00,45699.4,45799.5,45650.9,45653.0,1377.812
2024-01-02 13:46:00,45653.1,45700.2,45638.6,45671.5,427.341
2024-01-02 13:47:00,45671.6,45716.5,45651.2,45710.6,284.565
2024-01-02 13:48:00,45710.7,45787.6,45692.6,45769.9,917.621
2024-01-02 13:49:00,45769.9,45775.3,45734.0,45762.4,683.575
2024-01-02 13:50:00,45762.4,45890.0,45751.7,45801.0,2090.862
2024-01-02 13:51:00,45801.0,45900.0,45795.0,45894.0,1372.691
2024-01-02 13:52:00,45894.0,45898.8,45826.3,45857.0,776.403
2024-01-02 13:53:00,45857.0,45899.0,45821.0,45876.1,567.319
2024-01-02 13:54:00,45876.1,45896.1,45787.0,45843.4,902.025
2024-01-02 13:55:00,45843.4,45855.4,45753.8,45766.7,709.251
2024-01-02 13:56:00,45766.8,45811.0,45736.4,45762.4,531.762
2024-01-02 13:57:00,45762.3,45817.1,45762.3,45817.1,222.494
2024-01-02 13:58:00,45817.1,45818.8,45762.7,45785.6,285.191
2024-01-02 13:59:00,45785.5,45800.0,45760.2,45784.3,250.2
2024-01-02 14:00:00,45784.2,45799.9,45766.0,45777.6,239.347
2024-01-02 14:01:00,45777.6,45905.9,45761.6,45867.1,1131.58
2024-01-02 14:02:00,45867.1,45876.6,45752.5,45752.5,483.777
2024-01-02 14:03:00,45753.8,45782.1,45723.4,45760.8,404.742
2024-01-02 14:04:00,45760.7,45783.0,45734.0,45739.9,349.006
2024-01-02 14:05:00,45739.9,45786.6,45671.5,45757.8,833.294
2024-01-02 14:06:00,45757.7,45830.0,45736.6,45825.4,303.779
2024-01-02 14:07:00,45825.4,45825.4,45742.3,45746.6,246.096
2024-01-02 14:08:00,45746.7,45785.2,45737.4,45766.3,203.037
2024-01-02 14:09:00,45766.4,45766.4,45700.0,45722.4,251.058
2024-01-02 14:10:00,45722.5,45738.4,45691.0,45699.6,301.991
2024-01-02 14:11:00,45699.6,45777.0,45695.2,45701.0,349.511
2024-01-02 14:12:00,45700.9,45725.6,45700.9,45717.0,114.592
2024-01-02 14:13:00,45717.0,45722.3,45660.0,45679.8,321.922
2024-01-02 14:14:00,45679.8,45725.0,45679.8,45710.0,168.804
2024-01-02 14:15:00,45710.0,45718.4,45661.2,45674.3,363.689
2024-01-02 14:16:00,45674.3,45678.0,45633.0,45672.1,454.03
2024-01-02 14:17:00,45672.0,45702.4,45630.2,45678.6,488.68
2024-01-02 14:18:00,45678.7,45721.9,45631.7,45701.8,532.394
2024-01-02 14:19:00,45701.8,45786.5,45687.0,45775.8,655.676
2024-01-02 14:20:00,45775.8,45778.4,45741.2,45776.0,199.01
2024-01-02 14:21:00,45776.1,45821.7,45765.2,45800.2,351.556
2024-01-02 14:22:00,45800.3,45817.2,45777.0,45782.8,470.434
2024-01-02 14:23:00,45782.8,45815.9,45779.1,45803.0,148.04
2024-01-02 14:24:00,45803.8,45857.7,45801.1,45849.7,359.478
2024-01-02 14:25:00,45849.6,45850.9,45810.4,45840.0,200.836
2024-01-02 14:26:00,45839.9,45845.8,45802.1,45822.6,163.729
2024-01-02 14:27:00,45822.6,45845.8,45816.5,45827.1,217.759
2024-01-02 14:28:00,45827.1,45827.2,45793.1,45811.8,167.697
2024-01-02 14:29:00,45811.9,45816.9,45786.0,45816.8,118.835
2024-01-02 14:30:00,45816.8,45836.8,45792.8,45819.0,243.78
2024-01-02 14:31:00,45819.1,45837.7,45792.6,45830.9,127.209
2024-01-02 14:32:00,45831.0,45857.9,45828.0,45844.4,266.118
2024-01-02 14:33:00,45844.3,45865.7,45834.0,45862.9,199.583
2024-01-02 14:34:00,45863.0,45887.3,45847.0,45886.8,313.913
2024-01-02 14:35:00,45887.0,45937.9,45872.3,45887.9,785.095
2024-01-02 14:36:00,45887.9,45950.0,45887.9,45931.0,783.722
2024-01-02 14:37:00,45931.0,45939.1,45837.0,45843.3,632.424
2024-01-02 14:38:00,45843.3,45865.4,45788.4,45842.5,479.595
2024-01-02 14:39:00,45842.4,45842.5,45777.0,45777.1,245.212
2024-01-02 14:40:00,45777.0,45807.5,45770.6,45775.9,236.769
2024-01-02 14:41:00,45776.0,45790.6,45763.9,45765.9,221.411
2024-01-02 14:42:00,45765.8,45780.7,45748.0,45754.3,274.665
2024-01-02 14:43:00,45754.3,45771.6,45743.1,45760.0,158.271
2024-01-02 14:44:00,45759.4,45759.5,45702.3,45734.7,435.978
2024-01-02 14:45:00,45734.6,45758.7,45714.3,45753.5,161.396
2024-01-02 14:46:00,45753.4,45767.3,45739.1,45766.9,192.64
2024-01-02 14:47:00,45766.9,45796.5,45751.4,45793.1,132.391
2024-01-02 14:48:00,45793.0,45811.5,45769.7,45769.7,126.17
2024-01-02 14:49:00,45769.8,45769.8,45747.6,45761.4,93.639
2024-01-02 14:50:00,45761.4,45814.2,45752.0,45793.0,232.207
2024-01-02 14:51:00,45792.9,45808.0,45758.9,45801.1,474.864
2024-01-02 14:52:00,45801.1,45824.2,45789.8,45802.3,129.511
2024-01-02 14:53:00,45802.1,45830.2,45781.6,45828.1,255.392
2024-01-02 14:54:00,45828.0,45829.7,45810.6,45820.1,108.292
2024-01-02 14:55:00,45820.0,45824.9,45805.0,45805.0,80.867
2024-01-02 14:56:00,45805.1,45811.9,45785.0,45785.1,72.706
2024-01-02 14:57:00,45785.1,45883.8,45782.2,45875.5,385.133
2024-01-02 14:58:00,45875.4,45897.5,45850.9,45897.5,391.116
2024-01-02 14:59:00,45897.5,45914.9,45875.1,45879.9,465.244
2024-01-02 15:00:00,45879.9,45880.0,45846.0,45863.0,233.068
2024-01-02 15:01:00,45863.0,45877.8,45855.5,45872.8,129.262
2024-01-02 15:02:00,45873.7,45873.8,45835.2,45835.4,129.631
2024-01-02 15:03:00,45835.2,45843.4,45786.7,45786.7,146.002
2024-01-02 15:04:00,45786.8,45825.4,45777.4,45805.3,169.745
2024-01-02 15:05:00,45805.2,45805.3,45779.1,45787.1,139.098
2024-01-02 15:06:00,45787.0,45800.0,45782.1,45790.9,76.777
2024-01-02 15:07:00,45790.9,45790.9,45754.0,45754.0,229.142
2024-01-02 15:08:00,45754.0,45754.1,45710.0,45723.3,510.153
2024-01-02 15:09:00,45723.2,45758.0,45711.9,45744.3,237.51
2024-01-02 15:10:00,45744.3,45758.0,45721.2,45724.0,120.447
2024-01-02 15:11:00,45724.1,45760.8,45723.0,45735.5,113.044
2024-01-02 15:12:00,45735.4,45739.0,45710.0,45712.4,165.275
2024-01-02 15:13:00,45712.3,45717.9,45667.7,45677.1,399.271
2024-01-02 15:14:00,45677.0,45725.4,45677.0,45708.2,228.834
2024-01-02 15:15:00,45708.3,45712.5,45685.4,45702.3,159.251
2024-01-02 15:16:00,45702.3,45705.2,45670.9,45705.2,197.176
2024-01-02 15:17:00,45705.1,45768.5,45705.1,45753.7,264.186
2024-01-02 15:18:00,45753.7,45788.2,45751.4,45788.1,156.37
2024-01-02 15:19:00,45788.1,45788.2,45755.4,45777.9,111.261
2024-01-02 15:20:00,45777.9,45797.8,45768.5,45790.4,124.55
2024-01-02 15:21:00,45790.4,45843.3,45773.6,45773.7,465.848
2024-01-02 15:22:00,45773.6,45782.7,45751.6,45776.6,145.781
2024-01-02 15:23:00,45776.5,45776.6,45718.6,45719.0,186.854
2024-01-02 15:24:00,45719.1,45731.9,45701.9,45705.1,146.03
2024-01-02 15:25:00,45705.1,45731.5,45705.1,45727.3,128.046
2024-01-02 15:26:00,45727.3,45742.9,45703.0,45716.8,130.593
2024-01-02 15:27:00,45716.8,45721.9,45709.0,45721.8,49.35
2024-01-02 15:28:00,45721.8,45751.7,45721.8,45751.6,130.31
2024-01-02 15:29:00,45751.6,45751.7,45729.0,45730.5,89.193
2024-01-02 15:30:00,45730.0,45748.2,45728.4,45746.2,94.448
2024-01-02 15:31:00,45746.2,45771.8,45737.8,45751.0,133.395
2024-01-02 15:32:00,45750.1,45750.1,45725.0,45737.0,121.719
2024-01-02 15:33:00,45737.0,45737.1,45701.0,45718.0,121.284
2024-01-02 15:34:00,45717.9,45718.0,45669.3,45669.3,367.458
2024-01-02 15:35:00,45669.4,45687.6,45669.2,45672.5,157.641
2024-01-02 15:36:00,45672.6,45701.2,45672.5,45684.3,121.2
2024-01-02 15:37:00,45684.2,45684.2,45660.0,45660.0,162.579
2024-01-02 15:38:00,45660.1,45662.8,45600.4,45616.4,682.608
2024-01-02 15:39:00,45616.4,45677.9,45605.7,45662.6,228.771
2024-01-02 15:40:00,45662.7,45685.7,45626.4,45633.7,362.688
2024-01-02 15:41:00,45633.2,45660.0,45630.5,45659.9,146.357
2024-01-02 15:42:00,45659.9,45684.8,45650.0,45669.3,137.251
2024-01-02 15:43:00,45669.3,45673.1,45645.8,45651.2,94.614
2024-01-02 15:44:00,45651.3,45755.3,45644.0,45750.5,265.886
2024-01-02 15:45:00,45750.5,45770.7,45730.0,45739.8,262.571
2024-01-02 15:46:00,45739.9,45772.8,45732.5,45757.1,197.425
2024-01-02 15:47:00,45757.0,45760.2,45729.9,45759.2,106.681
2024-01-02 15:48:00,45759.2,45759.2,45720.1,45720.1,121.408
2024-01-02 15:49:00,45720.1,45731.9,45705.8,45705.8,162.099
2024-01-02 15:50:00,45705.8,45713.1,45686.6,45711.7,91.658
2024-01-02 15:51:00,45711.6,45711.7,45667.0,45688.9,225.643
2024-01-02 15:52:00,45688.9,45690.9,45675.5,45690.9,62.492
2024-01-02 15:53:00,45690.8,45721.5,45682.0,45713.7,113.27
2024-01-02 15:54:00,45713.7,45750.0,45710.8,45747.0,103.665
2024-01-02 15:55:00,45747.0,45747.1,45663.8,45668.9,258.324
2024-01-02 15:56:00,45668.8,45699.7,45650.0,45652.0,206.471
2024-01-02 15:57:00,45652.0,45673.6,45652.0,45673.5,94.249
2024-01-02 15:58:00,45673.5,45716.6,45673.5,45716.6,128.553
2024-01-02 15:59:00,45716.5,45716.6,45707.9,45712.0,58.914
2024-01-02 16:00:00,45712.0,45716.6,45683.0,45683.0,66.795
2024-01-02 16:01:00,45683.1,45719.5,45683.1,45700.0,155.779
2024-01-02 16:02:00,45700.0,45712.0,45689.1,45708.0,139.453
2024-01-02 16:03:00,45707.9,45707.9,45673.9,45675.8,91.045
2024-01-02 16:04:00,45675.8,45675.8,45651.1,45665.9,144.548
2024-01-02 16:05:00,45665.9,45665.9,45645.0,45650.0,119.549
2024-01-02 16:06:00,45650.0,45678.5,45642.0,45678.5,98.116
2024-01-02 16:07:00,45678.4,45691.2,45670.0,45691.2,83.937
2024-01-02 16:08:00,45691.1,45691.3,45644.8,45650.0,74.053
2024-01-02 16:09:00,45650.1,45650.1,45623.8,45625.8,152.952
2024-01-02 16:10:00,45625.8,45649.5,45600.0,45634.3,338.431
2024-01-02 16:11:00,45634.3,45657.3,45622.1,45623.7,196.083
2024-01-02 16:12:00,45623.7,45623.8,45606.1,45616.6,95.036
2024-01-02 16:13:00,45616.6,45631.5,45603.3,45626.8,96.527
2024-01-02 16:14:00,45626.9,45656.0,45601.0,45656.0,235.945
2024-01-02 16:15:00,45655.9,45655.9,45611.7,45622.8,159.387
2024-01-02 16:16:00,45622.8,45631.3,45584.0,45593.1,297.405
2024-01-02 16:17:00,45593.0,45596.0,45478.0,45563.0,1954.533
2024-01-02 16:18:00,45562.7,45563.0,45502.7,45548.1,1019.989
2024-01-02 16:19:00,45548.0,45584.8,45542.1,45562.2,312.052
2024-01-02 16:20:00,45562.3,45577.9,45556.8,45575.0,126.537
2024-01-02 16:21:00,45575.0,45575.0,45510.6,45532.1,308.624
2024-01-02 16:22:00,45532.1,45532.2,45515.0,45526.7,198.301
2024-01-02 16:23:00,45526.6,45578.7,45486.8,45569.8,566.262
2024-01-02 16:24:00,45569.8,45579.0,45554.0,45579.0,103.154
2024-01-02 16:25:00,45578.9,45594.0,45558.4,45561.4,163.628
2024-01-02 16:26:00,45561.5,45606.2,45561.4,45604.1,278.163
2024-01-02 16:27:00,45604.1,45614.0,45595.8,45602.1,192.106
2024-01-02 16:28:00,45602.0,45630.2,45595.8,45617.8,286.009
2024-01-02 16:29:00,45617.9,45655.8,45617.8,45655.7,372.947
2024-01-02 16:30:00,45655.7,45678.5,45651.7,45678.5,328.806
2024-01-02 16:31:00,45678.4,45709.2,45673.9,45688.7,496.251
2024-01-02 16:32:00,45688.6,45704.6,45673.0,45685.9,235.269
2024-01-02 16:33:00,45685.8,45727.6,45674.6,45702.3,286.193
2024-01-02 16:34:00,45702.2,45731.4,45698.2,45702.1,168.072
2024-01-02 16:35:00,45702.0,45736.2,45702.0,45736.1,178.218
2024-01-02 16:36:00,45736.1,45752.0,45719.0,45746.0,198.253
2024-01-02 16:37:00,45745.9,45767.6,45704.9,45708.6,353.468
2024-01-02 16:38:00,45708.5,45709.6,45666.0,45670.0,213.832
2024-01-02 16:39:00,45670.0,45684.6,45665.0,45665.1,94.603
2024-01-02 16:40:00,45665.0,45665.1,45622.2,45625.0,192.141
2024-01-02 16:41:00,45625.0,45639.4,45613.1,45616.5,159.812
2024-01-02 16:42:00,45616.5,45685.9,45612.0,45685.9,188.832
2024-01-02 16:43:00,45685.9,45685.9,45653.7,45653.7,90.968
2024-01-02 16:44:00,45653.8,45653.8,45611.5,45616.0,87.306
2024-01-02 16:45:00,45616.1,45628.7,45612.3,45628.7,98.797
2024-01-02 16:46:00,45628.7,45632.8,45609.5,45609.5,69.044
2024-01-02 16:47:00,45609.5,45609.5,45587.0,45592.7,174.866
2024-01-02 16:48:00,45592.7,45626.3,45591.1,45620.8,195.163
2024-01-02 16:49:00,45620.8,45641.7,45602.8,45638.7,94.062
2024-01-02 16:50:00,45638.7,45648.9,45622.0,45640.6,133.391
2024-01-02 16:51:00,45640.5,45640.5,45587.3,45595.8,117.694
2024-01-02 16:52:00,45595.9,45604.6,45570.4,45575.5,152.516
2024-01-02 16:53:00,45575.5,45579.4,45557.6,45563.1,130.471
2024-01-02 16:54:00,45563.1,45617.0,45563.0,45607.2,176.889
2024-01-02 16:55:00,45608.5,45608.6,45590.5,45601.6,43.581
2024-01-02 16:56:00,45601.6,45601.7,45562.4,45570.0,229.656
2024-01-02 16:57:00,45570.0,45570.0,45555.0,45557.5,165.855
2024-01-02 16:58:00,45557.4,45576.4,45557.4,45563.0,116.597
2024-01-02 16:59:00,45562.9,45570.9,45558.0,45558.0,69.632
2024-01-02 17:00:00,45558.0,45609.2,45554.4,45578.9,315.062
2024-01-02 17:01:00,45578.9,45611.9,45565.8,45610.6,110.706
2024-01-02 17:02:00,45610.5,45614.9,45550.0,45550.0,365.895
2024-01-02 17:03:00,45550.0,45550.1,45527.3,45527.4,215.352
2024-01-02 17:04:00,45527.3,45529.5,45489.1,45499.9,647.273
2024-01-02 17:05:00,45499.8,45519.8,45496.8,45505.0,151.983
2024-01-02 17:06:00,45505.0,45506.0,45493.4,45497.9,168.372
2024-01-02 17:07:00,45497.9,45497.9,45450.2,45460.9,702.2
2024-01-02 17:08:00,45460.9,45476.9,45421.0,45432.0,778.502
2024-01-02 17:09:00,45431.9,45436.5,45378.7,45388.1,765.435
2024-01-02 17:10:00,45388.1,45430.0,45384.3,45393.5,440.93
2024-01-02 17:11:00,45393.5,45418.4,45362.4,45389.4,495.194
2024-01-02 17:12:00,45389.4,45405.9,45372.0,45372.0,221.325
2024-01-02 17:13:00,45372.1,45377.4,45312.0,45329.4,897.705
2024-01-02 17:14:00,45329.5,45329.5,45258.0,45307.9,1462.154
2024-01-02 17:15:00,45306.8,45357.6,45300.6,45353.4,680.884
2024-01-02 17:16:00,45353.5,45386.8,45331.7,45380.8,585.135
2024-01-02 17:17:00,45380.8,45400.0,45355.0,45394.5,341.842
2024-01-02 17:18:00,45394.5,45436.1,45389.9,45420.0,404.443
2024-01-02 17:19:00,45420.0,45422.1,45382.5,45395.2,223.462
2024-01-02 17:20:00,45395.1,45402.0,45320.0,45385.8,272.484
2024-01-02 17:21:00,45385.8,45390.1,45331.8,45356.9,221.713
2024-01-02 17:22:00,45356.9,45376.7,45343.6,45345.2,228.608
2024-01-02 17:23:00,45345.1,45351.4,45309.3,45335.5,235.153
2024-01-02 17:24:00,45335.5,45361.8,45325.0,45354.7,210.652
2024-01-02 17:25:00,45354.7,45431.4,45354.7,45426.1,356.912
2024-01-02 17:26:00,45426.2,45489.3,45421.6,45475.6,661.954
2024-01-02 17:27:00,45475.6,45490.0,45461.4,45473.7,240.763
2024-01-02 17:28:00,45473.7,45473.8,45444.8,45468.5,207.132
2024-01-02 17:29:00,45468.4,45486.8,45454.6,45486.8,141.269
2024-01-02 17:30:00,45486.8,45491.6,45459.8,45480.0,287.783
2024-01-02 17:31:00,45479.9,45481.7,45453.6,45461.5,176.074
2024-01-02 17:32:00,45461.4,45472.9,45445.4,45450.6,121.938
2024-01-02 17:33:00,45450.6,45478.6,45448.0,45478.6,175.021
2024-01-02 17:34:00,45478.6,45497.6,45456.0,45497.5,271.922
2024-01-02 17:35:00,45497.6,45550.0,45497.6,45542.1,579.86
2024-01-02 17:36:00,45542.1,45549.8,45508.6,45508.6,242.913
2024-01-02 17:37:00,45508.6,45511.7,45488.4,45494.4,192.665
2024-01-02 17:38:00,45494.3,45494.4,45464.7,45478.0,212.42
2024-01-02 17:39:00,45478.0,45506.7,45456.9,45460.0,182.683
2024-01-02 17:40:00,45460.1,45460.1,45393.7,45412.5,531.703
2024-01-02 17:41:00,45412.6,45460.9,45412.5,45442.7,150.702
2024-01-02 17:42:00,45442.7,45444.8,45396.0,45396.0,250.82
2024-01-02 17:43:00,45396.0,45421.9,45391.3,45404.5,169.286
2024-01-02 17:44:00,45404.6,45435.9,45404.5,45435.9,94.539
2024-01-02 17:45:00,45435.9,45452.0,45427.2,45434.1,137.781
2024-01-02 17:46:00,45434.1,45457.3,45399.9,45457.3,236.167
2024-01-02 17:47:00,45457.2,45457.2,45444.9,45448.3,100.327
2024-01-02 17:48:00,45448.4,45452.1,45442.8,45445.9,37.419
2024-01-02 17:49:00,45445.8,45445.8,45408.4,45408.4,100.575
2024-01-02 17:50:00,45408.5,45408.5,45387.2,45391.9,123.467
2024-01-02 17:51:00,45391.2,45455.0,45370.0,45448.7,379.29
2024-01-02 17:52:00,45448.7,45482.0,45432.2,45474.4,124.138
2024-01-02 17:53:00,45474.5,45483.0,45463.5,45483.0,90.141
2024-01-02 17:54:00,45483.0,45486.8,45474.9,45486.0,110.504
2024-01-02 17:55:00,45486.1,45511.0,45473.5,45493.6,168.889
2024-01-02 17:56:00,45493.7,45530.6,45490.5,45527.3,195.968
2024-01-02 17:57:00,45527.4,45527.4,45494.0,45494.0,110.735
2024-01-02 17:58:00,45494.0,45520.0,45484.0,45495.4,116.259
2024-01-02 17:59:00,45495.3,45510.4,45487.4,45510.4,81.649
2024-01-02 18:00:00,45510.5,45520.0,45492.3,45492.9,270.068
2024-01-02 18:01:00,45492.9,45532.2,45492.9,45532.2,333.417
2024-01-02 18:02:00,45532.2,45639.0,45532.1,45605.3,1177.773
2024-01-02 18:03:00,45605.4,45640.0,45597.6,45611.5,676.112
2024-01-02 18:04:00,45611.5,45638.2,45574.9,45638.2,255.204
2024-01-02 18:05:00,45638.2,45655.0,45576.3,45603.1,578.667
2024-01-02 18:06:00,45603.0,45610.0,45580.7,45582.4,164.91
2024-01-02 18:07:00,45582.5,45589.0,45556.6,45561.1,170.45
2024-01-02 18:08:00,45561.1,45612.8,45556.5,45610.1,471.997
2024-01-02 18:09:00,45610.0,45615.0,45561.6,45570.3,200.518
2024-01-02 18:10:00,45570.3,45581.0,45538.2,45542.7,193.657
2024-01-02 18:11:00,45542.7,45553.0,45520.4,45535.9,255.384
2024-01-02 18:12:00,45535.8,45546.4,45520.6,45534.9,142.711
2024-01-02 18:13:00,45534.8,45583.6,45534.8,45583.4,106.847
2024-01-02 18:14:00,45583.3,45583.3,45507.2,45508.0,272.081
2024-01-02 18:15:00,45508.0,45545.9,45508.0,45522.5,249.89
2024-01-02 18:16:00,45522.5,45522.5,45480.4,45485.4,325.888
2024-01-02 18:17:00,45485.4,45491.8,45449.5,45452.5,427.797
2024-01-02 18:18:00,45452.5,45465.0,45420.5,45420.5,397.939
2024-01-02 18:19:00,45420.5,45466.2,45413.4,45430.7,270.576
2024-01-02 18:20:00,45430.7,45430.7,45390.0,45408.0,225.095
2024-01-02 18:21:00,45408.0,45427.6,45333.0,45351.9,941.7
2024-01-02 18:22:00,45351.9,45388.0,45329.7,45387.9,303.216
2024-01-02 18:23:00,45388.0,45391.7,45350.0,45357.2,181.53
2024-01-02 18:24:00,45357.2,45403.2,45352.8,45366.1,377.463
2024-01-02 18:25:00,45366.0,45383.8,45347.3,45347.3,167.512
2024-01-02 18:26:00,45347.3,45357.2,45323.2,45346.0,180.444
2024-01-02 18:27:00,45346.0,45398.5,45345.9,45374.1,178.452
2024-01-02 18:28:00,45374.0,45374.1,45340.0,45362.9,156.831
2024-01-02 18:29:00,45363.0,45365.3,45343.5,45355.1,121.984
2024-01-02 18:30:00,45355.1,45359.6,45333.6,45349.0,257.904
2024-01-02 18:31:00,45349.0,45349.1,45316.4,45347.1,196.444
2024-01-02 18:32:00,45347.0,45421.1,45347.0,45412.8,354.164
2024-01-02 18:33:00,45412.0,45434.5,45378.9,45434.2,197.011
2024-01-02 18:34:00,45434.2,45469.0,45425.4,45449.2,320.999
2024-01-02 18:35:00,45449.2,45472.2,45444.7,45455.7,163.742
2024-01-02 18:36:00,45455.8,45472.5,45435.9,45466.0,117.861
2024-01-02 18:37:00,45466.1,45466.1,45445.1,45455.9,70.686
2024-01-02 18:38:00,45455.8,45482.3,45455.8,45478.2,114.673
2024-01-02 18:39:00,45478.3,45493.4,45455.6,45482.5,183.878
2024-01-02 18:40:00,45482.4,45495.0,45465.4,45494.2,168.278
2024-01-02 18:41:00,45494.1,45495.0,45460.0,45460.1,127.072
2024-01-02 18:42:00,45460.0,45524.0,45456.7,45522.7,266.112
2024-01-02 18:43:00,45522.8,45542.8,45518.8,45540.0,239.794
2024-01-02 18:44:00,45540.0,45542.4,45524.1,45525.0,80.828
2024-01-02 18:45:00,45525.0,45540.0,45522.9,45529.6,86.706
2024-01-02 18:46:00,45529.6,45562.3,45529.5,45550.5,282.251
2024-01-02 18:47:00,45550.6,45564.7,45545.8,45559.5,131.77
2024-01-02 18:48:00,45559.5,45595.6,45556.2,45583.0,256.892
2024-01-02 18:49:00,45583.0,45625.2,45578.0,45593.4,252.216
2024-01-02 18:50:00,45593.3,45617.4,45384.9,45421.5,2663.93
2024-01-02 18:51:00,45421.6,45459.8,45406.8,45450.8,454.172
2024-01-02 18:52:00,45450.8,45499.3,45450.7,45496.0,161.76
2024-01-02 18:53:00,45496.0,45525.0,45486.4,45511.6,129.187
2024-01-02 18:54:00,45511.6,45578.0,45511.6,45566.7,246.76
2024-01-02 18:55:00,45566.8,45576.0,45549.0,45576.0,150.27
2024-01-02 18:56:00,45575.9,45576.0,45553.4,45557.2,118.843
2024-01-02 18:57:00,45557.2,45561.0,45527.1,45554.9,180.321
2024-01-02 18:58:00,45554.9,45575.2,45543.8,45570.8,129.979
2024-01-02 18:59:00,45570.7,45575.9,45566.1,45569.9,104.727
2024-01-02 19:00:00,45569.8,45579.1,45562.0,45579.0,188.123
2024-01-02 19:01:00,45579.1,45605.0,45579.0,45604.9,149.6
2024-01-02 19:02:00,45605.0,45623.3,45604.9,45612.1,160.347
2024-01-02 19:03:00,45612.1,45630.0,45600.7,45606.4,190.742
2024-01-02 19:04:00,45606.4,45611.8,45580.0,45591.1,109.827
2024-01-02 19:05:00,45591.0,45637.8,45591.0,45637.8,147.491
2024-01-02 19:06:00,45637.8,45644.6,45618.7,45640.3,164.82
2024-01-02 19:07:00,45640.2,45645.5,45621.0,45630.0,154.241
2024-01-02 19:08:00,45630.1,45639.0,45613.9,45625.1,138.441
2024-01-02 19:09:00,45625.2,45664.3,45621.9,45658.6,315.889
2024-01-02 19:10:00,45658.6,45723.5,45658.6,45707.3,612.709
2024-01-02 19:11:00,45707.2,45745.2,45701.4,45728.1,450.733
2024-01-02 19:12:00,45728.1,45734.6,45686.9,45705.4,460.35
2024-01-02 19:13:00,45705.4,45759.1,45691.2,45759.1,524.97
2024-01-02 19:14:00,45759.0,45760.0,45700.7,45715.0,404.385
2024-01-02 19:15:00,45715.1,45752.0,45707.1,45744.2,211.561
2024-01-02 19:16:00,45744.2,45744.2,45683.3,45703.9,371.74
2024-01-02 19:17:00,45704.0,45707.1,45673.4,45675.9,204.546
2024-01-02 19:18:00,45675.9,45695.7,45654.2,45695.6,209.939
2024-01-02 19:19:00,45695.6,45695.7,45674.6,45686.7,133.644
2024-01-02 19:20:00,45686.8,45704.2,45667.7,45692.4,105.696
2024-01-02 19:21:00,45692.5,45727.2,45650.1,45664.3,311.15
2024-01-02 19:22:00,45664.2,45673.4,45658.1,45665.7,82.696
2024-01-02 19:23:00,45665.8,45669.0,45635.2,45645.4,223.69
2024-01-02 19:24:00,45645.4,45693.0,45640.9,45691.9,155.175
2024-01-02 19:25:00,45691.9,45716.2,45687.3,45696.1,180.198
2024-01-02 19:26:00,45696.1,45701.4,45670.0,45675.1,101.636
2024-01-02 19:27:00,45675.2,45678.0,45643.3,45648.9,105.885
2024-01-02 19:28:00,45649.0,45702.7,45648.9,45694.1,119.626
2024-01-02 19:29:00,45694.1,45702.6,45680.0,45686.3,91.702
2024-01-02 19:30:00,45686.2,45731.4,45682.0,45731.4,135.535
2024-01-02 19:31:00,45731.4,45746.0,45692.6,45701.2,307.385
2024-01-02 19:32:00,45701.2,45737.9,45684.9,45713.8,179.355
2024-01-02 19:33:00,45713.8,45721.0,45680.4,45682.5,151.625
2024-01-02 19:34:00,45682.5,45689.0,45670.0,45684.2,148.446
2024-01-02 19:35:00,45684.2,45718.2,45681.5,45691.8,105.234
2024-01-02 19:36:00,45691.8,45749.9,45666.0,45749.9,219.424
2024-01-02 19:37:00,45750.0,45789.0,45749.9,45758.4,465.273
2024-01-02 19:38:00,45758.4,45790.5,45751.3,45788.4,237.032
2024-01-02 19:39:00,45788.4,45788.5,45758.3,45760.8,142.028
2024-01-02 19:40:00,45760.9,45820.1,45753.6,45794.5,502.884
2024-01-02 19:41:00,45794.6,45809.8,45780.1,45796.7,318.505
2024-01-02 19:42:00,45796.8,45825.4,45780.0,45794.1,509.904
2024-01-02 19:43:00,45794.1,45850.0,45794.1,45840.9,477.148
2024-01-02 19:44:00,45841.0,45848.5,45781.1,45815.3,443.119
2024-01-02 19:45:00,45815.4,45815.4,45782.5,45812.1,252.833
2024-01-02 19:46:00,45812.1,45850.0,45800.3,45807.6,296.031
2024-01-02 19:47:00,45807.6,45807.6,45733.5,45742.7,430.237
2024-01-02 19:48:00,45742.8,45750.5,45709.3,45720.2,372.94
2024-01-02 19:49:00,45720.1,45744.0,45704.1,45704.2,168.125
2024-01-02 19:50:00,45704.2,45739.8,45688.0,45735.3,204.549
2024-01-02 19:51:00,45735.2,45735.3,45672.8,45676.6,284.801
2024-01-02 19:52:00,45676.7,45694.1,45646.0,45685.9,447.604
2024-01-02 19:53:00,45685.9,45723.5,45676.1,45702.1,205.306
2024-01-02 19:54:00,45702.2,45720.0,45696.7,45703.5,137.809
2024-01-02 19:55:00,45703.4,45703.4,45630.0,45630.0,347.343
2024-01-02 19:56:00,45630.1,45642.1,45590.6,45623.0,559.04
2024-01-02 19:57:00,45623.1,45658.3,45617.0,45653.0,317.434
2024-01-02 19:58:00,45652.2,45686.0,45639.7,45682.0,144.911
2024-01-02 19:59:00,45682.1,45689.0,45662.4,45679.1,126.573
2024-01-02 20:00:00,45679.1,45714.0,45667.8,45711.6,231.7
2024-01-02 20:01:00,45711.6,45711.6,45604.7,45606.9,284.356
2024-01-02 20:02:00,45607.0,45628.7,45604.2,45613.8,274.565
2024-01-02 20:03:00,45613.8,45620.0,45526.7,45529.0,1250.733
2024-01-02 20:04:00,45530.8,45575.5,45505.8,45564.9,576.815
2024-01-02 20:05:00,45564.9,45571.0,45421.4,45473.0,1377.832
2024-01-02 20:06:00,45473.0,45560.0,45472.9,45527.8,427.299
2024-01-02 20:07:00,45527.7,45549.9,45474.0,45474.0,427.233
2024-01-02 20:08:00,45474.1,45483.3,45406.3,45424.8,1135.588
2024-01-02 20:09:00,45424.9,45461.0,45378.4,45380.9,967.436
2024-01-02 20:10:00,45381.0,45470.0,45360.0,45461.8,758.112
2024-01-02 20:11:00,45461.8,45509.6,45443.4,45509.6,311.032
2024-01-02 20:12:00,45509.7,45558.0,45503.1,45537.5,460.505
2024-01-02 20:13:00,45537.5,45563.9,45537.5,45563.9,230.649
2024-01-02 20:14:00,45564.0,45566.4,45536.3,45558.5,219.025
2024-01-02 20:15:00,45558.5,45558.5,45466.2,45472.9,306.02
2024-01-02 20:16:00,45472.9,45516.2,45420.0,45424.5,522.965
2024-01-02 20:17:00,45424.5,45431.1,45347.5,45378.7,822.024
2024-01-02 20:18:00,45378.8,45399.0,45312.7,45324.5,978.213
2024-01-02 20:19:00,45324.9,45341.2,45204.9,45220.0,1867.811
2024-01-02 20:20:00,45220.1,45276.0,45172.3,45251.4,1734.488
2024-01-02 20:21:00,45251.4,45335.9,45248.2,45335.8,1178.261
2024-01-02 20:22:00,45335.8,45406.1,45335.8,45352.9,744.903
2024-01-02 20:23:00,45353.0,45375.0,45260.0,45270.5,559.098
2024-01-02 20:24:00,45270.6,45274.1,45158.0,45203.4,1141.894
2024-01-02 20:25:00,45203.4,45239.0,45161.0,45178.8,746.956
2024-01-02 20:26:00,45178.9,45230.9,45026.0,45124.5,3332.499
2024-01-02 20:27:00,45124.5,45235.0,45110.7,45234.9,1265.994
2024-01-02 20:28:00,45234.9,45305.3,45200.0,45274.8,1835.795
2024-01-02 20:29:00,45274.8,45344.7,45260.1,45293.6,1229.118
2024-01-02 20:30:00,45293.5,45356.4,45253.2,45343.9,714.927
2024-01-02 20:31:00,45343.9,45359.9,45299.9,45359.9,445.094
2024-01-02 20:32:00,45359.9,45359.9,45301.4,45346.8,562.584
2024-01-02 20:33:00,45346.9,45354.4,45260.0,45277.9,411.649
2024-01-02 20:34:00,45277.9,45286.2,45196.4,45219.0,540.481
2024-01-02 20:35:00,45219.0,45249.7,45187.6,45249.7,624.031
2024-01-02 20:36:00,45250.0,45252.0,45167.2,45227.9,598.465
2024-01-02 20:37:00,45227.9,45261.7,45202.2,45208.3,609.966
2024-01-02 20:38:00,45208.4,45254.9,45192.6,45204.9,562.998
2024-01-02 20:39:00,45204.9,45271.7,45204.8,45263.4,397.591
2024-01-02 20:40:00,45263.4,45332.3,45239.9,45324.5,476.527
2024-01-02 20:41:00,45324.5,45332.1,45298.0,45302.7,279.686
2024-01-02 20:42:00,45302.7,45307.6,45230.6,45235.5,261.01
2024-01-02 20:43:00,45235.6,45239.3,45115.0,45120.5,698.965
2024-01-02 20:44:00,45120.6,45179.6,45109.5,45141.6,764.243
2024-01-02 20:45:00,45141.6,45141.8,45100.1,45115.7,624.962
2024-01-02 20:46:00,45115.8,45121.2,45047.3,45108.5,1469.715
2024-01-02 20:47:00,45108.6,45121.5,44933.0,44980.6,2106.15
2024-01-02 20:48:00,44980.6,45043.9,44899.1,44961.0,3124.718
2024-01-02 20:49:00,44961.1,44966.7,44868.1,44882.1,1132.164
2024-01-02 20:50:00,44882.1,45089.7,44870.6,45053.6,1188.502
2024-01-02 20:51:00,45053.6,45134.5,45021.3,45123.7,846.223
2024-01-02 20:52:00,45123.7,45153.5,45120.8,45128.5,587.024
2024-01-02 20:53:00,45128.4,45133.0,45050.0,45120.1,502.329
2024-01-02 20:54:00,45120.2,45162.3,45081.0,45148.6,437.056
2024-01-02 20:55:00,45148.5,45151.6,45100.9,45131.4,234.676
2024-01-02 20:56:00,45131.4,45144.0,45025.7,45034.9,366.194
2024-01-02 20:57:00,45034.9,45072.0,45000.8,45025.1,338.537
2024-01-02 20:58:00,45025.1,45051.5,44973.6,44976.8,491.11
2024-01-02 20:59:00,44976.9,45042.6,44973.0,45041.2,282.157
2024-01-02 21:00:00,45041.1,45044.5,44936.0,44945.2,710.532
2024-01-02 21:01:00,44945.3,45042.0,44919.0,45040.2,489.688
2024-01-02 21:02:00,45040.3,45123.5,45040.2,45080.0,459.809
2024-01-02 21:03:00,45080.1,45169.9,45080.0,45169.8,432.809
2024-01-02 21:04:00,45169.8,45182.7,45120.4,45122.0,499.261
2024-01-02 21:05:00,45122.0,45214.3,45122.0,45210.0,477.145
2024-01-02 21:06:00,45209.9,45229.0,45180.0,45184.3,515.995
2024-01-02 21:07:00,45184.2,45229.8,45180.0,45225.7,289.92
2024-01-02 21:08:00,45225.7,45244.4,45191.0,45241.4,394.747
2024-01-02 21:09:00,45241.4,45270.0,45219.6,45237.4,449.387
2024-01-02 21:10:00,45237.4,45299.7,45219.0,45295.0,907.99
2024-01-02 21:11:00,45295.0,45312.0,45239.8,45278.1,1118.565
2024-01-02 21:12:00,45278.2,45290.0,45256.3,45269.9,220.411
2024-01-02 21:13:00,45270.0,45324.7,45269.9,45302.1,381.458
2024-01-02 21:14:00,45302.0,45331.6,45297.8,45314.9,389.923
2024-01-02 21:15:00,45314.9,45325.0,45291.6,45297.0,292.408
2024-01-02 21:16:00,45297.1,45302.9,45249.4,45252.7,302.953
2024-01-02 21:17:00,45252.7,45266.0,45218.6,45260.2,297.221
2024-01-02 21:18:00,45260.3,45271.0,45242.7,45264.7,150.777
2024-01-02 21:19:00,45264.6,45275.0,45230.4,45261.9,181.97
2024-01-02 21:20:00,45261.9,45283.6,45237.2,45283.5,167.654
2024-01-02 21:21:00,45283.6,45315.1,45283.5,45310.3,218.728
2024-01-02 21:22:00,45310.2,45310.3,45286.1,45293.4,93.534
2024-01-02 21:23:00,45293.4,45328.8,45286.5,45316.3,178.894
2024-01-02 21:24:00,45316.3,45335.5,45316.3,45329.5,221.049
2024-01-02 21:25:00,45329.4,45331.8,45294.7,45304.4,120.866
2024-01-02 21:26:00,45304.5,45305.3,45226.5,45238.6,202.87
2024-01-02 21:27:00,45238.7,45241.7,45183.8,45198.5,335.185
2024-01-02 21:28:00,45198.5,45201.8,45180.0,45187.6,164.56
2024-01-02 21:29:00,45187.5,45233.1,45187.5,45215.0,243.445
2024-01-02 21:30:00,45215.0,45298.9,45184.9,45298.9,383.091
2024-01-02 21:31:00,45298.8,45309.0,45209.0,45209.0,388.303
2024-01-02 21:32:00,45209.1,45300.0,45209.0,45296.7,185.828
2024-01-02 21:33:00,45296.7,45310.2,45267.9,45268.0,264.461
2024-01-02 21:34:00,45267.9,45293.0,45260.3,45289.3,114.921
2024-01-02 21:35:00,45289.4,45309.6,45274.2,45285.4,136.721
2024-01-02 21:36:00,45285.4,45291.2,45230.2,45230.3,145.895
2024-01-02 21:37:00,45230.3,45230.3,45160.9,45160.9,354.634
2024-01-02 21:38:00,45160.9,45167.3,45120.1,45124.2,678.462
2024-01-02 21:39:00,45124.3,45140.0,45109.5,45133.1,281.177
2024-01-02 21:40:00,45133.0,45150.0,45125.0,45143.8,189.174
2024-01-02 21:41:00,45143.8,45153.2,45079.6,45086.9,384.522
2024-01-02 21:42:00,45086.9,45114.8,45070.0,45072.6,387.133
2024-01-02 21:43:00,45072.5,45123.9,45051.8,45123.8,667.108
2024-01-02 21:44:00,45123.9,45140.9,45088.2,45123.5,253.282
2024-01-02 21:45:00,45123.4,45149.7,45076.0,45076.0,259.583
2024-01-02 21:46:00,45076.0,45133.0,45055.0,45106.7,299.964
2024-01-02 21:47:00,45106.7,45106.7,45065.3,45068.4,234.41
2024-01-02 21:48:00,45068.4,45088.6,45001.1,45017.5,737.241
2024-01-02 21:49:00,45017.6,45037.1,44973.7,45037.0,571.48
2024-01-02 21:50:00,45037.0,45037.1,44975.5,45002.8,358.946
2024-01-02 21:51:00,45002.8,45006.8,44932.5,45006.8,513.105
2024-01-02 21:52:00,45006.8,45057.9,44939.4,44939.4,595.18
2024-01-02 21:53:00,44939.4,44999.3,44918.0,44980.6,534.532
2024-01-02 21:54:00,44980.6,44999.3,44939.4,44955.2,365.074
2024-01-02 21:55:00,44955.3,45053.2,44944.7,45025.5,574.273
2024-01-02 21:56:00,45025.5,45156.8,45025.5,45139.6,703.266
2024-01-02 21:57:00,45141.5,45145.0,45098.0,45130.0,321.815
2024-01-02 21:58:00,45130.0,45196.1,45102.3,45196.1,414.722
2024-01-02 21:59:00,45196.0,45229.9,45175.2,45229.8,561.303
2024-01-02 22:00:00,45229.8,45229.9,45181.9,45189.9,265.031
2024-01-02 22:01:00,45189.9,45209.9,45156.9,45204.8,218.291
2024-01-02 22:02:00,45204.7,45277.1,45200.8,45277.0,547.363
2024-01-02 22:03:00,45277.0,45278.8,45237.0,45250.0,265.312
2024-01-02 22:04:00,45250.1,45280.0,45250.0,45273.2,170.517
2024-01-02 22:05:00,45273.1,45283.8,45243.0,45253.5,191.155
2024-01-02 22:06:00,45253.5,45264.7,45235.3,45238.7,139.305
2024-01-02 22:07:00,45238.7,45248.2,45171.4,45171.4,312.689
2024-01-02 22:08:00,45171.4,45171.5,45114.7,45134.9,371.13
2024-01-02 22:09:00,45134.9,45176.4,45106.0,45173.1,325.477
2024-01-02 22:10:00,45173.1,45226.4,45168.3,45220.1,334.034
2024-01-02 22:11:00,45220.1,45262.6,45207.2,45249.9,284.573
2024-01-02 22:12:00,45249.9,45258.1,45222.9,45251.0,115.579
2024-01-02 22:13:00,45251.1,45280.0,45241.0,45279.9,152.768
2024-01-02 22:14:00,45280.0,45294.3,45265.8,45279.0,227.018
2024-01-02 22:15:00,45279.0,45279.1,45224.0,45260.1,265.506
2024-01-02 22:16:00,45260.2,45299.7,45254.8,45299.6,193.103
2024-01-02 22:17:00,45299.7,45394.6,45299.6,45384.8,1036.264
2024-01-02 22:18:00,45384.8,45399.0,45353.6,45353.7,534.861
2024-01-02 22:19:00,45353.6,45447.9,45347.0,45442.4,864.993
2024-01-02 22:20:00,45442.4,45449.2,45366.2,45369.9,404.819
2024-01-02 22:21:00,45370.0,45419.5,45368.9,45382.2,230.871
2024-01-02 22:22:00,45382.2,45387.6,45332.6,45353.1,235.903
2024-01-02 22:23:00,45353.0,45394.2,45351.6,45359.0,248.649
2024-01-02 22:24:00,45359.1,45365.1,45342.0,45350.1,98.321
2024-01-02 22:25:00,45350.1,45409.8,45344.7,45363.2,224.112
2024-01-02 22:26:00,45363.1,45397.0,45363.1,45377.6,109.516
2024-01-02 22:27:00,45377.6,45414.7,45373.4,45406.0,256.453
2024-01-02 22:28:00,45406.0,45408.4,45370.5,45378.3,128.436
2024-01-02 22:29:00,45378.3,45397.9,45378.3,45393.4,71.848
2024-01-02 22:30:00,45393.4,45397.7,45340.8,45340.8,157.478
2024-01-02 22:31:00,45340.8,45423.5,45340.8,45419.8,278.59
2024-01-02 22:32:00,45419.9,45422.1,45357.1,45362.0,146.81
2024-01-02 22:33:00,45362.0,45375.1,45336.8,45337.3,115.751
2024-01-02 22:34:00,45337.4,45376.0,45337.4,45366.2,124.623
2024-01-02 22:35:00,45366.2,45366.3,45340.1,45344.0,104.738
2024-01-02 22:36:00,45344.1,45375.9,45344.0,45358.6,112.826
2024-01-02 22:37:00,45358.6,45390.0,45358.5,45382.2,120.975
2024-01-02 22:38:00,45382.2,45388.0,45360.9,45366.4,89.17
2024-01-02 22:39:00,45366.3,45382.1,45341.0,45370.9,89.388
2024-01-02 22:40:00,45370.9,45371.0,45313.1,45329.8,180.019
2024-01-02 22:41:00,45329.7,45343.0,45314.7,45327.1,94.899
2024-01-02 22:42:00,45327.1,45327.2,45309.0,45310.3,113.063
2024-01-02 22:43:00,45310.4,45311.9,45244.6,45267.8,488.463
2024-01-02 22:44:00,45267.8,45276.2,45240.6,45276.1,229.688
2024-01-02 22:45:00,45276.0,45303.6,45250.0,45301.5,193.824
2024-01-02 22:46:00,45301.5,45331.9,45276.0,45310.1,195.672
2024-01-02 22:47:00,45310.2,45320.0,45269.4,45272.0,190.302
2024-01-02 22:48:00,45272.0,45325.9,45252.6,45312.6,129.571
2024-01-02 22:49:00,45312.5,45313.0,45285.2,45295.3,167.036
2024-01-02 22:50:00,45295.3,45317.5,45280.3,45288.9,107.706
2024-01-02 22:51:00,45289.0,45312.8,45265.1,45288.1,153.056
2024-01-02 22:52:00,45288.1,45299.9,45269.4,45282.1,129.045
2024-01-02 22:53:00,45282.2,45294.6,45238.4,45244.9,169.758
2024-01-02 22:54:00,45245.7,45255.8,45203.2,45216.9,353.541
2024-01-02 22:55:00,45216.9,45258.7,45171.5,45257.2,441.203
2024-01-02 22:56:00,45257.2,45266.2,45234.5,45250.7,153.339
2024-01-02 22:57:00,45250.7,45250.7,45226.5,45248.2,70.716
2024-01-02 22:58:00,45248.2,45250.4,45212.0,45238.4,130.162
2024-01-02 22:59:00,45238.5,45251.9,45230.8,45236.0,80.686
2024-01-02 23:00:00,45236.1,45236.1,45159.3,45190.2,217.059
2024-01-02 23:01:00,45190.2,45206.0,45176.8,45187.5,115.841
2024-01-02 23:02:00,45187.6,45193.6,45102.0,45136.0,330.27
2024-01-02 23:03:00,45136.2,45145.6,45055.5,45083.1,369.962
2024-01-02 23:04:00,45083.1,45110.7,45078.0,45108.0,213.362
2024-01-02 23:05:00,45108.0,45135.4,45094.9,45098.7,208.186
2024-01-02 23:06:00,45098.7,45141.5,45098.7,45116.5,139.337
2024-01-02 23:07:00,45116.5,45140.8,45116.5,45138.0,142.838
2024-01-02 23:08:00,45138.0,45138.1,45081.4,45102.9,191.83
2024-01-02 23:09:00,45103.0,45103.0,45050.0,45055.6,252.905
2024-01-02 23:10:00,45055.6,45068.1,45037.5,45046.5,302.213
2024-01-02 23:11:00,45046.5,45046.5,44979.9,45014.3,652.778
2024-01-02 23:12:00,45014.4,45068.3,44986.4,45051.3,399.555
2024-01-02 23:13:00,45051.3,45119.7,45028.9,45101.2,423.763
2024-01-02 23:14:00,45101.2,45111.8,45083.2,45096.2,185.928
2024-01-02 23:15:00,45096.1,45149.0,45072.6,45134.4,383.021
2024-01-02 23:16:00,45134.3,45139.1,45051.2,45053.6,174.626
2024-01-02 23:17:00,45053.9,45070.6,45014.7,45036.8,316.587
2024-01-02 23:18:00,45036.9,45039.7,45000.3,45022.1,196.226
2024-01-02 23:19:00,45022.1,45034.8,45020.6,45022.8,174.376
2024-01-02 23:20:00,45022.7,45072.7,45010.6,45037.0,210.225
2024-01-02 23:21:00,45037.0,45054.0,45008.8,45032.8,338.624
2024-01-02 23:22:00,45032.8,45045.1,45013.3,45028.4,135.103
2024-01-02 23:23:00,45028.5,45040.1,45011.2,45027.7,161.508
2024-01-02 23:24:00,45027.6,45065.8,45017.0,45023.4,165.388
2024-01-02 23:25:00,45023.3,45067.2,45021.5,45067.2,112.538
2024-01-02 23:26:00,45067.1,45096.2,45054.3,45096.1,105.283
2024-01-02 23:27:00,45096.1,45102.3,45070.2,45070.3,176.743
2024-01-02 23:28:00,45070.3,45070.3,45011.0,45014.5,172.88
2024-01-02 23:29:00,45014.6,45026.7,44990.0,45001.2,245.288
2024-01-02 23:30:00,45001.3,45015.0,44981.4,45014.9,181.331
2024-01-02 23:31:00,45014.9,45073.2,45014.9,45066.0,266.796
2024-01-02 23:32:00,45065.3,45132.6,45043.4,45075.7,601.316
2024-01-02 23:33:00,45075.6,45151.4,45074.4,45150.9,301.373
2024-01-02 23:34:00,45150.8,45150.9,45105.0,45128.6,156.612
2024-01-02 23:35:00,45128.6,45148.8,45097.2,45097.3,207.029
2024-01-02 23:36:00,45097.3,45097.3,45051.1,45051.2,208.08
2024-01-02 23:37:00,45051.2,45078.3,45045.6,45056.3,139.157
2024-01-02 23:38:00,45056.3,45073.7,45026.0,45073.6,191.484
2024-01-02 23:39:00,45073.6,45073.7,45036.3,45043.2,112.432
2024-01-02 23:40:00,45043.2,45061.3,45018.8,45018.8,150.374
2024-01-02 23:41:00,45018.9,45031.3,45010.7,45012.1,169.125
2024-01-02 23:42:00,45012.2,45030.0,45011.4,45026.6,127.557
2024-01-02 23:43:00,45026.7,45072.4,45026.6,45049.3,91.555
2024-01-02 23:44:00,45049.4,45070.0,45049.4,45053.3,77.607
2024-01-02 23:45:00,45053.2,45078.6,45034.0,45050.3,145.047
2024-01-02 23:46:00,45050.1,45050.1,45016.2,45020.1,143.777
2024-01-02 23:47:00,45020.0,45027.5,44969.6,44969.7,332.501
2024-01-02 23:48:00,44969.7,45010.5,44969.6,44999.2,341.151
2024-01-02 23:49:00,44999.1,45017.3,44983.3,45017.1,216.681
2024-01-02 23:50:00,45017.2,45109.1,45001.9,45109.1,220.27
2024-01-02 23:51:00,45109.0,45137.9,45102.1,45131.4,200.237
2024-01-02 23:52:00,45131.4,45139.4,45091.0,45091.0,178.307
2024-01-02 23:53:00,45091.0,45123.3,45091.0,45119.2,90.416
2024-01-02 23:54:00,45119.2,45188.8,45119.1,45181.2,241.56
2024-01-02 23:55:00,45181.1,45181.2,45148.0,45167.3,166.43
2024-01-02 23:56:00,45167.4,45185.0,45158.7,45180.4,100.316
2024-01-02 23:57:00,45180.4,45185.0,45154.0,45154.0,59.707
2024-01-02 23:58:00,45154.1,45162.0,45120.5,45155.9,190.226
2024-01-02 23:59:00,45155.9,45173.8,45148.3,45157.0,82.668
2024-01-03 00:00:00,45157.0,45182.1,45139.3,45182.1,128.311
2024-01-03 00:01:00,45182.0,45229.1,45171.7,45228.3,254.205
2024-01-03 00:02:00,45228.3,45279.5,45228.3,45256.6,422.861
2024-01-03 00:03:00,45256.6,45295.7,45250.8,45294.5,360.049
2024-01-03 00:04:00,45294.4,45294.5,45265.1,45267.5,141.051
2024-01-03 00:05:00,45267.4,45308.4,45255.0,45287.3,489.546
2024-01-03 00:06:00,45287.4,45290.0,45255.1,45255.1,99.112
2024-01-03 00:07:00,45255.2,45264.0,45240.2,45247.9,170.256
2024-01-03 00:08:00,45247.9,45248.8,45216.9,45236.5,117.58
2024-01-03 00:09:00,45236.5,45240.2,45216.5,45224.0,109.06
2024-01-03 00:10:00,45224.0,45224.0,45190.2,45196.0,133.446
2024-01-03 00:11:00,45196.1,45223.0,45193.0,45193.1,129.688
2024-01-03 00:12:00,45193.1,45207.7,45174.5,45174.5,144.432
2024-01-03 00:13:00,45174.6,45174.6,45140.9,45140.9,103.609
2024-01-03 00:14:00,45141.0,45141.0,45101.7,45111.6,320.512
2024-01-03 00:15:00,45111.7,45150.7,45085.0,45150.7,331.108
2024-01-03 00:16:00,45150.7,45198.2,45150.7,45198.1,173.949
2024-01-03 00:17:00,45198.1,45229.8,45192.9,45193.0,160.759
2024-01-03 00:18:00,45192.9,45207.5,45176.6,45198.0,87.502
2024-01-03 00:19:00,45197.9,45212.6,45197.9,45207.6,40.008
2024-01-03 00:20:00,45207.5,45207.5,45172.2,45176.3,125.754
2024-01-03 00:21:00,45176.4,45194.4,45163.1,45189.9,105.405
2024-01-03 00:22:00,45189.8,45195.8,45147.5,45160.9,95.578
2024-01-03 00:23:00,45160.9,45170.1,45152.6,45167.8,43.028
2024-01-03 00:24:00,45167.8,45167.9,45151.6,45151.6,38.514
2024-01-03 00:25:00,45151.7,45257.4,45137.1,45257.3,377.291
2024-01-03 00:26:00,45257.3,45264.5,45211.0,45211.0,288.307
2024-01-03 00:27:00,45211.1,45214.0,45179.2,45182.9,87.493
2024-01-03 00:28:00,45182.9,45188.9,45168.7,45171.0,54.676
2024-01-03 00:29:00,45171.1,45189.0,45166.1,45189.0,57.085
2024-01-03 00:30:00,45188.9,45221.5,45165.9,45201.7,158.427
2024-01-03 00:31:00,45201.6,45217.1,45188.0,45201.1,131.693
2024-01-03 00:32:00,45201.0,45201.1,45188.6,45198.2,54.525
2024-01-03 00:33:00,45198.3,45256.3,45198.3,45253.3,155.5
2024-01-03 00:34:00,45253.3,45254.8,45241.3,45253.3,151.306
2024-01-03 00:35:00,45253.3,45286.9,45246.0,45252.1,301.961
2024-01-03 00:36:00,45252.0,45257.0,45225.0,45225.0,102.997
2024-01-03 00:37:00,45225.0,45227.0,45193.1,45193.2,134.525
2024-01-03 00:38:00,45193.1,45203.5,45182.8,45196.9,70.079
2024-01-03 00:39:00,45196.9,45197.0,45154.0,45154.0,67.049
2024-01-03 00:40:00,45154.1,45172.0,45144.1,45169.4,137.045
2024-01-03 00:41:00,45169.3,45181.7,45154.0,45174.2,94.404
2024-01-03 00:42:00,45174.2,45210.0,45169.9,45177.1,116.709
2024-01-03 00:43:00,45177.1,45177.2,45160.8,45164.5,59.555
2024-01-03 00:44:00,45164.5,45172.7,45155.6,45161.6,61.244
2024-01-03 00:45:00,45161.6,45177.9,45136.1,45159.7,136.249
2024-01-03 00:46:00,45159.7,45198.0,45159.6,45188.3,85.349
2024-01-03 00:47:00,45188.2,45205.0,45188.2,45199.3,51.201
2024-01-03 00:48:00,45199.2,45199.3,45167.6,45170.6,64.011
2024-01-03 00:49:00,45170.6,45180.6,45143.1,45147.4,52.493
2024-01-03 00:50:00,45147.3,45147.3,45122.4,45137.0,128.074
2024-01-03 00:51:00,45137.1,45144.4,45111.5,45116.7,145.564
2024-01-03 00:52:00,45116.7,45122.1,45095.0,45102.0,255.24
2024-01-03 00:53:00,45101.1,45101.1,44981.1,44994.2,1006.294
2024-01-03 00:54:00,44994.3,45022.9,44994.3,45000.3,354.577
2024-01-03 00:55:00,45000.3,45023.1,44920.0,44930.0,999.197
2024-01-03 00:56:00,44930.0,44954.2,44911.0,44919.9,601.269
2024-01-03 00:57:00,44920.0,44955.0,44783.3,44850.8,2211.475
2024-01-03 00:58:00,44850.8,44899.2,44820.1,44885.7,756.164
2024-01-03 00:59:00,44885.6,44928.4,44858.8,44902.2,408.122
2024-01-03 01:00:00,44902.1,44910.1,44837.1,44864.8,391.103
2024-01-03 01:01:00,44864.9,44881.6,44838.0,44863.2,287.825
2024-01-03 01:02:00,44863.2,44968.2,44863.1,44968.2,311.298
2024-01-03 01:03:00,44968.1,44984.2,44949.0,44984.2,252.808
2024-01-03 01:04:00,44984.1,45018.0,44969.7,45016.9,425.314
2024-01-03 01:05:00,45016.9,45027.4,44988.0,45004.0,214.22
2024-01-03 01:06:00,45003.5,45010.0,44976.3,44985.7,160.373
2024-01-03 01:07:00,44985.4,45010.8,44976.2,45010.8,121.18
2024-01-03 01:08:00,45010.7,45100.0,45010.7,45062.6,562.923
2024-01-03 01:09:00,45062.5,45067.3,45023.1,45023.1,159.001
2024-01-03 01:10:00,45023.2,45048.6,45010.0,45024.0,88.311
2024-01-03 01:11:00,45024.1,45052.3,45012.6,45042.6,93.558
2024-01-03 01:12:00,45042.5,45042.6,44982.8,44994.0,173.613
2024-01-03 01:13:00,44994.1,45017.0,44989.0,44989.1,56.747
2024-01-03 01:14:00,44989.0,44994.4,44980.7,44990.0,53.868
2024-01-03 01:15:00,44989.9,45035.0,44982.5,45035.0,142.622
2024-01-03 01:16:00,45035.7,45060.8,45003.8,45060.8,201.217
2024-01-03 01:17:00,45060.7,45066.0,45049.3,45056.9,113.035
2024-01-03 01:18:00,45056.8,45083.8,45044.9,45080.0,99.839
2024-01-03 01:19:00,45079.9,45083.7,45057.6,45057.6,110.199
2024-01-03 01:20:00,45057.5,45074.9,45054.4,45069.7,101.676
2024-01-03 01:21:00,45069.7,45083.6,45052.9,45074.8,65.101
2024-01-03 01:22:00,45074.4,45077.0,45070.1,45076.0,29.263
2024-01-03 01:23:00,45075.9,45078.8,44987.4,45001.3,184.077
2024-01-03 01:24:00,45001.4,45003.0,44948.0,44956.5,237.848
2024-01-03 01:25:00,44956.6,44963.7,44906.8,44921.6,463.574
2024-01-03 01:26:00,44921.7,45050.9,44921.6,45050.7,447.634
2024-01-03 01:27:00,45050.7,45153.2,45050.6,45133.1,894.559
2024-01-03 01:28:00,45133.0,45133.0,45078.3,45078.3,163.273
2024-01-03 01:29:00,45078.4,45086.3,45060.7,45073.2,116.384
2024-01-03 01:30:00,45073.3,45081.1,44985.3,45016.2,378.886
2024-01-03 01:31:00,45016.2,45028.7,44998.3,45028.7,132.5
2024-01-03 01:32:00,45028.6,45029.4,44974.6,45017.8,213.581
2024-01-03 01:33:00,45017.9,45140.5,45011.6,45113.9,688.251
2024-01-03 01:34:00,45112.3,45120.0,45102.2,45107.3,133.722
2024-01-03 01:35:00,45107.4,45114.0,45086.6,45109.4,104.847
2024-01-03 01:36:00,45109.6,45120.0,45081.4,45120.0,92.842
2024-01-03 01:37:00,45119.9,45190.0,45119.9,45149.4,522.64
2024-01-03 01:38:00,45149.0,45177.0,45126.0,45140.2,507.266
2024-01-03 01:39:00,45140.2,45182.6,45140.1,45147.3,264.42
2024-01-03 01:40:00,45147.3,45166.8,45131.9,45131.9,303.876
2024-01-03 01:41:00,45131.9,45157.0,45131.7,45139.8,286.674
2024-01-03 01:42:00,45139.7,45147.0,45111.1,45147.0,151.51
2024-01-03 01:43:00,45147.0,45148.4,45120.2,45129.0,120.845
2024-01-03 01:44:00,45129.0,45155.0,45125.6,45130.0,155.061
2024-01-03 01:45:00,45130.0,45140.0,45092.8,45133.3,293.464
2024-01-03 01:46:00,45133.3,45200.0,45133.3,45189.5,371.208
2024-01-03 01:47:00,45189.4,45223.1,45187.4,45187.4,265.568
2024-01-03 01:48:00,45187.4,45200.3,45158.1,45158.1,283.945
2024-01-03 01:49:00,45158.2,45177.1,45151.5,45155.4,112.595
2024-01-03 01:50:00,45155.5,45162.4,45132.8,45132.8,252.608
2024-01-03 01:51:00,45132.8,45132.8,45033.3,45044.8,434.63
2024-01-03 01:52:00,45044.8,45062.0,45031.3,45041.9,203.407
2024-01-03 01:53:00,45041.8,45041.9,45003.6,45027.1,152.279
2024-01-03 01:54:00,45027.1,45060.4,45018.7,45057.3,83.751
2024-01-03 01:55:00,45057.4,45081.6,45030.0,45069.7,149.156
2024-01-03 01:56:00,45069.8,45069.8,45045.9,45045.9,44.818
2024-01-03 01:57:00,45045.8,45045.8,45001.6,45005.2,155.892
2024-01-03 01:58:00,45005.1,45021.9,45001.1,45007.0,107.265
2024-01-03 01:59:00,45007.0,45014.0,44961.5,44987.6,260.012
2024-01-03 02:00:00,44987.6,45019.4,44975.6,45019.4,131.072
2024-01-03 02:01:00,45019.4,45023.9,44976.3,44990.0,97.114
2024-01-03 02:02:00,44990.0,44990.0,44960.4,44962.7,86.293
2024-01-03 02:03:00,44962.7,44988.9,44945.0,44981.1,136.597
2024-01-03 02:04:00,44981.1,44988.5,44969.2,44969.2,52.213
2024-01-03 02:05:00,44969.2,44989.7,44964.6,44977.2,82.21
2024-01-03 02:06:00,44977.2,44982.4,44941.0,44962.4,95.903
2024-01-03 02:07:00,44962.4,44966.5,44931.1,44934.3,124.774
2024-01-03 02:08:00,44934.3,44942.8,44919.0,44931.2,98.757
2024-01-03 02:09:00,44931.2,44939.7,44875.6,44884.4,447.268
2024-01-03 02:10:00,44884.4,44889.0,44864.5,44887.6,241.369
2024-01-03 02:11:00,44887.5,44932.0,44865.2,44915.7,314.301
2024-01-03 02:12:00,44915.6,44940.4,44915.6,44937.4,142.282
2024-01-03 02:13:00,44937.5,44938.1,44880.3,44880.4,127.502
2024-01-03 02:14:00,44880.4,44883.8,44850.0,44867.8,419.388
2024-01-03 02:15:00,44867.8,44935.4,44867.8,44910.2,453.289
2024-01-03 02:16:00,44910.2,44968.9,44910.2,44964.3,92.361
2024-01-03 02:17:00,44964.4,45032.0,44954.2,45016.9,555.155
2024-01-03 02:18:00,45016.9,45017.0,44905.3,44907.6,254.951
2024-01-03 02:19:00,44907.5,44919.9,44870.1,44872.0,444.278
2024-01-03 02:20:00,44872.0,44906.0,44870.0,44894.2,210.694
2024-01-03 02:21:00,44894.1,44897.6,44876.1,44877.7,80.711
2024-01-03 02:22:00,44877.8,44885.7,44829.0,44832.5,434.76
2024-01-03 02:23:00,44832.6,44865.0,44762.4,44856.3,1278.079
2024-01-03 02:24:00,44856.2,44913.4,44845.7,44876.7,423.839
2024-01-03 02:25:00,44876.7,44897.3,44842.3,44895.6,206.741
2024-01-03 02:26:00,44895.7,44911.6,44858.0,44867.2,271.935
2024-01-03 02:27:00,44867.2,44900.1,44854.2,44879.8,102.858
2024-01-03 02:28:00,44879.8,44885.8,44856.7,44860.1,101.881
2024-01-03 02:29:00,44860.0,44862.8,44812.8,44825.2,294.187
2024-01-03 02:30:00,44825.1,44865.0,44801.9,44836.1,277.731
2024-01-03 02:31:00,44836.0,44851.9,44707.3,44768.5,1653.846
2024-01-03 02:32:00,44768.8,44843.0,44755.2,44774.9,393.671
2024-01-03 02:33:00,44775.0,44803.9,44748.2,44752.4,237.228
2024-01-03 02:34:00,44752.4,44821.0,44598.0,44812.0,2711.148
2024-01-03 02:35:00,44812.1,44834.1,44771.6,44789.9,375.551
2024-01-03 02:36:00,44789.8,44797.6,44739.8,44746.3,287.424
2024-01-03 02:37:00,44746.4,44758.0,44691.4,44746.6,264.046
2024-01-03 02:38:00,44746.6,44757.4,44699.2,44736.0,319.713
2024-01-03 02:39:00,44735.9,44736.0,44683.6,44717.8,365.43
2024-01-03 02:40:00,44717.8,44754.4,44667.6,44754.4,328.058
2024-01-03 02:41:00,44754.3,44797.9,44740.8,44793.8,372.873
2024-01-03 02:42:00,44793.7,44843.0,44781.9,44838.9,346.58
2024-01-03 02:43:00,44838.8,44861.0,44835.7,44855.1,211.272
2024-01-03 02:44:00,44855.0,44885.0,44838.7,44883.9,301.252
2024-01-03 02:45:00,44884.0,44946.4,44865.7,44940.7,673.01
2024-01-03 02:46:00,44940.6,44965.0,44903.2,44919.8,355.901
2024-01-03 02:47:00,44919.8,44934.9,44889.1,44905.8,224.301
2024-01-03 02:48:00,44905.8,44952.1,44887.1,44914.0,250.962
2024-01-03 02:49:00,44913.9,44975.1,44907.9,44975.0,183.052
2024-01-03 02:50:00,44975.1,44977.9,44940.3,44945.6,133.602
2024-01-03 02:51:00,44945.6,44964.8,44931.9,44963.5,124.11
2024-01-03 02:52:00,44963.6,44967.9,44930.2,44933.7,96.701
2024-01-03 02:53:00,44933.8,44972.3,44933.7,44946.8,149.347
2024-01-03 02:54:00,44946.7,44964.2,44928.7,44964.2,91.239
2024-01-03 02:55:00,44964.1,44964.2,44924.2,44924.3,93.228
2024-01-03 02:56:00,44924.2,44966.7,44924.2,44940.3,113.102
2024-01-03 02:57:00,44940.3,44953.5,44917.6,44923.3,97.534
2024-01-03 02:58:00,44923.2,44923.2,44887.1,44899.2,167.685
2024-01-03 02:59:00,44899.3,44902.0,44831.2,44844.3,338.766
2024-01-03 03:00:00,44845.0,44871.0,44811.3,44871.0,304.779
2024-01-03 03:01:00,44871.0,44913.2,44871.0,44913.2,116.301
2024-01-03 03:02:00,44913.1,44972.8,44913.1,44963.3,280.94
2024-01-03 03:03:00,44963.3,44990.1,44943.3,44981.7,342.119
2024-01-03 03:04:00,44981.7,44981.7,44962.8,44974.0,68.182
2024-01-03 03:05:00,44974.1,44977.0,44945.6,44957.8,73.341
2024-01-03 03:06:00,44957.8,44957.8,44918.2,44918.2,79.748
2024-01-03 03:07:00,44918.3,44942.4,44902.3,44912.2,124.24
2024-01-03 03:08:00,44912.3,44912.3,44894.2,44904.8,98.349
2024-01-03 03:09:00,44904.8,44944.7,44892.5,44942.7,81.224
2024-01-03 03:10:00,44942.7,44985.7,44932.4,44975.6,146.185
2024-01-03 03:11:00,44975.5,44990.1,44961.3,44990.1,109.155
2024-01-03 03:12:00,44990.0,45055.5,44987.0,45015.6,377.234
2024-01-03 03:13:00,45015.5,45015.6,45003.7,45003.7,54.157
2024-01-03 03:14:00,45003.8,45003.8,44980.0,44980.0,85.065
2024-01-03 03:15:00,44980.0,44990.7,44953.4,44981.8,152.289
2024-01-03 03:16:00,44981.8,44992.8,44957.1,44992.8,79.509
2024-01-03 03:17:00,44992.8,45026.4,44992.8,45023.4,103.757
2024-01-03 03:18:00,45023.4,45078.5,45023.4,45049.9,319.13
2024-01-03 03:19:00,45049.9,45090.0,45040.7,45086.0,393.53
2024-01-03 03:20:00,45085.9,45087.7,45041.9,45041.9,87.987
2024-01-03 03:21:00,45041.9,45080.0,45036.7,45072.0,85.769
2024-01-03 03:22:00,45072.1,45085.6,45058.6,45079.0,108.921
2024-01-03 03:23:00,45079.0,45127.8,45057.4,45077.3,481.204
2024-01-03 03:24:00,45077.4,45094.1,45062.6,45074.5,98.595
2024-01-03 03:25:00,45074.5,45074.5,45057.4,45065.8,85.896
2024-01-03 03:26:00,45065.8,45065.9,45040.0,45062.8,92.74
2024-01-03 03:27:00,45062.9,45092.7,45057.6,45081.4,55.357
2024-01-03 03:28:00,45081.4,45099.3,45076.8,45076.8,88.382
2024-01-03 03:29:00,45076.8,45155.0,45064.5,45155.0,808.538
2024-01-03 03:30:00,45154.9,45159.0,45101.2,45115.4,252.621
2024-01-03 03:31:00,45115.4,45139.4,45104.4,45138.0,104.267
2024-01-03 03:32:00,45138.0,45159.5,45134.0,45155.1,176.623
2024-01-03 03:33:00,45155.1,45159.6,45131.6,45131.6,87.422
2024-01-03 03:34:00,45131.7,45153.1,45130.5,45130.5,132.922
2024-01-03 03:35:00,45130.5,45230.9,45105.1,45225.6,654.202
2024-01-03 03:36:00,45225.5,45237.6,45202.0,45218.0,342.232
2024-01-03 03:37:00,45217.9,45233.6,45203.7,45212.3,227.799
2024-01-03 03:38:00,45212.3,45254.5,45210.5,45213.9,306.042
2024-01-03 03:39:00,45213.9,45290.0,45213.9,45287.8,357.246
2024-01-03 03:40:00,45287.8,45338.9,45280.5,45285.5,563.925
2024-01-03 03:41:00,45285.5,45330.9,45249.9,45250.0,437.59
2024-01-03 03:42:00,45250.0,45269.7,45171.7,45216.4,360.75
2024-01-03 03:43:00,45216.4,45218.9,45177.4,45187.1,294.562
2024-01-03 03:44:00,45187.0,45200.0,45177.1,45193.0,77.58
2024-01-03 03:45:00,45193.2,45215.8,45176.6,45199.1,161.576
2024-01-03 03:46:00,45199.1,45230.1,45188.8,45200.0,207.667
2024-01-03 03:47:00,45200.0,45208.1,45189.0,45200.7,103.068
2024-01-03 03:48:00,45200.6,45226.8,45188.0,45226.8,89.289
2024-01-03 03:49:00,45226.8,45262.5,45199.8,45238.7,384.244
2024-01-03 03:50:00,45239.5,45239.6,45179.7,45185.5,260.778
2024-01-03 03:51:00,45185.5,45197.5,45171.4,45196.2,76.638
2024-01-03 03:52:00,45196.1,45196.2,45149.8,45149.9,147.933
2024-01-03 03:53:00,45149.9,45149.9,45086.0,45111.3,365.435
2024-01-03 03:54:00,45111.3,45111.4,45096.6,45098.5,76.089
2024-01-03 03:55:00,45098.5,45100.0,45084.0,45099.9,92.484
2024-01-03 03:56:00,45100.0,45100.0,45081.8,45099.9,83.234
2024-01-03 03:57:00,45099.9,45100.0,45070.0,45083.6,107.501
2024-01-03 03:58:00,45083.6,45106.1,45076.9,45106.0,107.172
2024-01-03 03:59:00,45106.1,45106.1,45088.8,45098.6,47.52
2024-01-03 04:00:00,45098.5,45098.6,45071.1,45071.2,76.363
2024-01-03 04:01:00,45071.1,45072.0,45005.5,45007.6,376.689
2024-01-03 04:02:00,45007.6,45033.8,44951.9,45033.8,611.362
2024-01-03 04:03:00,45033.9,45033.9,44963.1,44963.1,94.503
2024-01-03 04:04:00,44963.2,45009.5,44963.1,45009.5,105.574
2024-01-03 04:05:00,45009.5,45025.7,44969.9,44969.9,212.875
2024-01-03 04:06:00,44969.9,44985.9,44951.9,44975.7,112.549
2024-01-03 04:07:00,44975.7,45021.3,44975.6,44995.1,153.829
2024-01-03 04:08:00,44995.0,44995.1,44966.7,44979.5,55.488
2024-01-03 04:09:00,44979.4,45018.1,44979.4,45018.1,57.937
2024-01-03 04:10:00,45018.1,45018.8,45018.0,45018.7,33.016
2024-01-03 04:11:00,45018.7,45018.8,45018.7,45018.7,14.049
2024-01-03 04:12:00,45018.8,45020.8,44976.4,44976.4,113.181
2024-01-03 04:13:00,44976.4,44976.5,44976.4,44976.4,17.074
2024-01-03 04:14:00,44976.4,44976.5,44956.6,44956.6,79.157
2024-01-03 04:15:00,44956.6,44956.7,44871.0,44952.8,755.427
2024-01-03 04:16:00,44952.8,44999.8,44952.7,44999.7,170.5
2024-01-03 04:17:00,44999.8,45084.2,44999.8,45084.0,301.823
2024-01-03 04:18:00,45083.9,45108.4,45077.9,45108.4,88.866
2024-01-03 04:19:00,45108.6,45118.9,45080.0,45080.0,182.985
2024-01-03 04:20:00,45080.1,45149.1,45079.2,45109.0,345.969
2024-01-03 04:21:00,45108.4,45108.4,45050.3,45050.4,90.519
2024-01-03 04:22:00,45050.3,45050.4,45027.1,45027.4,175.473
2024-01-03 04:23:00,45027.5,45027.5,44991.1,44991.2,126.136
2024-01-03 04:24:00,44991.1,44992.4,44990.0,44990.1,48.52
2024-01-03 04:25:00,44990.2,45049.5,44989.4,45049.5,81.389
2024-01-03 04:26:00,45049.5,45078.0,45040.7,45040.8,85.835
2024-01-03 04:27:00,45040.7,45040.8,44999.9,44999.9,193.238
2024-01-03 04:28:00,44999.9,45019.4,44982.9,45019.4,119.499
2024-01-03 04:29:00,45019.4,45019.4,45006.6,45006.7,25.948
2024-01-03 04:30:00,45006.7,45016.4,44970.0,44999.1,208.353
2024-01-03 04:31:00,44999.1,45018.8,44986.9,45016.3,91.505
2024-01-03 04:32:00,45016.3,45020.0,44992.6,45015.5,84.246
2024-01-03 04:33:00,45015.4,45015.5,44974.2,44992.3,81.831
2024-01-03 04:34:00,44992.3,44997.0,44965.3,44965.3,104.61
2024-01-03 04:35:00,44965.3,44987.4,44955.6,44980.8,166.88
2024-01-03 04:36:00,44980.9,45000.0,44972.7,44998.6,110.961
2024-01-03 04:37:00,44998.6,45002.2,44977.4,44992.2,143.977
2024-01-03 04:38:00,44992.1,45015.4,44985.0,45006.0,109.269
2024-01-03 04:39:00,45006.0,45027.0,45005.9,45021.4,58.323
2024-01-03 04:40:00,45021.5,45042.9,45021.5,45033.4,104.799
2024-01-03 04:41:00,45033.5,45033.5,44993.8,45006.3,102.345
2024-01-03 04:42:00,45006.2,45015.0,44992.4,45012.3,62.504
2024-01-03 04:43:00,45012.4,45026.3,45006.4,45021.6,49.656
2024-01-03 04:44:00,45021.6,45022.6,45011.5,45018.7,54.585
2024-01-03 04:45:00,45018.7,45018.7,44985.5,45003.0,91.174
2024-01-03 04:46:00,45003.0,45017.6,45002.9,45017.6,21.138
2024-01-03 04:47:00,45017.6,45055.4,45007.9,45052.1,98.291
2024-01-03 04:48:00,45052.1,45078.6,45052.1,45071.8,130.591
2024-01-03 04:49:00,45071.8,45071.8,45032.9,45033.1,159.839
2024-01-03 04:50:00,45033.1,45033.1,44994.1,44994.1,176.12
2024-01-03 04:51:00,44994.2,45032.7,44994.1,45027.0,59.848
2024-01-03 04:52:00,45027.0,45032.4,45011.6,45032.4,50.228
2024-01-03 04:53:00,45032.4,45057.1,45027.9,45046.9,179.854
2024-01-03 04:54:00,45046.9,45070.9,45045.5,45060.7,201.083
2024-01-03 04:55:00,45060.8,45083.1,45053.7,45055.1,116.067
2024-01-03 04:56:00,45055.0,45067.9,45001.4,45002.1,191.155
2024-01-03 04:57:00,45002.1,45010.9,44989.6,44999.1,115.722
2024-01-03 04:58:00,44999.0,44999.2,44987.0,44997.2,48.737
2024-01-03 04:59:00,44994.6,44999.2,44994.3,44999.1,22.729
2024-01-03 05:00:00,44999.0,44999.1,44983.0,44983.0,79.393
2024-01-03 05:01:00,44983.1,44993.0,44975.0,44988.1,50.254
2024-01-03 05:02:00,44988.1,44988.1,44932.2,44932.2,194.143
2024-01-03 05:03:00,44932.3,44977.9,44929.0,44973.0,80.339
2024-01-03 05:04:00,44971.8,44971.8,44937.9,44949.7,103.563
2024-01-03 05:05:00,44949.7,44960.1,44940.6,44955.6,41.13
2024-01-03 05:06:00,44955.6,44955.7,44936.7,44951.1,61.384
2024-01-03 05:07:00,44951.1,44951.1,44883.5,44891.5,412.73
2024-01-03 05:08:00,44891.5,44908.5,44853.7,44867.6,472.066
2024-01-03 05:09:00,44867.6,44893.8,44867.6,44886.2,87.344
2024-01-03 05:10:00,44886.2,44914.0,44886.2,44913.9,61.54
2024-01-03 05:11:00,44913.9,44929.4,44905.1,44908.5,50.702
2024-01-03 05:12:00,44908.5,44908.5,44894.4,44901.1,38.947
2024-01-03 05:13:00,44901.1,44905.0,44876.8,44876.8,102.877
2024-01-03 05:14:00,44876.8,44876.8,44818.1,44860.8,369.458
2024-01-03 05:15:00,44860.9,44866.8,44853.5,44859.5,74.93
2024-01-03 05:16:00,44859.4,44869.8,44847.9,44867.0,100.917
2024-01-03 05:17:00,44867.0,44867.0,44833.3,44833.4,55.734
2024-01-03 05:18:00,44833.3,44863.9,44830.2,44863.1,105.87
2024-01-03 05:19:00,44863.1,44865.0,44851.7,44859.4,90.931
2024-01-03 05:20:00,44859.4,44900.9,44841.5,44900.8,186.729
2024-01-03 05:21:00,44900.9,44931.4,44899.1,44929.6,130.09
2024-01-03 05:22:00,44929.6,44960.6,44929.5,44957.3,161.872
2024-01-03 05:23:00,44957.3,45018.8,44954.1,45007.8,595.184
2024-01-03 05:24:00,45007.7,45007.8,44974.0,44983.6,138.418
2024-01-03 05:25:00,44983.6,45008.0,44969.9,44970.0,109.223
2024-01-03 05:26:00,44969.9,44979.8,44963.6,44963.6,60.404
2024-01-03 05:27:00,44963.6,44963.6,44950.0,44958.7,57.431
2024-01-03 05:28:00,44958.8,44966.0,44958.7,44959.9,32.56
2024-01-03 05:29:00,44959.9,44979.8,44958.8,44979.8,46.435
